# Blender 5.1.1
# www.blender.org
mtllib fallback_snap_back_v12_COLOR_FIXED_LOCKED_SIZE.mtl
o SnapBack_v10_LOCKED_WORKING_SIZE_Handle
v 0.000000 0.209764 0.079415
v 0.000000 0.204415 0.075236
v 0.000000 0.200236 0.080585
v 0.001041 0.208862 0.077347
v 0.001804 0.206926 0.075990
v 0.002083 0.204473 0.075708
v 0.001804 0.202161 0.076575
v 0.001041 0.200611 0.078360
v 0.001876 0.208944 0.078008
v 0.003250 0.207066 0.077135
v 0.003753 0.204635 0.077030
v 0.003250 0.202302 0.077720
v 0.001876 0.200692 0.079021
v 0.002340 0.209061 0.078963
v 0.004053 0.207269 0.078789
v 0.004680 0.204870 0.078940
v 0.004053 0.202505 0.079374
v 0.002340 0.200809 0.079977
v 0.002340 0.209191 0.080023
v 0.004053 0.207495 0.080626
v 0.004680 0.205130 0.081060
v 0.004053 0.202731 0.081211
v 0.002340 0.200939 0.081037
v 0.001876 0.209308 0.080979
v 0.003250 0.207698 0.082280
v 0.003753 0.205365 0.082970
v 0.003250 0.202934 0.082865
v 0.001876 0.201056 0.081992
v 0.001041 0.209389 0.081640
v 0.001804 0.207839 0.083425
v 0.002083 0.205527 0.084292
v 0.001804 0.203074 0.084010
v 0.001041 0.201138 0.082653
v -0.000000 0.209418 0.081876
v -0.000000 0.207889 0.083833
v -0.000000 0.205585 0.084764
v -0.000000 0.203124 0.084418
v -0.000000 0.201167 0.082889
v -0.001041 0.209389 0.081640
v -0.001804 0.207839 0.083425
v -0.002083 0.205527 0.084292
v -0.001804 0.203074 0.084010
v -0.001041 0.201138 0.082653
v -0.001876 0.209308 0.080979
v -0.003250 0.207698 0.082280
v -0.003753 0.205365 0.082970
v -0.003250 0.202934 0.082865
v -0.001876 0.201056 0.081992
v -0.002340 0.209191 0.080023
v -0.004053 0.207495 0.080626
v -0.004680 0.205130 0.081060
v -0.004053 0.202731 0.081211
v -0.002340 0.200939 0.081037
v -0.002340 0.209061 0.078963
v -0.004053 0.207269 0.078789
v -0.004680 0.204870 0.078940
v -0.004053 0.202505 0.079374
v -0.002340 0.200809 0.079977
v -0.001876 0.208944 0.078008
v -0.003250 0.207066 0.077135
v -0.003753 0.204635 0.077030
v -0.003250 0.202302 0.077720
v -0.001876 0.200692 0.079021
v -0.001041 0.208862 0.077347
v -0.001804 0.206926 0.075990
v -0.002083 0.204473 0.075708
v -0.001804 0.202161 0.076575
v -0.001041 0.200611 0.078360
v 0.000000 0.208833 0.077111
v 0.000000 0.206876 0.075582
v 0.000000 0.202111 0.076167
v 0.000000 0.200582 0.078124
v 0.000000 0.209292 0.077352
v 0.000000 0.208778 0.075941
v 0.000000 0.207005 0.075221
v 0.000000 0.204650 0.075467
v 0.000000 0.202613 0.076585
v 0.000000 0.201671 0.078148
v 0.001185 0.208750 0.076140
v 0.001917 0.206959 0.075543
v 0.001917 0.204604 0.075789
v 0.001185 0.202584 0.076785
v 0.002052 0.208671 0.076684
v 0.003321 0.206832 0.076424
v 0.003321 0.204477 0.076670
v 0.002052 0.202506 0.077329
v 0.002370 0.208564 0.077428
v 0.003835 0.206659 0.077627
v 0.003835 0.204304 0.077873
v 0.002370 0.202399 0.078072
v 0.002052 0.208457 0.078171
v 0.003321 0.206486 0.078830
v 0.003321 0.204131 0.079076
v 0.002052 0.202292 0.078816
v 0.001185 0.208379 0.078716
v 0.001917 0.206359 0.079711
v 0.001917 0.204004 0.079957
v 0.001185 0.202213 0.079360
v 0.000000 0.208350 0.078915
v -0.000000 0.206313 0.080033
v -0.000000 0.203958 0.080279
v 0.000000 0.202185 0.079559
v -0.001185 0.208379 0.078716
v -0.001917 0.206359 0.079711
v -0.001917 0.204004 0.079957
v -0.001185 0.202213 0.079360
v -0.002052 0.208457 0.078171
v -0.003321 0.206486 0.078830
v -0.003321 0.204131 0.079076
v -0.002052 0.202292 0.078816
v -0.002370 0.208564 0.077428
v -0.003835 0.206659 0.077627
v -0.003835 0.204304 0.077873
v -0.002370 0.202399 0.078072
v -0.002052 0.208671 0.076684
v -0.003321 0.206832 0.076424
v -0.003321 0.204477 0.076670
v -0.002052 0.202506 0.077329
v -0.001185 0.208750 0.076140
v -0.001917 0.206959 0.075543
v -0.001917 0.204604 0.075789
v -0.001185 0.202584 0.076785
v -0.004020 0.199133 0.084209
v -0.004020 0.199135 0.084221
v -0.004032 0.199137 0.084208
v -0.004020 0.201593 0.083964
v -0.004020 0.201599 0.083951
v -0.004032 0.201595 0.083951
v -0.004020 0.200329 0.075900
v -0.004032 0.200332 0.075899
v -0.004020 0.200334 0.075887
v -0.004020 0.202794 0.075642
v -0.004020 0.202792 0.075630
v -0.004032 0.202790 0.075642
v 0.004020 0.199133 0.084209
v 0.004032 0.199137 0.084208
v 0.004020 0.199135 0.084221
v 0.004020 0.201599 0.083951
v 0.004020 0.201593 0.083964
v 0.004032 0.201595 0.083951
v 0.004020 0.200329 0.075900
v 0.004020 0.200334 0.075887
v 0.004032 0.200332 0.075899
v 0.004020 0.202794 0.075642
v 0.004032 0.202790 0.075642
v 0.004020 0.202792 0.075630
v 0.000000 0.208152 0.083359
v 0.000000 0.206976 0.082180
v 0.000000 0.204755 0.081656
v 0.000000 0.202338 0.081986
v 0.000000 0.200647 0.083044
v 0.000000 0.200328 0.084427
v 0.000790 0.207033 0.082352
v 0.001278 0.204848 0.081933
v 0.001278 0.202431 0.082263
v 0.000790 0.200704 0.083216
v 0.001368 0.207190 0.082821
v 0.002214 0.205102 0.082692
v 0.002214 0.202684 0.083022
v 0.001368 0.200861 0.083685
v 0.001580 0.207404 0.083461
v 0.002556 0.205449 0.083728
v 0.002556 0.203031 0.084058
v 0.001580 0.201075 0.084325
v 0.001368 0.207619 0.084101
v 0.002214 0.205795 0.084764
v 0.002214 0.203378 0.085094
v 0.001368 0.201290 0.084965
v 0.000790 0.207776 0.084570
v 0.001278 0.206049 0.085523
v 0.001278 0.203632 0.085853
v 0.000790 0.201447 0.085434
v 0.000000 0.207833 0.084742
v -0.000000 0.206142 0.085800
v -0.000000 0.203725 0.086130
v 0.000000 0.201504 0.085606
v -0.000790 0.207776 0.084570
v -0.001278 0.206049 0.085523
v -0.001278 0.203632 0.085853
v -0.000790 0.201447 0.085434
v -0.001368 0.207619 0.084101
v -0.002214 0.205795 0.084764
v -0.002214 0.203378 0.085094
v -0.001368 0.201290 0.084965
v -0.001580 0.207404 0.083461
v -0.002556 0.205449 0.083728
v -0.002556 0.203031 0.084058
v -0.001580 0.201075 0.084325
v -0.001368 0.207190 0.082821
v -0.002214 0.205102 0.082692
v -0.002214 0.202684 0.083022
v -0.001368 0.200861 0.083685
v -0.000790 0.207033 0.082352
v -0.001278 0.204848 0.081933
v -0.001278 0.202431 0.082263
v -0.000790 0.200704 0.083216
v -0.001728 0.203282 0.086922
v -0.001301 0.203485 0.084889
v -0.001037 0.202630 0.083721
v -0.001037 0.201042 0.083866
v -0.001301 0.199329 0.085266
v -0.001728 0.198144 0.087388
v -0.000781 0.203293 0.085463
v -0.000196 0.202319 0.084651
v -0.000196 0.200732 0.084795
v -0.000781 0.199137 0.085841
v -0.000515 0.202967 0.086440
v 0.000234 0.201791 0.086232
v 0.000234 0.200203 0.086376
v -0.000515 0.198810 0.086818
v -0.000574 0.202593 0.087558
v 0.000139 0.201186 0.088041
v 0.000139 0.199598 0.088185
v -0.000574 0.198436 0.087936
v -0.000942 0.202272 0.088518
v -0.000457 0.200667 0.089593
v -0.000457 0.199079 0.089738
v -0.000942 0.198115 0.088895
v -0.001521 0.202090 0.089061
v -0.001393 0.200373 0.090473
v -0.001393 0.198785 0.090617
v -0.001521 0.197934 0.089439
v -0.002155 0.202096 0.089044
v -0.002419 0.200383 0.090444
v -0.002419 0.198795 0.090588
v -0.002155 0.197940 0.089421
v -0.002675 0.202288 0.088469
v -0.003260 0.200693 0.089515
v -0.003260 0.199106 0.089659
v -0.002675 0.198132 0.088846
v -0.002941 0.202615 0.087492
v -0.003690 0.201222 0.087933
v -0.003690 0.199634 0.088078
v -0.002941 0.198458 0.087869
v -0.002882 0.202989 0.086374
v -0.003595 0.201827 0.086124
v -0.003595 0.200239 0.086268
v -0.002882 0.198832 0.086751
v -0.002514 0.203310 0.085414
v -0.002999 0.202346 0.084572
v -0.002999 0.200758 0.084716
v -0.002514 0.199153 0.085792
v -0.001935 0.203491 0.084871
v -0.002063 0.202640 0.083693
v -0.002063 0.201052 0.083837
v -0.001935 0.199335 0.085248
v 0.001728 0.203282 0.086922
v 0.001301 0.203485 0.084889
v 0.001037 0.202630 0.083721
v 0.001037 0.201042 0.083866
v 0.001301 0.199329 0.085266
v 0.001728 0.198144 0.087388
v 0.001935 0.203491 0.084871
v 0.002063 0.202640 0.083693
v 0.002063 0.201052 0.083837
v 0.001935 0.199335 0.085248
v 0.002514 0.203310 0.085414
v 0.002999 0.202346 0.084572
v 0.002999 0.200758 0.084716
v 0.002514 0.199153 0.085792
v 0.002882 0.202989 0.086374
v 0.003595 0.201827 0.086124
v 0.003595 0.200239 0.086268
v 0.002882 0.198832 0.086751
v 0.002941 0.202615 0.087492
v 0.003690 0.201222 0.087933
v 0.003690 0.199634 0.088078
v 0.002941 0.198458 0.087869
v 0.002675 0.202288 0.088469
v 0.003260 0.200693 0.089515
v 0.003260 0.199106 0.089659
v 0.002675 0.198132 0.088846
v 0.002155 0.202096 0.089044
v 0.002419 0.200383 0.090444
v 0.002419 0.198795 0.090588
v 0.002155 0.197940 0.089421
v 0.001521 0.202090 0.089061
v 0.001393 0.200373 0.090473
v 0.001393 0.198785 0.090617
v 0.001521 0.197934 0.089439
v 0.000942 0.202272 0.088518
v 0.000457 0.200667 0.089593
v 0.000457 0.199079 0.089738
v 0.000942 0.198115 0.088895
v 0.000574 0.202593 0.087558
v -0.000139 0.201186 0.088041
v -0.000139 0.199598 0.088185
v 0.000574 0.198436 0.087936
v 0.000515 0.202967 0.086440
v -0.000234 0.201791 0.086232
v -0.000234 0.200203 0.086376
v 0.000515 0.198810 0.086818
v 0.000781 0.203293 0.085463
v 0.000196 0.202319 0.084651
v 0.000196 0.200732 0.084795
v 0.000781 0.199137 0.085841
v -0.003024 0.201516 0.089288
v -0.003024 0.201420 0.088340
v -0.003024 0.200530 0.088024
v -0.003024 0.199367 0.088526
v -0.003024 0.198611 0.089552
v -0.002737 0.201357 0.088528
v -0.002618 0.200441 0.088291
v -0.002737 0.199304 0.088715
v -0.002559 0.201192 0.089022
v -0.002367 0.200208 0.088989
v -0.002559 0.199139 0.089208
v -0.002559 0.200988 0.089632
v -0.002367 0.199919 0.089851
v -0.002559 0.198935 0.089818
v -0.002737 0.200823 0.090125
v -0.002618 0.199686 0.090549
v -0.002737 0.198770 0.090311
v -0.003024 0.200760 0.090313
v -0.003024 0.199597 0.090815
v -0.003024 0.198707 0.090500
v -0.003311 0.200823 0.090125
v -0.003430 0.199686 0.090549
v -0.003311 0.198770 0.090311
v -0.003489 0.200988 0.089632
v -0.003681 0.199919 0.089851
v -0.003489 0.198935 0.089818
v -0.003489 0.201192 0.089022
v -0.003681 0.200208 0.088989
v -0.003489 0.199139 0.089208
v -0.003311 0.201357 0.088528
v -0.003430 0.200441 0.088291
v -0.003311 0.199304 0.088715
v 0.003024 0.201516 0.089288
v 0.003024 0.201420 0.088340
v 0.003024 0.200530 0.088024
v 0.003024 0.199367 0.088526
v 0.003024 0.198611 0.089552
v 0.003311 0.201357 0.088528
v 0.003430 0.200441 0.088291
v 0.003311 0.199304 0.088715
v 0.003489 0.201192 0.089022
v 0.003681 0.200208 0.088989
v 0.003489 0.199139 0.089208
v 0.003489 0.200988 0.089632
v 0.003681 0.199919 0.089851
v 0.003489 0.198935 0.089818
v 0.003311 0.200823 0.090125
v 0.003430 0.199686 0.090549
v 0.003311 0.198770 0.090311
v 0.003024 0.200760 0.090313
v 0.003024 0.199597 0.090815
v 0.003024 0.198707 0.090500
v 0.002737 0.200823 0.090125
v 0.002618 0.199686 0.090549
v 0.002737 0.198770 0.090311
v 0.002559 0.200988 0.089632
v 0.002367 0.199919 0.089851
v 0.002559 0.198935 0.089818
v 0.002559 0.201192 0.089022
v 0.002367 0.200208 0.088989
v 0.002559 0.199139 0.089208
v 0.002737 0.201357 0.088528
v 0.002618 0.200441 0.088291
v 0.002737 0.199304 0.088715
v -0.003089 0.202156 0.087047
v -0.003089 0.202158 0.087048
v -0.003091 0.202158 0.087046
v -0.003089 0.203495 0.086926
v -0.003089 0.203497 0.086926
v -0.003091 0.203496 0.086924
v -0.002971 0.202328 0.086535
v -0.002974 0.202329 0.086534
v -0.002971 0.202329 0.086535
v -0.002971 0.203668 0.086413
v -0.002971 0.203667 0.086413
v -0.002974 0.203667 0.086412
v -0.000965 0.201748 0.088269
v -0.000962 0.201749 0.088270
v -0.000965 0.201749 0.088270
v -0.000965 0.203088 0.088147
v -0.000965 0.203087 0.088148
v -0.000962 0.203087 0.088149
v -0.000847 0.201919 0.087757
v -0.000847 0.201921 0.087756
v -0.000845 0.201920 0.087758
v -0.000847 0.203259 0.087635
v -0.000845 0.203258 0.087637
v -0.000847 0.203258 0.087635
v 0.000965 0.201748 0.088269
v 0.000965 0.201749 0.088270
v 0.000962 0.201749 0.088270
v 0.000965 0.203087 0.088148
v 0.000965 0.203088 0.088147
v 0.000962 0.203087 0.088149
v 0.000847 0.201919 0.087757
v 0.000845 0.201920 0.087758
v 0.000847 0.201921 0.087756
v 0.000847 0.203259 0.087635
v 0.000847 0.203258 0.087635
v 0.000845 0.203258 0.087637
v 0.003089 0.202156 0.087047
v 0.003091 0.202158 0.087046
v 0.003089 0.202158 0.087048
v 0.003089 0.203497 0.086926
v 0.003089 0.203495 0.086926
v 0.003091 0.203496 0.086924
v 0.002971 0.202328 0.086535
v 0.002971 0.202329 0.086535
v 0.002974 0.202329 0.086534
v 0.002971 0.203668 0.086413
v 0.002974 0.203667 0.086412
v 0.002971 0.203667 0.086413
v -0.000368 0.198763 0.090070
v -0.000367 0.198764 0.090072
v -0.000368 0.198765 0.090071
v -0.000367 0.200548 0.089910
v -0.000368 0.200550 0.089908
v -0.000368 0.200548 0.089909
v -0.001192 0.199385 0.088210
v -0.001193 0.199387 0.088211
v -0.001193 0.199387 0.088208
v -0.001192 0.201172 0.088048
v -0.001193 0.201171 0.088046
v -0.001193 0.201170 0.088049
v 0.000040 0.198914 0.089619
v 0.000041 0.198916 0.089618
v 0.000041 0.198915 0.089621
v 0.000040 0.200701 0.089457
v 0.000041 0.200699 0.089459
v 0.000041 0.200699 0.089456
v -0.000784 0.199536 0.087759
v -0.000785 0.199538 0.087757
v -0.000784 0.199538 0.087758
v -0.000784 0.201323 0.087597
v -0.000784 0.201321 0.087596
v -0.000785 0.201322 0.087595
v -0.000040 0.198914 0.089619
v -0.000041 0.198915 0.089621
v -0.000041 0.198916 0.089618
v -0.000041 0.200699 0.089459
v -0.000040 0.200701 0.089457
v -0.000041 0.200699 0.089456
v 0.000784 0.199536 0.087759
v 0.000784 0.199538 0.087758
v 0.000785 0.199538 0.087757
v 0.000784 0.201323 0.087597
v 0.000785 0.201322 0.087595
v 0.000784 0.201321 0.087596
v 0.000368 0.198763 0.090070
v 0.000368 0.198765 0.090071
v 0.000367 0.198764 0.090072
v 0.000368 0.200550 0.089908
v 0.000367 0.200548 0.089910
v 0.000368 0.200548 0.089909
v 0.001192 0.199385 0.088210
v 0.001193 0.199387 0.088208
v 0.001193 0.199387 0.088211
v 0.001192 0.201172 0.088048
v 0.001193 0.201170 0.088049
v 0.001193 0.201171 0.088046
v -0.002362 0.208418 0.081721
v -0.002362 0.208421 0.081721
v -0.002369 0.208421 0.081721
v -0.002362 0.210322 0.081514
v -0.002362 0.210325 0.081513
v -0.002369 0.210322 0.081513
v -0.002362 0.208446 0.081367
v -0.002369 0.208449 0.081367
v -0.002362 0.208449 0.081367
v -0.002362 0.210352 0.081159
v -0.002362 0.210350 0.081159
v -0.002369 0.210350 0.081160
v 0.002362 0.208418 0.081721
v 0.002369 0.208421 0.081721
v 0.002362 0.208421 0.081721
v 0.002362 0.210325 0.081513
v 0.002362 0.210322 0.081514
v 0.002369 0.210322 0.081513
v 0.002362 0.208446 0.081367
v 0.002362 0.208449 0.081367
v 0.002369 0.208449 0.081367
v 0.002362 0.210352 0.081159
v 0.002369 0.210350 0.081160
v 0.002362 0.210350 0.081159
v -0.001537 0.210007 0.081259
v -0.001537 0.210008 0.081259
v -0.001540 0.210008 0.081259
v -0.001537 0.210903 0.081162
v -0.001537 0.210904 0.081161
v -0.001540 0.210903 0.081161
v -0.001537 0.210019 0.081112
v -0.001540 0.210020 0.081112
v -0.001537 0.210020 0.081112
v -0.001537 0.210916 0.081014
v -0.001537 0.210915 0.081014
v -0.001540 0.210915 0.081014
v 0.001537 0.210007 0.081259
v 0.001540 0.210008 0.081259
v 0.001537 0.210008 0.081259
v 0.001537 0.210904 0.081161
v 0.001537 0.210903 0.081162
v 0.001540 0.210903 0.081161
v 0.001537 0.210019 0.081112
v 0.001537 0.210020 0.081112
v 0.001540 0.210020 0.081112
v 0.001537 0.210916 0.081014
v 0.001540 0.210915 0.081014
v 0.001537 0.210915 0.081014
v -0.002922 0.209000 0.080344
v -0.002922 0.209003 0.080345
v -0.002930 0.209003 0.080344
v -0.002922 0.210904 0.080137
v -0.002922 0.210907 0.080136
v -0.002930 0.210904 0.080137
v -0.002922 0.209028 0.079991
v -0.002930 0.209031 0.079991
v -0.002922 0.209031 0.079990
v -0.002922 0.210935 0.079783
v -0.002922 0.210932 0.079783
v -0.002930 0.210932 0.079783
v 0.002922 0.209000 0.080344
v 0.002930 0.209003 0.080344
v 0.002922 0.209003 0.080345
v 0.002922 0.210907 0.080136
v 0.002922 0.210904 0.080137
v 0.002930 0.210904 0.080137
v 0.002922 0.209028 0.079991
v 0.002922 0.209031 0.079990
v 0.002930 0.209031 0.079991
v 0.002922 0.210935 0.079783
v 0.002930 0.210932 0.079783
v 0.002922 0.210932 0.079783
v -0.001901 0.210589 0.079883
v -0.001901 0.210590 0.079883
v -0.001905 0.210590 0.079883
v -0.001901 0.211486 0.079785
v -0.001901 0.211486 0.079785
v -0.001905 0.211486 0.079785
v -0.001901 0.210601 0.079735
v -0.001905 0.210602 0.079735
v -0.001901 0.210602 0.079735
v -0.001901 0.211498 0.079637
v -0.001901 0.211497 0.079637
v -0.001905 0.211497 0.079637
v 0.001901 0.210589 0.079883
v 0.001905 0.210590 0.079883
v 0.001901 0.210590 0.079883
v 0.001901 0.211486 0.079785
v 0.001901 0.211486 0.079785
v 0.001905 0.211486 0.079785
v 0.001901 0.210601 0.079735
v 0.001901 0.210602 0.079735
v 0.001905 0.210602 0.079735
v 0.001901 0.211498 0.079637
v 0.001905 0.211497 0.079637
v 0.001901 0.211497 0.079637
v -0.003482 0.209583 0.078968
v -0.003482 0.209585 0.078968
v -0.003492 0.209585 0.078968
v -0.003482 0.211486 0.078761
v -0.003482 0.211489 0.078760
v -0.003492 0.211486 0.078760
v -0.003482 0.209610 0.078614
v -0.003492 0.209613 0.078614
v -0.003482 0.209613 0.078613
v -0.003482 0.211517 0.078406
v -0.003482 0.211514 0.078406
v -0.003492 0.211514 0.078407
v 0.003482 0.209583 0.078968
v 0.003492 0.209585 0.078968
v 0.003482 0.209585 0.078968
v 0.003482 0.211489 0.078760
v 0.003482 0.211486 0.078761
v 0.003492 0.211486 0.078760
v 0.003482 0.209610 0.078614
v 0.003482 0.209613 0.078613
v 0.003492 0.209613 0.078614
v 0.003482 0.211517 0.078406
v 0.003492 0.211514 0.078407
v 0.003482 0.211514 0.078406
v -0.002265 0.211172 0.078506
v -0.002265 0.211172 0.078506
v -0.002270 0.211172 0.078506
v -0.002265 0.212068 0.078409
v -0.002265 0.212069 0.078408
v -0.002270 0.212068 0.078408
v -0.002265 0.211183 0.078359
v -0.002270 0.211184 0.078359
v -0.002265 0.211184 0.078358
v -0.002265 0.212080 0.078261
v -0.002265 0.212079 0.078261
v -0.002270 0.212079 0.078261
v 0.002265 0.211172 0.078506
v 0.002270 0.211172 0.078506
v 0.002265 0.211172 0.078506
v 0.002265 0.212069 0.078408
v 0.002265 0.212068 0.078409
v 0.002270 0.212068 0.078408
v 0.002265 0.211183 0.078359
v 0.002265 0.211184 0.078358
v 0.002270 0.211184 0.078359
v 0.002265 0.212080 0.078261
v 0.002270 0.212079 0.078261
v 0.002265 0.212079 0.078261
v -0.003233 0.209983 0.077608
v -0.003233 0.209986 0.077608
v -0.003242 0.209986 0.077608
v -0.003233 0.211886 0.077401
v -0.003233 0.211889 0.077400
v -0.003242 0.211886 0.077400
v -0.003233 0.210011 0.077254
v -0.003242 0.210014 0.077254
v -0.003233 0.210014 0.077253
v -0.003233 0.211917 0.077046
v -0.003233 0.211914 0.077046
v -0.003242 0.211914 0.077047
v 0.003233 0.209983 0.077608
v 0.003242 0.209986 0.077608
v 0.003233 0.209986 0.077608
v 0.003233 0.211889 0.077400
v 0.003233 0.211886 0.077401
v 0.003242 0.211886 0.077400
v 0.003233 0.210011 0.077254
v 0.003233 0.210014 0.077253
v 0.003242 0.210014 0.077254
v 0.003233 0.211917 0.077046
v 0.003242 0.211914 0.077047
v 0.003233 0.211914 0.077046
v -0.002103 0.211572 0.077146
v -0.002103 0.211573 0.077146
v -0.002108 0.211573 0.077146
v -0.002103 0.212468 0.077048
v -0.002103 0.212469 0.077048
v -0.002108 0.212468 0.077048
v -0.002103 0.211584 0.076999
v -0.002108 0.211585 0.076999
v -0.002103 0.211585 0.076998
v -0.002103 0.212481 0.076901
v -0.002103 0.212480 0.076901
v -0.002108 0.212480 0.076901
v 0.002103 0.211572 0.077146
v 0.002108 0.211573 0.077146
v 0.002103 0.211573 0.077146
v 0.002103 0.212469 0.077048
v 0.002103 0.212468 0.077048
v 0.002108 0.212468 0.077048
v 0.002103 0.211584 0.076999
v 0.002103 0.211585 0.076998
v 0.002108 0.211585 0.076999
v 0.002103 0.212481 0.076901
v 0.002108 0.212480 0.076901
v 0.002103 0.212480 0.076901
v -0.002704 0.210295 0.076329
v -0.002704 0.210298 0.076330
v -0.002712 0.210298 0.076329
v -0.002704 0.212199 0.076122
v -0.002704 0.212202 0.076121
v -0.002712 0.212199 0.076122
v -0.002704 0.210323 0.075976
v -0.002712 0.210326 0.075975
v -0.002704 0.210326 0.075975
v -0.002704 0.212230 0.075768
v -0.002704 0.212227 0.075768
v -0.002712 0.212227 0.075768
v 0.002704 0.210295 0.076329
v 0.002712 0.210298 0.076329
v 0.002704 0.210298 0.076330
v 0.002704 0.212202 0.076121
v 0.002704 0.212199 0.076122
v 0.002712 0.212199 0.076122
v 0.002704 0.210323 0.075976
v 0.002704 0.210326 0.075975
v 0.002712 0.210326 0.075975
v 0.002704 0.212230 0.075768
v 0.002712 0.212227 0.075768
v 0.002704 0.212227 0.075768
v -0.001759 0.211884 0.075868
v -0.001759 0.211885 0.075868
v -0.001763 0.211885 0.075868
v -0.001759 0.212781 0.075770
v -0.001759 0.212782 0.075770
v -0.001763 0.212781 0.075770
v -0.001759 0.211896 0.075720
v -0.001763 0.211897 0.075720
v -0.001759 0.211897 0.075720
v -0.001759 0.212793 0.075622
v -0.001759 0.212792 0.075622
v -0.001763 0.212792 0.075622
v 0.001759 0.211884 0.075868
v 0.001763 0.211885 0.075868
v 0.001759 0.211885 0.075868
v 0.001759 0.212782 0.075770
v 0.001759 0.212781 0.075770
v 0.001763 0.212781 0.075770
v 0.001759 0.211896 0.075720
v 0.001759 0.211897 0.075720
v 0.001763 0.211897 0.075720
v 0.001759 0.212793 0.075622
v 0.001763 0.212792 0.075622
v 0.001759 0.212792 0.075622
v -0.001082 0.211861 0.080343
v -0.001109 0.211837 0.080350
v -0.001120 0.211780 0.080357
v -0.001109 0.211725 0.080360
v -0.001082 0.211704 0.080357
v -0.001104 0.211851 0.080306
v -0.001113 0.211801 0.080295
v -0.001104 0.211740 0.080316
v -0.001087 0.211858 0.080285
v -0.001088 0.211811 0.080265
v -0.001087 0.211747 0.080295
v -0.001067 0.211854 0.080299
v -0.001060 0.211804 0.080285
v -0.001067 0.211742 0.080309
v -0.001056 0.211840 0.080340
v -0.001045 0.211785 0.080344
v -0.001056 0.211728 0.080351
v -0.001060 0.211825 0.080384
v -0.001051 0.211764 0.080406
v -0.001060 0.211714 0.080395
v -0.001078 0.211818 0.080405
v -0.001076 0.211754 0.080436
v -0.001078 0.211706 0.080416
v -0.001098 0.211823 0.080391
v -0.001105 0.211761 0.080415
v -0.001098 0.211711 0.080401
v -0.000825 0.211542 0.080864
v -0.000850 0.211523 0.080857
v -0.000860 0.211471 0.080859
v -0.000850 0.211418 0.080867
v -0.000825 0.211393 0.080877
v -0.000837 0.211535 0.080820
v -0.000843 0.211489 0.080806
v -0.000837 0.211430 0.080830
v -0.000818 0.211539 0.080810
v -0.000815 0.211494 0.080791
v -0.000818 0.211433 0.080819
v -0.000802 0.211531 0.080832
v -0.000793 0.211483 0.080823
v -0.000802 0.211426 0.080842
v -0.000800 0.211517 0.080874
v -0.000790 0.211464 0.080882
v -0.000800 0.211412 0.080884
v -0.000813 0.211505 0.080911
v -0.000808 0.211446 0.080935
v -0.000813 0.211400 0.080921
v -0.000833 0.211501 0.080922
v -0.000836 0.211441 0.080950
v -0.000833 0.211396 0.080931
v -0.000848 0.211509 0.080899
v -0.000858 0.211451 0.080918
v -0.000848 0.211403 0.080909
v -0.002643 0.211678 0.080678
v -0.002665 0.211656 0.080596
v -0.002675 0.211545 0.080572
v -0.002665 0.211410 0.080619
v -0.002643 0.211330 0.080710
v -0.002603 0.211659 0.080586
v -0.002587 0.211550 0.080557
v -0.002603 0.211413 0.080608
v -0.002565 0.211644 0.080632
v -0.002532 0.211528 0.080622
v -0.002565 0.211398 0.080655
v -0.002572 0.211618 0.080708
v -0.002542 0.211492 0.080730
v -0.002572 0.211373 0.080731
v -0.002620 0.211598 0.080769
v -0.002611 0.211463 0.080816
v -0.002620 0.211352 0.080792
v -0.002682 0.211594 0.080780
v -0.002699 0.211458 0.080831
v -0.002682 0.211349 0.080802
v -0.002721 0.211610 0.080733
v -0.002753 0.211480 0.080766
v -0.002721 0.211364 0.080756
v -0.002714 0.211635 0.080658
v -0.002743 0.211516 0.080658
v -0.002714 0.211390 0.080680
v -0.001700 0.213195 0.077699
v -0.001746 0.213161 0.077678
v -0.001765 0.213064 0.077677
v -0.001746 0.212960 0.077696
v -0.001700 0.212910 0.077725
v -0.001717 0.213183 0.077612
v -0.001724 0.213095 0.077584
v -0.001717 0.212982 0.077630
v -0.001678 0.213188 0.077599
v -0.001669 0.213101 0.077565
v -0.001678 0.212986 0.077617
v -0.001652 0.213172 0.077646
v -0.001632 0.213079 0.077632
v -0.001652 0.212971 0.077665
v -0.001655 0.213145 0.077727
v -0.001635 0.213041 0.077746
v -0.001655 0.212944 0.077745
v -0.001684 0.213123 0.077793
v -0.001677 0.213010 0.077840
v -0.001684 0.212922 0.077811
v -0.001722 0.213118 0.077806
v -0.001732 0.213003 0.077858
v -0.001722 0.212917 0.077824
v -0.001748 0.213134 0.077758
v -0.001768 0.213026 0.077791
v -0.001748 0.212933 0.077777
v 0.002926 0.211741 0.080906
v 0.002910 0.211727 0.080858
v 0.002904 0.211659 0.080843
v 0.002910 0.211577 0.080871
v 0.002926 0.211528 0.080925
v 0.002948 0.211730 0.080847
v 0.002957 0.211664 0.080829
v 0.002948 0.211580 0.080861
v 0.002973 0.211722 0.080873
v 0.002992 0.211651 0.080865
v 0.002973 0.211571 0.080887
v 0.002970 0.211706 0.080920
v 0.002988 0.211629 0.080931
v 0.002970 0.211556 0.080934
v 0.002942 0.211693 0.080960
v 0.002948 0.211610 0.080988
v 0.002942 0.211542 0.080974
v 0.002904 0.211689 0.080971
v 0.002896 0.211605 0.081003
v 0.002904 0.211539 0.080984
v 0.002880 0.211698 0.080945
v 0.002860 0.211618 0.080966
v 0.002880 0.211548 0.080958
v 0.002882 0.211713 0.080898
v 0.002864 0.211640 0.080900
v 0.002882 0.211563 0.080912
v -0.002348 0.212366 0.079463
v -0.002379 0.212335 0.079478
v -0.002391 0.212267 0.079489
v -0.002379 0.212204 0.079490
v -0.002348 0.212181 0.079480
v -0.002378 0.212352 0.079425
v -0.002390 0.212292 0.079415
v -0.002378 0.212221 0.079437
v -0.002360 0.212362 0.079396
v -0.002364 0.212306 0.079374
v -0.002360 0.212231 0.079408
v -0.002335 0.212358 0.079408
v -0.002329 0.212301 0.079390
v -0.002335 0.212227 0.079420
v -0.002318 0.212343 0.079453
v -0.002305 0.212279 0.079453
v -0.002318 0.212212 0.079464
v -0.002319 0.212326 0.079505
v -0.002306 0.212255 0.079527
v -0.002319 0.212195 0.079517
v -0.002337 0.212316 0.079534
v -0.002332 0.212241 0.079568
v -0.002337 0.212185 0.079546
v -0.002362 0.212320 0.079523
v -0.002367 0.212246 0.079552
v -0.002362 0.212189 0.079535
v 0.000853 0.212363 0.079125
v 0.000849 0.212354 0.079086
v 0.000847 0.212305 0.079074
v 0.000849 0.212244 0.079096
v 0.000853 0.212207 0.079139
v 0.000876 0.212352 0.079090
v 0.000886 0.212303 0.079079
v 0.000876 0.212243 0.079100
v 0.000891 0.212344 0.079116
v 0.000906 0.212290 0.079116
v 0.000891 0.212234 0.079126
v 0.000883 0.212333 0.079148
v 0.000896 0.212275 0.079162
v 0.000883 0.212223 0.079158
v 0.000858 0.212326 0.079168
v 0.000860 0.212266 0.079190
v 0.000858 0.212216 0.079178
v 0.000831 0.212328 0.079164
v 0.000821 0.212268 0.079184
v 0.000831 0.212218 0.079174
v 0.000816 0.212336 0.079138
v 0.000801 0.212280 0.079147
v 0.000816 0.212227 0.079148
v 0.000824 0.212347 0.079105
v 0.000811 0.212295 0.079102
v 0.000824 0.212237 0.079115
v -0.001807 0.212931 0.077442
v -0.001842 0.212893 0.077461
v -0.001857 0.212814 0.077474
v -0.001842 0.212739 0.077475
v -0.001807 0.212712 0.077462
v -0.001842 0.212914 0.077399
v -0.001857 0.212843 0.077387
v -0.001842 0.212760 0.077413
v -0.001821 0.212926 0.077364
v -0.001827 0.212860 0.077338
v -0.001821 0.212771 0.077378
v -0.001791 0.212922 0.077377
v -0.001785 0.212854 0.077356
v -0.001791 0.212767 0.077391
v -0.001771 0.212904 0.077430
v -0.001756 0.212829 0.077430
v -0.001771 0.212749 0.077444
v -0.001771 0.212883 0.077491
v -0.001757 0.212800 0.077517
v -0.001771 0.212729 0.077505
v -0.001792 0.212872 0.077526
v -0.001787 0.212783 0.077567
v -0.001792 0.212717 0.077540
v -0.001822 0.212876 0.077513
v -0.001828 0.212789 0.077549
v -0.001822 0.212721 0.077527
v -0.000288 0.212397 0.079506
v -0.000325 0.212371 0.079449
v -0.000340 0.212268 0.079434
v -0.000325 0.212148 0.079469
v -0.000288 0.212082 0.079535
v -0.000275 0.212385 0.079408
v -0.000270 0.212288 0.079375
v -0.000275 0.212162 0.079428
v -0.000232 0.212379 0.079426
v -0.000210 0.212279 0.079402
v -0.000232 0.212156 0.079446
v -0.000222 0.212356 0.079494
v -0.000195 0.212247 0.079497
v -0.000222 0.212133 0.079514
v -0.000250 0.212330 0.079571
v -0.000235 0.212210 0.079607
v -0.000250 0.212107 0.079592
v -0.000300 0.212316 0.079613
v -0.000306 0.212191 0.079665
v -0.000300 0.212093 0.079633
v -0.000343 0.212323 0.079594
v -0.000366 0.212199 0.079639
v -0.000343 0.212100 0.079615
v -0.000353 0.212345 0.079526
v -0.000380 0.212232 0.079543
v -0.000353 0.212122 0.079547
v 0.000457 0.213016 0.078256
v 0.000414 0.212987 0.078207
v 0.000396 0.212880 0.078195
v 0.000414 0.212758 0.078228
v 0.000457 0.212693 0.078286
v 0.000461 0.213004 0.078154
v 0.000463 0.212905 0.078120
v 0.000461 0.212776 0.078174
v 0.000506 0.213001 0.078163
v 0.000526 0.212901 0.078133
v 0.000506 0.212773 0.078184
v 0.000522 0.212979 0.078230
v 0.000549 0.212869 0.078227
v 0.000522 0.212751 0.078250
v 0.000500 0.212951 0.078314
v 0.000518 0.212829 0.078347
v 0.000500 0.212722 0.078335
v 0.000454 0.212933 0.078367
v 0.000452 0.212804 0.078422
v 0.000454 0.212705 0.078388
v 0.000409 0.212936 0.078358
v 0.000389 0.212808 0.078409
v 0.000409 0.212708 0.078379
v 0.000392 0.212958 0.078292
v 0.000366 0.212840 0.078315
v 0.000392 0.212730 0.078312
v 0.002950 0.211734 0.080528
v 0.002924 0.211712 0.080454
v 0.002914 0.211607 0.080432
v 0.002924 0.211479 0.080475
v 0.002950 0.211405 0.080558
v 0.002982 0.211719 0.080436
v 0.002996 0.211615 0.080406
v 0.002982 0.211485 0.080457
v 0.003021 0.211706 0.080474
v 0.003051 0.211597 0.080461
v 0.003021 0.211472 0.080496
v 0.003019 0.211681 0.080547
v 0.003047 0.211563 0.080564
v 0.003019 0.211448 0.080568
v 0.002976 0.211660 0.080611
v 0.002987 0.211532 0.080655
v 0.002976 0.211426 0.080633
v 0.002918 0.211654 0.080630
v 0.002905 0.211524 0.080680
v 0.002918 0.211420 0.080651
v 0.002879 0.211667 0.080591
v 0.002849 0.211542 0.080626
v 0.002879 0.211433 0.080612
v 0.002882 0.211691 0.080518
v 0.002853 0.211576 0.080523
v 0.002882 0.211458 0.080539
v -0.000068 0.211676 0.080951
v -0.000123 0.211620 0.080976
v -0.000146 0.211500 0.080995
v -0.000123 0.211386 0.080997
v -0.000068 0.211344 0.080981
v -0.000120 0.211652 0.080882
v -0.000141 0.211544 0.080862
v -0.000120 0.211417 0.080903
v -0.000086 0.211668 0.080831
v -0.000094 0.211568 0.080791
v -0.000086 0.211434 0.080853
v -0.000042 0.211661 0.080853
v -0.000031 0.211558 0.080822
v -0.000042 0.211427 0.080875
v -0.000013 0.211634 0.080935
v 0.000010 0.211519 0.080938
v -0.000013 0.211399 0.080957
v -0.000016 0.211602 0.081029
v 0.000006 0.211475 0.081070
v -0.000016 0.211368 0.081050
v -0.000049 0.211586 0.081080
v -0.000042 0.211451 0.081142
v -0.000049 0.211351 0.081101
v -0.000094 0.211593 0.081058
v -0.000104 0.211461 0.081111
v -0.000094 0.211358 0.081079
v 0.002307 0.212364 0.079435
v 0.002259 0.212315 0.079458
v 0.002240 0.212210 0.079475
v 0.002259 0.212111 0.079477
v 0.002307 0.212075 0.079461
v 0.002261 0.212342 0.079376
v 0.002242 0.212249 0.079360
v 0.002261 0.212138 0.079395
v 0.002289 0.212357 0.079331
v 0.002282 0.212270 0.079296
v 0.002289 0.212153 0.079350
v 0.002328 0.212351 0.079349
v 0.002337 0.212262 0.079321
v 0.002328 0.212147 0.079368
v 0.002355 0.212328 0.079420
v 0.002374 0.212228 0.079421
v 0.002355 0.212123 0.079438
v 0.002353 0.212301 0.079501
v 0.002372 0.212190 0.079536
v 0.002353 0.212096 0.079520
v 0.002324 0.212285 0.079546
v 0.002332 0.212168 0.079600
v 0.002324 0.212081 0.079565
v 0.002286 0.212291 0.079529
v 0.002277 0.212177 0.079575
v 0.002286 0.212087 0.079547
v -0.000269 0.213419 0.076553
v -0.000307 0.213369 0.076591
v -0.000323 0.213273 0.076613
v -0.000307 0.213186 0.076607
v -0.000269 0.213160 0.076577
v -0.000318 0.213393 0.076520
v -0.000338 0.213307 0.076513
v -0.000318 0.213210 0.076536
v -0.000300 0.213410 0.076470
v -0.000313 0.213330 0.076443
v -0.000300 0.213227 0.076487
v -0.000264 0.213409 0.076471
v -0.000262 0.213330 0.076444
v -0.000264 0.213226 0.076488
v -0.000231 0.213392 0.076522
v -0.000215 0.213305 0.076516
v -0.000231 0.213209 0.076539
v -0.000220 0.213368 0.076593
v -0.000200 0.213272 0.076617
v -0.000220 0.213185 0.076610
v -0.000238 0.213352 0.076643
v -0.000225 0.213248 0.076687
v -0.000238 0.213169 0.076660
v -0.000274 0.213352 0.076642
v -0.000276 0.213249 0.076686
v -0.000274 0.213169 0.076659
v -0.002699 0.213162 0.077310
v -0.002734 0.213076 0.077403
v -0.002749 0.212926 0.077453
v -0.002734 0.212800 0.077428
v -0.002699 0.212773 0.077345
v -0.002781 0.213103 0.077321
v -0.002815 0.212965 0.077337
v -0.002781 0.212828 0.077346
v -0.002779 0.213132 0.077235
v -0.002813 0.213005 0.077215
v -0.002779 0.212857 0.077260
v -0.002731 0.213145 0.077196
v -0.002744 0.213024 0.077159
v -0.002731 0.212870 0.077221
v -0.002664 0.213135 0.077226
v -0.002650 0.213010 0.077202
v -0.002664 0.212860 0.077251
v -0.002618 0.213108 0.077308
v -0.002584 0.212971 0.077318
v -0.002618 0.212832 0.077333
v -0.002619 0.213079 0.077394
v -0.002586 0.212930 0.077439
v -0.002619 0.212804 0.077419
v -0.002667 0.213066 0.077434
v -0.002654 0.212912 0.077495
v -0.002667 0.212790 0.077458
v -0.001323 0.212459 0.079045
v -0.001348 0.212440 0.079042
v -0.001358 0.212389 0.079045
v -0.001348 0.212337 0.079051
v -0.001323 0.212314 0.079058
v -0.001338 0.212452 0.079004
v -0.001344 0.212407 0.078991
v -0.001338 0.212349 0.079014
v -0.001319 0.212456 0.078991
v -0.001317 0.212413 0.078973
v -0.001319 0.212354 0.079001
v -0.001303 0.212450 0.079011
v -0.001295 0.212404 0.079001
v -0.001303 0.212347 0.079020
v -0.001299 0.212436 0.079052
v -0.001289 0.212384 0.079058
v -0.001299 0.212334 0.079061
v -0.001309 0.212424 0.079089
v -0.001303 0.212366 0.079112
v -0.001309 0.212321 0.079099
v -0.001328 0.212419 0.079102
v -0.001329 0.212360 0.079130
v -0.001328 0.212317 0.079112
v -0.001344 0.212426 0.079083
v -0.001352 0.212370 0.079102
v -0.001344 0.212323 0.079092
v -0.002040 0.211533 0.080552
v -0.002062 0.211512 0.080474
v -0.002071 0.211405 0.080451
v -0.002062 0.211276 0.080495
v -0.002040 0.211200 0.080582
v -0.002003 0.211515 0.080462
v -0.001988 0.211411 0.080434
v -0.002003 0.211280 0.080484
v -0.001965 0.211501 0.080506
v -0.001934 0.211390 0.080495
v -0.001965 0.211266 0.080527
v -0.001971 0.211477 0.080579
v -0.001943 0.211356 0.080598
v -0.001971 0.211241 0.080600
v -0.002017 0.211457 0.080638
v -0.002008 0.211328 0.080683
v -0.002017 0.211221 0.080660
v -0.002076 0.211453 0.080650
v -0.002091 0.211322 0.080699
v -0.002076 0.211217 0.080671
v -0.002114 0.211467 0.080607
v -0.002145 0.211343 0.080638
v -0.002114 0.211232 0.080628
v -0.002108 0.211492 0.080534
v -0.002136 0.211377 0.080535
v -0.002108 0.211256 0.080555
v -0.001551 0.212593 0.079005
v -0.001578 0.212572 0.079001
v -0.001589 0.212516 0.079003
v -0.001578 0.212459 0.079011
v -0.001551 0.212433 0.079020
v -0.001565 0.212585 0.078960
v -0.001571 0.212535 0.078945
v -0.001565 0.212472 0.078970
v -0.001544 0.212590 0.078947
v -0.001542 0.212542 0.078927
v -0.001544 0.212477 0.078957
v -0.001527 0.212582 0.078970
v -0.001518 0.212531 0.078959
v -0.001527 0.212469 0.078980
v -0.001524 0.212567 0.079014
v -0.001513 0.212510 0.079022
v -0.001524 0.212454 0.079025
v -0.001536 0.212553 0.079055
v -0.001530 0.212490 0.079080
v -0.001536 0.212440 0.079066
v -0.001557 0.212549 0.079068
v -0.001559 0.212484 0.079098
v -0.001557 0.212436 0.079078
v -0.001574 0.212557 0.079046
v -0.001584 0.212495 0.079067
v -0.001574 0.212444 0.079056
v 0.000304 0.213446 0.076321
v 0.000257 0.213415 0.076264
v 0.000238 0.213297 0.076250
v 0.000257 0.213162 0.076287
v 0.000304 0.213090 0.076353
v 0.000310 0.213433 0.076208
v 0.000313 0.213324 0.076170
v 0.000310 0.213181 0.076230
v 0.000359 0.213429 0.076220
v 0.000382 0.213318 0.076188
v 0.000359 0.213177 0.076243
v 0.000376 0.213404 0.076295
v 0.000406 0.213282 0.076293
v 0.000376 0.213152 0.076317
v 0.000350 0.213373 0.076387
v 0.000370 0.213239 0.076424
v 0.000350 0.213121 0.076410
v 0.000297 0.213355 0.076443
v 0.000295 0.213212 0.076504
v 0.000297 0.213102 0.076466
v 0.000248 0.213359 0.076431
v 0.000225 0.213218 0.076486
v 0.000248 0.213107 0.076453
v 0.000231 0.213384 0.076356
v 0.000202 0.213253 0.076380
v 0.000231 0.213131 0.076379
v -0.000520 0.212629 0.079173
v -0.000550 0.212603 0.079087
v -0.000562 0.212482 0.079061
v -0.000550 0.212335 0.079111
v -0.000520 0.212248 0.079207
v -0.000483 0.212610 0.079066
v -0.000468 0.212491 0.079032
v -0.000483 0.212341 0.079091
v -0.000438 0.212595 0.079111
v -0.000404 0.212470 0.079096
v -0.000438 0.212326 0.079135
v -0.000441 0.212567 0.079195
v -0.000409 0.212430 0.079214
v -0.000441 0.212298 0.079219
v -0.000491 0.212543 0.079269
v -0.000479 0.212396 0.079319
v -0.000491 0.212274 0.079293
v -0.000558 0.212536 0.079289
v -0.000573 0.212386 0.079348
v -0.000558 0.212267 0.079314
v -0.000603 0.212551 0.079244
v -0.000637 0.212407 0.079284
v -0.000603 0.212282 0.079269
v -0.000599 0.212579 0.079160
v -0.000632 0.212447 0.079166
v -0.000599 0.212310 0.079185
v -0.001989 0.211885 0.079912
v -0.002032 0.211840 0.079934
v -0.002050 0.211745 0.079951
v -0.002032 0.211655 0.079951
v -0.001989 0.211624 0.079935
v -0.002032 0.211865 0.079861
v -0.002050 0.211780 0.079846
v -0.002032 0.211680 0.079877
v -0.002007 0.211879 0.079819
v -0.002014 0.211800 0.079787
v -0.002007 0.211694 0.079835
v -0.001972 0.211874 0.079833
v -0.001964 0.211793 0.079807
v -0.001972 0.211689 0.079850
v -0.001947 0.211853 0.079896
v -0.001929 0.211764 0.079896
v -0.001947 0.211668 0.079912
v -0.001947 0.211829 0.079970
v -0.001929 0.211729 0.080001
v -0.001947 0.211644 0.079986
v -0.001972 0.211815 0.080012
v -0.001964 0.211709 0.080060
v -0.001972 0.211630 0.080028
v -0.002007 0.211819 0.079997
v -0.002015 0.211716 0.080039
v -0.002007 0.211635 0.080014
v -0.001458 0.211398 0.081162
v -0.001496 0.211360 0.081178
v -0.001512 0.211276 0.081191
v -0.001496 0.211195 0.081193
v -0.001458 0.211165 0.081183
v -0.001493 0.211381 0.081113
v -0.001508 0.211307 0.081098
v -0.001493 0.211217 0.081128
v -0.001469 0.211393 0.081078
v -0.001474 0.211323 0.081049
v -0.001469 0.211229 0.081093
v -0.001439 0.211388 0.081094
v -0.001431 0.211315 0.081073
v -0.001439 0.211223 0.081109
v -0.001419 0.211368 0.081152
v -0.001403 0.211288 0.081155
v -0.001419 0.211204 0.081167
v -0.001422 0.211346 0.081218
v -0.001407 0.211257 0.081247
v -0.001422 0.211182 0.081233
v -0.001446 0.211335 0.081253
v -0.001441 0.211240 0.081296
v -0.001446 0.211170 0.081268
v -0.001477 0.211340 0.081236
v -0.001485 0.211248 0.081273
v -0.001477 0.211176 0.081251
v 0.002784 0.213029 0.077380
v 0.002741 0.212972 0.077425
v 0.002723 0.212862 0.077452
v 0.002741 0.212764 0.077444
v 0.002784 0.212734 0.077407
v 0.002727 0.212999 0.077345
v 0.002703 0.212900 0.077339
v 0.002727 0.212791 0.077364
v 0.002746 0.213018 0.077287
v 0.002731 0.212927 0.077257
v 0.002746 0.212810 0.077306
v 0.002787 0.213019 0.077286
v 0.002789 0.212928 0.077255
v 0.002787 0.212810 0.077305
v 0.002827 0.213000 0.077342
v 0.002844 0.212902 0.077334
v 0.002827 0.212792 0.077361
v 0.002841 0.212973 0.077422
v 0.002864 0.212864 0.077448
v 0.002841 0.212765 0.077441
v 0.002822 0.212954 0.077480
v 0.002837 0.212836 0.077529
v 0.002822 0.212745 0.077499
v 0.002780 0.212953 0.077481
v 0.002779 0.212836 0.077531
v 0.002780 0.212745 0.077500
v -0.002740 0.213444 0.076235
v -0.002777 0.213365 0.076318
v -0.002792 0.213227 0.076362
v -0.002777 0.213111 0.076341
v -0.002740 0.213084 0.076268
v -0.002816 0.213392 0.076237
v -0.002847 0.213265 0.076248
v -0.002816 0.213138 0.076260
v -0.002811 0.213419 0.076158
v -0.002840 0.213303 0.076136
v -0.002811 0.213164 0.076181
v -0.002764 0.213429 0.076127
v -0.002774 0.213317 0.076092
v -0.002764 0.213175 0.076150
v -0.002704 0.213417 0.076162
v -0.002689 0.213301 0.076142
v -0.002704 0.213163 0.076185
v -0.002665 0.213390 0.076243
v -0.002634 0.213263 0.076256
v -0.002665 0.213136 0.076266
v -0.002670 0.213364 0.076322
v -0.002641 0.213225 0.076367
v -0.002670 0.213110 0.076345
v -0.002716 0.213353 0.076353
v -0.002706 0.213211 0.076411
v -0.002716 0.213099 0.076376
v -0.000661 0.212254 0.078994
v -0.000671 0.212236 0.078919
v -0.000675 0.212142 0.078896
v -0.000671 0.212025 0.078938
v -0.000661 0.211955 0.079021
v -0.000618 0.212234 0.078926
v -0.000600 0.212138 0.078906
v -0.000618 0.212023 0.078945
v -0.000590 0.212217 0.078975
v -0.000560 0.212115 0.078976
v -0.000590 0.212006 0.078995
v -0.000604 0.212197 0.079038
v -0.000580 0.212085 0.079064
v -0.000604 0.211985 0.079057
v -0.000651 0.212184 0.079077
v -0.000647 0.212067 0.079119
v -0.000651 0.211972 0.079096
v -0.000705 0.212186 0.079069
v -0.000723 0.212070 0.079108
v -0.000705 0.211975 0.079088
v -0.000733 0.212203 0.079020
v -0.000762 0.212094 0.079039
v -0.000733 0.211991 0.079039
v -0.000719 0.212223 0.078958
v -0.000742 0.212123 0.078951
v -0.000719 0.212012 0.078977
v -0.002658 0.211769 0.080045
v -0.002665 0.211756 0.079988
v -0.002667 0.211684 0.079971
v -0.002665 0.211596 0.080003
v -0.002658 0.211543 0.080065
v -0.002625 0.211753 0.079996
v -0.002611 0.211681 0.079981
v -0.002625 0.211594 0.080010
v -0.002604 0.211740 0.080034
v -0.002582 0.211663 0.080035
v -0.002604 0.211581 0.080048
v -0.002616 0.211725 0.080080
v -0.002598 0.211641 0.080101
v -0.002616 0.211566 0.080095
v -0.002652 0.211716 0.080108
v -0.002649 0.211628 0.080140
v -0.002652 0.211556 0.080122
v -0.002692 0.211718 0.080100
v -0.002706 0.211631 0.080129
v -0.002692 0.211559 0.080115
v -0.002712 0.211731 0.080062
v -0.002735 0.211649 0.080075
v -0.002712 0.211572 0.080077
v -0.002701 0.211746 0.080016
v -0.002718 0.211671 0.080010
v -0.002701 0.211587 0.080030
v -0.003071 0.211592 0.080365
v -0.003074 0.211579 0.080307
v -0.003075 0.211506 0.080288
v -0.003074 0.211416 0.080321
v -0.003071 0.211361 0.080386
v -0.003033 0.211575 0.080320
v -0.003018 0.211500 0.080307
v -0.003033 0.211411 0.080335
v -0.003015 0.211561 0.080361
v -0.002991 0.211480 0.080366
v -0.003015 0.211397 0.080376
v -0.003029 0.211545 0.080407
v -0.003011 0.211458 0.080431
v -0.003029 0.211382 0.080422
v -0.003067 0.211538 0.080430
v -0.003066 0.211447 0.080463
v -0.003067 0.211374 0.080445
v -0.003108 0.211542 0.080417
v -0.003123 0.211454 0.080445
v -0.003108 0.211379 0.080432
v -0.003127 0.211556 0.080376
v -0.003150 0.211473 0.080386
v -0.003127 0.211393 0.080390
v -0.003112 0.211571 0.080330
v -0.003130 0.211495 0.080321
v -0.003112 0.211408 0.080345
v 0.002300 0.212693 0.077815
v 0.002269 0.212671 0.077793
v 0.002257 0.212603 0.077789
v 0.002269 0.212528 0.077806
v 0.002300 0.212490 0.077833
v 0.002294 0.212685 0.077751
v 0.002292 0.212623 0.077730
v 0.002294 0.212542 0.077764
v 0.002323 0.212686 0.077749
v 0.002332 0.212624 0.077726
v 0.002323 0.212543 0.077762
v 0.002338 0.212673 0.077787
v 0.002353 0.212606 0.077780
v 0.002338 0.212530 0.077800
v 0.002331 0.212655 0.077843
v 0.002343 0.212579 0.077860
v 0.002331 0.212511 0.077856
v 0.002305 0.212641 0.077884
v 0.002308 0.212560 0.077919
v 0.002305 0.212497 0.077898
v 0.002277 0.212640 0.077887
v 0.002268 0.212558 0.077922
v 0.002277 0.212496 0.077900
v 0.002262 0.212653 0.077849
v 0.002246 0.212576 0.077868
v 0.002262 0.212509 0.077862
v -0.000835 0.212017 0.080477
v -0.000900 0.211964 0.080471
v -0.000928 0.211827 0.080479
v -0.000900 0.211688 0.080496
v -0.000835 0.211628 0.080513
v -0.000874 0.211998 0.080370
v -0.000890 0.211876 0.080335
v -0.000874 0.211722 0.080395
v -0.000824 0.212009 0.080334
v -0.000820 0.211892 0.080285
v -0.000824 0.211734 0.080359
v -0.000781 0.211992 0.080385
v -0.000759 0.211868 0.080358
v -0.000781 0.211717 0.080410
v -0.000769 0.211956 0.080494
v -0.000741 0.211817 0.080511
v -0.000769 0.211681 0.080519
v -0.000795 0.211922 0.080596
v -0.000779 0.211769 0.080655
v -0.000795 0.211647 0.080620
v -0.000845 0.211910 0.080631
v -0.000849 0.211752 0.080705
v -0.000845 0.211635 0.080656
v -0.000888 0.211927 0.080580
v -0.000911 0.211776 0.080632
v -0.000888 0.211652 0.080605
v -0.000099 0.211425 0.080727
v -0.000128 0.211405 0.080689
v -0.000139 0.211331 0.080679
v -0.000128 0.211246 0.080703
v -0.000099 0.211199 0.080747
v -0.000093 0.211416 0.080656
v -0.000091 0.211347 0.080632
v -0.000093 0.211257 0.080670
v -0.000062 0.211413 0.080666
v -0.000047 0.211342 0.080646
v -0.000062 0.211253 0.080680
v -0.000053 0.211397 0.080713
v -0.000034 0.211319 0.080714
v -0.000053 0.211237 0.080728
v -0.000071 0.211378 0.080771
v -0.000059 0.211292 0.080795
v -0.000071 0.211218 0.080785
v -0.000105 0.211367 0.080804
v -0.000108 0.211277 0.080842
v -0.000105 0.211207 0.080819
v -0.000136 0.211370 0.080794
v -0.000152 0.211281 0.080828
v -0.000136 0.211210 0.080808
v -0.000146 0.211386 0.080746
v -0.000165 0.211304 0.080760
v -0.000146 0.211226 0.080761
v 0.002020 0.211648 0.080306
v 0.001956 0.211589 0.080321
v 0.001930 0.211454 0.080336
v 0.001956 0.211322 0.080345
v 0.002020 0.211269 0.080341
v 0.001969 0.211625 0.080215
v 0.001948 0.211504 0.080188
v 0.001969 0.211357 0.080240
v 0.002012 0.211641 0.080167
v 0.002009 0.211527 0.080119
v 0.002012 0.211373 0.080191
v 0.002060 0.211629 0.080203
v 0.002077 0.211510 0.080170
v 0.002060 0.211361 0.080227
v 0.002085 0.211595 0.080302
v 0.002111 0.211463 0.080311
v 0.002085 0.211328 0.080327
v 0.002072 0.211560 0.080408
v 0.002093 0.211413 0.080459
v 0.002072 0.211293 0.080432
v 0.002029 0.211544 0.080456
v 0.002032 0.211390 0.080529
v 0.002029 0.211276 0.080481
v 0.001981 0.211556 0.080420
v 0.001964 0.211407 0.080478
v 0.001981 0.211288 0.080445
v -0.002171 0.212563 0.078202
v -0.002174 0.212498 0.078279
v -0.002176 0.212392 0.078318
v -0.002174 0.212306 0.078296
v -0.002171 0.212290 0.078227
v -0.002220 0.212507 0.078253
v -0.002240 0.212404 0.078281
v -0.002220 0.212314 0.078270
v -0.002237 0.212525 0.078199
v -0.002265 0.212430 0.078205
v -0.002237 0.212332 0.078216
v -0.002216 0.212542 0.078149
v -0.002234 0.212453 0.078134
v -0.002216 0.212349 0.078167
v -0.002168 0.212547 0.078133
v -0.002167 0.212461 0.078111
v -0.002168 0.212354 0.078150
v -0.002122 0.212538 0.078159
v -0.002102 0.212448 0.078149
v -0.002122 0.212346 0.078177
v -0.002105 0.212520 0.078213
v -0.002078 0.212423 0.078225
v -0.002105 0.212328 0.078230
v -0.002127 0.212504 0.078263
v -0.002108 0.212400 0.078295
v -0.002127 0.212311 0.078280
v 0.002232 0.212862 0.077365
v 0.002213 0.212846 0.077314
v 0.002204 0.212772 0.077299
v 0.002213 0.212682 0.077329
v 0.002232 0.212630 0.077386
v 0.002253 0.212851 0.077298
v 0.002261 0.212779 0.077277
v 0.002253 0.212688 0.077313
v 0.002281 0.212843 0.077323
v 0.002301 0.212767 0.077312
v 0.002281 0.212679 0.077338
v 0.002281 0.212826 0.077374
v 0.002301 0.212743 0.077385
v 0.002281 0.212662 0.077389
v 0.002252 0.212810 0.077422
v 0.002260 0.212721 0.077452
v 0.002252 0.212646 0.077437
v 0.002212 0.212805 0.077438
v 0.002203 0.212713 0.077474
v 0.002212 0.212641 0.077452
v 0.002184 0.212813 0.077413
v 0.002163 0.212725 0.077438
v 0.002184 0.212649 0.077427
v 0.002184 0.212830 0.077361
v 0.002164 0.212749 0.077366
v 0.002184 0.212666 0.077376
v 0.001671 0.212931 0.078225
v 0.001646 0.212913 0.078182
v 0.001636 0.212841 0.078170
v 0.001646 0.212756 0.078196
v 0.001671 0.212708 0.078245
v 0.001683 0.212922 0.078156
v 0.001688 0.212853 0.078134
v 0.001683 0.212765 0.078171
v 0.001712 0.212917 0.078173
v 0.001729 0.212846 0.078157
v 0.001712 0.212759 0.078187
v 0.001717 0.212900 0.078221
v 0.001737 0.212823 0.078226
v 0.001717 0.212743 0.078235
v 0.001695 0.212883 0.078273
v 0.001705 0.212798 0.078300
v 0.001695 0.212726 0.078288
v 0.001659 0.212874 0.078299
v 0.001654 0.212786 0.078336
v 0.001659 0.212717 0.078313
v 0.001629 0.212880 0.078283
v 0.001612 0.212793 0.078313
v 0.001629 0.212722 0.078297
v 0.001624 0.212896 0.078234
v 0.001605 0.212816 0.078244
v 0.001624 0.212739 0.078249
v 0.001914 0.213572 0.075772
v 0.001882 0.213496 0.075854
v 0.001869 0.213364 0.075897
v 0.001882 0.213254 0.075876
v 0.001914 0.213229 0.075803
v 0.001842 0.213520 0.075781
v 0.001812 0.213398 0.075794
v 0.001842 0.213278 0.075803
v 0.001844 0.213545 0.075705
v 0.001815 0.213434 0.075687
v 0.001844 0.213303 0.075727
v 0.001887 0.213557 0.075671
v 0.001875 0.213450 0.075639
v 0.001887 0.213315 0.075693
v 0.001945 0.213547 0.075699
v 0.001958 0.213437 0.075678
v 0.001945 0.213305 0.075721
v 0.001986 0.213523 0.075772
v 0.002015 0.213403 0.075781
v 0.001986 0.213281 0.075794
v 0.001984 0.213498 0.075847
v 0.002013 0.213367 0.075888
v 0.001984 0.213256 0.075869
v 0.001941 0.213486 0.075881
v 0.001952 0.213351 0.075936
v 0.001941 0.213244 0.075903
v 0.001474 0.212014 0.079927
v 0.001470 0.212001 0.079869
v 0.001469 0.211929 0.079851
v 0.001470 0.211839 0.079884
v 0.001474 0.211785 0.079948
v 0.001510 0.211997 0.079881
v 0.001526 0.211923 0.079869
v 0.001510 0.211835 0.079896
v 0.001529 0.211984 0.079922
v 0.001552 0.211904 0.079927
v 0.001529 0.211822 0.079937
v 0.001515 0.211968 0.079968
v 0.001533 0.211882 0.079991
v 0.001515 0.211806 0.079983
v 0.001477 0.211960 0.079992
v 0.001479 0.211871 0.080025
v 0.001477 0.211798 0.080006
v 0.001437 0.211965 0.079979
v 0.001422 0.211877 0.080007
v 0.001437 0.211803 0.079994
v 0.001418 0.211978 0.079938
v 0.001395 0.211896 0.079949
v 0.001418 0.211816 0.079953
v 0.001432 0.211993 0.079893
v 0.001415 0.211918 0.079885
v 0.001432 0.211832 0.079907
v -0.000857 0.208205 0.083100
v -0.001721 0.211405 0.084869
v -0.000801 0.208368 0.083118
v -0.001665 0.211568 0.084886
v -0.000760 0.208160 0.083202
v -0.001624 0.211359 0.084970
v -0.000775 0.207788 0.083268
v -0.001639 0.210988 0.085037
v -0.000831 0.207625 0.083250
v -0.001695 0.210825 0.085019
v -0.000872 0.207834 0.083166
v -0.001736 0.211033 0.084935
v 0.000857 0.208205 0.083100
v 0.001721 0.211405 0.084869
v 0.000872 0.207834 0.083166
v 0.001736 0.211033 0.084935
v 0.000831 0.207625 0.083250
v 0.001695 0.210825 0.085019
v 0.000775 0.207788 0.083268
v 0.001639 0.210988 0.085037
v 0.000760 0.208160 0.083202
v 0.001624 0.211359 0.084970
v 0.000801 0.208368 0.083118
v 0.001665 0.211568 0.084886
v -0.001776 0.212862 0.084993
v -0.001776 0.212555 0.084771
v -0.001776 0.211643 0.084750
v -0.001776 0.210660 0.084943
v -0.001776 0.210181 0.085236
v -0.001661 0.212530 0.084846
v -0.001613 0.211607 0.084857
v -0.001661 0.210634 0.085018
v -0.001613 0.212469 0.085028
v -0.001546 0.211521 0.085114
v -0.001613 0.210573 0.085200
v -0.001661 0.212408 0.085210
v -0.001613 0.211435 0.085372
v -0.001661 0.210513 0.085382
v -0.001776 0.212383 0.085286
v -0.001776 0.211400 0.085478
v -0.001776 0.210487 0.085458
v -0.001891 0.212408 0.085210
v -0.001939 0.211435 0.085372
v -0.001891 0.210513 0.085382
v -0.001939 0.212469 0.085028
v -0.002006 0.211521 0.085114
v -0.001939 0.210573 0.085200
v -0.001891 0.212530 0.084846
v -0.001939 0.211607 0.084857
v -0.001891 0.210634 0.085018
v 0.001776 0.212862 0.084993
v 0.001776 0.212555 0.084771
v 0.001776 0.211643 0.084750
v 0.001776 0.210660 0.084943
v 0.001776 0.210181 0.085236
v 0.001891 0.212530 0.084846
v 0.001939 0.211607 0.084857
v 0.001891 0.210634 0.085018
v 0.001939 0.212469 0.085028
v 0.002006 0.211521 0.085114
v 0.001939 0.210573 0.085200
v 0.001891 0.212408 0.085210
v 0.001939 0.211435 0.085372
v 0.001891 0.210513 0.085382
v 0.001776 0.212383 0.085286
v 0.001776 0.211400 0.085478
v 0.001776 0.210487 0.085458
v 0.001661 0.212408 0.085210
v 0.001613 0.211435 0.085372
v 0.001661 0.210513 0.085382
v 0.001613 0.212469 0.085028
v 0.001546 0.211521 0.085114
v 0.001613 0.210573 0.085200
v 0.001661 0.212530 0.084846
v 0.001613 0.211607 0.084857
v 0.001661 0.210634 0.085018
v -0.001882 0.212400 0.085241
v -0.001882 0.211923 0.085207
v -0.001882 0.211729 0.085301
v -0.001838 0.212245 0.085216
v -0.001838 0.211910 0.085247
v -0.001838 0.212219 0.085295
v -0.001838 0.211884 0.085326
v -0.001882 0.212206 0.085335
v -0.001882 0.211871 0.085365
v -0.001925 0.212219 0.085295
v -0.001925 0.211884 0.085326
v -0.001925 0.212245 0.085216
v -0.001925 0.211910 0.085247
v -0.001882 0.212258 0.085177
v 0.001882 0.212400 0.085241
v 0.001882 0.211923 0.085207
v 0.001882 0.211729 0.085301
v 0.001925 0.212245 0.085216
v 0.001925 0.211910 0.085247
v 0.001925 0.212219 0.085295
v 0.001925 0.211884 0.085326
v 0.001882 0.212206 0.085335
v 0.001882 0.211871 0.085365
v 0.001838 0.212219 0.085295
v 0.001838 0.211884 0.085326
v 0.001838 0.212245 0.085216
v 0.001838 0.211910 0.085247
v 0.001882 0.212258 0.085177
v -0.000707 0.210009 0.083979
v -0.003011 0.215900 0.088224
v -0.000667 0.210174 0.083990
v -0.002971 0.216065 0.088235
v -0.000632 0.210041 0.084054
v -0.002936 0.215932 0.088299
v -0.000637 0.209743 0.084107
v -0.002941 0.215634 0.088352
v -0.000677 0.209577 0.084096
v -0.002981 0.215469 0.088341
v -0.000712 0.209710 0.084032
v -0.003016 0.215602 0.088277
v 0.000707 0.210009 0.083979
v 0.003011 0.215900 0.088224
v 0.000712 0.209710 0.084032
v 0.003016 0.215602 0.088277
v 0.000677 0.209577 0.084096
v 0.002981 0.215469 0.088341
v 0.000637 0.209743 0.084107
v 0.002941 0.215634 0.088352
v 0.000632 0.210041 0.084054
v 0.002936 0.215932 0.088299
v 0.000667 0.210174 0.083990
v 0.002971 0.216065 0.088235
v -0.000319 0.208769 0.084416
v -0.001471 0.210929 0.089294
v -0.000287 0.208880 0.084417
v -0.001439 0.211040 0.089295
v -0.000256 0.208768 0.084449
v -0.001408 0.210928 0.089327
v -0.000257 0.208545 0.084480
v -0.001409 0.210705 0.089358
v -0.000289 0.208434 0.084479
v -0.001441 0.210594 0.089357
v -0.000320 0.208546 0.084447
v -0.001472 0.210706 0.089325
v 0.000319 0.208769 0.084416
v 0.001471 0.210929 0.089294
v 0.000320 0.208546 0.084447
v 0.001472 0.210706 0.089325
v 0.000289 0.208434 0.084479
v 0.001441 0.210594 0.089357
v 0.000257 0.208545 0.084480
v 0.001409 0.210705 0.089358
v 0.000256 0.208768 0.084449
v 0.001408 0.210928 0.089327
v 0.000287 0.208880 0.084417
v 0.001439 0.211040 0.089295
v -0.002762 0.202077 0.081364
v -0.003770 0.200569 0.082309
v -0.002759 0.202363 0.081377
v -0.003767 0.200855 0.082323
v -0.002733 0.202367 0.081455
v -0.003741 0.200860 0.082401
v -0.002710 0.202085 0.081520
v -0.003718 0.200578 0.082466
v -0.002713 0.201799 0.081507
v -0.003721 0.200292 0.082452
v -0.002739 0.201795 0.081428
v -0.003747 0.200287 0.082374
v 0.002762 0.202077 0.081364
v 0.003770 0.200569 0.082309
v 0.002739 0.201795 0.081428
v 0.003747 0.200287 0.082374
v 0.002713 0.201799 0.081507
v 0.003721 0.200292 0.082452
v 0.002710 0.202085 0.081520
v 0.003718 0.200578 0.082466
v 0.002733 0.202367 0.081455
v 0.003741 0.200860 0.082401
v 0.002759 0.202363 0.081377
v 0.003767 0.200855 0.082323
v -0.002762 0.203031 0.079806
v -0.003770 0.201523 0.080752
v -0.002759 0.203317 0.079819
v -0.003767 0.201809 0.080765
v -0.002733 0.203321 0.079898
v -0.003741 0.201814 0.080843
v -0.002710 0.203039 0.079962
v -0.003718 0.201532 0.080908
v -0.002713 0.202753 0.079949
v -0.003721 0.201246 0.080895
v -0.002739 0.202749 0.079871
v -0.003747 0.201241 0.080817
v 0.002762 0.203031 0.079806
v 0.003770 0.201523 0.080752
v 0.002739 0.202749 0.079871
v 0.003747 0.201241 0.080817
v 0.002713 0.202753 0.079949
v 0.003721 0.201246 0.080895
v 0.002710 0.203039 0.079962
v 0.003718 0.201532 0.080908
v 0.002733 0.203321 0.079898
v 0.003741 0.201814 0.080843
v 0.002759 0.203317 0.079819
v 0.003767 0.201809 0.080765
v -0.002762 0.203116 0.078254
v -0.003770 0.201609 0.079200
v -0.002759 0.203403 0.078267
v -0.003767 0.201895 0.079213
v -0.002733 0.203407 0.078345
v -0.003741 0.201899 0.079291
v -0.002710 0.203125 0.078410
v -0.003718 0.201617 0.079356
v -0.002713 0.202839 0.078397
v -0.003721 0.201331 0.079343
v -0.002739 0.202835 0.078319
v -0.003747 0.201327 0.079265
v 0.002762 0.203116 0.078254
v 0.003770 0.201609 0.079200
v 0.002739 0.202835 0.078319
v 0.003747 0.201327 0.079265
v 0.002713 0.202839 0.078397
v 0.003721 0.201331 0.079343
v 0.002710 0.203125 0.078410
v 0.003718 0.201617 0.079356
v 0.002733 0.203407 0.078345
v 0.003741 0.201899 0.079291
v 0.002759 0.203403 0.078267
v 0.003767 0.201895 0.079213
v -0.002762 0.204020 0.076848
v -0.003770 0.202512 0.077794
v -0.002759 0.204306 0.076862
v -0.003767 0.202798 0.077807
v -0.002733 0.204310 0.076940
v -0.003741 0.202803 0.077886
v -0.002710 0.204028 0.077005
v -0.003718 0.202521 0.077950
v -0.002713 0.203742 0.076991
v -0.003721 0.202234 0.077937
v -0.002739 0.203738 0.076913
v -0.003747 0.202230 0.077859
v 0.002762 0.204020 0.076848
v 0.003770 0.202512 0.077794
v 0.002739 0.203738 0.076913
v 0.003747 0.202230 0.077859
v 0.002713 0.203742 0.076991
v 0.003721 0.202234 0.077937
v 0.002710 0.204028 0.077005
v 0.003718 0.202521 0.077950
v 0.002733 0.204310 0.076940
v 0.003741 0.202803 0.077886
v 0.002759 0.204306 0.076862
v 0.003767 0.202798 0.077807
v -0.002874 0.202820 0.075020
v -0.002874 0.202822 0.075021
v -0.002880 0.202822 0.075020
v -0.002874 0.204605 0.074859
v -0.002874 0.204607 0.074858
v -0.002880 0.204605 0.074858
v -0.002874 0.203002 0.074475
v -0.002880 0.203004 0.074475
v -0.002874 0.203004 0.074475
v -0.002874 0.204789 0.074313
v -0.002874 0.204788 0.074313
v -0.002880 0.204788 0.074313
v 0.002874 0.202820 0.075020
v 0.002880 0.202822 0.075020
v 0.002874 0.202822 0.075021
v 0.002874 0.204607 0.074858
v 0.002874 0.204605 0.074859
v 0.002880 0.204605 0.074858
v 0.002874 0.203002 0.074475
v 0.002874 0.203004 0.074475
v 0.002880 0.203004 0.074475
v 0.002874 0.204789 0.074313
v 0.002880 0.204788 0.074313
v 0.002874 0.204788 0.074313
v -0.001983 0.202841 0.075930
v -0.001983 0.202844 0.075932
v -0.001984 0.202845 0.075930
v -0.001983 0.205740 0.075669
v -0.001983 0.205745 0.075667
v -0.001984 0.205741 0.075667
v -0.001949 0.203265 0.074661
v -0.001951 0.203269 0.074661
v -0.001949 0.203270 0.074659
v -0.001949 0.206169 0.074397
v -0.001949 0.206165 0.074396
v -0.001951 0.206165 0.074398
v -0.001123 0.202822 0.075987
v -0.001121 0.202826 0.075987
v -0.001123 0.202825 0.075989
v -0.001123 0.205726 0.075724
v -0.001123 0.205721 0.075726
v -0.001121 0.205721 0.075724
v -0.001089 0.203246 0.074718
v -0.001089 0.203251 0.074716
v -0.001088 0.203250 0.074718
v -0.001089 0.206150 0.074454
v -0.001088 0.206146 0.074455
v -0.001089 0.206146 0.074453
v -0.001207 0.202836 0.075945
v -0.001207 0.202840 0.075946
v -0.001208 0.202840 0.075944
v -0.001207 0.205735 0.075684
v -0.001207 0.205740 0.075681
v -0.001208 0.205736 0.075682
v -0.001190 0.203260 0.074675
v -0.001191 0.203265 0.074674
v -0.001190 0.203265 0.074673
v -0.001190 0.206165 0.074411
v -0.001190 0.206161 0.074410
v -0.001191 0.206160 0.074412
v -0.000346 0.202826 0.075973
v -0.000345 0.202831 0.075973
v -0.000346 0.202830 0.075975
v -0.000346 0.205730 0.075710
v -0.000346 0.205725 0.075712
v -0.000345 0.205726 0.075710
v -0.000329 0.203251 0.074703
v -0.000329 0.203256 0.074701
v -0.000328 0.203255 0.074703
v -0.000329 0.206155 0.074440
v -0.000328 0.206151 0.074440
v -0.000329 0.206151 0.074438
v -0.000431 0.202831 0.075959
v -0.000431 0.202835 0.075961
v -0.000432 0.202835 0.075959
v -0.000431 0.205730 0.075698
v -0.000431 0.205735 0.075696
v -0.000432 0.205731 0.075696
v -0.000431 0.203256 0.074689
v -0.000432 0.203260 0.074689
v -0.000431 0.203261 0.074687
v -0.000431 0.206160 0.074425
v -0.000431 0.206156 0.074424
v -0.000432 0.206156 0.074426
v 0.000431 0.202831 0.075959
v 0.000432 0.202835 0.075959
v 0.000431 0.202835 0.075961
v 0.000431 0.205735 0.075696
v 0.000431 0.205730 0.075698
v 0.000432 0.205731 0.075696
v 0.000431 0.203256 0.074689
v 0.000431 0.203261 0.074687
v 0.000432 0.203260 0.074689
v 0.000431 0.206160 0.074425
v 0.000432 0.206156 0.074426
v 0.000431 0.206156 0.074424
v 0.000346 0.202826 0.075973
v 0.000346 0.202830 0.075975
v 0.000345 0.202831 0.075973
v 0.000346 0.205725 0.075712
v 0.000346 0.205730 0.075710
v 0.000345 0.205726 0.075710
v 0.000329 0.203251 0.074703
v 0.000328 0.203255 0.074703
v 0.000329 0.203256 0.074701
v 0.000329 0.206155 0.074440
v 0.000329 0.206151 0.074438
v 0.000328 0.206151 0.074440
v 0.001207 0.202836 0.075945
v 0.001208 0.202840 0.075944
v 0.001207 0.202840 0.075946
v 0.001207 0.205740 0.075681
v 0.001207 0.205735 0.075684
v 0.001208 0.205736 0.075682
v 0.001190 0.203260 0.074675
v 0.001190 0.203265 0.074673
v 0.001191 0.203265 0.074674
v 0.001190 0.206165 0.074411
v 0.001191 0.206160 0.074412
v 0.001190 0.206161 0.074410
v 0.001123 0.202822 0.075987
v 0.001123 0.202825 0.075989
v 0.001121 0.202826 0.075987
v 0.001123 0.205721 0.075726
v 0.001123 0.205726 0.075724
v 0.001121 0.205721 0.075724
v 0.001089 0.203246 0.074718
v 0.001088 0.203250 0.074718
v 0.001089 0.203251 0.074716
v 0.001089 0.206150 0.074454
v 0.001089 0.206146 0.074453
v 0.001088 0.206146 0.074455
v 0.001983 0.202841 0.075930
v 0.001984 0.202845 0.075930
v 0.001983 0.202844 0.075932
v 0.001983 0.205745 0.075667
v 0.001983 0.205740 0.075669
v 0.001984 0.205741 0.075667
v 0.001949 0.203265 0.074661
v 0.001949 0.203270 0.074659
v 0.001951 0.203269 0.074661
v 0.001949 0.206169 0.074397
v 0.001951 0.206165 0.074398
v 0.001949 0.206165 0.074396
v -0.003999 0.206497 0.080705
v -0.003999 0.206497 0.080709
v -0.003999 0.206498 0.080705
v -0.003999 0.207389 0.080628
v -0.003999 0.207391 0.080624
v -0.003999 0.207390 0.080624
v -0.003679 0.207700 0.077108
v -0.003679 0.207701 0.077108
v -0.003679 0.207702 0.077104
v -0.003679 0.208593 0.077027
v -0.003679 0.208594 0.077023
v -0.003679 0.208593 0.077027
v -0.003809 0.206483 0.080748
v -0.003809 0.206484 0.080748
v -0.003809 0.206483 0.080751
v -0.003809 0.207377 0.080666
v -0.003809 0.207374 0.080670
v -0.003809 0.207376 0.080667
v -0.003489 0.207686 0.077150
v -0.003489 0.207688 0.077146
v -0.003489 0.207687 0.077150
v -0.003489 0.208579 0.077069
v -0.003489 0.208578 0.077069
v -0.003489 0.208580 0.077065
v 0.003809 0.206483 0.080748
v 0.003809 0.206483 0.080751
v 0.003809 0.206484 0.080748
v 0.003809 0.207374 0.080670
v 0.003809 0.207377 0.080666
v 0.003809 0.207376 0.080667
v 0.003489 0.207686 0.077150
v 0.003489 0.207687 0.077150
v 0.003489 0.207688 0.077146
v 0.003489 0.208579 0.077069
v 0.003489 0.208580 0.077065
v 0.003489 0.208578 0.077069
v 0.003999 0.206497 0.080705
v 0.003999 0.206498 0.080705
v 0.003999 0.206497 0.080709
v 0.003999 0.207391 0.080624
v 0.003999 0.207389 0.080628
v 0.003999 0.207390 0.080624
v 0.003679 0.207700 0.077108
v 0.003679 0.207702 0.077104
v 0.003679 0.207701 0.077108
v 0.003679 0.208593 0.077027
v 0.003679 0.208593 0.077027
v 0.003679 0.208594 0.077023
vn -0.0000 -0.9925 0.1219
vn -0.0000 -0.9079 -0.4192
vn 0.2285 -0.9016 -0.3674
vn -0.0000 -0.5877 -0.8091
vn -0.0000 -0.1219 -0.9925
vn 0.4339 -0.1098 -0.8943
vn 0.3795 -0.5772 -0.7231
vn -0.0000 0.3745 -0.9272
vn -0.0000 0.7795 -0.6263
vn 0.2285 0.7859 -0.5746
vn 0.3795 0.3851 -0.8412
vn -0.0000 0.9925 -0.1219
vn 0.4118 0.8037 -0.4295
vn 0.6838 0.4147 -0.6004
vn 0.6838 -0.5476 -0.4822
vn 0.4118 -0.8837 -0.2223
vn 0.7818 -0.0760 -0.6188
vn 0.8527 -0.5048 -0.1341
vn 0.5135 -0.8580 -0.0127
vn 0.8527 0.4574 -0.2523
vn 0.9749 -0.0271 -0.2209
vn 0.5135 0.8294 -0.2199
vn 0.8527 -0.4574 0.2523
vn 0.5135 -0.8294 0.2199
vn 0.8527 0.5048 0.1341
vn 0.9749 0.0271 0.2209
vn 0.5135 0.8580 0.0127
vn 0.6838 -0.4147 0.6004
vn 0.4118 -0.8037 0.4295
vn 0.6838 0.5476 0.4822
vn 0.7818 0.0760 0.6188
vn 0.4118 0.8837 0.2223
vn 0.3795 -0.3851 0.8412
vn 0.2285 -0.7859 0.5746
vn 0.3795 0.5772 0.7231
vn 0.4339 0.1098 0.8943
vn 0.2285 0.9016 0.3674
vn -0.0000 0.5877 0.8091
vn -0.0000 0.1219 0.9925
vn -0.0000 0.9079 0.4192
vn -0.0000 -0.7795 0.6263
vn -0.0000 -0.3745 0.9272
vn -0.2285 0.9016 0.3674
vn -0.2285 -0.7859 0.5746
vn -0.4339 0.1098 0.8943
vn -0.3795 -0.3851 0.8412
vn -0.3795 0.5772 0.7231
vn -0.4118 -0.8037 0.4295
vn -0.7818 0.0760 0.6188
vn -0.6838 -0.4147 0.6004
vn -0.4118 0.8838 0.2223
vn -0.6838 0.5476 0.4822
vn -0.5135 -0.8294 0.2199
vn -0.9749 0.0271 0.2209
vn -0.8527 -0.4574 0.2523
vn -0.5135 0.8580 0.0127
vn -0.8527 0.5048 0.1341
vn -0.5135 -0.8580 -0.0127
vn -0.9749 -0.0271 -0.2209
vn -0.8527 -0.5048 -0.1341
vn -0.5135 0.8294 -0.2199
vn -0.8527 0.4574 -0.2523
vn -0.7818 -0.0760 -0.6188
vn -0.6838 -0.5476 -0.4822
vn -0.4118 0.8037 -0.4295
vn -0.6838 0.4147 -0.6004
vn -0.4118 -0.8837 -0.2223
vn -0.2285 0.7859 -0.5746
vn -0.3795 0.3851 -0.8412
vn -0.3795 -0.5772 -0.7231
vn -0.2285 -0.9016 -0.3674
vn -0.4339 -0.1098 -0.8943
vn -0.0000 -0.9955 -0.0946
vn -0.0000 -0.6771 -0.7359
vn 0.2207 -0.6961 -0.6832
vn -0.0000 -0.2900 -0.9570
vn -0.0000 0.1404 -0.9901
vn 0.3686 0.1695 -0.9140
vn 0.3344 -0.2978 -0.8941
vn -0.0000 0.7021 -0.7121
vn -0.0000 0.9955 0.0946
vn 0.2684 0.7253 -0.6340
vn 0.4518 -0.7437 -0.4928
vn 0.7602 0.2445 -0.6019
vn 0.7150 -0.3111 -0.6261
vn 0.5148 0.7708 -0.3754
vn 0.6138 -0.7850 -0.0835
vn 0.9537 0.3000 0.0237
vn 0.9537 -0.3000 -0.0237
vn 0.6139 0.7850 0.0835
vn 0.5148 -0.7708 0.3754
vn 0.7150 0.3111 0.6261
vn 0.7602 -0.2445 0.6019
vn 0.4518 0.7437 0.4928
vn 0.2684 -0.7253 0.6340
vn 0.3344 0.2978 0.8941
vn 0.3686 -0.1695 0.9140
vn 0.2207 0.6961 0.6832
vn -0.0000 -0.7021 0.7121
vn -0.0000 0.2900 0.9570
vn -0.0000 -0.1403 0.9901
vn -0.0000 0.6771 0.7359
vn -0.2684 -0.7253 0.6340
vn -0.3344 0.2978 0.8941
vn -0.3686 -0.1695 0.9140
vn -0.2207 0.6961 0.6832
vn -0.5148 -0.7708 0.3754
vn -0.7150 0.3111 0.6261
vn -0.7602 -0.2445 0.6019
vn -0.4518 0.7437 0.4928
vn -0.6138 -0.7850 -0.0835
vn -0.9537 0.3000 0.0237
vn -0.9537 -0.3000 -0.0237
vn -0.6139 0.7850 0.0835
vn -0.4518 -0.7437 -0.4928
vn -0.7602 0.2445 -0.6019
vn -0.7150 -0.3111 -0.6261
vn -0.5148 0.7708 -0.3754
vn -0.2207 -0.6961 -0.6832
vn -0.3686 0.1695 -0.9140
vn -0.3344 -0.2978 -0.8941
vn -0.2684 0.7253 -0.6340
vn 0.3774 -0.8027 -0.4617
vn 0.1371 -0.5230 0.8412
vn -0.8954 -0.3738 -0.2420
vn 0.1556 0.2952 0.9427
vn 0.3652 0.8837 -0.2929
vn -0.8990 0.4282 -0.0914
vn 0.3650 -0.8837 0.2929
vn -0.8990 -0.4283 0.0916
vn 0.1560 -0.2951 -0.9426
vn 0.3777 0.8021 0.4625
vn 0.1371 0.5241 -0.8405
vn -0.8952 0.3736 0.2429
vn -0.3773 -0.8027 -0.4618
vn 0.8954 -0.3738 -0.2419
vn -0.1372 -0.5231 0.8412
vn -0.3659 0.8833 -0.2931
vn -0.1560 0.2949 0.9427
vn 0.8986 0.4292 -0.0911
vn -0.3651 -0.8837 0.2928
vn -0.1558 -0.2951 -0.9427
vn 0.8989 -0.4283 0.0917
vn -0.3776 0.8021 0.4626
vn 0.8953 0.3736 0.2427
vn -0.1373 0.5242 -0.8405
vn 0.4752 -0.8730 -0.1100
vn 0.4754 -0.8732 -0.1070
vn -0.8781 -0.4712 -0.0834
vn -0.8782 -0.4705 -0.0863
vn -0.0086 0.0608 0.9981
vn -0.0085 0.0638 0.9979
vn -0.9991 0.0427 -0.0083
vn -0.9992 0.0397 -0.0081
vn 0.4743 0.8734 0.1102
vn 0.4740 0.8740 0.1072
vn -0.8788 0.4698 0.0832
vn -0.8786 0.4697 0.0861
vn -0.0086 -0.0608 -0.9981
vn -0.0085 -0.0638 -0.9979
vn -0.9991 -0.0427 0.0083
vn -0.9992 -0.0397 0.0081
vn 0.0015 -0.9281 0.3723
vn -0.0015 -0.9281 0.3723
vn -0.0015 -0.3750 -0.9270
vn 0.0015 -0.3750 -0.9270
vn -0.0015 0.8086 0.5883
vn 0.0015 0.8086 0.5883
vn 0.0015 0.5907 -0.8069
vn -0.0015 0.5907 -0.8069
vn 0.9992 -0.0397 0.0081
vn 0.9991 -0.0427 0.0083
vn 0.0085 -0.0638 -0.9979
vn 0.0086 -0.0608 -0.9981
vn -0.4754 -0.8732 -0.1070
vn -0.4752 -0.8730 -0.1100
vn 0.8782 -0.4705 -0.0863
vn 0.8781 -0.4712 -0.0835
vn -0.4740 0.8740 0.1072
vn -0.4743 0.8734 0.1101
vn 0.8786 0.4697 0.0861
vn 0.8788 0.4698 0.0832
vn 0.0085 0.0638 0.9979
vn 0.0086 0.0608 0.9981
vn 0.9992 0.0397 -0.0081
vn 0.9991 0.0427 -0.0083
vn -0.0015 -0.8094 -0.5873
vn 0.0015 -0.8094 -0.5873
vn 0.0015 -0.5897 0.8076
vn -0.0015 -0.5897 0.8076
vn 0.0015 0.9285 -0.3712
vn -0.0015 0.9285 -0.3712
vn -0.0015 0.3739 0.9275
vn 0.0015 0.3739 0.9275
vn -0.0015 -0.9896 -0.1439
vn 0.0015 -0.9896 -0.1439
vn 0.0015 -0.9900 -0.1410
vn -0.0015 -0.9900 -0.1410
vn -1.0000 -0.0015 0.0015
vn -1.0000 0.0015 0.0016
vn -1.0000 0.0015 -0.0015
vn -1.0000 -0.0015 -0.0015
vn 0.0015 0.1025 0.9947
vn 0.0015 0.1055 0.9944
vn -0.0015 0.1055 0.9944
vn -0.0015 0.1025 0.9947
vn 0.0015 0.9900 0.1410
vn -0.0015 0.9900 0.1409
vn -0.0015 0.9896 0.1439
vn 0.0015 0.9896 0.1439
vn -0.0015 -0.1055 -0.9944
vn -0.0015 -0.1025 -0.9947
vn 0.0015 -0.1025 -0.9947
vn 0.0015 -0.1055 -0.9944
vn 1.0000 -0.0015 -0.0016
vn 1.0000 0.0016 -0.0015
vn 1.0000 0.0015 0.0015
vn 1.0000 -0.0015 0.0015
vn -0.0000 0.0390 -0.9992
vn -0.0000 0.4631 -0.8863
vn 0.3150 0.4875 -0.8143
vn 0.4274 0.0590 -0.9021
vn -0.0000 -0.9618 0.2737
vn -0.0000 -0.7967 -0.6044
vn 0.3585 -0.7848 -0.5055
vn -0.0000 -0.3399 -0.9405
vn 0.4519 -0.3303 -0.8286
vn -0.0000 0.9618 -0.2737
vn 0.8287 -0.2911 -0.4780
vn 0.6371 -0.7400 -0.2159
vn 0.5895 0.5573 -0.5847
vn 0.8013 0.1200 -0.5861
vn 0.9754 -0.2111 0.0637
vn 0.7285 -0.6548 0.2012
vn 0.7285 0.6548 -0.2012
vn 0.9754 0.2111 -0.0637
vn 0.8013 -0.1200 0.5861
vn 0.5895 -0.5573 0.5847
vn 0.6371 0.7400 0.2159
vn 0.8287 0.2911 0.4780
vn 0.4274 -0.0590 0.9021
vn 0.3150 -0.4875 0.8143
vn 0.3585 0.7848 0.5055
vn 0.4519 0.3303 0.8286
vn -0.0000 -0.0390 0.9992
vn -0.0000 -0.4631 0.8863
vn -0.0000 0.7967 0.6044
vn -0.0000 0.3399 0.9405
vn -0.4274 -0.0590 0.9021
vn -0.3150 -0.4875 0.8143
vn -0.3585 0.7848 0.5055
vn -0.4519 0.3303 0.8286
vn -0.8013 -0.1200 0.5861
vn -0.5895 -0.5573 0.5847
vn -0.6371 0.7400 0.2159
vn -0.8287 0.2911 0.4780
vn -0.9754 -0.2111 0.0637
vn -0.7285 -0.6548 0.2012
vn -0.7285 0.6548 -0.2012
vn -0.9754 0.2111 -0.0637
vn -0.8287 -0.2911 -0.4780
vn -0.6371 -0.7400 -0.2159
vn -0.5895 0.5573 -0.5847
vn -0.8013 0.1200 -0.5861
vn -0.4519 -0.3303 -0.8286
vn -0.3585 -0.7848 -0.5055
vn -0.3150 0.4875 -0.8143
vn -0.4274 0.0590 -0.9021
vn 0.2106 -0.7408 -0.6378
vn 0.3617 -0.3360 -0.8696
vn 0.7883 -0.3122 -0.5301
vn 0.4911 -0.7293 -0.4764
vn 0.4018 0.3947 -0.8263
vn 0.2705 0.9262 -0.2627
vn 0.5656 0.8240 -0.0352
vn 0.8596 0.3052 -0.4098
vn 0.0022 -0.9538 -0.3004
vn -0.0022 0.9538 0.3004
vn 0.9443 -0.2700 -0.1880
vn 0.6271 -0.7231 -0.2896
vn 0.6460 0.7447 0.1677
vn 0.9649 0.2609 -0.0310
vn 0.9575 -0.2568 0.1316
vn 0.6510 -0.7524 -0.0998
vn 0.6071 0.7134 0.3499
vn 0.9204 0.2708 0.2821
vn 0.8180 -0.3003 0.4907
vn 0.5514 -0.8290 0.0940
vn 0.4626 0.7199 0.5174
vn 0.7404 0.3097 0.5965
vn 0.3367 -0.3931 0.8556
vn 0.2414 -0.9270 0.2870
vn 0.1827 0.7365 0.6513
vn 0.3040 0.3352 0.8918
vn -0.4018 -0.3947 0.8263
vn -0.2705 -0.9262 0.2627
vn -0.2106 0.7408 0.6378
vn -0.3617 0.3360 0.8696
vn -0.8596 -0.3052 0.4098
vn -0.5656 -0.8240 0.0352
vn -0.4911 0.7293 0.4764
vn -0.7883 0.3122 0.5301
vn -0.9649 -0.2609 0.0310
vn -0.6460 -0.7447 -0.1677
vn -0.6272 0.7231 0.2896
vn -0.9443 0.2700 0.1880
vn -0.9204 -0.2708 -0.2821
vn -0.6071 -0.7134 -0.3499
vn -0.6510 0.7524 0.0998
vn -0.9575 0.2568 -0.1316
vn -0.7404 -0.3097 -0.5965
vn -0.4626 -0.7199 -0.5174
vn -0.5514 0.8290 -0.0940
vn -0.8180 0.3003 -0.4907
vn -0.3040 -0.3352 -0.8918
vn -0.1827 -0.7365 -0.6514
vn -0.2414 0.9270 -0.2870
vn -0.3367 0.3931 -0.8556
vn -0.4018 0.3947 -0.8263
vn -0.2705 0.9262 -0.2627
vn 0.2414 0.9270 -0.2870
vn 0.3367 0.3931 -0.8556
vn -0.0022 -0.9538 -0.3004
vn -0.2106 -0.7408 -0.6378
vn 0.1827 -0.7365 -0.6514
vn -0.3617 -0.3360 -0.8696
vn 0.3040 -0.3352 -0.8918
vn 0.0022 0.9538 0.3004
vn 0.7404 -0.3097 -0.5965
vn 0.4626 -0.7199 -0.5174
vn 0.5514 0.8290 -0.0940
vn 0.8180 0.3003 -0.4907
vn 0.9204 -0.2708 -0.2821
vn 0.6071 -0.7134 -0.3499
vn 0.6510 0.7524 0.0998
vn 0.9575 0.2568 -0.1316
vn 0.9649 -0.2609 0.0310
vn 0.6460 -0.7447 -0.1677
vn 0.6271 0.7231 0.2896
vn 0.9443 0.2700 0.1880
vn 0.8596 -0.3052 0.4098
vn 0.5656 -0.8240 0.0352
vn 0.4911 0.7293 0.4764
vn 0.7883 0.3122 0.5301
vn 0.4018 -0.3947 0.8263
vn 0.2705 -0.9262 0.2627
vn 0.2106 0.7408 0.6378
vn 0.3617 0.3360 0.8696
vn -0.3367 -0.3931 0.8556
vn -0.2414 -0.9270 0.2870
vn -0.1827 0.7365 0.6514
vn -0.3040 0.3352 0.8918
vn -0.8180 -0.3003 0.4907
vn -0.5514 -0.8290 0.0940
vn -0.4626 0.7199 0.5174
vn -0.7404 0.3097 0.5965
vn -0.9575 -0.2568 0.1316
vn -0.6510 -0.7525 -0.0998
vn -0.6071 0.7134 0.3499
vn -0.9204 0.2708 0.2821
vn -0.9443 -0.2700 -0.1880
vn -0.6271 -0.7231 -0.2896
vn -0.6460 0.7447 0.1677
vn -0.9649 0.2609 -0.0310
vn -0.7883 -0.3122 -0.5301
vn -0.4911 -0.7293 -0.4764
vn -0.5656 0.8240 -0.0352
vn -0.8596 0.3052 -0.4098
vn -0.0000 -0.9654 -0.2609
vn -0.0000 -0.5610 -0.8278
vn 0.5910 -0.5386 -0.6005
vn -0.0000 0.0058 -1.0000
vn -0.0000 0.7303 -0.6831
vn 0.6777 0.6323 -0.3754
vn 0.7634 -0.0317 -0.6451
vn -0.0000 0.9654 0.2609
vn 0.9827 -0.0153 -0.1844
vn 0.8207 -0.4903 -0.2934
vn 0.8629 0.5053 -0.0055
vn 0.8207 0.4903 0.2934
vn 0.9827 0.0153 0.1844
vn 0.8629 -0.5053 0.0055
vn 0.6777 -0.6323 0.3754
vn 0.5910 0.5387 0.6005
vn 0.7634 0.0317 0.6451
vn -0.0000 -0.7303 0.6831
vn -0.0000 0.5610 0.8278
vn -0.0000 -0.0058 1.0000
vn -0.6777 -0.6323 0.3754
vn -0.5910 0.5387 0.6005
vn -0.7634 0.0317 0.6451
vn -0.8629 -0.5053 0.0055
vn -0.8207 0.4903 0.2934
vn -0.9827 0.0153 0.1844
vn -0.8629 0.5053 -0.0055
vn -0.8207 -0.4903 -0.2934
vn -0.9827 -0.0153 -0.1844
vn -0.7634 -0.0317 -0.6451
vn -0.5910 -0.5386 -0.6005
vn -0.6777 0.6323 -0.3754
vn 0.0035 -0.8947 0.4467
vn 0.0062 0.2657 0.9640
vn -0.9885 0.1461 -0.0380
vn 0.0200 -0.3450 0.9384
vn 0.1690 0.8768 0.4502
vn -0.9878 0.1556 -0.0010
vn 0.4144 -0.8982 -0.1468
vn -0.5681 0.0616 -0.8207
vn 0.7697 0.2766 -0.5754
vn 0.5479 0.8228 -0.1510
vn 0.7635 -0.3999 -0.5072
vn -0.5496 0.0809 -0.8315
vn -0.5357 -0.8267 0.1717
vn 0.5841 -0.0700 0.8087
vn -0.7524 0.3865 0.5335
vn -0.4246 0.8948 0.1381
vn -0.7773 -0.2899 0.5584
vn 0.5489 -0.0519 0.8343
vn -0.1580 -0.8744 -0.4588
vn -0.0185 0.3511 -0.9362
vn 0.9889 -0.1485 0.0081
vn 0.0104 0.8937 -0.4485
vn 0.9861 -0.1563 0.0562
vn 0.0066 -0.2631 -0.9647
vn 0.2816 -0.9493 -0.1397
vn 0.2815 -0.9497 -0.1373
vn -0.8960 -0.2113 -0.3905
vn -0.8957 -0.2098 -0.3921
vn 0.0864 0.0246 0.9960
vn 0.0865 0.0266 0.9959
vn -0.9936 0.0737 0.0862
vn -0.9937 0.0717 0.0863
vn 0.2627 0.8846 0.3853
vn 0.2630 0.8854 0.3834
vn -0.9327 0.3360 -0.1307
vn -0.9333 0.3352 -0.1290
vn 0.8821 -0.0719 -0.4656
vn 0.8820 -0.0739 -0.4654
vn -0.4677 -0.0505 -0.8824
vn -0.4676 -0.0485 -0.8826
vn 0.1139 -0.9217 -0.3709
vn 0.1121 -0.9216 -0.3716
vn 0.4553 0.3791 -0.8056
vn 0.4575 0.3776 -0.8051
vn 0.3323 0.8854 -0.3251
vn 0.3342 0.8848 -0.3246
vn 0.3996 -0.4426 -0.8028
vn 0.3976 -0.4428 -0.8036
vn 0.9936 -0.0719 -0.0872
vn 0.9934 -0.0738 -0.0877
vn -0.0880 -0.0265 -0.9958
vn -0.0873 -0.0245 -0.9959
vn -0.2681 -0.8838 -0.3834
vn -0.2674 -0.8832 -0.3853
vn 0.9317 -0.3401 0.1277
vn 0.9312 -0.3406 0.1296
vn -0.2775 0.9507 0.1384
vn -0.2767 0.9506 0.1407
vn 0.8974 0.2058 0.3903
vn 0.8980 0.2072 0.3883
vn -0.8821 0.0724 0.4655
vn -0.8821 0.0720 0.4656
vn 0.4677 0.0485 0.8826
vn 0.4677 0.0519 0.8823
vn -0.3389 -0.8824 0.3263
vn -0.3379 -0.8818 0.3290
vn -0.3992 0.4472 0.8004
vn -0.4003 0.4492 0.7987
vn -0.1182 0.9189 0.3764
vn -0.1196 0.9194 0.3746
vn -0.4590 -0.3850 0.8007
vn -0.4574 -0.3842 0.8020
vn -0.0005 -0.9480 -0.3183
vn 0.0013 -0.9482 -0.3176
vn 0.0006 -0.9488 -0.3159
vn -0.0013 -0.9486 -0.3166
vn -0.9729 -0.0221 -0.2302
vn -0.9730 -0.0201 -0.2300
vn -0.9725 -0.0199 -0.2320
vn -0.9724 -0.0219 -0.2322
vn -0.4847 0.0780 0.8712
vn -0.4845 0.0800 0.8711
vn -0.4863 0.0801 0.8701
vn -0.4864 0.0781 0.8702
vn 0.0013 0.9486 0.3166
vn -0.0005 0.9488 0.3159
vn -0.0012 0.9482 0.3176
vn 0.0005 0.9480 0.3183
vn 0.4846 -0.0800 -0.8711
vn 0.4847 -0.0780 -0.8712
vn 0.4864 -0.0781 -0.8702
vn 0.4863 -0.0801 -0.8701
vn 0.9730 0.0201 0.2300
vn 0.9729 0.0221 0.2302
vn 0.9724 0.0219 0.2322
vn 0.9725 0.0199 0.2320
vn 0.5358 -0.8267 0.1717
vn 0.7523 0.3866 0.5335
vn -0.5841 -0.0701 0.8086
vn 0.7773 -0.2899 0.5584
vn 0.4245 0.8948 0.1382
vn -0.5489 -0.0521 0.8343
vn 0.1579 -0.8744 -0.4587
vn -0.9889 -0.1483 0.0080
vn 0.0186 0.3510 -0.9362
vn -0.0103 0.8937 -0.4486
vn -0.0066 -0.2632 -0.9647
vn -0.9861 -0.1562 0.0562
vn -0.0034 -0.8947 0.4466
vn 0.9885 0.1462 -0.0379
vn -0.0062 0.2657 0.9640
vn -0.1579 0.8744 0.4587
vn -0.0184 -0.3510 0.9362
vn 0.9889 0.1484 -0.0082
vn -0.4146 -0.8981 -0.1468
vn -0.7696 0.2767 -0.5755
vn 0.5681 0.0614 -0.8206
vn -0.5478 0.8229 -0.1510
vn 0.5495 0.0808 -0.8316
vn -0.7636 -0.3998 -0.5071
vn 0.2675 -0.8832 -0.3852
vn 0.2681 -0.8838 -0.3834
vn -0.9312 -0.3406 0.1295
vn -0.9317 -0.3401 0.1276
vn 0.8821 0.0719 0.4656
vn 0.8821 0.0724 0.4655
vn -0.4677 0.0519 0.8823
vn -0.4677 0.0485 0.8826
vn 0.2767 0.9506 0.1406
vn 0.2775 0.9507 0.1383
vn -0.8979 0.2071 0.3884
vn -0.8974 0.2058 0.3904
vn 0.0873 -0.0245 -0.9959
vn 0.0880 -0.0266 -0.9958
vn -0.9934 -0.0738 -0.0877
vn -0.9936 -0.0719 -0.0872
vn -0.1122 -0.9216 -0.3716
vn -0.1140 -0.9217 -0.3709
vn -0.4574 0.3776 -0.8052
vn -0.4553 0.3791 -0.8056
vn -0.3342 0.8848 -0.3246
vn -0.3322 0.8854 -0.3252
vn -0.3977 -0.4429 -0.8036
vn -0.3997 -0.4426 -0.8027
vn 0.4676 -0.0485 -0.8826
vn 0.4677 -0.0504 -0.8824
vn -0.8820 -0.0739 -0.4654
vn -0.8821 -0.0720 -0.4655
vn -0.2816 -0.9497 -0.1374
vn -0.2817 -0.9493 -0.1398
vn 0.8957 -0.2098 -0.3920
vn 0.8960 -0.2113 -0.3904
vn -0.2629 0.8854 0.3834
vn -0.2627 0.8846 0.3854
vn 0.9333 0.3352 -0.1290
vn 0.9327 0.3361 -0.1309
vn -0.0865 0.0266 0.9959
vn -0.0864 0.0246 0.9960
vn 0.9937 0.0717 0.0863
vn 0.9936 0.0736 0.0862
vn 0.3380 -0.8818 0.3289
vn 0.3390 -0.8824 0.3263
vn 0.4002 0.4492 0.7988
vn 0.3992 0.4472 0.8004
vn 0.1195 0.9194 0.3747
vn 0.1181 0.9189 0.3764
vn 0.4574 -0.3842 0.8019
vn 0.4591 -0.3850 0.8006
vn -0.0013 -0.9482 -0.3176
vn 0.0005 -0.9480 -0.3183
vn 0.0013 -0.9486 -0.3166
vn -0.0005 -0.9488 -0.3159
vn -0.9725 0.0199 0.2320
vn -0.9724 0.0219 0.2322
vn -0.9729 0.0221 0.2302
vn -0.9730 0.0201 0.2300
vn 0.4864 0.0781 0.8702
vn 0.4863 0.0801 0.8701
vn 0.4845 0.0800 0.8711
vn 0.4847 0.0780 0.8712
vn 0.0005 0.9488 0.3159
vn -0.0012 0.9486 0.3166
vn -0.0005 0.9480 0.3183
vn 0.0013 0.9482 0.3176
vn -0.4863 -0.0801 -0.8701
vn -0.4864 -0.0781 -0.8702
vn -0.4847 -0.0780 -0.8712
vn -0.4846 -0.0800 -0.8711
vn 0.9724 -0.0219 -0.2322
vn 0.9725 -0.0199 -0.2320
vn 0.9730 -0.0201 -0.2300
vn 0.9729 -0.0221 -0.2302
vn -0.5045 -0.8564 -0.1100
vn -0.0042 -0.0469 0.9989
vn -0.8919 0.4507 0.0361
vn -0.0006 -0.2179 0.9760
vn -0.4009 0.9161 -0.0027
vn -0.9549 -0.2868 0.0776
vn -0.3370 -0.9069 0.2530
vn -0.6014 0.2629 0.7545
vn -0.7356 0.2972 -0.6087
vn -0.2539 0.8881 0.3831
vn -0.7790 0.0612 -0.6240
vn -0.5494 -0.4197 0.7226
vn 0.2444 -0.8894 -0.3863
vn 0.5498 0.4176 -0.7235
vn 0.7815 -0.0703 0.6199
vn 0.3313 0.9087 -0.2541
vn 0.7384 -0.2956 0.6061
vn 0.6025 -0.2598 -0.7547
vn 0.3999 -0.9165 -0.0061
vn -0.0145 0.2242 -0.9744
vn 0.9553 0.2818 -0.0897
vn 0.5052 0.8574 0.0980
vn 0.8950 -0.4430 -0.0511
vn -0.0201 0.0434 -0.9989
vn -0.5114 -0.8593 0.0016
vn -0.5092 -0.8606 0.0025
vn -0.7725 0.4584 0.4394
vn -0.7742 0.4572 0.4377
vn -0.0524 0.0154 0.9985
vn -0.0523 0.0174 0.9985
vn -0.9962 0.0706 -0.0515
vn -0.9963 0.0687 -0.0515
vn -0.3355 0.8873 0.3164
vn -0.3348 0.8885 0.3139
vn -0.8313 -0.4355 0.3455
vn -0.8310 -0.4340 0.3480
vn -0.8240 0.0450 -0.5648
vn -0.8241 0.0430 -0.5649
vn -0.5676 -0.0216 0.8231
vn -0.5675 -0.0196 0.8231
vn 0.0595 -0.9906 -0.1229
vn 0.0583 -0.9909 -0.1217
vn -0.6680 0.0497 -0.7425
vn -0.6664 0.0506 -0.7438
vn -0.0799 0.9487 0.3058
vn -0.0794 0.9493 0.3041
vn -0.7275 0.1548 -0.6684
vn -0.7291 0.1557 -0.6664
vn 0.9962 -0.0686 0.0528
vn 0.9962 -0.0703 0.0522
vn 0.0530 -0.0175 -0.9984
vn 0.0538 -0.0153 -0.9984
vn 0.3318 -0.8891 -0.3153
vn 0.3314 -0.8886 -0.3172
vn 0.8308 0.4323 -0.3507
vn 0.8314 0.4325 -0.3487
vn 0.5165 0.8563 -0.0026
vn 0.5157 0.8568 -0.0004
vn 0.7725 -0.4644 -0.4330
vn 0.7719 -0.4634 -0.4353
vn 0.8241 -0.0443 0.5648
vn 0.8240 -0.0464 0.5647
vn 0.5675 0.0209 -0.8231
vn 0.5675 0.0228 -0.8230
vn 0.0874 -0.9489 -0.3031
vn 0.0879 -0.9479 -0.3061
vn 0.7314 -0.1460 0.6661
vn 0.7309 -0.1506 0.6657
vn -0.0504 0.9908 0.1259
vn -0.0511 0.9904 0.1283
vn 0.6692 -0.0585 0.7408
vn 0.6706 -0.0590 0.7395
vn -0.0013 -0.9483 -0.3173
vn 0.0002 -0.9480 -0.3184
vn 0.0014 -0.9485 -0.3169
vn -0.0002 -0.9488 -0.3158
vn -0.9085 0.0366 0.4162
vn -0.9084 0.0386 0.4164
vn -0.9092 0.0388 0.4146
vn -0.9093 0.0368 0.4144
vn 0.7309 0.0609 0.6798
vn 0.7306 0.0629 0.6799
vn 0.7293 0.0627 0.6813
vn 0.7295 0.0607 0.6813
vn 0.0002 0.9488 0.3158
vn -0.0013 0.9485 0.3169
vn -0.0002 0.9480 0.3184
vn 0.0014 0.9483 0.3173
vn -0.7306 -0.0629 -0.6799
vn -0.7308 -0.0609 -0.6798
vn -0.7295 -0.0607 -0.6813
vn -0.7293 -0.0627 -0.6813
vn 0.9084 -0.0386 -0.4164
vn 0.9085 -0.0366 -0.4162
vn 0.9093 -0.0368 -0.4144
vn 0.9092 -0.0388 -0.4146
vn -0.2445 -0.8894 -0.3862
vn -0.7816 -0.0701 0.6199
vn -0.5497 0.4175 -0.7235
vn -0.7377 -0.2964 0.6067
vn -0.3327 0.9081 -0.2541
vn -0.6025 -0.2605 -0.7545
vn -0.4001 -0.9165 -0.0060
vn -0.9552 0.2819 -0.0898
vn 0.0146 0.2241 -0.9745
vn -0.5051 0.8575 0.0979
vn 0.0200 0.0432 -0.9989
vn -0.8951 -0.4430 -0.0511
vn 0.5045 -0.8563 -0.1101
vn 0.8919 0.4508 0.0362
vn 0.0042 -0.0470 0.9989
vn 0.4040 0.9148 0.0016
vn -0.0012 -0.2214 0.9752
vn 0.9541 -0.2896 0.0764
vn 0.3370 -0.9069 0.2528
vn 0.7356 0.2973 -0.6087
vn 0.6013 0.2628 0.7545
vn 0.2539 0.8881 0.3832
vn 0.5494 -0.4197 0.7225
vn 0.7790 0.0613 -0.6241
vn -0.3314 -0.8886 -0.3172
vn -0.3318 -0.8891 -0.3153
vn -0.8314 0.4325 -0.3488
vn -0.8308 0.4323 -0.3507
vn -0.8240 -0.0463 0.5647
vn -0.8241 -0.0442 0.5648
vn -0.5675 0.0228 -0.8230
vn -0.5675 0.0209 -0.8231
vn -0.5157 0.8568 -0.0004
vn -0.5165 0.8563 -0.0027
vn -0.7719 -0.4634 -0.4352
vn -0.7726 -0.4644 -0.4329
vn -0.0538 -0.0154 -0.9984
vn -0.0530 -0.0175 -0.9984
vn -0.9962 -0.0703 0.0522
vn -0.9962 -0.0686 0.0528
vn -0.0583 -0.9909 -0.1217
vn -0.0595 -0.9906 -0.1229
vn 0.6664 0.0506 -0.7438
vn 0.6681 0.0497 -0.7424
vn 0.0794 0.9493 0.3041
vn 0.0799 0.9487 0.3058
vn 0.7291 0.1557 -0.6664
vn 0.7275 0.1548 -0.6684
vn 0.5675 -0.0196 0.8231
vn 0.5676 -0.0215 0.8231
vn 0.8241 0.0431 -0.5649
vn 0.8240 0.0451 -0.5648
vn 0.5092 -0.8606 0.0025
vn 0.5114 -0.8593 0.0016
vn 0.7742 0.4572 0.4377
vn 0.7725 0.4584 0.4394
vn 0.3347 0.8885 0.3140
vn 0.3355 0.8873 0.3164
vn 0.8310 -0.4339 0.3479
vn 0.8313 -0.4354 0.3454
vn 0.0523 0.0173 0.9985
vn 0.0524 0.0153 0.9985
vn 0.9963 0.0687 -0.0515
vn 0.9962 0.0706 -0.0515
vn -0.0879 -0.9479 -0.3061
vn -0.0874 -0.9489 -0.3031
vn -0.7309 -0.1506 0.6657
vn -0.7314 -0.1460 0.6661
vn 0.0511 0.9904 0.1283
vn 0.0504 0.9908 0.1259
vn -0.6706 -0.0590 0.7395
vn -0.6692 -0.0585 0.7407
vn -0.0002 -0.9480 -0.3183
vn 0.0014 -0.9483 -0.3173
vn 0.0002 -0.9488 -0.3158
vn -0.0014 -0.9485 -0.3169
vn -0.9092 -0.0388 -0.4146
vn -0.9094 -0.0368 -0.4144
vn -0.9085 -0.0366 -0.4162
vn -0.9084 -0.0386 -0.4164
vn -0.7295 0.0607 0.6813
vn -0.7293 0.0627 0.6813
vn -0.7306 0.0629 0.6798
vn -0.7309 0.0609 0.6798
vn 0.0013 0.9485 0.3169
vn -0.0002 0.9488 0.3158
vn -0.0014 0.9483 0.3173
vn 0.0002 0.9480 0.3184
vn 0.7293 -0.0627 -0.6813
vn 0.7295 -0.0607 -0.6813
vn 0.7309 -0.0609 -0.6798
vn 0.7307 -0.0629 -0.6798
vn 0.9094 0.0368 0.4144
vn 0.9092 0.0388 0.4145
vn 0.9084 0.0386 0.4164
vn 0.9085 0.0366 0.4162
vn 0.4134 -0.7230 0.5534
vn 0.5299 0.5230 0.6676
vn -0.8426 0.1093 0.5274
vn 0.5275 -0.3895 0.7550
vn 0.4160 0.8175 0.3983
vn -0.8410 0.0078 0.5410
vn 0.4175 -0.8196 -0.3925
vn -0.8405 -0.0116 -0.5417
vn 0.5264 0.3861 -0.7575
vn 0.4148 0.7234 -0.5519
vn 0.5305 -0.5227 -0.6673
vn -0.8416 -0.1092 -0.5290
vn -0.4134 -0.7231 0.5534
vn 0.8425 0.1094 0.5274
vn -0.5300 0.5229 0.6676
vn -0.4163 0.8174 0.3982
vn -0.5276 -0.3897 0.7548
vn 0.8408 0.0080 0.5412
vn -0.4176 -0.8195 -0.3925
vn -0.5263 0.3862 -0.7575
vn 0.8405 -0.0117 -0.5417
vn -0.4147 0.7235 -0.5519
vn 0.8415 -0.1093 -0.5290
vn -0.5305 -0.5227 -0.6673
vn 0.3907 -0.9187 -0.0572
vn 0.3906 -0.9189 -0.0542
vn -0.9192 -0.3912 -0.0459
vn -0.9191 -0.3910 -0.0489
vn 0.6519 0.0776 0.7543
vn 0.6517 0.0805 0.7542
vn -0.7565 0.0756 0.6496
vn -0.7564 0.0727 0.6501
vn 0.3936 0.9175 0.0572
vn 0.3935 0.9177 0.0542
vn -0.9179 0.3941 0.0461
vn -0.9179 0.3939 0.0491
vn 0.6522 -0.0775 -0.7541
vn 0.6522 -0.0800 -0.7538
vn -0.7561 -0.0761 -0.6500
vn -0.7561 -0.0727 -0.6504
vn 0.0015 -0.8772 -0.4802
vn -0.0015 -0.8772 -0.4802
vn -0.0015 0.4776 -0.8786
vn 0.0015 0.4776 -0.8786
vn -0.0015 0.7606 -0.6492
vn 0.0015 0.7606 -0.6492
vn 0.0015 -0.6470 -0.7625
vn -0.0015 -0.6470 -0.7625
vn 0.7561 -0.0727 -0.6504
vn 0.7561 -0.0762 -0.6500
vn -0.6522 -0.0800 -0.7538
vn -0.6522 -0.0775 -0.7541
vn -0.3906 -0.9189 -0.0543
vn -0.3907 -0.9187 -0.0572
vn 0.9191 -0.3910 -0.0488
vn 0.9192 -0.3912 -0.0459
vn -0.3935 0.9177 0.0542
vn -0.3936 0.9175 0.0571
vn 0.9179 0.3939 0.0491
vn 0.9179 0.3941 0.0461
vn -0.6517 0.0806 0.7542
vn -0.6519 0.0776 0.7543
vn 0.7564 0.0727 0.6501
vn 0.7565 0.0756 0.6496
vn -0.0015 -0.7602 0.6497
vn 0.0015 -0.7602 0.6497
vn 0.0015 0.6475 0.7621
vn -0.0015 0.6475 0.7621
vn 0.0015 0.8751 0.4839
vn -0.0015 0.8751 0.4839
vn -0.0015 -0.4813 0.8765
vn 0.0015 -0.4813 0.8765
vn -0.0015 -0.9968 -0.0800
vn 0.0015 -0.9968 -0.0799
vn 0.0015 -0.9970 -0.0770
vn -0.0015 -0.9970 -0.0770
vn -1.0000 0.0015 0.0015
vn 0.0015 0.1069 0.9943
vn 0.0015 0.1100 0.9939
vn -0.0015 0.1100 0.9939
vn -0.0015 0.1069 0.9943
vn 0.0015 0.9970 0.0770
vn -0.0015 0.9970 0.0770
vn -0.0015 0.9968 0.0800
vn 0.0015 0.9968 0.0800
vn -0.0015 -0.1099 -0.9939
vn -0.0015 -0.1070 -0.9943
vn 0.0015 -0.1069 -0.9943
vn 0.0015 -0.1100 -0.9939
vn 1.0000 -0.0015 -0.0015
vn 1.0000 0.0015 -0.0015
vn 0.4661 -0.6920 0.5512
vn 0.5484 0.5331 0.6442
vn -0.8326 0.0763 0.5486
vn 0.5449 -0.4079 0.7326
vn 0.4607 0.7842 0.4157
vn -0.8352 0.0328 0.5490
vn 0.4614 -0.7841 -0.4150
vn -0.8344 -0.0332 -0.5501
vn 0.5456 0.4082 -0.7319
vn 0.4605 0.6770 -0.5742
vn 0.5512 -0.5502 -0.6272
vn -0.8338 -0.0921 -0.5444
vn -0.4660 -0.6921 0.5512
vn 0.8326 0.0764 0.5486
vn -0.5485 0.5331 0.6442
vn -0.4606 0.7841 0.4159
vn -0.5446 -0.4079 0.7328
vn 0.8355 0.0328 0.5486
vn -0.4615 -0.7841 -0.4151
vn -0.5455 0.4083 -0.7319
vn 0.8344 -0.0333 -0.5501
vn -0.4604 0.6770 -0.5742
vn 0.8338 -0.0922 -0.5444
vn -0.5513 -0.5501 -0.6272
vn 0.4758 -0.8776 -0.0578
vn 0.4748 -0.8783 -0.0561
vn -0.8791 -0.4742 -0.0484
vn -0.8785 -0.4751 -0.0507
vn 0.6720 0.0772 0.7365
vn 0.6724 0.0792 0.7359
vn -0.7389 0.0762 0.6695
vn -0.7393 0.0742 0.6693
vn 0.4879 0.8710 0.0572
vn 0.4879 0.8712 0.0551
vn -0.8719 0.4873 0.0496
vn -0.8718 0.4871 0.0517
vn 0.6720 -0.0772 -0.7365
vn 0.6724 -0.0791 -0.7359
vn -0.7389 -0.0762 -0.6695
vn -0.7393 -0.0742 -0.6693
vn 0.0010 -0.8657 -0.5006
vn -0.0010 -0.8657 -0.5006
vn -0.0010 0.4990 -0.8666
vn 0.0010 0.4990 -0.8666
vn -0.0010 0.7390 -0.6737
vn 0.0010 0.7390 -0.6737
vn 0.0010 -0.6723 -0.7403
vn -0.0010 -0.6723 -0.7403
vn 0.7393 -0.0742 -0.6693
vn 0.7389 -0.0762 -0.6695
vn -0.6724 -0.0791 -0.7359
vn -0.6720 -0.0771 -0.7365
vn -0.4748 -0.8783 -0.0561
vn -0.4758 -0.8776 -0.0578
vn 0.8785 -0.4751 -0.0507
vn 0.8791 -0.4742 -0.0485
vn -0.4879 0.8712 0.0553
vn -0.4879 0.8710 0.0572
vn 0.8718 0.4871 0.0515
vn 0.8719 0.4873 0.0495
vn -0.6724 0.0791 0.7359
vn -0.6720 0.0771 0.7365
vn 0.7393 0.0742 0.6693
vn 0.7389 0.0762 0.6695
vn -0.0010 -0.7409 0.6716
vn 0.0010 -0.7409 0.6716
vn 0.0010 0.6702 0.7422
vn -0.0010 0.6702 0.7422
vn 0.0010 0.8657 0.5006
vn -0.0010 0.8657 0.5006
vn -0.0010 -0.4990 0.8666
vn 0.0010 -0.4990 0.8666
vn -0.0009 -0.9968 -0.0794
vn 0.0010 -0.9968 -0.0794
vn 0.0010 -0.9970 -0.0775
vn -0.0010 -0.9970 -0.0775
vn -1.0000 -0.0010 0.0010
vn -1.0000 0.0010 0.0010
vn -1.0000 0.0010 -0.0010
vn -1.0000 -0.0010 -0.0010
vn 0.0010 0.1074 0.9942
vn 0.0010 0.1095 0.9940
vn -0.0010 0.1095 0.9940
vn -0.0010 0.1074 0.9942
vn 0.0010 0.9970 0.0775
vn -0.0009 0.9970 0.0775
vn -0.0010 0.9968 0.0794
vn 0.0010 0.9968 0.0794
vn -0.0010 -0.1094 -0.9940
vn -0.0010 -0.1075 -0.9942
vn 0.0010 -0.1074 -0.9942
vn 0.0010 -0.1095 -0.9940
vn 1.0000 -0.0010 -0.0010
vn 1.0000 0.0010 -0.0010
vn 1.0000 0.0010 0.0010
vn 1.0000 -0.0010 0.0010
vn 0.4447 -0.7027 0.5554
vn 0.5409 0.5287 0.6542
vn -0.8386 0.0855 0.5379
vn 0.5368 -0.3909 0.7477
vn 0.4455 0.8010 0.3999
vn -0.8384 0.0333 0.5440
vn 0.4464 -0.8030 -0.3949
vn -0.8388 -0.0369 -0.5432
vn 0.5355 0.3864 -0.7509
vn 0.4456 0.7058 -0.5507
vn 0.5402 -0.5252 -0.6575
vn -0.8384 -0.0828 -0.5387
vn -0.4447 -0.7027 0.5554
vn 0.8386 0.0856 0.5379
vn -0.5410 0.5286 0.6542
vn -0.4455 0.8010 0.4000
vn -0.5367 -0.3910 0.7477
vn 0.8385 0.0334 0.5439
vn -0.4464 -0.8029 -0.3950
vn -0.5355 0.3865 -0.7509
vn 0.8388 -0.0370 -0.5432
vn -0.4456 0.7058 -0.5507
vn 0.8384 -0.0829 -0.5387
vn -0.5403 -0.5252 -0.6575
vn 0.4548 -0.8887 -0.0579
vn 0.4548 -0.8889 -0.0547
vn -0.8891 -0.4552 -0.0481
vn -0.8890 -0.4550 -0.0509
vn 0.6628 0.0772 0.7449
vn 0.6628 0.0801 0.7445
vn -0.7469 0.0762 0.6606
vn -0.7469 0.0732 0.6609
vn 0.4575 0.8873 0.0575
vn 0.4571 0.8877 0.0546
vn -0.8879 0.4575 0.0482
vn -0.8877 0.4576 0.0513
vn 0.6623 -0.0772 -0.7452
vn 0.6625 -0.0801 -0.7447
vn -0.7471 -0.0762 -0.6603
vn -0.7472 -0.0732 -0.6605
vn 0.0015 -0.8766 -0.4812
vn -0.0015 -0.8766 -0.4812
vn -0.0015 0.4786 -0.8780
vn 0.0015 0.4786 -0.8780
vn -0.0015 0.7580 -0.6522
vn 0.0015 0.7580 -0.6522
vn 0.0015 -0.6500 -0.7599
vn -0.0015 -0.6500 -0.7599
vn 0.7472 -0.0732 -0.6605
vn 0.7471 -0.0762 -0.6603
vn -0.6625 -0.0801 -0.7447
vn -0.6623 -0.0772 -0.7452
vn -0.4548 -0.8889 -0.0548
vn -0.4548 -0.8887 -0.0579
vn 0.8890 -0.4550 -0.0508
vn 0.8891 -0.4552 -0.0481
vn -0.4571 0.8877 0.0546
vn -0.4575 0.8873 0.0575
vn 0.8877 0.4576 0.0513
vn 0.8879 0.4575 0.0483
vn -0.6628 0.0801 0.7445
vn -0.6628 0.0771 0.7449
vn 0.7469 0.0732 0.6609
vn 0.7469 0.0762 0.6606
vn -0.0015 -0.7580 0.6522
vn 0.0015 -0.7580 0.6522
vn 0.0015 0.6500 0.7599
vn -0.0015 0.6500 0.7599
vn 0.0015 0.8762 0.4819
vn -0.0015 0.8762 0.4819
vn -0.0015 -0.4793 0.8776
vn 0.0015 -0.4793 0.8776
vn 0.0015 -0.9968 -0.0800
vn -0.0015 0.9970 0.0769
vn -0.0015 0.9968 0.0799
vn 0.0015 0.9968 0.0799
vn 0.4847 -0.6765 0.5544
vn 0.5523 0.5370 0.6376
vn -0.8321 0.0596 0.5514
vn 0.5538 -0.4167 0.7208
vn 0.4845 0.7660 0.4224
vn -0.8305 0.0487 0.5548
vn 0.4830 -0.7734 -0.4105
vn -0.8335 -0.0567 -0.5496
vn 0.5495 0.4032 -0.7317
vn 0.4866 0.6773 -0.5518
vn 0.5532 -0.5350 -0.6386
vn -0.8316 -0.0566 -0.5524
vn -0.4846 -0.6766 0.5544
vn 0.8321 0.0598 0.5514
vn -0.5524 0.5369 0.6376
vn -0.4850 0.7660 0.4220
vn -0.5541 -0.4170 0.7205
vn 0.8301 0.0490 0.5554
vn -0.4831 -0.7733 -0.4105
vn -0.5495 0.4033 -0.7318
vn 0.8335 -0.0568 -0.5496
vn -0.4866 0.6774 -0.5518
vn 0.8316 -0.0567 -0.5524
vn -0.5533 -0.5349 -0.6386
vn 0.5283 -0.8471 -0.0576
vn 0.5282 -0.8474 -0.0552
vn -0.8480 -0.5275 -0.0510
vn -0.8480 -0.5274 -0.0526
vn 0.6791 0.0769 0.7300
vn 0.6788 0.0790 0.7301
vn -0.7331 0.0765 0.6758
vn -0.7328 0.0745 0.6764
vn 0.5283 0.8471 0.0576
vn 0.5275 0.8477 0.0557
vn -0.8485 0.5268 0.0504
vn -0.8480 0.5274 0.0527
vn 0.6787 -0.0770 -0.7304
vn 0.6791 -0.0789 -0.7298
vn -0.7328 -0.0765 -0.6761
vn -0.7331 -0.0745 -0.6760
vn 0.0010 -0.8691 -0.4947
vn -0.0010 -0.8691 -0.4947
vn -0.0010 0.4931 -0.8700
vn 0.0010 0.4931 -0.8700
vn -0.0010 0.7424 -0.6699
vn 0.0010 0.7424 -0.6699
vn 0.0010 -0.6685 -0.7437
vn -0.0010 -0.6685 -0.7437
vn 0.7331 -0.0745 -0.6760
vn 0.7328 -0.0765 -0.6761
vn -0.6791 -0.0789 -0.7298
vn -0.6787 -0.0769 -0.7304
vn -0.5282 -0.8474 -0.0552
vn -0.5283 -0.8471 -0.0576
vn 0.8480 -0.5274 -0.0525
vn 0.8480 -0.5275 -0.0510
vn -0.5275 0.8477 0.0559
vn -0.5283 0.8471 0.0576
vn 0.8480 0.5275 0.0525
vn 0.8485 0.5268 0.0503
vn -0.6788 0.0789 0.7301
vn -0.6791 0.0768 0.7300
vn 0.7328 0.0745 0.6764
vn 0.7331 0.0765 0.6758
vn -0.0010 -0.7475 0.6642
vn 0.0010 -0.7475 0.6642
vn 0.0010 0.6628 0.7488
vn -0.0010 0.6628 0.7488
vn 0.0010 0.8600 0.5103
vn -0.0010 0.8600 0.5103
vn -0.0010 -0.5087 0.8610
vn 0.0010 -0.5087 0.8610
vn 0.0010 0.1075 0.9942
vn -0.0010 0.1075 0.9942
vn 0.0010 0.9970 0.0774
vn 0.4662 -0.6928 0.5502
vn 0.5460 0.5268 0.6515
vn -0.8365 0.0642 0.5441
vn 0.5417 -0.3845 0.7475
vn 0.4678 0.7921 0.3922
vn -0.8362 0.0576 0.5454
vn 0.4674 -0.7887 -0.3993
vn -0.8355 -0.0536 -0.5469
vn 0.5439 0.3913 -0.7424
vn 0.4680 0.6979 -0.5422
vn 0.5451 -0.5211 -0.6567
vn -0.8358 -0.0597 -0.5458
vn -0.4661 -0.6928 0.5502
vn 0.8365 0.0644 0.5441
vn -0.5460 0.5267 0.6515
vn -0.4680 0.7920 0.3921
vn -0.5417 -0.3846 0.7474
vn 0.8361 0.0577 0.5455
vn -0.4675 -0.7887 -0.3993
vn -0.5438 0.3914 -0.7424
vn 0.8355 -0.0537 -0.5469
vn -0.4679 0.6979 -0.5422
vn 0.8358 -0.0598 -0.5458
vn -0.5452 -0.5210 -0.6567
vn 0.4987 -0.8648 -0.0579
vn 0.4987 -0.8651 -0.0549
vn -0.8652 -0.4990 -0.0495
vn -0.8651 -0.4988 -0.0525
vn 0.6696 0.0769 0.7388
vn 0.6697 0.0799 0.7383
vn -0.7406 0.0765 0.6675
vn -0.7408 0.0736 0.6677
vn 0.4967 0.8659 0.0581
vn 0.4967 0.8662 0.0550
vn -0.8663 0.4970 0.0493
vn -0.8663 0.4968 0.0522
vn 0.6699 -0.0769 -0.7385
vn 0.6699 -0.0798 -0.7382
vn -0.7405 -0.0765 -0.6677
vn -0.7405 -0.0736 -0.6680
vn 0.0015 -0.8760 -0.4824
vn -0.0015 -0.8760 -0.4824
vn -0.0015 0.4798 -0.8774
vn 0.0015 0.4798 -0.8774
vn -0.0015 0.7587 -0.6515
vn 0.0015 0.7587 -0.6515
vn 0.0015 -0.6493 -0.7606
vn -0.0015 -0.6493 -0.7606
vn 0.7405 -0.0736 -0.6680
vn 0.7405 -0.0765 -0.6677
vn -0.6699 -0.0798 -0.7382
vn -0.6699 -0.0769 -0.7385
vn -0.4987 -0.8651 -0.0549
vn -0.4987 -0.8648 -0.0579
vn 0.8651 -0.4988 -0.0524
vn 0.8652 -0.4990 -0.0495
vn -0.4967 0.8662 0.0550
vn -0.4967 0.8659 0.0581
vn 0.8663 0.4968 0.0521
vn 0.8663 0.4970 0.0493
vn -0.6697 0.0799 0.7383
vn -0.6696 0.0769 0.7388
vn 0.7408 0.0735 0.6677
vn 0.7406 0.0765 0.6675
vn -0.0015 -0.7563 0.6542
vn 0.0015 -0.7563 0.6542
vn 0.0015 0.6520 0.7582
vn -0.0015 0.6520 0.7582
vn 0.0015 0.8760 0.4824
vn -0.0015 0.8760 0.4824
vn -0.0015 -0.4798 0.8774
vn 0.0015 -0.4798 0.8774
vn 0.5003 -0.6669 0.5522
vn 0.5559 0.5363 0.6351
vn -0.8309 0.0426 0.5547
vn 0.5572 -0.4110 0.7215
vn 0.4994 0.7591 0.4176
vn -0.8299 0.0688 0.5537
vn 0.5038 -0.7714 -0.3887
vn -0.8290 -0.0846 -0.5529
vn 0.5534 0.3872 -0.7374
vn 0.4971 0.6649 -0.5575
vn 0.5563 -0.5391 -0.6324
vn -0.8321 -0.0460 -0.5527
vn -0.5002 -0.6670 0.5522
vn 0.8309 0.0427 0.5547
vn -0.5560 0.5362 0.6351
vn -0.4996 0.7590 0.4175
vn -0.5572 -0.4111 0.7215
vn 0.8298 0.0690 0.5538
vn -0.5039 -0.7713 -0.3887
vn -0.5533 0.3873 -0.7375
vn 0.8290 -0.0847 -0.5528
vn -0.4970 0.6650 -0.5575
vn 0.8321 -0.0461 -0.5527
vn -0.5563 -0.5390 -0.6324
vn 0.5602 -0.8264 -0.0573
vn 0.5602 -0.8265 -0.0553
vn -0.8272 -0.5595 -0.0518
vn -0.8272 -0.5593 -0.0537
vn 0.6835 0.0768 0.7259
vn 0.6832 0.0788 0.7259
vn -0.7289 0.0767 0.6803
vn -0.7286 0.0747 0.6808
vn 0.5575 0.8282 0.0575
vn 0.5582 0.8278 0.0556
vn -0.8286 0.5575 0.0514
vn -0.8290 0.5566 0.0537
vn 0.6835 -0.0768 -0.7259
vn 0.6832 -0.0787 -0.7260
vn -0.7290 -0.0767 -0.6802
vn -0.7287 -0.0747 -0.6808
vn 0.0010 -0.8683 -0.4960
vn -0.0010 -0.8683 -0.4960
vn -0.0010 0.4943 -0.8693
vn 0.0010 0.4943 -0.8693
vn -0.0010 0.7519 -0.6593
vn 0.0010 0.7519 -0.6593
vn 0.0010 -0.6579 -0.7531
vn -0.0010 -0.6579 -0.7531
vn 0.7287 -0.0747 -0.6808
vn 0.7290 -0.0767 -0.6802
vn -0.6832 -0.0787 -0.7260
vn -0.6835 -0.0767 -0.7259
vn -0.5602 -0.8265 -0.0553
vn -0.5602 -0.8264 -0.0572
vn 0.8272 -0.5593 -0.0537
vn 0.8272 -0.5595 -0.0518
vn -0.5582 0.8278 0.0557
vn -0.5575 0.8282 0.0574
vn 0.8290 0.5566 0.0536
vn 0.8286 0.5575 0.0513
vn -0.6832 0.0787 0.7259
vn -0.6835 0.0767 0.7259
vn 0.7286 0.0747 0.6808
vn 0.7289 0.0767 0.6803
vn -0.0010 -0.7494 0.6621
vn 0.0010 -0.7494 0.6621
vn 0.0010 0.6607 0.7506
vn -0.0010 0.6607 0.7506
vn 0.0010 0.8683 0.4960
vn -0.0010 0.8683 0.4960
vn -0.0010 -0.4943 0.8693
vn 0.0010 -0.4943 0.8693
vn 0.0010 0.9970 0.0776
vn -0.0009 0.9970 0.0776
vn -0.0010 0.9968 0.0795
vn 0.0010 0.9968 0.0795
vn 0.0010 -0.1075 -0.9942
vn 0.4573 -0.6965 0.5529
vn 0.5445 0.5279 0.6517
vn -0.8373 0.0729 0.5419
vn 0.5412 -0.3938 0.7430
vn 0.4578 0.7922 0.4036
vn -0.8374 0.0435 0.5449
vn 0.4591 -0.7957 -0.3950
vn -0.8371 -0.0481 -0.5449
vn 0.5399 0.3868 -0.7476
vn 0.4573 0.6965 -0.5529
vn 0.5445 -0.5279 -0.6517
vn -0.8373 -0.0729 -0.5419
vn -0.4572 -0.6966 0.5529
vn 0.8373 0.0730 0.5419
vn -0.5446 0.5278 0.6517
vn -0.4578 0.7921 0.4037
vn -0.5410 -0.3938 0.7431
vn 0.8375 0.0436 0.5447
vn -0.4592 -0.7957 -0.3950
vn -0.5398 0.3869 -0.7476
vn 0.8371 -0.0482 -0.5449
vn -0.4572 0.6966 -0.5529
vn 0.8373 -0.0730 -0.5419
vn -0.5446 -0.5278 -0.6517
vn 0.4799 -0.8754 -0.0579
vn 0.4799 -0.8756 -0.0551
vn -0.8758 -0.4802 -0.0487
vn -0.8758 -0.4800 -0.0518
vn 0.6670 0.0770 0.7411
vn 0.6670 0.0799 0.7407
vn -0.7431 0.0764 0.6648
vn -0.7431 0.0735 0.6652
vn 0.4778 0.8766 0.0580
vn 0.4777 0.8768 0.0552
vn -0.8770 0.4781 0.0485
vn -0.8769 0.4779 0.0517
vn 0.6671 -0.0770 -0.7410
vn 0.6671 -0.0799 -0.7407
vn -0.7430 -0.0764 -0.6649
vn -0.7430 -0.0735 -0.6652
vn 0.0015 -0.8762 -0.4819
vn -0.0015 -0.8762 -0.4819
vn -0.0015 0.4793 -0.8776
vn 0.0015 0.4793 -0.8776
vn -0.0015 0.7577 -0.6526
vn 0.0015 0.7577 -0.6526
vn 0.0015 -0.6504 -0.7596
vn -0.0015 -0.6504 -0.7596
vn 0.7430 -0.0734 -0.6652
vn 0.7430 -0.0764 -0.6649
vn -0.6671 -0.0800 -0.7407
vn -0.6671 -0.0770 -0.7410
vn -0.4799 -0.8756 -0.0551
vn -0.4799 -0.8754 -0.0579
vn 0.8758 -0.4800 -0.0518
vn 0.8758 -0.4802 -0.0487
vn -0.4777 0.8768 0.0552
vn -0.4778 0.8766 0.0580
vn 0.8769 0.4779 0.0516
vn 0.8770 0.4781 0.0485
vn -0.6670 0.0800 0.7407
vn -0.6670 0.0770 0.7411
vn 0.7431 0.0734 0.6652
vn 0.7431 0.0764 0.6648
vn -0.0015 -0.7577 0.6526
vn 0.0015 -0.7577 0.6526
vn 0.0015 0.6504 0.7596
vn -0.0015 0.6504 0.7596
vn 0.0015 0.8744 0.4851
vn -0.0015 0.8744 0.4851
vn -0.0015 -0.4826 0.8759
vn 0.0015 -0.4826 0.8759
vn 0.4951 -0.6693 0.5540
vn 0.5569 0.5392 0.6317
vn -0.8292 0.0523 0.5565
vn 0.5536 -0.4035 0.7285
vn 0.4937 0.7678 0.4083
vn -0.8305 0.0666 0.5531
vn 0.4935 -0.7679 -0.4084
vn -0.8307 -0.0665 -0.5528
vn 0.5534 0.4035 -0.7287
vn 0.4951 0.6700 -0.5531
vn 0.5558 -0.5371 -0.6346
vn -0.8307 -0.0493 -0.5546
vn -0.4950 -0.6694 0.5540
vn 0.8292 0.0524 0.5565
vn -0.5570 0.5391 0.6317
vn -0.4936 0.7678 0.4085
vn -0.5533 -0.4035 0.7287
vn 0.8307 0.0666 0.5528
vn -0.4936 -0.7678 -0.4085
vn -0.5533 0.4035 -0.7287
vn 0.8307 -0.0666 -0.5528
vn -0.4950 0.6701 -0.5531
vn 0.8307 -0.0495 -0.5546
vn -0.5559 -0.5370 -0.6346
vn 0.5462 -0.8356 -0.0576
vn 0.5462 -0.8358 -0.0556
vn -0.8365 -0.5455 -0.0511
vn -0.8365 -0.5454 -0.0530
vn 0.6814 0.0769 0.7279
vn 0.6817 0.0789 0.7273
vn -0.7303 0.0766 0.6788
vn -0.7306 0.0746 0.6787
vn 0.5462 0.8356 0.0576
vn 0.5455 0.8363 0.0557
vn -0.8370 0.5448 0.0509
vn -0.8365 0.5454 0.0532
vn 0.6814 -0.0769 -0.7279
vn 0.6817 -0.0788 -0.7273
vn -0.7303 -0.0766 -0.6788
vn -0.7306 -0.0746 -0.6787
vn 0.0010 -0.8694 -0.4940
vn -0.0010 -0.8694 -0.4940
vn -0.0010 0.4924 -0.8704
vn 0.0010 0.4924 -0.8704
vn -0.0010 0.7480 -0.6636
vn 0.0010 0.7480 -0.6636
vn 0.0010 -0.6622 -0.7493
vn -0.0010 -0.6622 -0.7493
vn 0.7306 -0.0746 -0.6787
vn 0.7303 -0.0766 -0.6788
vn -0.6817 -0.0788 -0.7273
vn -0.6814 -0.0768 -0.7279
vn -0.5462 -0.8358 -0.0556
vn -0.5462 -0.8356 -0.0576
vn 0.8365 -0.5454 -0.0530
vn 0.8365 -0.5455 -0.0511
vn -0.5455 0.8362 0.0559
vn -0.5462 0.8356 0.0576
vn 0.8365 0.5454 0.0530
vn 0.8370 0.5448 0.0508
vn -0.6817 0.0788 0.7273
vn -0.6814 0.0768 0.7279
vn 0.7306 0.0746 0.6787
vn 0.7303 0.0766 0.6788
vn -0.0010 -0.7460 0.6659
vn 0.0010 -0.7460 0.6659
vn 0.0010 0.6645 0.7473
vn -0.0010 0.6645 0.7473
vn 0.0010 0.8650 0.5018
vn -0.0010 0.8650 0.5018
vn -0.0010 -0.5002 0.8659
vn 0.0010 -0.5002 0.8659
vn 0.4344 -0.7090 0.5556
vn 0.5378 0.5277 0.6575
vn -0.8396 0.0945 0.5349
vn 0.5318 -0.3829 0.7554
vn 0.4369 0.8104 0.3902
vn -0.8395 0.0300 0.5426
vn 0.4355 -0.8062 -0.4005
vn -0.8395 -0.0244 -0.5428
vn 0.5339 0.3912 -0.7496
vn 0.4344 0.7090 -0.5556
vn 0.5378 -0.5277 -0.6575
vn -0.8396 -0.0945 -0.5349
vn -0.4343 -0.7090 0.5556
vn 0.8396 0.0946 0.5349
vn -0.5379 0.5276 0.6575
vn -0.4372 0.8104 0.3901
vn -0.5319 -0.3830 0.7552
vn 0.8393 0.0302 0.5428
vn -0.4356 -0.8061 -0.4006
vn -0.5338 0.3913 -0.7496
vn 0.8395 -0.0245 -0.5428
vn -0.4343 0.7090 -0.5556
vn 0.8396 -0.0946 -0.5349
vn -0.5379 -0.5276 -0.6575
vn 0.4364 -0.8979 -0.0575
vn 0.4364 -0.8981 -0.0545
vn -0.8983 -0.4368 -0.0476
vn -0.8982 -0.4366 -0.0506
vn 0.6588 0.0773 0.7483
vn 0.6590 0.0803 0.7479
vn -0.7502 0.0760 0.6568
vn -0.7504 0.0730 0.6570
vn 0.4365 0.8979 0.0577
vn 0.4364 0.8981 0.0545
vn -0.8983 0.4368 0.0476
vn -0.8982 0.4367 0.0504
vn 0.6592 -0.0773 -0.7480
vn 0.6592 -0.0802 -0.7477
vn -0.7500 -0.0760 -0.6570
vn -0.7500 -0.0731 -0.6574
vn 0.0015 -0.8759 -0.4825
vn -0.0015 -0.8759 -0.4825
vn -0.0015 0.4800 -0.8773
vn 0.0015 0.4800 -0.8773
vn -0.0015 0.7586 -0.6516
vn 0.0015 0.7586 -0.6516
vn 0.0015 -0.6494 -0.7605
vn -0.0015 -0.6494 -0.7605
vn 0.7500 -0.0730 -0.6574
vn 0.7500 -0.0760 -0.6570
vn -0.6592 -0.0802 -0.7477
vn -0.6592 -0.0773 -0.7480
vn -0.4364 -0.8981 -0.0545
vn -0.4364 -0.8979 -0.0574
vn 0.8982 -0.4366 -0.0506
vn 0.8983 -0.4368 -0.0476
vn -0.4364 0.8981 0.0545
vn -0.4365 0.8979 0.0576
vn 0.8982 0.4367 0.0504
vn 0.8983 0.4368 0.0476
vn -0.6590 0.0803 0.7479
vn -0.6588 0.0773 0.7483
vn 0.7504 0.0730 0.6570
vn 0.7502 0.0760 0.6568
vn -0.0015 -0.7586 0.6516
vn 0.0015 -0.7586 0.6516
vn 0.0015 0.6494 0.7605
vn -0.0015 0.6494 0.7605
vn 0.0015 0.8759 0.4825
vn -0.0015 0.8759 0.4825
vn -0.0015 -0.4800 0.8773
vn 0.0015 -0.4800 0.8773
vn 0.4774 -0.6795 0.5571
vn 0.5503 0.5373 0.6391
vn -0.8339 0.0656 0.5480
vn 0.5512 -0.4089 0.7273
vn 0.4772 0.7751 0.4142
vn -0.8316 0.0471 0.5534
vn 0.4801 -0.7830 -0.3955
vn -0.8310 -0.0573 -0.5533
vn 0.5485 0.3938 -0.7376
vn 0.4751 0.6778 -0.5611
vn 0.5521 -0.5404 -0.6350
vn -0.8334 -0.0691 -0.5483
vn -0.4773 -0.6796 0.5571
vn 0.8339 0.0658 0.5480
vn -0.5504 0.5372 0.6391
vn -0.4772 0.7750 0.4143
vn -0.5510 -0.4090 0.7274
vn 0.8317 0.0472 0.5532
vn -0.4802 -0.7830 -0.3955
vn -0.5484 0.3939 -0.7376
vn 0.8310 -0.0574 -0.5533
vn -0.4750 0.6779 -0.5611
vn 0.8334 -0.0693 -0.5483
vn -0.5522 -0.5403 -0.6350
vn 0.5166 -0.8543 -0.0569
vn 0.5157 -0.8550 -0.0552
vn -0.8556 -0.5151 -0.0507
vn -0.8551 -0.5158 -0.0529
vn 0.6768 0.0770 0.7321
vn 0.6764 0.0791 0.7322
vn -0.7352 0.0763 0.6735
vn -0.7349 0.0744 0.6741
vn 0.5061 0.8606 0.0574
vn 0.5061 0.8606 0.0558
vn -0.8614 0.5055 0.0496
vn -0.8614 0.5053 0.0522
vn 0.6769 -0.0770 -0.7321
vn 0.6765 -0.0790 -0.7322
vn -0.7352 -0.0763 -0.6736
vn -0.7348 -0.0744 -0.6742
vn 0.0010 -0.8655 -0.5008
vn -0.0010 -0.8655 -0.5008
vn -0.0010 0.4992 -0.8665
vn 0.0010 0.4992 -0.8665
vn -0.0010 0.7504 -0.6610
vn 0.0010 0.7504 -0.6610
vn 0.0010 -0.6596 -0.7517
vn -0.0010 -0.6596 -0.7517
vn 0.7348 -0.0744 -0.6742
vn 0.7352 -0.0764 -0.6736
vn -0.6765 -0.0790 -0.7322
vn -0.6769 -0.0769 -0.7321
vn -0.5157 -0.8550 -0.0552
vn -0.5166 -0.8543 -0.0569
vn 0.8551 -0.5158 -0.0529
vn 0.8556 -0.5151 -0.0507
vn -0.5061 0.8606 0.0559
vn -0.5061 0.8606 0.0574
vn 0.8614 0.5053 0.0520
vn 0.8614 0.5055 0.0495
vn -0.6764 0.0790 0.7323
vn -0.6768 0.0769 0.7321
vn 0.7349 0.0744 0.6741
vn 0.7352 0.0763 0.6735
vn -0.0010 -0.7462 0.6657
vn 0.0010 -0.7462 0.6657
vn 0.0010 0.6643 0.7475
vn -0.0010 0.6643 0.7475
vn 0.0010 0.8655 0.5008
vn -0.0010 0.8655 0.5008
vn -0.0010 -0.4992 0.8665
vn 0.0010 -0.4992 0.8665
vn 0.0010 -0.9970 -0.0774
vn -0.0010 -0.9970 -0.0774
vn -0.0049 -0.9631 -0.2691
vn -0.8685 -0.4895 -0.0786
vn -0.7208 -0.5309 -0.4456
vn -0.9969 0.0060 0.0786
vn -0.8497 0.4841 0.2088
vn -0.7855 0.5913 -0.1826
vn -0.9044 -0.0292 -0.4256
vn 0.0048 0.9631 0.2690
vn -0.1004 0.7490 -0.6549
vn -0.1226 0.0280 -0.9921
vn -0.1015 -0.5699 -0.8154
vn 0.6285 -0.5381 -0.5616
vn 0.7032 0.6298 -0.3300
vn 0.7969 -0.0310 -0.6033
vn 0.8497 -0.4841 -0.2089
vn 0.8682 0.4899 0.0787
vn 0.9969 -0.0060 -0.0786
vn 0.7855 -0.5913 0.1826
vn 0.7208 0.5309 0.4456
vn 0.9044 0.0293 0.4258
vn 0.1009 -0.7490 0.6548
vn 0.1015 0.5698 0.8155
vn 0.1225 -0.0281 0.9921
vn -0.6284 0.5382 0.5617
vn -0.7029 -0.6300 0.3302
vn -0.7969 0.0311 0.6033
vn 0.0092 -0.9633 -0.2684
vn -0.8345 -0.4844 -0.2627
vn -0.5791 -0.5411 -0.6098
vn -0.9893 -0.0110 -0.1458
vn -0.8687 0.4949 0.0216
vn -0.6528 0.6468 -0.3944
vn -0.7343 -0.0295 -0.6782
vn -0.0094 0.9633 0.2684
vn 0.2261 0.0246 -0.9738
vn 0.1863 -0.5693 -0.8008
vn 0.1867 0.7448 -0.6406
vn 0.8078 0.5766 -0.1225
vn 0.9357 -0.0267 -0.3518
vn 0.7515 -0.5281 -0.3954
vn 0.8686 -0.4951 -0.0216
vn 0.8343 0.4846 0.2628
vn 0.9893 0.0110 0.1458
vn 0.6524 -0.6471 0.3945
vn 0.5797 0.5409 0.6095
vn 0.7342 0.0295 0.6782
vn -0.1868 -0.7449 0.6405
vn -0.1860 0.5693 0.8008
vn -0.2261 -0.0246 0.9738
vn -0.8076 -0.5769 0.1226
vn -0.7516 0.5279 0.3954
vn -0.9357 0.0267 0.3518
vn -0.4938 -0.0340 -0.8689
vn -0.4514 0.6441 -0.6176
vn 0.2888 0.6939 -0.6596
vn 0.3541 -0.0095 -0.9352
vn -0.3762 -0.5239 -0.7642
vn 0.2496 -0.5460 -0.7997
vn -0.0195 0.9714 0.2365
vn 0.0194 -0.9714 -0.2365
vn 0.9494 -0.0152 -0.3138
vn 0.7476 -0.5561 -0.3632
vn 0.7914 0.6024 -0.1037
vn 0.9277 0.0174 0.3729
vn 0.8074 -0.5634 0.1753
vn 0.7317 0.5235 0.4366
vn 0.3762 0.5238 0.7643
vn 0.4937 0.0340 0.8690
vn 0.4513 -0.6442 0.6176
vn -0.2889 -0.6939 0.6596
vn -0.2495 0.5461 0.7997
vn -0.3542 0.0095 0.9351
vn -0.7914 -0.6024 0.1036
vn -0.7476 0.5561 0.3632
vn -0.9494 0.0151 0.3138
vn -0.7318 -0.5234 -0.4366
vn -0.8074 0.5633 -0.1752
vn -0.9277 -0.0174 -0.3728
vn -0.8098 -0.4869 -0.3273
vn -0.9734 -0.0169 -0.2286
vn -0.6429 -0.0255 -0.7655
vn -0.5107 -0.5440 -0.6658
vn -0.8619 0.5046 -0.0494
vn -0.0143 0.9637 0.2667
vn -0.5777 0.6667 -0.4710
vn 0.0143 -0.9637 -0.2667
vn 0.3504 0.0184 -0.9364
vn 0.2848 -0.5682 -0.7721
vn 0.2905 0.7364 -0.6109
vn 0.9643 -0.0225 -0.2638
vn 0.7827 -0.5253 -0.3338
vn 0.8263 0.5609 -0.0516
vn 0.9734 0.0169 0.2286
vn 0.8619 -0.5047 0.0493
vn 0.8098 0.4869 0.3273
vn 0.5105 0.5441 0.6658
vn 0.6429 0.0255 0.7655
vn 0.5776 -0.6668 0.4709
vn -0.2905 -0.7364 0.6110
vn -0.2848 0.5682 0.7720
vn -0.3504 -0.0184 0.9364
vn -0.8262 -0.5609 0.0516
vn -0.7826 0.5254 0.3338
vn -0.9643 0.0225 0.2638
vn -0.5606 -0.0354 -0.8273
vn -0.5124 0.6336 -0.5797
vn 0.2201 0.7007 -0.6787
vn 0.2780 -0.0070 -0.9606
vn -0.4283 -0.5218 -0.7378
vn 0.1898 -0.5470 -0.8153
vn -0.0219 0.9709 0.2385
vn 0.0216 -0.9709 -0.2386
vn 0.9301 -0.0165 -0.3670
vn 0.7290 -0.5566 -0.3985
vn 0.7772 0.6120 -0.1462
vn 0.9463 0.0149 0.3228
vn 0.8212 -0.5552 0.1321
vn 0.7524 0.5222 0.4014
vn 0.4281 0.5219 0.7378
vn 0.5606 0.0354 0.8273
vn 0.5124 -0.6336 0.5796
vn -0.2200 -0.7008 0.6786
vn -0.1899 0.5470 0.8153
vn -0.2781 0.0069 0.9605
vn -0.7773 -0.6119 0.1462
vn -0.7290 0.5566 0.3984
vn -0.9301 0.0165 0.3669
vn -0.7527 -0.5220 -0.4013
vn -0.8212 0.5551 -0.1321
vn -0.9463 -0.0149 -0.3229
vn -0.8669 -0.4985 0.0074
vn -0.9836 0.0135 0.1797
vn -0.9487 -0.0250 -0.3152
vn -0.7651 -0.5269 -0.3702
vn -0.8249 0.4854 0.2896
vn 0.0114 0.9634 0.2678
vn -0.8165 0.5698 -0.0929
vn -0.0115 -0.9634 -0.2678
vn -0.2277 -0.5688 -0.7903
vn -0.2296 0.7419 -0.6300
vn -0.2777 0.0224 -0.9604
vn 0.6238 0.6551 -0.4262
vn 0.5519 -0.5425 -0.6333
vn 0.6987 -0.0281 -0.7149
vn 0.9836 -0.0135 -0.1797
vn 0.8251 -0.4853 -0.2894
vn 0.8667 0.4987 -0.0074
vn 0.9487 0.0250 0.3153
vn 0.8164 -0.5700 0.0930
vn 0.7652 0.5268 0.3701
vn 0.2778 -0.0224 0.9604
vn 0.2300 -0.7418 0.6300
vn 0.2275 0.5688 0.7904
vn -0.6986 0.0280 0.7150
vn -0.6233 -0.6555 0.4264
vn -0.5521 0.5424 0.6332
vn -0.2516 -0.0286 -0.9674
vn -0.2295 0.6686 -0.7073
vn 0.4880 0.6643 -0.5663
vn 0.5706 -0.0181 -0.8210
vn -0.1914 -0.5280 -0.8274
vn 0.4195 -0.5418 -0.7283
vn -0.0104 0.9727 0.2317
vn 0.0101 -0.9728 -0.2316
vn 0.9887 -0.0082 -0.1496
vn 0.7917 -0.5575 -0.2499
vn 0.8154 0.5783 0.0259
vn 0.8454 0.0228 0.5336
vn 0.7393 -0.5949 0.3156
vn 0.6497 0.5295 0.5454
vn 0.1915 0.5280 0.8274
vn 0.2518 0.0286 0.9674
vn 0.2297 -0.6686 0.7073
vn -0.4881 -0.6641 0.5663
vn -0.4195 0.5418 0.7284
vn -0.5704 0.0181 0.8211
vn -0.8156 -0.5780 -0.0258
vn -0.7920 0.5571 0.2498
vn -0.9887 0.0083 0.1496
vn -0.6499 -0.5294 -0.5453
vn -0.7392 0.5950 -0.3155
vn -0.8454 -0.0228 -0.5336
vn -0.8662 -0.4995 0.0150
vn -0.9820 0.0142 0.1886
vn -0.9518 -0.0246 -0.3058
vn -0.7687 -0.5263 -0.3634
vn -0.8224 0.4856 0.2964
vn 0.0119 0.9634 0.2677
vn -0.8185 0.5681 -0.0854
vn -0.0120 -0.9635 -0.2676
vn -0.2408 0.7410 -0.6269
vn -0.2381 -0.5688 -0.7873
vn -0.2911 0.0217 -0.9564
vn 0.6889 -0.0277 -0.7243
vn 0.5451 -0.5426 -0.6391
vn 0.6157 0.6574 -0.4344
vn 0.9819 -0.0142 -0.1886
vn 0.8223 -0.4857 -0.2964
vn 0.8661 0.4996 -0.0150
vn 0.9518 0.0246 0.3058
vn 0.8183 -0.5684 0.0855
vn 0.7684 0.5267 0.3636
vn 0.2911 -0.0216 0.9565
vn 0.2411 -0.7409 0.6269
vn 0.2380 0.5688 0.7873
vn -0.6889 0.0277 0.7243
vn -0.6152 -0.6577 0.4346
vn -0.5450 0.5426 0.6391
vn 0.0267 -0.9676 -0.2511
vn -0.6314 -0.5081 -0.5857
vn -0.1170 -0.5491 -0.8275
vn -0.8056 -0.0355 -0.5914
vn -0.7314 0.5749 -0.3668
vn -0.1257 0.7139 -0.6889
vn -0.1136 -0.0035 -0.9935
vn -0.0268 0.9676 0.2511
vn 0.6045 -0.5614 -0.5652
vn 0.6541 0.6663 -0.3581
vn 0.7781 -0.0134 -0.6279
vn 0.8459 -0.5294 -0.0653
vn 0.8216 0.5232 0.2262
vn 0.9962 0.0002 0.0875
vn 0.7314 -0.5749 0.3668
vn 0.6314 0.5081 0.5858
vn 0.8056 0.0355 0.5914
vn 0.1256 -0.7139 0.6889
vn 0.1172 0.5492 0.8275
vn 0.1136 0.0035 0.9935
vn -0.6043 0.5615 0.5652
vn -0.6541 -0.6662 0.3581
vn -0.7781 0.0135 0.6280
vn -0.9962 -0.0002 -0.0875
vn -0.8216 -0.5233 -0.2262
vn -0.8460 0.5292 0.0653
vn -0.6968 -0.5012 -0.5131
vn -0.8746 -0.0317 -0.4838
vn -0.2835 -0.0080 -0.9590
vn -0.2463 -0.5488 -0.7989
vn -0.7896 0.5503 -0.2716
vn -0.0253 0.9661 0.2568
vn -0.2721 0.7082 -0.6514
vn 0.0253 -0.9661 -0.2568
vn 0.6771 -0.0063 -0.7359
vn 0.5294 -0.5637 -0.6341
vn 0.5686 0.6905 -0.4472
vn 0.9999 -0.0066 -0.0129
vn 0.8388 -0.5246 -0.1457
vn 0.8354 0.5294 0.1479
vn 0.8746 0.0318 0.4838
vn 0.7895 -0.5504 0.2716
vn 0.6970 0.5010 0.5130
vn 0.2463 0.5488 0.7989
vn 0.2834 0.0080 0.9590
vn 0.2722 -0.7083 0.6514
vn -0.5685 -0.6906 0.4471
vn -0.5294 0.5637 0.6341
vn -0.6771 0.0062 0.7359
vn -0.8354 -0.5294 -0.1479
vn -0.8388 0.5246 0.1457
vn -0.9999 0.0067 0.0129
vn -0.4469 -0.5209 -0.7272
vn -0.5844 -0.0358 -0.8107
vn 0.2487 -0.0061 -0.9686
vn 0.1666 -0.5473 -0.8202
vn -0.5340 0.6295 -0.5645
vn -0.0224 0.9707 0.2394
vn 0.1935 0.7031 -0.6843
vn 0.0225 -0.9707 -0.2394
vn 0.7214 -0.5569 -0.4117
vn 0.7710 0.6157 -0.1624
vn 0.9219 -0.0169 -0.3872
vn 0.7599 0.5217 0.3879
vn 0.8255 -0.5523 0.1160
vn 0.9525 0.0139 0.3041
vn 0.5844 0.0358 0.8107
vn 0.5341 -0.6295 0.5644
vn 0.4469 0.5210 0.7272
vn -0.2487 0.0061 0.9686
vn -0.1936 -0.7030 0.6843
vn -0.1668 0.5473 0.8201
vn -0.9219 0.0169 0.3872
vn -0.7710 -0.6157 0.1624
vn -0.7215 0.5568 0.4116
vn -0.9525 -0.0139 -0.3041
vn -0.7598 -0.5217 -0.3879
vn -0.8255 0.5524 -0.1160
vn -0.0103 -0.9633 -0.2681
vn -0.8680 -0.4966 -0.0090
vn -0.7576 -0.5276 -0.3843
vn -0.9869 0.0121 0.1606
vn -0.8304 0.4849 0.2744
vn -0.8117 0.5737 -0.1096
vn -0.9416 -0.0260 -0.3358
vn 0.0103 0.9633 0.2681
vn -0.2055 0.7437 -0.6362
vn -0.2488 0.0238 -0.9683
vn -0.2044 -0.5691 -0.7964
vn 0.5676 -0.5417 -0.6200
vn 0.6403 0.6505 -0.4084
vn 0.7190 -0.0289 -0.6944
vn 0.8304 -0.4849 -0.2744
vn 0.8679 0.4966 0.0090
vn 0.9869 -0.0121 -0.1606
vn 0.8115 -0.5739 0.1095
vn 0.7577 0.5275 0.3843
vn 0.9416 0.0260 0.3358
vn 0.2056 -0.7437 0.6361
vn 0.2045 0.5691 0.7964
vn 0.2488 -0.0237 0.9683
vn -0.5675 0.5417 0.6201
vn -0.6401 -0.6508 0.4083
vn -0.7190 0.0289 0.6944
vn -0.8670 -0.4982 0.0042
vn -0.9843 0.0132 0.1759
vn -0.9473 -0.0252 -0.3193
vn -0.7636 -0.5271 -0.3730
vn -0.8261 0.4852 0.2865
vn 0.0112 0.9634 0.2678
vn -0.8155 0.5706 -0.0963
vn -0.0111 -0.9634 -0.2678
vn -0.2719 0.0226 -0.9620
vn -0.2230 -0.5689 -0.7916
vn -0.2248 0.7422 -0.6314
vn 0.7028 -0.0282 -0.7108
vn 0.5552 -0.5423 -0.6306
vn 0.6271 0.6543 -0.4227
vn 0.9843 -0.0132 -0.1760
vn 0.8261 -0.4852 -0.2865
vn 0.8670 0.4982 -0.0042
vn 0.9473 0.0252 0.3193
vn 0.8154 -0.5708 0.0963
vn 0.7638 0.5269 0.3729
vn 0.2230 0.5689 0.7916
vn 0.2720 -0.0227 0.9620
vn 0.2249 -0.7422 0.6313
vn -0.6267 -0.6546 0.4228
vn -0.5555 0.5422 0.6305
vn -0.7028 0.0283 0.7109
vn -0.8324 -0.5271 0.1710
vn -0.9291 0.0259 0.3689
vn -0.9924 -0.0141 -0.1225
vn -0.8207 -0.5230 -0.2301
vn -0.7547 0.4939 0.4319
vn 0.0216 0.9648 0.2621
vn -0.8392 0.5404 0.0612
vn -0.0214 -0.9648 -0.2620
vn -0.5438 0.0045 -0.8392
vn -0.4315 -0.5659 -0.7026
vn -0.4546 0.7142 -0.5323
vn 0.4563 -0.0157 -0.8897
vn 0.3741 -0.5474 -0.7486
vn 0.4204 0.6942 -0.5843
vn 0.9291 -0.0259 -0.3689
vn 0.7547 -0.4938 -0.4319
vn 0.8324 0.5271 -0.1710
vn 0.9924 0.0140 0.1225
vn 0.8392 -0.5403 -0.0612
vn 0.8206 0.5231 0.2302
vn 0.4316 0.5658 0.7025
vn 0.5438 -0.0046 0.8392
vn 0.4547 -0.7142 0.5322
vn -0.4202 -0.6943 0.5843
vn -0.3739 0.5474 0.7487
vn -0.4562 0.0157 0.8897
vn -0.5064 0.5178 0.6895
vn 0.0246 0.9698 0.2425
vn -0.7819 0.5209 0.3425
vn -0.0247 -0.9698 -0.2425
vn -0.6012 -0.6145 0.5108
vn -0.8369 -0.5438 0.0627
vn -0.6586 0.0369 0.7516
vn -0.9703 0.0103 0.2416
vn -0.6934 -0.5579 -0.4560
vn -0.7461 0.6293 -0.2176
vn -0.8900 -0.0174 -0.4557
vn -0.0871 -0.5482 -0.8318
vn -0.1034 0.7092 -0.6974
vn -0.1476 -0.0038 -0.9890
vn 0.6012 0.6146 -0.5108
vn 0.5062 -0.5179 -0.6896
vn 0.6586 -0.0369 -0.7516
vn 0.9703 -0.0103 -0.2416
vn 0.7820 -0.5208 -0.3425
vn 0.8369 0.5438 -0.0628
vn 0.8900 0.0174 0.4556
vn 0.7461 -0.6293 0.2176
vn 0.6935 0.5579 0.4559
vn 0.1476 0.0038 0.9890
vn 0.1033 -0.7092 0.6974
vn 0.0871 0.5482 0.8318
vn 0.0054 -0.9631 -0.2689
vn -0.8486 -0.4842 -0.2131
vn -0.6244 -0.5386 -0.5656
vn -0.9965 -0.0064 -0.0839
vn -0.8687 0.4898 0.0742
vn -0.6992 0.6314 -0.3353
vn -0.7923 -0.0309 -0.6093
vn -0.0056 0.9631 0.2691
vn 0.1307 0.0279 -0.9910
vn 0.1086 -0.5698 -0.8146
vn 0.1079 0.7489 -0.6539
vn 0.7874 0.5903 -0.1777
vn 0.9072 -0.0291 -0.4198
vn 0.7235 -0.5307 -0.4415
vn 0.8686 -0.4899 -0.0741
vn 0.8487 0.4840 0.2131
vn 0.9965 0.0064 0.0839
vn 0.6994 -0.6312 0.3353
vn 0.6246 0.5385 0.5655
vn 0.7924 0.0309 0.6092
vn -0.1080 -0.7488 0.6539
vn -0.1085 0.5698 0.8146
vn -0.1307 -0.0280 0.9910
vn -0.7878 -0.5898 0.1777
vn -0.7235 0.5307 0.4416
vn -0.9072 0.0291 0.4197
vn -0.3907 -0.5233 -0.7573
vn -0.5124 -0.0344 -0.8581
vn 0.3338 -0.0088 -0.9426
vn 0.2336 -0.5463 -0.8044
vn -0.4682 0.6415 -0.6077
vn -0.0201 0.9713 0.2370
vn 0.2705 0.6959 -0.6653
vn 0.0202 -0.9713 -0.2370
vn 0.9445 -0.0156 -0.3281
vn 0.7428 -0.5561 -0.3727
vn 0.7878 0.6050 -0.1151
vn 0.9331 0.0168 0.3592
vn 0.8115 -0.5610 0.1635
vn 0.7377 0.5230 0.4270
vn 0.5124 0.0344 0.8581
vn 0.4685 -0.6413 0.6076
vn 0.3907 0.5233 0.7573
vn -0.3338 0.0088 0.9426
vn -0.2703 -0.6959 0.6654
vn -0.2337 0.5463 0.8043
vn -0.9445 0.0156 0.3281
vn -0.7880 -0.6049 0.1151
vn -0.7428 0.5561 0.3727
vn -0.8115 0.5610 -0.1634
vn -0.9331 -0.0168 -0.3592
vn -0.7376 -0.5231 -0.4270
vn 0.0068 -0.9632 -0.2687
vn -0.8428 -0.4840 -0.2352
vn -0.6050 -0.5397 -0.5853
vn -0.9937 -0.0084 -0.1114
vn -0.8692 0.4919 0.0508
vn -0.6794 0.6385 -0.3616
vn -0.7675 -0.0304 -0.6403
vn -0.0070 0.9632 0.2688
vn 0.1435 -0.5697 -0.8092
vn 0.1431 0.7474 -0.6488
vn 0.1735 0.0267 -0.9845
vn 0.7364 -0.5295 -0.4211
vn 0.7972 0.5840 -0.1530
vn 0.9207 -0.0281 -0.3893
vn 0.8689 -0.4924 -0.0510
vn 0.8429 0.4839 0.2352
vn 0.9937 0.0085 0.1115
vn 0.6053 0.5396 0.5852
vn 0.6792 -0.6387 0.3616
vn 0.7675 0.0304 0.6403
vn -0.1736 -0.0266 0.9845
vn -0.1431 -0.7474 0.6488
vn -0.1432 0.5696 0.8093
vn -0.9207 0.0281 0.3893
vn -0.7970 -0.5842 0.1530
vn -0.7363 0.5297 0.4211
vn -0.8613 -0.0327 -0.5070
vn -0.7786 0.5554 -0.2921
vn -0.2411 0.7101 -0.6615
vn -0.2472 -0.0068 -0.9689
vn -0.6838 -0.5026 -0.5290
vn -0.2189 -0.5489 -0.8067
vn -0.0258 0.9664 0.2556
vn 0.0258 -0.9665 -0.2555
vn 0.7009 -0.0081 -0.7133
vn 0.5469 -0.5632 -0.6194
vn 0.5887 0.6854 -0.4285
vn 0.9999 -0.0052 0.0088
vn 0.8411 -0.5254 -0.1285
vn 0.8332 0.5278 0.1650
vn 0.6839 0.5026 0.5289
vn 0.8613 0.0327 0.5070
vn 0.7786 -0.5554 0.2921
vn 0.2411 -0.7101 0.6616
vn 0.2190 0.5490 0.8066
vn 0.2473 0.0067 0.9689
vn -0.5887 -0.6854 0.4285
vn -0.5469 0.5632 0.6195
vn -0.7008 0.0081 0.7133
vn -0.8332 -0.5277 -0.1650
vn -0.8411 0.5253 0.1285
vn -0.9999 0.0052 -0.0088
vn -0.4444 -0.5211 -0.7287
vn -0.5812 -0.0358 -0.8130
vn 0.2528 -0.0062 -0.9675
vn 0.1698 -0.5473 -0.8195
vn -0.5310 0.6301 -0.5665
vn -0.0223 0.9707 0.2393
vn 0.1972 0.7027 -0.6836
vn 0.0224 -0.9707 -0.2393
vn 0.7719 0.6152 -0.1602
vn 0.7225 -0.5568 -0.4099
vn 0.9230 -0.0168 -0.3844
vn 0.9517 0.0141 0.3067
vn 0.8249 -0.5528 0.1182
vn 0.7589 0.5217 0.3897
vn 0.5811 0.0358 0.8130
vn 0.5310 -0.6301 0.5665
vn 0.4444 0.5210 0.7287
vn -0.2528 0.0062 0.9675
vn -0.1971 -0.7027 0.6836
vn -0.1699 0.5473 0.8195
vn -0.9230 0.0168 0.3844
vn -0.7718 -0.6153 0.1601
vn -0.7225 0.5567 0.4098
vn -0.9517 -0.0141 -0.3067
vn -0.7588 -0.5218 -0.3898
vn -0.8250 0.5526 -0.1182
vn -0.8654 -0.5006 0.0219
vn -0.9804 0.0147 0.1966
vn -0.9545 -0.0241 -0.2973
vn -0.7716 -0.5261 -0.3575
vn -0.8201 0.4857 0.3026
vn 0.0125 0.9635 0.2675
vn -0.8201 0.5668 -0.0786
vn -0.0125 -0.9635 -0.2674
vn -0.2509 0.7401 -0.6239
vn -0.2475 -0.5687 -0.7844
vn -0.3030 0.0211 -0.9528
vn 0.6801 -0.0273 -0.7327
vn 0.5384 -0.5429 -0.6445
vn 0.6082 0.6595 -0.4418
vn 0.9804 -0.0147 -0.1966
vn 0.8201 -0.4858 -0.3026
vn 0.8655 0.5004 -0.0219
vn 0.9545 0.0241 0.2973
vn 0.8202 -0.5667 0.0786
vn 0.7715 0.5262 0.3575
vn 0.3030 -0.0211 0.9528
vn 0.2505 -0.7402 0.6240
vn 0.2477 0.5686 0.7844
vn -0.6800 0.0273 0.7327
vn -0.6087 -0.6591 0.4418
vn -0.5382 0.5429 0.6446
vn -0.8686 -0.4951 -0.0217
vn -0.9893 0.0110 0.1458
vn -0.9357 -0.0267 -0.3518
vn -0.7513 -0.5283 -0.3955
vn -0.8344 0.4845 0.2627
vn 0.0091 0.9633 0.2683
vn -0.8078 0.5765 -0.1225
vn -0.0094 -0.9633 -0.2684
vn -0.1869 0.7448 -0.6406
vn -0.1862 -0.5693 -0.8008
vn -0.2262 0.0247 -0.9738
vn 0.7342 -0.0295 -0.6782
vn 0.5791 -0.5412 -0.6097
vn 0.6526 0.6470 -0.3943
vn 0.9893 -0.0111 -0.1458
vn 0.8343 -0.4847 -0.2628
vn 0.8685 0.4953 0.0216
vn 0.9357 0.0266 0.3518
vn 0.8077 -0.5768 0.1225
vn 0.7515 0.5281 0.3954
vn 0.2261 -0.0247 0.9738
vn 0.1867 -0.7449 0.6405
vn 0.1862 0.5693 0.8008
vn -0.7343 0.0295 0.6782
vn -0.6527 -0.6469 0.3942
vn -0.5793 0.5411 0.6097
vn -0.0227 -0.9651 -0.2609
vn -0.8235 -0.5324 0.1959
vn -0.8262 -0.5232 -0.2092
vn -0.9172 0.0275 0.3975
vn -0.7414 0.4955 0.4524
vn -0.8393 0.5373 0.0832
vn -0.9954 -0.0122 -0.0949
vn 0.0226 0.9651 0.2609
vn -0.4575 -0.5654 -0.6863
vn -0.4851 0.7086 -0.5124
vn -0.5793 0.0017 -0.8151
vn 0.3436 -0.5479 -0.7628
vn 0.3845 0.6986 -0.6034
vn 0.4146 -0.0136 -0.9099
vn 0.7413 -0.4956 -0.4525
vn 0.8234 0.5325 -0.1959
vn 0.9172 -0.0276 -0.3975
vn 0.8394 -0.5372 -0.0832
vn 0.8261 0.5232 0.2092
vn 0.9954 0.0122 0.0949
vn 0.4578 0.5653 0.6862
vn 0.4850 -0.7086 0.5125
vn 0.5793 -0.0016 0.8151
vn -0.4146 0.0137 0.9099
vn -0.3846 -0.6984 0.6035
vn -0.3434 0.5479 0.7628
vn -0.6552 -0.6001 0.4590
vn -0.7187 0.0370 0.6943
vn -0.9827 0.0067 0.1848
vn -0.8432 -0.5374 0.0150
vn -0.5558 0.5146 0.6529
vn 0.0261 0.9690 0.2455
vn -0.7990 0.5210 0.3004
vn -0.0261 -0.9691 -0.2455
vn -0.8547 -0.0170 -0.5189
vn -0.6642 -0.5591 -0.4962
vn -0.7175 0.6425 -0.2689
vn -0.0528 -0.0027 -0.9986
vn -0.0126 -0.5488 -0.8358
vn -0.0195 0.7127 -0.7012
vn 0.7187 -0.0370 -0.6943
vn 0.5559 -0.5145 -0.6529
vn 0.6552 0.6000 -0.4590
vn 0.8431 0.5375 -0.0150
vn 0.9827 -0.0067 -0.1849
vn 0.7990 -0.5210 -0.3004
vn 0.7176 -0.6424 0.2690
vn 0.6641 0.5592 0.4963
vn 0.8546 0.0170 0.5189
vn 0.0195 -0.7126 0.7013
vn 0.0126 0.5488 0.8358
vn 0.0527 0.0027 0.9986
vn -0.1996 -0.5279 -0.8255
vn -0.2625 -0.0287 -0.9645
vn 0.5624 -0.0178 -0.8267
vn 0.4132 -0.5420 -0.7318
vn -0.2396 0.6679 -0.7046
vn -0.0108 0.9727 0.2318
vn 0.4805 0.6657 -0.5710
vn 0.0107 -0.9727 -0.2318
vn 0.7905 -0.5571 -0.2546
vn 0.8151 0.5790 0.0205
vn 0.9877 -0.0086 -0.1563
vn 0.6536 0.5294 0.5409
vn 0.7428 -0.5936 0.3096
vn 0.8497 0.0227 0.5269
vn 0.2624 0.0288 0.9645
vn 0.2395 -0.6679 0.7047
vn 0.1995 0.5280 0.8255
vn -0.5624 0.0178 0.8266
vn -0.4804 -0.6657 0.5710
vn -0.4132 0.5419 0.7318
vn -0.9877 0.0086 0.1563
vn -0.8151 -0.5789 -0.0205
vn -0.7904 0.5571 0.2547
vn -0.8496 -0.0226 -0.5269
vn -0.6537 -0.5293 -0.5409
vn -0.7428 0.5936 -0.3096
vn 0.0091 -0.9728 -0.2314
vn -0.1695 -0.5284 -0.8319
vn 0.4361 -0.5412 -0.7189
vn -0.2230 -0.0280 -0.9744
vn -0.2033 0.6704 -0.7136
vn 0.5075 0.6605 -0.5534
vn 0.5915 -0.0189 -0.8061
vn -0.0092 0.9728 0.2314
vn 0.8164 0.5761 0.0396
vn 0.9912 -0.0073 -0.1319
vn 0.7954 -0.5577 -0.2372
vn 0.7292 -0.5990 0.3310
vn 0.6392 0.5303 0.5569
vn 0.8340 0.0231 0.5513
vn 0.2032 -0.6704 0.7136
vn 0.1694 0.5283 0.8320
vn 0.2229 0.0281 0.9744
vn -0.5076 -0.6603 0.5535
vn -0.4364 0.5412 0.7188
vn -0.5916 0.0190 0.8060
vn -0.8164 -0.5761 -0.0396
vn -0.7954 0.5577 0.2372
vn -0.9912 0.0073 0.1318
vn -0.7292 0.5988 -0.3310
vn -0.6390 -0.5305 -0.5570
vn -0.8340 -0.0231 -0.5513
vn -0.0832 -0.5290 -0.8445
vn -0.1092 -0.0266 -0.9937
vn 0.6671 -0.0217 -0.7446
vn 0.4968 -0.5388 -0.6804
vn -0.0997 0.6750 -0.7310
vn -0.0046 0.9731 0.2304
vn 0.5775 0.6450 -0.5005
vn 0.0045 -0.9731 -0.2304
vn 0.9980 -0.0037 -0.0638
vn 0.8068 -0.5602 -0.1878
vn 0.8171 0.5691 0.0920
vn 0.7844 0.0236 0.6198
vn 0.6851 -0.6146 0.3912
vn 0.5949 0.5334 0.6013
vn 0.1092 0.0266 0.9937
vn 0.0994 -0.6750 0.7310
vn 0.0831 0.5290 0.8445
vn -0.6671 0.0216 0.7447
vn -0.5777 -0.6448 0.5004
vn -0.4967 0.5387 0.6805
vn -0.8066 0.5604 0.1879
vn -0.9980 0.0036 0.0638
vn -0.8170 -0.5692 -0.0921
vn -0.5950 -0.5334 -0.6013
vn -0.6850 0.6146 -0.3912
vn -0.7844 -0.0236 -0.6197
vn -0.8401 0.5221 -0.1474
vn -0.0204 0.9645 0.2632
vn -0.4532 0.6897 -0.5648
vn 0.0203 -0.9645 -0.2631
vn -0.7666 -0.4923 -0.4122
vn -0.4020 -0.5470 -0.7343
vn -0.9395 -0.0243 -0.3418
vn -0.4949 -0.0177 -0.8688
vn 0.4056 -0.5663 -0.7175
vn 0.4247 0.7191 -0.5500
vn 0.5088 0.0073 -0.8608
vn 0.8145 -0.5235 -0.2502
vn 0.8382 0.5439 0.0401
vn 0.9887 -0.0157 -0.1490
vn 0.7665 0.4924 0.4123
vn 0.8401 -0.5220 0.1474
vn 0.9394 0.0244 0.3418
vn 0.4949 0.0178 0.8688
vn 0.4530 -0.6897 0.5648
vn 0.4022 0.5469 0.7342
vn -0.5088 -0.0073 0.8609
vn -0.4248 -0.7191 0.5500
vn -0.4055 0.5663 0.7175
vn -0.9887 0.0157 0.1491
vn -0.8382 -0.5438 -0.0401
vn -0.8146 0.5234 0.2501
vn 0.0049 -0.9631 -0.2691
vn -0.8504 -0.4843 -0.2056
vn -0.6312 -0.5380 -0.5587
vn -0.9972 -0.0056 -0.0744
vn -0.8682 0.4894 0.0821
vn -0.7057 0.6289 -0.3262
vn -0.8004 -0.0311 -0.5987
vn -0.0048 0.9631 0.2691
vn 0.1161 0.0281 -0.9928
vn 0.0962 -0.5699 -0.8161
vn 0.0955 0.7493 -0.6553
vn 0.7838 0.5924 -0.1863
vn 0.9022 -0.0294 -0.4303
vn 0.7187 -0.5312 -0.4487
vn 0.8683 -0.4893 -0.0821
vn 0.8505 0.4842 0.2055
vn 0.9972 0.0057 0.0745
vn 0.7057 -0.6289 0.3262
vn 0.6310 0.5382 0.5588
vn 0.8004 0.0311 0.5987
vn -0.0956 -0.7492 0.6554
vn -0.0964 0.5700 0.8160
vn -0.1162 -0.0282 0.9928
vn -0.7838 -0.5924 0.1863
vn -0.7185 0.5313 0.4488
vn -0.9022 0.0294 0.4303
vn -0.6639 -0.5048 -0.5517
vn -0.8406 -0.0340 -0.5405
vn -0.1945 -0.0052 -0.9809
vn -0.1791 -0.5491 -0.8164
vn -0.7613 0.5630 -0.3217
vn -0.0263 0.9669 0.2538
vn -0.1958 0.7120 -0.6744
vn 0.0264 -0.9669 -0.2538
vn 0.7332 -0.0104 -0.6799
vn 0.5708 -0.5625 -0.5982
vn 0.6162 0.6779 -0.4010
vn 0.9992 -0.0030 0.0401
vn 0.8438 -0.5266 -0.1035
vn 0.8294 0.5256 0.1894
vn 0.8406 0.0340 0.5406
vn 0.7613 -0.5630 0.3216
vn 0.6639 0.5048 0.5518
vn 0.1945 0.0052 0.9809
vn 0.1957 -0.7121 0.6742
vn 0.1789 0.5491 0.8164
vn -0.7332 0.0105 0.6799
vn -0.6161 -0.6780 0.4009
vn -0.5708 0.5624 0.5982
vn -0.8437 0.5268 0.1037
vn -0.9992 0.0030 -0.0401
vn -0.8293 -0.5258 -0.1895
vn -0.0041 -0.9631 -0.2692
vn -0.8676 -0.4885 -0.0927
vn -0.7122 -0.5318 -0.4581
vn -0.9981 0.0047 0.0618
vn -0.8529 0.4842 0.1952
vn -0.7787 0.5954 -0.1979
vn -0.8953 -0.0297 -0.4444
vn 0.0040 0.9631 0.2692
vn -0.0802 -0.5700 -0.8177
vn -0.0794 0.7497 -0.6570
vn -0.0966 0.0286 -0.9949
vn 0.6395 -0.5376 -0.5496
vn 0.7140 0.6258 -0.3141
vn 0.8108 -0.0312 -0.5844
vn 0.8529 -0.4843 -0.1952
vn 0.8676 0.4886 0.0928
vn 0.9981 -0.0047 -0.0618
vn 0.7123 0.5318 0.4581
vn 0.7787 -0.5953 0.1979
vn 0.8953 0.0297 0.4444
vn 0.0965 -0.0286 0.9949
vn 0.0794 -0.7497 0.6570
vn 0.0803 0.5700 0.8177
vn -0.8108 0.0312 0.5844
vn -0.7140 -0.6257 0.3142
vn -0.6394 0.5377 0.5496
vn -0.0922 0.0265 0.9954
vn -0.0701 0.5292 0.8456
vn -0.5880 0.5339 0.6077
vn -0.7764 0.0237 0.6298
vn -0.0841 -0.6754 0.7327
vn -0.6778 -0.6170 0.4000
vn 0.0038 0.9731 0.2303
vn -0.0039 -0.9731 -0.2303
vn -0.9985 -0.0031 -0.0538
vn -0.8080 -0.5608 -0.1805
vn -0.8169 0.5681 0.0997
vn -0.6775 -0.0219 -0.7352
vn -0.5053 -0.5383 -0.6744
vn -0.5872 0.6425 -0.4923
vn 0.0839 0.6754 -0.7326
vn 0.0921 -0.0265 -0.9954
vn 0.0701 -0.5290 -0.8457
vn 0.5880 -0.5338 -0.6077
vn 0.6777 0.6169 -0.4001
vn 0.7764 -0.0236 -0.6298
vn 0.8168 -0.5683 -0.0996
vn 0.8081 0.5607 0.1805
vn 0.9985 0.0031 0.0538
vn 0.5871 -0.6426 0.4923
vn 0.5053 0.5383 0.6745
vn 0.6775 0.0220 0.7352
vn -0.4819 -0.5192 -0.7059
vn -0.6284 -0.0366 -0.7770
vn 0.1906 -0.0046 -0.9817
vn 0.1211 -0.5479 -0.8278
vn -0.5741 0.6209 -0.5338
vn -0.0239 0.9702 0.2411
vn 0.1415 0.7068 -0.6931
vn 0.0239 -0.9702 -0.2412
vn 0.7574 0.6234 -0.1941
vn 0.7058 -0.5574 -0.4373
vn 0.9042 -0.0174 -0.4267
vn 0.9634 0.0118 0.2679
vn 0.8327 -0.5472 0.0851
vn 0.7731 0.5210 0.3618
vn 0.6283 0.0365 0.7771
vn 0.5739 -0.6210 0.5339
vn 0.4819 0.5193 0.7058
vn -0.1907 0.0046 0.9816
vn -0.1416 -0.7068 0.6931
vn -0.1210 0.5478 0.8278
vn -0.9042 0.0174 0.4267
vn -0.7573 -0.6235 0.1942
vn -0.7057 0.5574 0.4373
vn -0.9634 -0.0119 -0.2679
vn -0.7730 -0.5211 -0.3618
vn -0.8328 0.5470 -0.0851
vn 0.0265 -0.9683 -0.2482
vn -0.5952 -0.5114 -0.6198
vn -0.0525 -0.5491 -0.8341
vn -0.7647 -0.0365 -0.6434
vn -0.6958 0.5875 -0.4132
vn -0.0533 0.7140 -0.6981
vn -0.0301 -0.0026 -0.9995
vn -0.0265 0.9683 0.2482
vn 0.6358 -0.5603 -0.5310
vn 0.6881 0.6543 -0.3136
vn 0.8190 -0.0157 -0.5736
vn 0.8458 -0.5329 -0.0255
vn 0.8115 0.5216 0.2634
vn 0.9907 0.0036 0.1361
vn 0.6957 -0.5876 0.4132
vn 0.5954 0.5114 0.6197
vn 0.7647 0.0365 0.6433
vn 0.0532 -0.7141 0.6981
vn 0.0523 0.5490 0.8342
vn 0.0302 0.0027 0.9995
vn -0.6359 0.5602 0.5309
vn -0.6882 -0.6542 0.3137
vn -0.8189 0.0157 0.5737
vn -0.9907 -0.0035 -0.1361
vn -0.8115 -0.5216 -0.2635
vn -0.8458 0.5329 0.0255
vn -0.6097 -0.6124 0.5032
vn -0.6681 0.0369 0.7432
vn -0.9724 0.0098 0.2331
vn -0.8380 -0.5428 0.0555
vn -0.5141 0.5173 0.6842
vn 0.0249 0.9697 0.2429
vn -0.7846 0.5209 0.3363
vn -0.0248 -0.9697 -0.2429
vn -0.8851 -0.0175 -0.4651
vn -0.6893 -0.5580 -0.4620
vn -0.7424 0.6310 -0.2252
vn -0.1335 -0.0035 -0.9910
vn -0.0761 -0.5484 -0.8328
vn -0.0909 0.7098 -0.6985
vn 0.6681 -0.0369 -0.7432
vn 0.5140 -0.5174 -0.6842
vn 0.6100 0.6123 -0.5030
vn 0.8380 0.5428 -0.0555
vn 0.9724 -0.0098 -0.2331
vn 0.7847 -0.5208 -0.3362
vn 0.7422 -0.6312 0.2252
vn 0.6893 0.5581 0.4620
vn 0.8851 0.0175 0.4651
vn 0.0909 -0.7098 0.6985
vn 0.0760 0.5483 0.8328
vn 0.1335 0.0036 0.9910
vn -0.1240 -0.0268 -0.9919
vn -0.1131 0.6745 -0.7296
vn 0.5690 0.6470 -0.5076
vn 0.6579 -0.0213 -0.7528
vn -0.0943 -0.5290 -0.8434
vn 0.4894 -0.5390 -0.6855
vn -0.0052 0.9731 0.2305
vn 0.0051 -0.9731 -0.2304
vn 0.9974 -0.0041 -0.0726
vn 0.8054 -0.5600 -0.1943
vn 0.8172 0.5700 0.0853
vn 0.7912 0.0237 0.6110
vn 0.6911 -0.6126 0.3836
vn 0.6009 0.5331 0.5956
vn 0.0942 0.5289 0.8434
vn 0.1240 0.0268 0.9919
vn 0.1131 -0.6745 0.7295
vn -0.5690 -0.6470 0.5076
vn -0.4895 0.5390 0.6855
vn -0.6579 0.0214 0.7528
vn -0.8173 -0.5699 -0.0853
vn -0.8054 0.5600 0.1942
vn -0.9974 0.0041 0.0726
vn -0.6010 -0.5330 -0.5956
vn -0.6912 0.6125 -0.3835
vn -0.7912 -0.0237 -0.6111
vn -0.2116 -0.0885 -0.9733
vn -0.9618 0.2679 -0.0563
vn -0.0351 0.9966 0.0750
vn 0.4637 0.3828 -0.7990
vn 0.3364 0.3411 0.8777
vn 0.9786 -0.0338 -0.2028
vn 0.2116 0.0886 0.9733
vn 0.9618 -0.2679 0.0563
vn -0.4637 -0.3828 0.7990
vn 0.0352 -0.9966 -0.0751
vn -0.9786 0.0338 0.2028
vn -0.3365 -0.3411 -0.8777
vn 0.2116 -0.0885 -0.9733
vn 0.9618 0.2679 -0.0563
vn 0.9786 0.0338 0.2028
vn 0.3365 -0.3411 -0.8777
vn 0.4637 -0.3828 0.7990
vn -0.0352 -0.9966 -0.0751
vn -0.2116 0.0886 0.9733
vn -0.9618 -0.2679 0.0563
vn -0.3365 0.3411 0.8777
vn -0.9786 -0.0338 -0.2028
vn 0.0351 0.9966 0.0750
vn -0.4637 0.3828 -0.7990
vn -0.0000 -0.0706 -0.9975
vn -0.0000 0.3186 -0.9479
vn 0.8071 0.2474 -0.5361
vn 0.8017 -0.0499 -0.5957
vn -0.0000 -0.3264 -0.9452
vn 0.7387 -0.2883 -0.6092
vn -0.0000 0.9996 0.0290
vn -0.0000 -0.9996 -0.0289
vn 1.0000 -0.0000 -0.0000
vn 0.9715 -0.2279 -0.0655
vn 0.9715 0.2279 0.0655
vn 0.8017 0.0499 0.5957
vn 0.8070 -0.2475 0.5361
vn 0.7387 0.2883 0.6092
vn -0.0000 0.3264 0.9452
vn -0.0000 0.0706 0.9975
vn -0.0000 -0.3186 0.9479
vn -0.8070 -0.2475 0.5361
vn -0.7387 0.2883 0.6092
vn -0.8017 0.0499 0.5957
vn -0.9715 -0.2279 -0.0655
vn -0.9715 0.2279 0.0655
vn -1.0000 -0.0000 -0.0000
vn -0.7387 -0.2883 -0.6092
vn -0.8071 0.2475 -0.5361
vn -0.8017 -0.0499 -0.5957
vn 0.8071 0.2475 -0.5361
vn -0.8071 0.2474 -0.5361
vn -0.0000 -0.9997 0.0252
vn -0.0000 -0.2278 -0.9737
vn 0.8807 -0.1809 -0.4377
vn -0.0000 0.1804 -0.9836
vn 0.9143 0.1286 -0.3841
vn -0.0000 0.9997 -0.0253
vn 0.9143 -0.1286 0.3841
vn 0.8807 0.1809 0.4378
vn -0.0000 -0.1804 0.9836
vn -0.0000 0.2278 0.9737
vn -0.9143 -0.1286 0.3841
vn -0.8807 0.1809 0.4378
vn -0.8807 -0.1809 -0.4377
vn -0.9143 0.1286 -0.3841
vn -0.1661 -0.0989 -0.9811
vn -0.9832 0.1816 -0.0163
vn -0.1206 0.9897 0.0772
vn 0.3681 0.4556 -0.8105
vn 0.2733 0.3813 0.8831
vn 0.9874 0.0154 -0.1574
vn 0.1661 0.0989 0.9811
vn 0.9832 -0.1816 0.0162
vn -0.3681 -0.4557 0.8105
vn 0.1207 -0.9897 -0.0773
vn -0.9874 -0.0154 0.1574
vn -0.2733 -0.3813 -0.8831
vn 0.1661 -0.0989 -0.9811
vn 0.9832 0.1817 -0.0163
vn 0.9874 -0.0154 0.1574
vn 0.2733 -0.3813 -0.8831
vn 0.3681 -0.4557 0.8105
vn -0.1207 -0.9897 -0.0773
vn -0.1661 0.0989 0.9811
vn -0.9832 -0.1817 0.0162
vn -0.2733 0.3813 0.8831
vn -0.9874 0.0154 -0.1574
vn 0.1206 0.9897 0.0772
vn -0.3681 0.4556 -0.8105
vn -0.4390 -0.0203 -0.8983
vn -0.9241 0.1782 0.3380
vn -0.0937 0.9471 0.3070
vn 0.1631 0.6750 -0.7196
vn 0.4674 0.2571 0.8458
vn 0.9140 0.0183 -0.4052
vn 0.4390 0.0204 0.8983
vn 0.9241 -0.1782 -0.3380
vn -0.1631 -0.6750 0.7195
vn 0.0938 -0.9471 -0.3070
vn -0.9140 -0.0183 0.4053
vn -0.4674 -0.2571 -0.8458
vn 0.4390 -0.0203 -0.8983
vn 0.9241 0.1782 0.3380
vn 0.9140 -0.0183 0.4053
vn 0.4674 -0.2572 -0.8458
vn 0.1631 -0.6750 0.7195
vn -0.0938 -0.9471 -0.3070
vn -0.4390 0.0204 0.8982
vn -0.9241 -0.1782 -0.3380
vn -0.4674 0.2571 0.8458
vn -0.9140 0.0183 -0.4052
vn 0.0937 0.9471 0.3070
vn -0.1631 0.6750 -0.7196
vn 0.2208 -0.0155 -0.9752
vn -0.9212 -0.1190 -0.3704
vn -0.9548 0.2536 -0.1549
vn 0.0435 0.7453 -0.6653
vn -0.4255 0.3891 0.8171
vn 0.4090 0.8705 0.2738
vn -0.2208 0.0155 0.9752
vn 0.9212 0.1190 0.3704
vn -0.0435 -0.7453 0.6653
vn 0.9548 -0.2536 0.1549
vn -0.4091 -0.8705 -0.2738
vn 0.4255 -0.3890 -0.8171
vn -0.2208 -0.0155 -0.9752
vn 0.9212 -0.1190 -0.3704
vn 0.4091 -0.8705 -0.2738
vn -0.4255 -0.3891 -0.8171
vn 0.0435 -0.7453 0.6653
vn -0.9548 -0.2536 0.1549
vn 0.2208 0.0155 0.9752
vn -0.9212 0.1190 0.3704
vn 0.4255 0.3891 0.8171
vn -0.4090 0.8705 0.2738
vn 0.9548 0.2536 -0.1549
vn -0.0435 0.7453 -0.6653
vn -0.9548 0.2536 -0.1548
vn 0.4091 0.8705 0.2738
vn -0.4091 -0.8704 -0.2738
vn 0.4091 -0.8704 -0.2738
vn -0.4255 -0.3890 -0.8171
vn 0.0435 -0.7454 0.6653
vn -0.4091 0.8705 0.2738
vn 0.9548 0.2536 -0.1548
vn -0.9548 0.2535 -0.1549
vn -0.4255 0.3891 0.8170
vn -0.2208 0.0154 0.9752
vn -0.4090 -0.8705 -0.2738
vn 0.4255 -0.3891 -0.8171
vn 0.4090 -0.8705 -0.2738
vn 0.2208 0.0154 0.9752
vn 0.4255 0.3891 0.8170
vn 0.9548 0.2535 -0.1549
vn 0.0435 0.7454 -0.6652
vn 0.4091 0.8704 0.2738
vn -0.4091 0.8704 0.2738
vn -0.0435 0.7454 -0.6652
vn 0.4318 -0.7840 0.4460
vn 0.5184 0.4054 0.7529
vn -0.8592 -0.0052 0.5117
vn 0.5124 -0.3525 0.7830
vn 0.4382 0.8228 0.3620
vn -0.8535 0.0816 0.5147
vn 0.4424 -0.8291 -0.3419
vn -0.8531 -0.0943 -0.5132
vn 0.5091 0.3364 -0.7923
vn 0.4308 0.7848 -0.4455
vn 0.5172 -0.4035 -0.7548
vn -0.8599 0.0028 -0.5104
vn -0.4317 -0.7840 0.4460
vn 0.8591 -0.0051 0.5117
vn -0.5184 0.4053 0.7529
vn -0.4385 0.8227 0.3618
vn -0.5126 -0.3528 0.7828
vn 0.8533 0.0818 0.5150
vn -0.4425 -0.8290 -0.3419
vn -0.5090 0.3365 -0.7923
vn 0.8531 -0.0944 -0.5132
vn -0.4307 0.7849 -0.4455
vn 0.8599 0.0026 -0.5104
vn -0.5173 -0.4034 -0.7547
vn 0.4861 -0.8370 -0.2511
vn 0.4862 -0.8375 -0.2494
vn -0.8721 -0.4547 -0.1805
vn -0.8721 -0.4539 -0.1827
vn 0.6386 0.0596 0.7672
vn 0.6387 0.0616 0.7670
vn -0.7682 0.0679 0.6366
vn -0.7682 0.0659 0.6368
vn 0.4867 0.8367 0.2510
vn 0.4866 0.8374 0.2490
vn -0.8719 0.4551 0.1809
vn -0.8718 0.4545 0.1829
vn 0.6391 -0.0590 -0.7669
vn 0.6394 -0.0609 -0.7665
vn -0.7676 -0.0685 -0.6373
vn -0.7678 -0.0666 -0.6372
vn 0.0010 -0.9046 -0.4262
vn -0.0010 -0.9046 -0.4262
vn -0.0010 0.4245 -0.9054
vn 0.0010 0.4245 -0.9054
vn -0.0010 0.8517 -0.5240
vn 0.0010 0.8517 -0.5240
vn 0.0010 -0.5224 -0.8527
vn -0.0010 -0.5224 -0.8527
vn 0.7678 -0.0666 -0.6372
vn 0.7676 -0.0685 -0.6373
vn -0.6394 -0.0609 -0.7665
vn -0.6391 -0.0588 -0.7669
vn -0.4862 -0.8375 -0.2494
vn -0.4861 -0.8370 -0.2511
vn 0.8721 -0.4539 -0.1826
vn 0.8721 -0.4547 -0.1806
vn -0.4866 0.8373 0.2491
vn -0.4867 0.8367 0.2510
vn 0.8718 0.4545 0.1828
vn 0.8719 0.4552 0.1808
vn -0.6387 0.0616 0.7670
vn -0.6386 0.0595 0.7672
vn 0.7682 0.0659 0.6368
vn 0.7682 0.0679 0.6366
vn -0.0010 -0.8512 0.5249
vn 0.0010 -0.8512 0.5249
vn 0.0010 0.5233 0.8522
vn -0.0010 0.5233 0.8522
vn 0.0010 0.9050 0.4254
vn -0.0010 0.9050 0.4254
vn -0.0010 -0.4237 0.9058
vn 0.0010 -0.4237 0.9058
vn -0.0009 -0.9481 -0.3180
vn 0.0010 -0.9481 -0.3180
vn 0.0010 -0.9487 -0.3162
vn -0.0010 -0.9487 -0.3162
vn -1.0000 -0.0011 0.0009
vn -1.0000 0.0009 0.0011
vn -1.0000 0.0011 -0.0009
vn -1.0000 -0.0009 -0.0011
vn 0.0010 0.0894 0.9960
vn 0.0010 0.0914 0.9958
vn -0.0010 0.0914 0.9958
vn -0.0010 0.0894 0.9960
vn 0.0010 0.9487 0.3162
vn -0.0009 0.9487 0.3162
vn -0.0010 0.9481 0.3180
vn 0.0010 0.9481 0.3180
vn -0.0010 -0.0914 -0.9958
vn -0.0010 -0.0895 -0.9960
vn 0.0010 -0.0894 -0.9960
vn 0.0010 -0.0914 -0.9958
vn 1.0000 -0.0009 -0.0011
vn 1.0000 0.0011 -0.0009
vn 1.0000 0.0009 0.0011
vn 1.0000 -0.0011 0.0009
vn -0.3711 -0.9157 0.1544
vn -0.2208 0.2506 0.9426
vn -0.8725 0.4600 -0.1648
vn -0.2184 -0.3811 0.8984
vn -0.3187 0.9394 0.1262
vn -0.9529 -0.2702 -0.1377
vn -0.3073 -0.9402 -0.1467
vn -0.9592 0.2754 0.0632
vn -0.1523 0.3758 -0.9141
vn -0.3610 0.9150 -0.1800
vn -0.1492 -0.2551 -0.9553
vn -0.8823 -0.4605 0.0975
vn 0.3600 -0.9161 0.1763
vn 0.8824 0.4604 -0.0972
vn 0.1514 0.2513 0.9560
vn 0.3027 0.9422 0.1439
vn 0.1505 -0.3716 0.9161
vn 0.9602 -0.2732 -0.0580
vn 0.3231 -0.9378 -0.1275
vn 0.2179 0.3815 -0.8983
vn 0.9511 0.2751 0.1403
vn 0.3777 0.9125 -0.1569
vn 0.8686 -0.4662 0.1680
vn 0.2204 -0.2517 -0.9424
vn -0.4512 -0.8689 -0.2037
vn -0.4514 -0.8694 -0.2008
vn -0.8912 0.4527 0.0289
vn -0.8910 0.4533 0.0260
vn -0.2147 0.0049 0.9767
vn -0.2146 0.0066 0.9767
vn -0.9751 0.0659 -0.2117
vn -0.9754 0.0616 -0.2118
vn -0.4648 0.8661 0.1837
vn -0.4651 0.8667 0.1805
vn -0.8866 -0.4553 -0.0818
vn -0.8866 -0.4556 -0.0792
vn -0.1366 -0.0100 -0.9906
vn -0.1365 -0.0116 -0.9906
vn -0.9886 -0.0691 0.1340
vn -0.9889 -0.0647 0.1341
vn 0.0128 -0.9384 -0.3453
vn 0.0098 -0.9384 -0.3453
vn 0.0592 0.3425 -0.9377
vn 0.0621 0.3427 -0.9374
vn 0.0430 0.9204 -0.3886
vn 0.0460 0.9204 -0.3882
vn 0.0561 -0.3879 -0.9200
vn 0.0531 -0.3876 -0.9203
vn 0.9753 -0.0629 0.2117
vn 0.9752 -0.0645 0.2118
vn 0.2146 -0.0079 -0.9767
vn 0.2148 -0.0036 -0.9767
vn 0.4633 -0.8676 -0.1806
vn 0.4632 -0.8669 -0.1839
vn 0.8875 0.4540 0.0788
vn 0.8875 0.4536 0.0814
vn 0.4515 0.8695 0.2004
vn 0.4512 0.8689 0.2037
vn 0.8910 -0.4533 -0.0260
vn 0.8912 -0.4528 -0.0286
vn 0.1379 0.0130 0.9904
vn 0.1377 0.0088 0.9904
vn 0.9886 0.0658 -0.1351
vn 0.9885 0.0676 -0.1356
vn -0.0456 -0.9218 0.3850
vn -0.0427 -0.9216 0.3857
vn -0.0530 0.3848 0.9215
vn -0.0561 0.3846 0.9214
vn -0.0096 0.9384 0.3455
vn -0.0126 0.9385 0.3451
vn -0.0620 -0.3424 0.9375
vn -0.0590 -0.3427 0.9376
vn -0.0014 -0.9479 -0.3186
vn 0.0016 -0.9479 -0.3184
vn 0.0014 -0.9489 -0.3156
vn -0.0015 -0.9488 -0.3157
vn -0.9997 -0.0041 -0.0260
vn -0.9997 -0.0011 -0.0257
vn -0.9996 -0.0008 -0.0287
vn -0.9996 -0.0038 -0.0290
vn -0.0623 0.0887 0.9941
vn -0.0623 0.0918 0.9938
vn -0.0653 0.0918 0.9936
vn -0.0654 0.0887 0.9939
vn 0.0016 0.9488 0.3157
vn -0.0015 0.9489 0.3156
vn -0.0016 0.9479 0.3184
vn 0.0014 0.9479 0.3186
vn 0.0623 -0.0917 -0.9938
vn 0.0624 -0.0887 -0.9941
vn 0.0654 -0.0887 -0.9939
vn 0.0653 -0.0918 -0.9936
vn 0.9997 0.0011 0.0257
vn 0.9997 0.0042 0.0260
vn 0.9996 0.0038 0.0290
vn 0.9996 0.0008 0.0287
vn -0.3702 -0.9149 0.1612
vn -0.1999 0.2503 0.9473
vn -0.8748 0.4620 -0.1456
vn -0.2004 -0.3793 0.9033
vn -0.3183 0.9388 0.1315
vn -0.9543 -0.2740 -0.1191
vn -0.3147 -0.9385 -0.1418
vn -0.9567 0.2780 0.0860
vn -0.1706 0.3778 -0.9100
vn -0.3647 0.9149 -0.1733
vn -0.1652 -0.2529 -0.9533
vn -0.8800 -0.4614 0.1127
vn 0.3595 -0.9172 0.1717
vn 0.8825 0.4580 -0.1067
vn 0.1626 0.2504 0.9544
vn 0.3059 0.9416 0.1406
vn 0.1644 -0.3755 0.9121
vn 0.9600 -0.2698 -0.0746
vn 0.3184 -0.9387 -0.1322
vn 0.2031 0.3813 -0.9019
vn 0.9543 0.2730 0.1218
vn 0.3698 0.9147 -0.1629
vn 0.8755 -0.4607 0.1458
vn 0.1993 -0.2534 -0.9466
vn -0.4552 -0.8680 -0.1985
vn -0.4553 -0.8686 -0.1956
vn -0.8901 0.4538 0.0422
vn -0.8900 0.4543 0.0393
vn -0.1965 0.0046 0.9805
vn -0.1962 0.0089 0.9805
vn -0.9789 0.0655 -0.1935
vn -0.9790 0.0639 -0.1935
vn -0.4608 0.8672 0.1887
vn -0.4609 0.8678 0.1858
vn -0.8884 -0.4539 -0.0685
vn -0.8884 -0.4544 -0.0656
vn -0.1579 -0.0078 -0.9874
vn -0.1577 -0.0108 -0.9874
vn -0.9856 -0.0678 0.1552
vn -0.9858 -0.0648 0.1552
vn 0.0071 -0.9378 -0.3471
vn 0.0042 -0.9377 -0.3474
vn 0.0288 0.3447 -0.9383
vn 0.0318 0.3444 -0.9383
vn 0.0206 0.9201 -0.3911
vn 0.0236 0.9202 -0.3906
vn 0.0286 -0.3885 -0.9210
vn 0.0256 -0.3889 -0.9209
vn 0.9792 -0.0626 0.1928
vn 0.9789 -0.0671 0.1932
vn 0.1960 -0.0074 -0.9806
vn 0.1957 -0.0060 -0.9807
vn 0.4617 -0.8673 -0.1861
vn 0.4617 -0.8668 -0.1886
vn 0.8879 0.4553 0.0658
vn 0.8880 0.4545 0.0691
vn 0.4553 0.8686 0.1956
vn 0.4554 0.8679 0.1986
vn 0.8899 -0.4545 -0.0394
vn 0.8901 -0.4538 -0.0423
vn 0.1561 0.0108 0.9877
vn 0.1568 0.0076 0.9876
vn 0.9859 0.0651 -0.1541
vn 0.9858 0.0679 -0.1536
vn -0.0237 -0.9196 0.3921
vn -0.0207 -0.9196 0.3922
vn -0.0256 0.3900 0.9205
vn -0.0286 0.3900 0.9204
vn -0.0041 0.9380 0.3467
vn -0.0071 0.9380 0.3466
vn -0.0318 -0.3439 0.9385
vn -0.0288 -0.3439 0.9386
vn -0.0015 -0.9479 -0.3186
vn 0.0016 -0.9479 -0.3185
vn 0.0015 -0.9489 -0.3156
vn -0.0016 -0.9489 -0.3157
vn -0.9999 -0.0029 -0.0123
vn -0.9999 0.0001 -0.0120
vn -0.9999 0.0005 -0.0150
vn -0.9999 -0.0026 -0.0154
vn -0.0304 0.0889 0.9956
vn -0.0304 0.0919 0.9953
vn -0.0335 0.0919 0.9952
vn -0.0335 0.0889 0.9955
vn 0.0015 0.9489 0.3157
vn -0.0016 0.9479 0.3185
vn 0.0015 0.9479 0.3186
vn 0.0304 -0.0919 -0.9953
vn 0.0304 -0.0889 -0.9956
vn 0.0335 -0.0889 -0.9955
vn 0.0335 -0.0919 -0.9952
vn 0.9999 -0.0001 0.0120
vn 0.9999 0.0029 0.0123
vn 0.9999 0.0026 0.0154
vn 0.9999 -0.0005 0.0150
vn -0.3667 -0.9150 0.1681
vn -0.1838 0.2525 0.9500
vn -0.8777 0.4611 -0.1303
vn -0.1853 -0.3771 0.9074
vn -0.3129 0.9400 0.1358
vn -0.9567 -0.2732 -0.1001
vn -0.3174 -0.9381 -0.1383
vn -0.9556 0.2766 0.1011
vn -0.1835 0.3801 -0.9066
vn -0.3660 0.9160 -0.1643
vn -0.1861 -0.2483 -0.9506
vn -0.8773 -0.4621 0.1297
vn 0.3668 -0.9150 0.1679
vn 0.8777 0.4612 -0.1302
vn 0.1837 0.2524 0.9500
vn 0.3118 0.9403 0.1362
vn 0.1841 -0.3773 0.9076
vn 0.9572 -0.2722 -0.0983
vn 0.3174 -0.9382 -0.1384
vn 0.1836 0.3802 -0.9065
vn 0.9557 0.2765 0.1012
vn 0.3661 0.9160 -0.1641
vn 0.8773 -0.4622 0.1297
vn 0.1861 -0.2481 -0.9507
vn -0.4575 -0.8679 -0.1935
vn -0.4579 -0.8683 -0.1907
vn -0.8895 0.4536 0.0551
vn -0.8895 0.4539 0.0521
vn -0.1764 0.0068 0.9843
vn -0.1762 0.0098 0.9843
vn -0.9825 0.0669 -0.1736
vn -0.9827 0.0639 -0.1736
vn -0.4585 0.8673 0.1938
vn -0.4585 0.8680 0.1909
vn -0.8892 -0.4541 -0.0556
vn -0.8890 -0.4549 -0.0528
vn -0.1761 -0.0054 -0.9844
vn -0.1759 -0.0098 -0.9844
vn -0.9826 -0.0669 0.1732
vn -0.9827 -0.0652 0.1732
vn 0.0015 -0.9384 -0.3456
vn -0.0015 -0.9384 -0.3456
vn -0.0015 0.3428 -0.9394
vn 0.0015 0.3428 -0.9394
vn -0.0015 0.9215 -0.3884
vn 0.0015 0.9215 -0.3884
vn 0.0015 -0.3857 -0.9226
vn -0.0015 -0.3857 -0.9226
vn 0.9827 -0.0653 0.1732
vn 0.9826 -0.0669 0.1732
vn 0.1759 -0.0097 -0.9844
vn 0.1761 -0.0054 -0.9844
vn 0.4579 -0.8683 -0.1906
vn 0.4575 -0.8679 -0.1935
vn 0.8895 0.4540 0.0521
vn 0.8895 0.4536 0.0551
vn 0.4585 0.8680 0.1908
vn 0.4585 0.8673 0.1938
vn 0.8890 -0.4549 -0.0528
vn 0.8892 -0.4541 -0.0556
vn 0.1762 0.0097 0.9843
vn 0.1764 0.0068 0.9843
vn 0.9827 0.0639 -0.1736
vn 0.9825 0.0668 -0.1736
vn -0.0015 -0.9208 0.3901
vn 0.0015 -0.9208 0.3901
vn 0.0015 0.3874 0.9219
vn -0.0015 0.3874 0.9219
vn 0.0015 0.9375 0.3479
vn -0.0015 0.9375 0.3479
vn -0.0015 -0.3452 0.9385
vn 0.0015 -0.3452 0.9385
vn -0.0015 -0.9479 -0.3185
vn 0.0015 -0.9479 -0.3185
vn 0.0015 -0.9489 -0.3157
vn -0.0015 -0.9489 -0.3157
vn -1.0000 -0.0017 0.0013
vn -1.0000 0.0013 0.0017
vn -1.0000 0.0017 -0.0013
vn -1.0000 -0.0013 -0.0017
vn 0.0015 0.0889 0.9960
vn 0.0015 0.0920 0.9958
vn -0.0015 0.0920 0.9958
vn -0.0015 0.0889 0.9960
vn -0.0015 0.9479 0.3185
vn 0.0015 0.9479 0.3185
vn -0.0015 -0.0919 -0.9958
vn -0.0015 -0.0889 -0.9960
vn 0.0015 -0.0889 -0.9960
vn 0.0015 -0.0920 -0.9958
vn 1.0000 -0.0013 -0.0017
vn 1.0000 0.0017 -0.0013
vn 1.0000 0.0013 0.0017
vn 1.0000 -0.0017 0.0013
vn -0.3595 -0.9172 0.1717
vn -0.1626 0.2505 0.9544
vn -0.8826 0.4579 -0.1068
vn -0.1649 -0.3754 0.9121
vn -0.3063 0.9415 0.1405
vn -0.9598 -0.2703 -0.0754
vn -0.3184 -0.9387 -0.1322
vn -0.9543 0.2731 0.1217
vn -0.2031 0.3813 -0.9019
vn -0.3698 0.9147 -0.1629
vn -0.1993 -0.2534 -0.9466
vn -0.8755 -0.4606 0.1459
vn 0.3702 -0.9149 0.1612
vn 0.8748 0.4621 -0.1455
vn 0.1999 0.2503 0.9473
vn 0.3172 0.9391 0.1318
vn 0.1990 -0.3795 0.9036
vn 0.9549 -0.2729 -0.1171
vn 0.3147 -0.9385 -0.1418
vn 0.1706 0.3778 -0.9100
vn 0.9567 0.2780 0.0861
vn 0.3647 0.9149 -0.1733
vn 0.8800 -0.4615 0.1126
vn 0.1652 -0.2529 -0.9533
vn -0.4617 -0.8668 -0.1886
vn -0.4617 -0.8673 -0.1861
vn -0.8880 0.4546 0.0691
vn -0.8879 0.4553 0.0658
vn -0.1568 0.0076 0.9876
vn -0.1561 0.0108 0.9877
vn -0.9858 0.0679 -0.1536
vn -0.9859 0.0651 -0.1541
vn -0.4554 0.8679 0.1985
vn -0.4553 0.8686 0.1956
vn -0.8901 -0.4538 -0.0422
vn -0.8899 -0.4545 -0.0394
vn -0.1957 -0.0059 -0.9807
vn -0.1960 -0.0074 -0.9806
vn -0.9789 -0.0672 0.1932
vn -0.9792 -0.0626 0.1928
vn -0.0042 -0.9377 -0.3474
vn -0.0071 -0.9378 -0.3471
vn -0.0318 0.3444 -0.9383
vn -0.0288 0.3447 -0.9383
vn -0.0236 0.9202 -0.3906
vn -0.0206 0.9201 -0.3911
vn -0.0256 -0.3889 -0.9209
vn -0.0286 -0.3885 -0.9210
vn 0.9858 -0.0648 0.1552
vn 0.9856 -0.0678 0.1552
vn 0.1577 -0.0108 -0.9874
vn 0.1579 -0.0078 -0.9874
vn 0.4553 -0.8686 -0.1956
vn 0.4552 -0.8680 -0.1985
vn 0.8900 0.4544 0.0393
vn 0.8901 0.4538 0.0422
vn 0.4609 0.8678 0.1858
vn 0.4608 0.8672 0.1887
vn 0.8884 -0.4544 -0.0655
vn 0.8884 -0.4539 -0.0685
vn 0.1962 0.0089 0.9805
vn 0.1965 0.0046 0.9805
vn 0.9790 0.0639 -0.1935
vn 0.9789 0.0655 -0.1935
vn 0.0207 -0.9196 0.3922
vn 0.0237 -0.9196 0.3921
vn 0.0286 0.3900 0.9204
vn 0.0256 0.3900 0.9205
vn 0.0071 0.9380 0.3466
vn 0.0042 0.9380 0.3467
vn 0.0288 -0.3439 0.9386
vn 0.0318 -0.3439 0.9385
vn -0.0016 -0.9479 -0.3185
vn 0.0015 -0.9479 -0.3186
vn 0.0016 -0.9489 -0.3157
vn -0.0015 -0.9489 -0.3156
vn -0.9999 -0.0005 0.0150
vn -0.9999 0.0026 0.0154
vn -0.9999 0.0029 0.0123
vn -0.9999 -0.0001 0.0120
vn 0.0335 0.0889 0.9955
vn 0.0335 0.0919 0.9952
vn 0.0304 0.0919 0.9953
vn 0.0304 0.0889 0.9956
vn 0.0015 0.9489 0.3156
vn -0.0015 0.9489 0.3157
vn -0.0015 0.9479 0.3186
vn 0.0016 0.9479 0.3185
vn -0.0335 -0.0919 -0.9952
vn -0.0335 -0.0889 -0.9955
vn -0.0304 -0.0889 -0.9956
vn -0.0304 -0.0919 -0.9953
vn 0.9999 -0.0026 -0.0154
vn 0.9999 0.0005 -0.0150
vn 0.9999 0.0001 -0.0120
vn 0.9999 -0.0029 -0.0123
vn -0.3599 -0.9161 0.1764
vn -0.1515 0.2514 0.9560
vn -0.8824 0.4604 -0.0973
vn -0.1520 -0.3713 0.9160
vn -0.3038 0.9419 0.1434
vn -0.9598 -0.2743 -0.0601
vn -0.3232 -0.9377 -0.1274
vn -0.9511 0.2752 0.1402
vn -0.2178 0.3814 -0.8984
vn -0.3777 0.9125 -0.1571
vn -0.2204 -0.2518 -0.9423
vn -0.8686 -0.4661 0.1681
vn 0.3712 -0.9157 0.1543
vn 0.8725 0.4601 -0.1647
vn 0.2207 0.2505 0.9426
vn 0.3196 0.9391 0.1260
vn 0.2200 -0.3811 0.8980
vn 0.9523 -0.2711 -0.1398
vn 0.3072 -0.9403 -0.1468
vn 0.1524 0.3759 -0.9140
vn 0.9593 0.2753 0.0632
vn 0.3611 0.9150 -0.1798
vn 0.8822 -0.4606 0.0974
vn 0.1492 -0.2549 -0.9554
vn -0.4632 -0.8670 -0.1839
vn -0.4633 -0.8676 -0.1806
vn -0.8875 0.4536 0.0813
vn -0.8875 0.4540 0.0788
vn -0.1377 0.0088 0.9904
vn -0.1379 0.0130 0.9904
vn -0.9885 0.0676 -0.1356
vn -0.9886 0.0658 -0.1351
vn -0.4512 0.8689 0.2037
vn -0.4515 0.8695 0.2004
vn -0.8912 -0.4528 -0.0285
vn -0.8910 -0.4533 -0.0260
vn -0.2148 -0.0036 -0.9766
vn -0.2146 -0.0079 -0.9767
vn -0.9752 -0.0646 0.2118
vn -0.9753 -0.0629 0.2117
vn -0.0098 -0.9384 -0.3453
vn -0.0128 -0.9384 -0.3453
vn -0.0621 0.3427 -0.9374
vn -0.0592 0.3425 -0.9377
vn -0.0460 0.9204 -0.3882
vn -0.0430 0.9204 -0.3886
vn -0.0531 -0.3876 -0.9203
vn -0.0561 -0.3879 -0.9200
vn 0.9889 -0.0648 0.1341
vn 0.9886 -0.0691 0.1340
vn 0.1365 -0.0116 -0.9906
vn 0.1366 -0.0101 -0.9906
vn 0.4514 -0.8694 -0.2008
vn 0.4512 -0.8689 -0.2037
vn 0.8910 0.4533 0.0260
vn 0.8912 0.4527 0.0289
vn 0.4651 0.8667 0.1805
vn 0.4648 0.8661 0.1838
vn 0.8866 -0.4557 -0.0791
vn 0.8866 -0.4553 -0.0818
vn 0.2146 0.0065 0.9767
vn 0.2147 0.0049 0.9767
vn 0.9754 0.0616 -0.2118
vn 0.9751 0.0659 -0.2117
vn 0.0427 -0.9216 0.3857
vn 0.0456 -0.9218 0.3850
vn 0.0561 0.3846 0.9214
vn 0.0531 0.3848 0.9215
vn 0.0126 0.9385 0.3451
vn 0.0097 0.9384 0.3455
vn 0.0590 -0.3427 0.9376
vn 0.0620 -0.3424 0.9375
vn 0.0014 -0.9479 -0.3186
vn 0.0015 -0.9488 -0.3157
vn -0.0014 -0.9489 -0.3156
vn -0.9996 0.0008 0.0287
vn -0.9996 0.0038 0.0290
vn -0.9997 0.0041 0.0260
vn -0.9997 0.0012 0.0257
vn 0.0654 0.0887 0.9939
vn 0.0653 0.0918 0.9936
vn 0.0623 0.0918 0.9938
vn 0.0623 0.0887 0.9941
vn 0.0014 0.9489 0.3156
vn -0.0016 0.9489 0.3157
vn -0.0014 0.9479 0.3186
vn 0.0016 0.9479 0.3184
vn -0.0653 -0.0917 -0.9936
vn -0.0653 -0.0888 -0.9939
vn -0.0623 -0.0887 -0.9941
vn -0.0623 -0.0918 -0.9938
vn 0.9996 -0.0038 -0.0290
vn 0.9996 -0.0008 -0.0287
vn 0.9997 -0.0012 -0.0257
vn 0.9997 -0.0041 -0.0260
vn -0.3652 -0.6969 -0.6172
vn -0.6133 -0.2962 0.7322
vn -0.6439 0.4912 -0.5866
vn -0.6093 -0.2086 0.7650
vn -0.4299 0.8095 -0.3998
vn -0.6934 -0.3484 -0.6308
vn -0.4960 -0.8011 0.3350
vn -0.7956 0.3632 0.4849
vn -0.4663 0.2027 -0.8611
vn -0.4822 0.6805 0.5517
vn -0.4640 0.2912 -0.8366
vn -0.7439 -0.5042 0.4386
vn 0.4872 -0.6764 -0.5524
vn 0.7361 0.5125 -0.4421
vn 0.4707 -0.2878 0.8340
vn 0.4870 0.8056 -0.3374
vn 0.4632 -0.1961 0.8643
vn 0.8048 -0.3548 -0.4759
vn 0.4231 -0.8113 0.4035
vn 0.6115 0.2045 -0.7643
vn 0.6970 0.3458 0.6281
vn 0.3745 0.6941 0.6148
vn 0.6425 -0.4957 0.5844
vn 0.6109 0.2923 -0.7358
vn -0.5024 -0.8359 -0.2208
vn -0.5043 -0.8357 -0.2172
vn -0.8563 0.5165 -0.0101
vn -0.8565 0.5160 -0.0106
vn -0.7331 -0.0367 0.6791
vn -0.7332 -0.0347 0.6792
vn -0.6814 0.0320 -0.7312
vn -0.6814 0.0300 -0.7313
vn -0.5492 0.8245 0.1362
vn -0.5491 0.8252 0.1323
vn -0.8347 -0.5277 -0.1575
vn -0.8346 -0.5278 -0.1574
vn -0.5973 0.0252 -0.8016
vn -0.5972 0.0224 -0.8017
vn -0.8029 -0.0432 0.5946
vn -0.8029 -0.0420 0.5946
vn -0.0901 -0.9631 0.2538
vn -0.0920 -0.9631 0.2531
vn 0.1546 -0.2670 -0.9512
vn 0.1566 -0.2668 -0.9509
vn -0.0893 0.6442 0.7597
vn -0.0873 0.6439 0.7601
vn 0.1645 0.7630 -0.6252
vn 0.1624 0.7632 -0.6254
vn 0.6813 -0.0300 0.7314
vn 0.6813 -0.0321 0.7313
vn 0.7333 0.0349 -0.6790
vn 0.7333 0.0367 -0.6789
vn 0.5491 -0.8253 -0.1321
vn 0.5492 -0.8248 -0.1341
vn 0.8347 0.5282 0.1559
vn 0.8346 0.5278 0.1579
vn 0.5031 0.8366 0.2167
vn 0.5021 0.8367 0.2186
vn 0.8569 -0.5153 0.0120
vn 0.8569 -0.5155 0.0097
vn 0.5972 -0.0224 0.8017
vn 0.5973 -0.0252 0.8016
vn 0.8029 0.0420 -0.5946
vn 0.8029 0.0431 -0.5946
vn 0.0883 -0.6440 -0.7599
vn 0.0904 -0.6438 -0.7598
vn -0.1617 -0.7632 0.6255
vn -0.1636 -0.7634 0.6249
vn 0.0928 0.9625 -0.2547
vn 0.0908 0.9626 -0.2553
vn -0.1557 0.2688 0.9505
vn -0.1536 0.2683 0.9510
vn -0.0008 -0.9480 -0.3182
vn 0.0011 -0.9481 -0.3179
vn 0.0008 -0.9488 -0.3160
vn -0.0012 -0.9487 -0.3163
vn -0.9959 -0.0094 -0.0905
vn -0.9959 -0.0074 -0.0902
vn -0.9957 -0.0072 -0.0922
vn -0.9957 -0.0092 -0.0925
vn -0.2088 0.0874 0.9741
vn -0.2087 0.0894 0.9739
vn -0.2106 0.0894 0.9735
vn -0.2107 0.0875 0.9736
vn 0.0011 0.9487 0.3163
vn -0.0008 0.9487 0.3161
vn -0.0011 0.9481 0.3178
vn 0.0008 0.9480 0.3181
vn 0.2087 -0.0894 -0.9739
vn 0.2088 -0.0874 -0.9741
vn 0.2107 -0.0875 -0.9736
vn 0.2106 -0.0894 -0.9735
vn 0.9959 0.0074 0.0902
vn 0.9959 0.0094 0.0905
vn 0.9957 0.0092 0.0925
vn 0.9957 0.0072 0.0922
vn -0.4871 -0.6764 -0.5524
vn -0.4707 -0.2877 0.8340
vn -0.7361 0.5125 -0.4421
vn -0.4619 -0.1965 0.8649
vn -0.4878 0.8054 -0.3367
vn -0.8053 -0.3548 -0.4750
vn -0.4231 -0.8112 0.4036
vn -0.6970 0.3460 0.6281
vn -0.6115 0.2044 -0.7644
vn -0.3745 0.6942 0.6147
vn -0.6109 0.2922 -0.7358
vn -0.6425 -0.4956 0.5844
vn 0.3652 -0.6968 -0.6173
vn 0.6439 0.4912 -0.5865
vn 0.6133 -0.2963 0.7322
vn 0.4332 0.8079 -0.3995
vn 0.6087 -0.2108 0.7649
vn 0.6914 -0.3508 -0.6316
vn 0.4960 -0.8012 0.3349
vn 0.4663 0.2028 -0.8611
vn 0.7956 0.3630 0.4850
vn 0.4822 0.6805 0.5518
vn 0.7439 -0.5043 0.4386
vn 0.4640 0.2913 -0.8366
vn -0.5492 -0.8249 -0.1340
vn -0.5491 -0.8253 -0.1320
vn -0.8346 0.5278 0.1578
vn -0.8347 0.5282 0.1558
vn -0.5973 -0.0252 0.8016
vn -0.5972 -0.0224 0.8017
vn -0.8029 0.0432 -0.5946
vn -0.8029 0.0420 -0.5946
vn -0.5021 0.8367 0.2185
vn -0.5031 0.8366 0.2166
vn -0.8568 -0.5155 0.0099
vn -0.8569 -0.5153 0.0121
vn -0.7333 0.0367 -0.6789
vn -0.7333 0.0349 -0.6790
vn -0.6813 -0.0321 0.7313
vn -0.6813 -0.0300 0.7314
vn 0.0919 -0.9631 0.2531
vn 0.0899 -0.9631 0.2538
vn -0.1565 -0.2668 -0.9509
vn -0.1544 -0.2670 -0.9512
vn 0.0883 0.6440 0.7599
vn 0.0904 0.6438 0.7599
vn -0.1617 0.7633 -0.6256
vn -0.1636 0.7634 -0.6249
vn 0.8029 -0.0420 0.5946
vn 0.8029 -0.0431 0.5946
vn 0.5972 0.0224 -0.8017
vn 0.5973 0.0252 -0.8016
vn 0.5043 -0.8357 -0.2172
vn 0.5024 -0.8359 -0.2210
vn 0.8565 0.5160 -0.0105
vn 0.8563 0.5164 -0.0100
vn 0.5491 0.8252 0.1323
vn 0.5492 0.8245 0.1363
vn 0.8346 -0.5278 -0.1575
vn 0.8347 -0.5277 -0.1576
vn 0.7332 -0.0347 0.6792
vn 0.7331 -0.0367 0.6791
vn 0.6814 0.0300 -0.7313
vn 0.6814 0.0319 -0.7312
vn -0.0893 -0.6442 -0.7597
vn -0.0873 -0.6439 -0.7601
vn 0.1645 -0.7630 0.6252
vn 0.1625 -0.7632 0.6254
vn -0.0910 0.9626 -0.2552
vn -0.0929 0.9625 -0.2547
vn 0.1538 0.2683 0.9510
vn 0.1558 0.2688 0.9505
vn -0.0011 -0.9481 -0.3179
vn 0.0008 -0.9480 -0.3182
vn 0.0012 -0.9487 -0.3163
vn -0.0008 -0.9488 -0.3160
vn -0.9957 0.0072 0.0922
vn -0.9957 0.0092 0.0925
vn -0.9959 0.0094 0.0905
vn -0.9959 0.0074 0.0902
vn 0.2107 0.0875 0.9736
vn 0.2106 0.0894 0.9735
vn 0.2087 0.0894 0.9739
vn 0.2088 0.0874 0.9741
vn 0.0008 0.9488 0.3160
vn -0.0011 0.9486 0.3163
vn -0.0008 0.9481 0.3181
vn 0.0011 0.9481 0.3179
vn -0.2106 -0.0894 -0.9735
vn -0.2107 -0.0875 -0.9736
vn -0.2088 -0.0874 -0.9741
vn -0.2087 -0.0894 -0.9739
vn 0.9957 -0.0092 -0.0925
vn 0.9957 -0.0072 -0.0922
vn 0.9959 -0.0074 -0.0902
vn 0.9959 -0.0094 -0.0905
vt 0.174982 0.291218
vt 0.153223 0.274688
vt 0.162156 0.267058
vt 0.026034 0.173261
vt 0.051029 0.172980
vt 0.051851 0.196042
vt 0.026746 0.193233
vt 0.078248 0.173051
vt 0.100399 0.173456
vt 0.100810 0.184987
vt 0.078960 0.193024
vt 0.133921 0.259735
vt 0.149394 0.246520
vt 0.094070 0.251860
vt 0.075683 0.265538
vt 0.085137 0.244231
vt 0.101962 0.194365
vt 0.080956 0.209266
vt 0.168689 0.241103
vt 0.173296 0.263931
vt 0.054155 0.214797
vt 0.073997 0.241103
vt 0.028742 0.209476
vt 0.187984 0.244559
vt 0.184436 0.265926
vt 0.243383 0.064488
vt 0.243850 0.037671
vt 0.261595 0.034832
vt 0.263873 0.061210
vt 0.062857 0.243098
vt 0.252099 0.089893
vt 0.269845 0.087055
vt 0.253375 0.016627
vt 0.263620 0.014989
vt 0.277909 0.105440
vt 0.289954 0.083875
vt 0.289519 0.103604
vt 0.281704 0.031653
vt 0.287093 0.057538
vt 0.053923 0.249820
vt 0.193370 0.272648
vt 0.275230 0.013153
vt 0.308444 0.080983
vt 0.300194 0.101935
vt 0.300194 0.028761
vt 0.308444 0.054199
vt 0.048966 0.259937
vt 0.198328 0.282765
vt 0.034621 0.241166
vt 0.026034 0.258690
vt 0.204196 0.193907
vt 0.183189 0.209256
vt 0.181194 0.193646
vt 0.203044 0.184895
vt 0.156389 0.214797
vt 0.130976 0.209047
vt 0.128980 0.193437
vt 0.154085 0.196772
vt 0.048966 0.271446
vt 0.198328 0.294274
vt 0.026034 0.278624
vt 0.128268 0.173690
vt 0.153262 0.173971
vt 0.053923 0.282068
vt 0.193370 0.304896
vt 0.180482 0.173899
vt 0.034621 0.297021
vt 0.202633 0.173494
vt 0.062857 0.289698
vt 0.184436 0.312526
vt 0.154085 0.150908
vt 0.181194 0.153926
vt 0.050094 0.310236
vt 0.203044 0.161963
vt 0.128980 0.153717
vt 0.173296 0.315653
vt 0.156389 0.132153
vt 0.183189 0.137684
vt 0.073997 0.292825
vt 0.069389 0.315653
vt 0.204196 0.152585
vt 0.130975 0.137474
vt 0.162156 0.313658
vt 0.230969 0.199922
vt 0.230502 0.173105
vt 0.250992 0.176383
vt 0.248714 0.202761
vt 0.085137 0.290830
vt 0.088684 0.312198
vt 0.240494 0.220965
vt 0.250739 0.222604
vt 0.239219 0.147700
vt 0.256964 0.150539
vt 0.153223 0.306936
vt 0.274212 0.180055
vt 0.268823 0.205941
vt 0.265028 0.132153
vt 0.276638 0.133989
vt 0.277073 0.153719
vt 0.262349 0.224440
vt 0.094070 0.284108
vt 0.295563 0.183394
vt 0.287313 0.208832
vt 0.287313 0.135658
vt 0.295563 0.156610
vt 0.133921 0.315590
vt 0.125334 0.298066
vt 0.148265 0.296818
vt 0.099028 0.273991
vt 0.080955 0.137694
vt 0.101962 0.153043
vt 0.100810 0.162055
vt 0.078960 0.153304
vt 0.125334 0.278131
vt 0.148265 0.285309
vt 0.054155 0.132153
vt 0.051851 0.150178
vt 0.099028 0.262482
vt 0.028741 0.137903
vt 0.026746 0.153514
vt 0.423743 0.039154
vt 0.442393 0.036108
vt 0.442393 0.049346
vt 0.253461 0.286982
vt 0.279289 0.286982
vt 0.278829 0.308183
vt 0.253002 0.308183
vt 0.453733 0.503355
vt 0.467664 0.505864
vt 0.453733 0.516593
vt 0.231470 0.287235
vt 0.231186 0.300337
vt 0.299086 0.287235
vt 0.298802 0.300337
vt 0.438028 0.059782
vt 0.277723 0.323879
vt 0.251896 0.323879
vt 0.458098 0.527029
vt 0.230502 0.310038
vt 0.298118 0.310038
vt 0.430467 0.064618
vt 0.230502 0.507680
vt 0.230502 0.481599
vt 0.243233 0.484855
vt 0.243233 0.510936
vt 0.465658 0.531865
vt 0.236045 0.530069
vt 0.243913 0.532082
vt 0.236045 0.461788
vt 0.243913 0.463801
vt 0.421737 0.062560
vt 0.256441 0.488144
vt 0.256441 0.514225
vt 0.474389 0.529807
vt 0.252076 0.534114
vt 0.252076 0.465834
vt 0.414177 0.054158
vt 0.369349 0.205286
vt 0.343522 0.205286
vt 0.344518 0.190073
vt 0.370345 0.190073
vt 0.481949 0.521405
vt 0.389645 0.191193
vt 0.390261 0.181790
vt 0.322029 0.191193
vt 0.322645 0.181790
vt 0.409811 0.041664
vt 0.344828 0.169050
vt 0.370655 0.169050
vt 0.486314 0.508911
vt 0.390452 0.168797
vt 0.322836 0.168797
vt 0.409811 0.028425
vt 0.344368 0.147849
vt 0.370195 0.147849
vt 0.486314 0.495672
vt 0.390169 0.155695
vt 0.322552 0.155695
vt 0.414176 0.017990
vt 0.343262 0.132153
vt 0.369090 0.132153
vt 0.481949 0.485236
vt 0.389485 0.145994
vt 0.321869 0.145994
vt 0.421737 0.013153
vt 0.144643 0.506364
vt 0.144643 0.480283
vt 0.157374 0.477026
vt 0.157374 0.503107
vt 0.474389 0.480400
vt 0.150185 0.526174
vt 0.158054 0.524161
vt 0.150185 0.457893
vt 0.158054 0.455880
vt 0.430467 0.015211
vt 0.170582 0.473737
vt 0.170582 0.499818
vt 0.465658 0.482458
vt 0.166217 0.522128
vt 0.166217 0.453847
vt 0.438028 0.023613
vt 0.252155 0.250746
vt 0.277982 0.250746
vt 0.278978 0.265959
vt 0.253151 0.265959
vt 0.458098 0.490860
vt 0.230662 0.264839
vt 0.231278 0.274242
vt 0.298279 0.264839
vt 0.298894 0.274242
vt 0.013286 0.105643
vt 0.013286 0.105770
vt 0.013153 0.105631
vt 0.216944 0.105770
vt 0.216943 0.105619
vt 0.217077 0.105631
vt 0.013286 0.013304
vt 0.013153 0.013292
vt 0.013286 0.013153
vt 0.216943 0.013280
vt 0.216944 0.013153
vt 0.217077 0.013292
vt 0.101828 0.105720
vt 0.101962 0.105708
vt 0.101829 0.105847
vt 0.128400 0.105696
vt 0.128401 0.105847
vt 0.128268 0.105708
vt 0.101828 0.013381
vt 0.101829 0.013230
vt 0.101962 0.013369
vt 0.128401 0.013357
vt 0.128268 0.013369
vt 0.128401 0.013230
vt 0.427426 0.376471
vt 0.400468 0.376375
vt 0.400453 0.376239
vt 0.427412 0.376334
vt 0.416759 0.106099
vt 0.443156 0.112760
vt 0.443155 0.112904
vt 0.416758 0.106244
vt 0.374133 0.448447
vt 0.347174 0.448542
vt 0.347189 0.448406
vt 0.374147 0.448310
vt 0.426851 0.343272
vt 0.400454 0.349933
vt 0.400453 0.349788
vt 0.426849 0.343128
vt 0.443156 0.205286
vt 0.416760 0.198626
vt 0.427426 0.464998
vt 0.400468 0.464903
vt 0.347189 0.359879
vt 0.374147 0.359783
vt 0.400454 0.257407
vt 0.426851 0.250746
vt 0.349467 0.288794
vt 0.349698 0.264146
vt 0.358447 0.263485
vt 0.363623 0.287725
vt 0.574504 0.407883
vt 0.561148 0.399783
vt 0.567145 0.393224
vt 0.349467 0.315277
vt 0.363623 0.314207
vt 0.350072 0.250746
vt 0.349698 0.333477
vt 0.358447 0.332816
vt 0.558130 0.381149
vt 0.570056 0.376239
vt 0.574516 0.390190
vt 0.364951 0.261603
vt 0.374147 0.284680
vt 0.374147 0.311162
vt 0.034156 0.530282
vt 0.024919 0.510877
vt 0.035828 0.506195
vt 0.040898 0.527388
vt 0.019211 0.484616
vt 0.019211 0.461529
vt 0.025953 0.458636
vt 0.030120 0.479934
vt 0.581285 0.391492
vt 0.571720 0.480400
vt 0.576201 0.495076
vt 0.564952 0.481702
vt 0.047054 0.501477
vt 0.047836 0.524472
vt 0.032891 0.455720
vt 0.041346 0.475215
vt 0.585638 0.396782
vt 0.560599 0.486992
vt 0.344177 0.085158
vt 0.334750 0.062162
vt 0.344832 0.059027
vt 0.350408 0.083221
vt 0.038166 0.453562
vt 0.049880 0.471724
vt 0.359430 0.095884
vt 0.334750 0.035680
vt 0.344832 0.032545
vt 0.559828 0.494852
vt 0.358825 0.057835
vt 0.359056 0.082484
vt 0.350408 0.013890
vt 0.359056 0.013153
vt 0.358825 0.031353
vt 0.562845 0.503177
vt 0.372981 0.058905
vt 0.367805 0.083145
vt 0.367805 0.013814
vt 0.372981 0.032423
vt 0.568843 0.509735
vt 0.383505 0.061949
vt 0.374309 0.085027
vt 0.559828 0.521811
vt 0.576214 0.512769
vt 0.571754 0.526721
vt 0.383505 0.035467
vt 0.087667 0.522600
vt 0.087667 0.499514
vt 0.098576 0.504196
vt 0.094409 0.525494
vt 0.093376 0.473253
vt 0.102612 0.453848
vt 0.109354 0.456741
vt 0.104285 0.477935
vt 0.570023 0.422560
vt 0.563254 0.421257
vt 0.582983 0.511467
vt 0.109802 0.508915
vt 0.101347 0.528410
vt 0.116292 0.459657
vt 0.115511 0.482653
vt 0.558901 0.415967
vt 0.587336 0.506177
vt 0.118337 0.512405
vt 0.106622 0.530568
vt 0.325392 0.284468
vt 0.334819 0.261472
vt 0.341050 0.263409
vt 0.335474 0.287602
vt 0.558130 0.408107
vt 0.325392 0.310950
vt 0.335474 0.314084
vt 0.341050 0.332740
vt 0.472452 0.395107
vt 0.475068 0.376239
vt 0.484616 0.386669
vt 0.478353 0.401554
vt 0.185262 0.341958
vt 0.198327 0.351247
vt 0.198251 0.357688
vt 0.185139 0.352380
vt 0.468359 0.420693
vt 0.169191 0.349036
vt 0.169068 0.359458
vt 0.463775 0.261615
vt 0.467783 0.284146
vt 0.457874 0.268062
vt 0.156178 0.376218
vt 0.169023 0.377619
vt 0.156150 0.387442
vt 0.198223 0.368912
vt 0.185093 0.370541
vt 0.481588 0.412719
vt 0.454639 0.279227
vt 0.169068 0.398655
vt 0.156178 0.400443
vt 0.198251 0.381913
vt 0.185139 0.391577
vt 0.481289 0.425612
vt 0.454938 0.292120
vt 0.169191 0.416928
vt 0.156254 0.411736
vt 0.198327 0.393206
vt 0.185262 0.409850
vt 0.477537 0.436778
vt 0.458690 0.303286
vt 0.169360 0.427542
vt 0.156358 0.418296
vt 0.453157 0.318171
vt 0.464890 0.309733
vt 0.463188 0.328601
vt 0.471338 0.443224
vt 0.467445 0.720221
vt 0.450024 0.720221
vt 0.452885 0.710148
vt 0.470306 0.710148
vt 0.473264 0.454094
vt 0.461960 0.454094
vt 0.464351 0.443224
vt 0.471876 0.309732
vt 0.474492 0.328601
vt 0.452754 0.698842
vt 0.470175 0.698842
vt 0.129844 0.418253
vt 0.116779 0.427542
vt 0.116656 0.417121
vt 0.129768 0.411813
vt 0.477777 0.303286
vt 0.484040 0.318171
vt 0.458450 0.436778
vt 0.100708 0.420464
vt 0.100585 0.410043
vt 0.116611 0.398959
vt 0.129740 0.400588
vt 0.087695 0.393283
vt 0.087667 0.382058
vt 0.100540 0.391881
vt 0.455216 0.425612
vt 0.481012 0.292120
vt 0.116655 0.377924
vt 0.129768 0.387587
vt 0.087695 0.369058
vt 0.100585 0.370846
vt 0.455514 0.412719
vt 0.480713 0.279227
vt 0.116779 0.359650
vt 0.129844 0.376294
vt 0.087771 0.357764
vt 0.100708 0.352573
vt 0.459266 0.401554
vt 0.476961 0.268062
vt 0.453733 0.386669
vt 0.463764 0.376239
vt 0.465466 0.395107
vt 0.087875 0.351204
vt 0.100876 0.341958
vt 0.400453 0.702730
vt 0.417874 0.702730
vt 0.420734 0.712802
vt 0.403314 0.712802
vt 0.470761 0.261615
vt 0.472688 0.250746
vt 0.461384 0.250746
vt 0.420603 0.724108
vt 0.403183 0.724108
vt 0.491828 0.127440
vt 0.489041 0.138321
vt 0.482054 0.138321
vt 0.480522 0.127440
vt 0.484962 0.067720
vt 0.481148 0.042143
vt 0.488135 0.042142
vt 0.343239 0.691335
vt 0.360660 0.691335
vt 0.360719 0.702625
vt 0.343298 0.702625
vt 0.484962 0.160854
vt 0.479056 0.023289
vt 0.490362 0.023289
vt 0.500349 0.033719
vt 0.494308 0.048588
vt 0.048303 0.341959
vt 0.061361 0.351296
vt 0.061284 0.357352
vt 0.048178 0.351758
vt 0.357792 0.713173
vt 0.340371 0.713173
vt 0.475881 0.144767
vt 0.019239 0.375946
vt 0.032119 0.358860
vt 0.032073 0.376615
vt 0.019210 0.386919
vt 0.061256 0.368325
vt 0.048133 0.369512
vt 0.498012 0.059752
vt 0.472178 0.155931
vt 0.032119 0.397567
vt 0.019239 0.399868
vt 0.061284 0.381274
vt 0.048178 0.390465
vt 0.498255 0.072643
vt 0.471935 0.168823
vt 0.032243 0.416103
vt 0.019316 0.411324
vt 0.061361 0.392730
vt 0.048303 0.409001
vt 0.494971 0.083808
vt 0.475218 0.179987
vt 0.032414 0.427256
vt 0.019421 0.418217
vt 0.469462 0.194857
vt 0.481148 0.186433
vt 0.479056 0.205286
vt 0.489042 0.090253
vt 0.048474 0.420154
vt 0.491828 0.101135
vt 0.480523 0.101135
vt 0.482054 0.090253
vt 0.488135 0.186433
vt 0.490362 0.205286
vt 0.528867 0.718477
vt 0.511446 0.718477
vt 0.511505 0.707186
vt 0.528926 0.707186
vt 0.272652 0.426145
vt 0.259594 0.435482
vt 0.259470 0.425683
vt 0.272575 0.420089
vt 0.494308 0.179987
vt 0.500349 0.194857
vt 0.475882 0.083808
vt 0.508579 0.696639
vt 0.526000 0.696639
vt 0.259424 0.407929
vt 0.272547 0.409116
vt 0.243410 0.418581
vt 0.230530 0.401495
vt 0.230502 0.390522
vt 0.243365 0.400827
vt 0.472178 0.072644
vt 0.498012 0.168822
vt 0.259470 0.386976
vt 0.272575 0.396167
vt 0.230530 0.377573
vt 0.243410 0.379874
vt 0.471935 0.059752
vt 0.498254 0.155931
vt 0.259594 0.368440
vt 0.272652 0.384711
vt 0.230607 0.366117
vt 0.243534 0.361338
vt 0.475218 0.048588
vt 0.494971 0.144767
vt 0.469462 0.033719
vt 0.230712 0.359224
vt 0.243705 0.350185
vt 0.259765 0.357288
vt 0.405499 0.763103
vt 0.405572 0.750414
vt 0.408736 0.752578
vt 0.791808 0.331651
vt 0.791886 0.321729
vt 0.795103 0.322349
vt 0.796356 0.332527
vt 0.791959 0.344261
vt 0.795175 0.344881
vt 0.513698 0.744783
vt 0.513625 0.754826
vt 0.510534 0.746946
vt 0.019239 0.663444
vt 0.029619 0.654992
vt 0.029577 0.662980
vt 0.019210 0.669092
vt 0.508579 0.752625
vt 0.410692 0.758257
vt 0.040037 0.654319
vt 0.040008 0.659967
vt 0.040008 0.667044
vt 0.029577 0.672989
vt 0.019210 0.676169
vt 0.508579 0.759650
vt 0.410692 0.765281
vt 0.408736 0.770968
vt 0.040037 0.672847
vt 0.029619 0.681195
vt 0.019239 0.681972
vt 0.510534 0.765337
vt 0.405572 0.773146
vt 0.178572 0.774248
vt 0.180011 0.761895
vt 0.183121 0.762515
vt 0.182970 0.775124
vt 0.179939 0.784426
vt 0.183049 0.785046
vt 0.513698 0.767515
vt 0.402409 0.770982
vt 0.186337 0.761894
vt 0.187519 0.774248
vt 0.186265 0.784426
vt 0.516862 0.765351
vt 0.400453 0.765303
vt 0.674608 0.214631
vt 0.664228 0.206179
vt 0.664199 0.200531
vt 0.674567 0.206643
vt 0.685026 0.215304
vt 0.684997 0.209656
vt 0.518817 0.759672
vt 0.518817 0.752647
vt 0.400453 0.758279
vt 0.664199 0.193454
vt 0.674567 0.196634
vt 0.684997 0.202579
vt 0.674608 0.188428
vt 0.685026 0.196776
vt 0.516862 0.746960
vt 0.402409 0.752592
vt 0.664228 0.187651
vt 0.788848 0.344881
vt 0.787409 0.332527
vt 0.788776 0.322349
vt 0.121196 0.791895
vt 0.121046 0.779285
vt 0.125594 0.780162
vt 0.124413 0.792515
vt 0.752025 0.458938
vt 0.751951 0.468981
vt 0.748861 0.461102
vt 0.455071 0.759215
vt 0.455144 0.746527
vt 0.458308 0.748690
vt 0.121124 0.769364
vt 0.124340 0.769984
vt 0.617095 0.196776
vt 0.627475 0.188324
vt 0.627434 0.196312
vt 0.617066 0.202424
vt 0.746905 0.466780
vt 0.460263 0.754369
vt 0.637893 0.187651
vt 0.637864 0.193299
vt 0.627433 0.206321
vt 0.617066 0.209501
vt 0.746905 0.473805
vt 0.460263 0.761394
vt 0.637864 0.200376
vt 0.627475 0.214527
vt 0.617095 0.215304
vt 0.748861 0.479492
vt 0.458308 0.767081
vt 0.637893 0.206179
vt 0.232650 0.783739
vt 0.231283 0.773561
vt 0.235682 0.774437
vt 0.235760 0.784359
vt 0.752025 0.481670
vt 0.455144 0.769259
vt 0.232722 0.761207
vt 0.235833 0.761827
vt 0.239049 0.761207
vt 0.240230 0.773561
vt 0.238977 0.783739
vt 0.755188 0.479506
vt 0.451980 0.767095
vt 0.450025 0.761416
vt 0.177100 0.682688
vt 0.166720 0.674236
vt 0.166691 0.668588
vt 0.177059 0.674700
vt 0.187519 0.683361
vt 0.187489 0.677713
vt 0.757144 0.473827
vt 0.450025 0.754392
vt 0.166691 0.661511
vt 0.177059 0.664692
vt 0.187489 0.670636
vt 0.757144 0.466803
vt 0.451980 0.748704
vt 0.166720 0.655708
vt 0.177100 0.656485
vt 0.187518 0.664833
vt 0.755188 0.461116
vt 0.116647 0.780162
vt 0.118014 0.769984
vt 0.118086 0.792515
vt 0.040037 0.710801
vt 0.040024 0.710797
vt 0.040023 0.710774
vt 0.025561 0.708301
vt 0.025545 0.708300
vt 0.025559 0.708278
vt 0.715538 0.706932
vt 0.715553 0.706905
vt 0.715554 0.706930
vt 0.730030 0.704431
vt 0.730018 0.704434
vt 0.730016 0.704409
vt 0.040037 0.734877
vt 0.040023 0.734898
vt 0.040025 0.734873
vt 0.025545 0.732376
vt 0.025561 0.732377
vt 0.025559 0.732402
vt 0.715538 0.731008
vt 0.715554 0.731006
vt 0.715553 0.731030
vt 0.730030 0.728507
vt 0.730016 0.728533
vt 0.730018 0.728510
vt 0.788986 0.181389
vt 0.783256 0.183309
vt 0.783260 0.183279
vt 0.788990 0.181360
vt 0.790419 0.706354
vt 0.784689 0.704434
vt 0.784692 0.704409
vt 0.790422 0.706328
vt 0.783257 0.210588
vt 0.788986 0.208669
vt 0.788990 0.208695
vt 0.783260 0.210614
vt 0.784689 0.731714
vt 0.790419 0.733634
vt 0.790422 0.733663
vt 0.784692 0.731744
vt 0.508579 0.859578
vt 0.508579 0.844784
vt 0.514076 0.842394
vt 0.514076 0.857188
vt 0.450025 0.862545
vt 0.450025 0.847750
vt 0.455521 0.850141
vt 0.455521 0.864935
vt 0.173023 0.735567
vt 0.173036 0.735564
vt 0.173038 0.735588
vt 0.187503 0.733090
vt 0.187519 0.733088
vt 0.187505 0.733114
vt 0.245779 0.734880
vt 0.245765 0.734901
vt 0.245763 0.734879
vt 0.787497 0.986826
vt 0.787511 0.986826
vt 0.787511 0.986847
vt 0.587896 0.986467
vt 0.587896 0.986442
vt 0.587907 0.986460
vt 0.187519 0.709688
vt 0.187503 0.709689
vt 0.187505 0.709667
vt 0.245779 0.711480
vt 0.245763 0.711479
vt 0.245765 0.711454
vt 0.231283 0.709001
vt 0.231297 0.708980
vt 0.231296 0.709004
vt 0.715542 0.784698
vt 0.721261 0.786632
vt 0.721257 0.786657
vt 0.715538 0.784723
vt 0.675707 0.784537
vt 0.681425 0.782602
vt 0.681422 0.782632
vt 0.675703 0.784567
vt 0.231296 0.732404
vt 0.231297 0.732427
vt 0.231283 0.732401
vt 0.721261 0.759300
vt 0.715542 0.757365
vt 0.715538 0.757336
vt 0.721257 0.759270
vt 0.681425 0.755270
vt 0.675706 0.757205
vt 0.675703 0.757180
vt 0.681422 0.755245
vt 0.173036 0.712164
vt 0.173037 0.712142
vt 0.173023 0.712167
vt 0.407247 0.868817
vt 0.407247 0.854022
vt 0.412634 0.851638
vt 0.412634 0.866432
vt 0.866630 0.589421
vt 0.866630 0.574626
vt 0.872018 0.577011
vt 0.872018 0.591806
vt 0.533522 0.605973
vt 0.533504 0.605986
vt 0.533504 0.605970
vt 0.646759 0.985533
vt 0.646759 0.985505
vt 0.646770 0.985523
vt 0.533455 0.584746
vt 0.533437 0.584744
vt 0.533437 0.584717
vt 0.515381 0.576746
vt 0.515399 0.576733
vt 0.515399 0.576760
vt 0.400453 0.606650
vt 0.400471 0.606637
vt 0.400471 0.606664
vt 0.418527 0.598650
vt 0.418509 0.598680
vt 0.418509 0.598653
vt 0.587228 0.448893
vt 0.587228 0.448866
vt 0.587239 0.448875
vt 0.418594 0.577424
vt 0.418575 0.577426
vt 0.418576 0.577411
vt 0.515466 0.598002
vt 0.515465 0.597986
vt 0.515448 0.597973
vt 0.300983 0.782010
vt 0.294811 0.785052
vt 0.294813 0.785023
vt 0.300985 0.781981
vt 0.758380 0.778665
vt 0.752208 0.775622
vt 0.752211 0.775604
vt 0.758383 0.778646
vt 0.400538 0.585410
vt 0.400538 0.585394
vt 0.400519 0.585424
vt 0.294811 0.808302
vt 0.300983 0.805260
vt 0.300985 0.805279
vt 0.294813 0.808321
vt 0.752208 0.798873
vt 0.758380 0.801915
vt 0.758383 0.801944
vt 0.752211 0.798902
vt 0.418594 0.604097
vt 0.400555 0.612081
vt 0.515484 0.571316
vt 0.533522 0.579300
vt 0.590696 0.210228
vt 0.590677 0.210243
vt 0.590677 0.210215
vt 0.572588 0.202375
vt 0.572570 0.202345
vt 0.572588 0.202348
vt 0.590760 0.188284
vt 0.590742 0.188271
vt 0.590742 0.188254
vt 0.572635 0.180400
vt 0.572653 0.180386
vt 0.572653 0.180403
vt 0.347238 0.600668
vt 0.347257 0.600665
vt 0.347257 0.600682
vt 0.365364 0.592785
vt 0.365346 0.592815
vt 0.365345 0.592798
vt 0.347173 0.578724
vt 0.347191 0.578694
vt 0.347192 0.578721
vt 0.365299 0.570840
vt 0.365281 0.570853
vt 0.365281 0.570826
vt 0.799951 0.261190
vt 0.793788 0.258162
vt 0.793787 0.258133
vt 0.799949 0.261162
vt 0.584009 0.773417
vt 0.577847 0.776446
vt 0.577845 0.776427
vt 0.584007 0.773399
vt 0.793788 0.281449
vt 0.799951 0.284477
vt 0.799949 0.284495
vt 0.793787 0.281467
vt 0.577847 0.799733
vt 0.584009 0.796704
vt 0.584007 0.796733
vt 0.577845 0.799761
vt 0.590760 0.215304
vt 0.572671 0.207436
vt 0.347275 0.573632
vt 0.365364 0.565764
vt 0.593471 0.101992
vt 0.593440 0.101992
vt 0.593440 0.101914
vt 0.572601 0.101916
vt 0.572570 0.101916
vt 0.572601 0.101838
vt 0.572570 0.023444
vt 0.572601 0.023366
vt 0.572602 0.023444
vt 0.593472 0.023367
vt 0.593441 0.023367
vt 0.593441 0.023289
vt 0.593471 0.154002
vt 0.593440 0.154080
vt 0.593440 0.154002
vt 0.572570 0.153926
vt 0.572601 0.153926
vt 0.572601 0.154004
vt 0.572570 0.075454
vt 0.572602 0.075453
vt 0.572602 0.075532
vt 0.593472 0.075377
vt 0.593441 0.075456
vt 0.593441 0.075377
vt 0.645517 0.704312
vt 0.649397 0.704304
vt 0.649387 0.704382
vt 0.645507 0.704389
vt 0.693504 0.362898
vt 0.697384 0.362905
vt 0.697375 0.362984
vt 0.693494 0.362976
vt 0.649397 0.652285
vt 0.645517 0.652293
vt 0.645507 0.652214
vt 0.649387 0.652206
vt 0.697384 0.310887
vt 0.693504 0.310879
vt 0.693494 0.310801
vt 0.697375 0.310809
vt 0.852715 0.344881
vt 0.852714 0.323823
vt 0.856550 0.323097
vt 0.856550 0.344154
vt 0.856309 0.279191
vt 0.856309 0.258133
vt 0.860144 0.258860
vt 0.860144 0.279918
vt 0.685539 0.695065
vt 0.685529 0.695065
vt 0.685529 0.695031
vt 0.675713 0.695029
vt 0.675703 0.695029
vt 0.675713 0.694995
vt 0.711332 0.181430
vt 0.711342 0.181396
vt 0.711342 0.181430
vt 0.721169 0.181394
vt 0.721159 0.181394
vt 0.721159 0.181360
vt 0.685539 0.728905
vt 0.685529 0.728939
vt 0.685529 0.728905
vt 0.675703 0.728869
vt 0.675713 0.728869
vt 0.675713 0.728903
vt 0.711332 0.215270
vt 0.711342 0.215270
vt 0.711342 0.215304
vt 0.721169 0.215234
vt 0.721159 0.215268
vt 0.721159 0.215234
vt 0.619780 0.050818
vt 0.621399 0.050815
vt 0.621396 0.050848
vt 0.619777 0.050852
vt 0.266539 0.795087
vt 0.268158 0.795090
vt 0.268155 0.795124
vt 0.266536 0.795121
vt 0.621399 0.016969
vt 0.619780 0.016972
vt 0.619777 0.016938
vt 0.621396 0.016934
vt 0.268158 0.761244
vt 0.266539 0.761241
vt 0.266536 0.761207
vt 0.268155 0.761210
vt 0.845486 0.870467
vt 0.845486 0.860548
vt 0.847086 0.860245
vt 0.847086 0.870164
vt 0.356972 0.868795
vt 0.356972 0.858875
vt 0.358572 0.859179
vt 0.358572 0.869098
vt 0.368076 0.475022
vt 0.368044 0.475022
vt 0.368044 0.474925
vt 0.347205 0.474945
vt 0.347174 0.474945
vt 0.347205 0.474848
vt 0.512620 0.480573
vt 0.512652 0.480476
vt 0.512652 0.480573
vt 0.533522 0.480497
vt 0.533491 0.480496
vt 0.533491 0.480400
vt 0.368076 0.539362
vt 0.368044 0.539459
vt 0.368044 0.539362
vt 0.347174 0.539285
vt 0.347205 0.539286
vt 0.347205 0.539382
vt 0.512620 0.544913
vt 0.512652 0.544913
vt 0.512652 0.545010
vt 0.533522 0.544837
vt 0.533491 0.544934
vt 0.533491 0.544837
vt 0.266653 0.624877
vt 0.270534 0.624869
vt 0.270525 0.624966
vt 0.266644 0.624973
vt 0.299976 0.625302
vt 0.303856 0.625309
vt 0.303847 0.625407
vt 0.299966 0.625399
vt 0.270534 0.560518
vt 0.266653 0.560525
vt 0.266644 0.560428
vt 0.270525 0.560420
vt 0.303856 0.560958
vt 0.299976 0.560950
vt 0.299966 0.560854
vt 0.303847 0.560861
vt 0.846030 0.781753
vt 0.846030 0.760696
vt 0.849865 0.759969
vt 0.849865 0.781026
vt 0.846479 0.729562
vt 0.846479 0.708505
vt 0.850314 0.709232
vt 0.850314 0.730289
vt 0.085748 0.656382
vt 0.085738 0.656382
vt 0.085738 0.656340
vt 0.075922 0.656346
vt 0.075912 0.656346
vt 0.075922 0.656304
vt 0.693494 0.242590
vt 0.693504 0.242548
vt 0.693504 0.242590
vt 0.703330 0.242554
vt 0.703321 0.242554
vt 0.703321 0.242512
vt 0.085748 0.698245
vt 0.085738 0.698287
vt 0.085738 0.698245
vt 0.075912 0.698209
vt 0.075922 0.698209
vt 0.075922 0.698251
vt 0.693494 0.284453
vt 0.693504 0.284453
vt 0.693504 0.284495
vt 0.703330 0.284417
vt 0.703321 0.284459
vt 0.703321 0.284417
vt 0.782676 0.673382
vt 0.784295 0.673378
vt 0.784292 0.673420
vt 0.782674 0.673423
vt 0.330671 0.781391
vt 0.332290 0.781395
vt 0.332287 0.781437
vt 0.330668 0.781434
vt 0.784295 0.631508
vt 0.782677 0.631511
vt 0.782674 0.631469
vt 0.784292 0.631466
vt 0.332290 0.739524
vt 0.330671 0.739521
vt 0.330668 0.739479
vt 0.332287 0.739482
vt 0.116647 0.870207
vt 0.116647 0.860288
vt 0.118246 0.859985
vt 0.118246 0.869904
vt 0.542452 0.870954
vt 0.542452 0.861035
vt 0.544052 0.861338
vt 0.544052 0.871257
vt 0.320868 0.359975
vt 0.320836 0.359975
vt 0.320836 0.359859
vt 0.299998 0.359899
vt 0.299966 0.359898
vt 0.299997 0.359783
vt 0.510346 0.250938
vt 0.510378 0.250822
vt 0.510378 0.250937
vt 0.531248 0.250861
vt 0.531217 0.250861
vt 0.531217 0.250746
vt 0.320868 0.436646
vt 0.320836 0.436761
vt 0.320836 0.436646
vt 0.299966 0.436569
vt 0.299998 0.436569
vt 0.299997 0.436685
vt 0.510346 0.327609
vt 0.510378 0.327608
vt 0.510378 0.327724
vt 0.531248 0.327532
vt 0.531217 0.327648
vt 0.531217 0.327532
vt 0.619787 0.153965
vt 0.623668 0.153958
vt 0.623658 0.154073
vt 0.619777 0.154080
vt 0.166701 0.629279
vt 0.170582 0.629286
vt 0.170572 0.629402
vt 0.166692 0.629395
vt 0.623667 0.077273
vt 0.619787 0.077281
vt 0.619777 0.077165
vt 0.623658 0.077158
vt 0.170582 0.552602
vt 0.166701 0.552595
vt 0.166692 0.552480
vt 0.170572 0.552487
vt 0.845047 0.203144
vt 0.845047 0.182087
vt 0.848882 0.181360
vt 0.848882 0.202418
vt 0.842698 0.672214
vt 0.842698 0.651156
vt 0.846533 0.651883
vt 0.846533 0.672941
vt 0.463568 0.558257
vt 0.463559 0.558257
vt 0.463558 0.558207
vt 0.453742 0.558221
vt 0.453732 0.558221
vt 0.453742 0.558171
vt 0.230502 0.560506
vt 0.230512 0.560456
vt 0.230512 0.560506
vt 0.240338 0.560470
vt 0.240328 0.560470
vt 0.240328 0.560420
vt 0.463568 0.608143
vt 0.463559 0.608193
vt 0.463559 0.608143
vt 0.453733 0.608107
vt 0.453742 0.608107
vt 0.453742 0.608157
vt 0.230502 0.610392
vt 0.230512 0.610392
vt 0.230512 0.610442
vt 0.240338 0.610356
vt 0.240328 0.610406
vt 0.240328 0.610356
vt 0.721479 0.080752
vt 0.723098 0.080749
vt 0.723095 0.080799
vt 0.721476 0.080802
vt 0.723693 0.362931
vt 0.725312 0.362934
vt 0.725309 0.362984
vt 0.723690 0.362981
vt 0.723098 0.030854
vt 0.721479 0.030857
vt 0.721476 0.030807
vt 0.723095 0.030804
vt 0.725312 0.313039
vt 0.723693 0.313036
vt 0.723690 0.312986
vt 0.725309 0.312989
vt 0.185919 0.872681
vt 0.185919 0.862761
vt 0.187519 0.862458
vt 0.187519 0.872378
vt 0.154566 0.873079
vt 0.154566 0.863160
vt 0.156165 0.863463
vt 0.156165 0.873382
vt 0.531824 0.376422
vt 0.531793 0.376422
vt 0.531793 0.376315
vt 0.510954 0.376346
vt 0.510922 0.376346
vt 0.510954 0.376239
vt 0.299966 0.463250
vt 0.299997 0.463143
vt 0.299997 0.463250
vt 0.320867 0.463174
vt 0.320836 0.463174
vt 0.320836 0.463067
vt 0.531824 0.447613
vt 0.531793 0.447720
vt 0.531793 0.447613
vt 0.510922 0.447536
vt 0.510954 0.447537
vt 0.510954 0.447644
vt 0.299966 0.534441
vt 0.299997 0.534441
vt 0.299997 0.534548
vt 0.320867 0.534364
vt 0.320836 0.534472
vt 0.320836 0.534364
vt 0.583455 0.624345
vt 0.587336 0.624338
vt 0.587326 0.624444
vt 0.583446 0.624452
vt 0.019220 0.627898
vt 0.023100 0.627905
vt 0.023091 0.628013
vt 0.019210 0.628005
vt 0.587336 0.553135
vt 0.583455 0.553142
vt 0.583446 0.553034
vt 0.587326 0.553027
vt 0.023100 0.556702
vt 0.019220 0.556695
vt 0.019210 0.556588
vt 0.023091 0.556596
vt 0.075912 0.860293
vt 0.075912 0.839236
vt 0.079747 0.838509
vt 0.079747 0.859567
vt 0.846537 0.075979
vt 0.846537 0.054922
vt 0.850372 0.055649
vt 0.850372 0.076706
vt 0.659810 0.107714
vt 0.659800 0.107714
vt 0.659799 0.107667
vt 0.649983 0.107678
vt 0.649973 0.107678
vt 0.649983 0.107631
vt 0.649974 0.034959
vt 0.649983 0.034912
vt 0.649984 0.034958
vt 0.659810 0.034923
vt 0.659800 0.034923
vt 0.659800 0.034876
vt 0.659810 0.154034
vt 0.659800 0.154080
vt 0.659800 0.154034
vt 0.649974 0.153998
vt 0.649983 0.153998
vt 0.649983 0.154044
vt 0.649974 0.081279
vt 0.649983 0.081279
vt 0.649983 0.081325
vt 0.659810 0.081243
vt 0.659800 0.081289
vt 0.659800 0.081243
vt 0.752342 0.153930
vt 0.753960 0.153926
vt 0.753957 0.153973
vt 0.752339 0.153976
vt 0.751677 0.431371
vt 0.753295 0.431374
vt 0.753292 0.431421
vt 0.751674 0.431418
vt 0.753960 0.107598
vt 0.752342 0.107601
vt 0.752339 0.107555
vt 0.753957 0.107551
vt 0.753295 0.385046
vt 0.751677 0.385043
vt 0.751674 0.384997
vt 0.753292 0.385000
vt 0.231283 0.871994
vt 0.231283 0.862075
vt 0.232883 0.861771
vt 0.232883 0.871691
vt 0.266644 0.661198
vt 0.266644 0.651279
vt 0.268244 0.651582
vt 0.268244 0.661501
vt 0.578455 0.268089
vt 0.578424 0.268089
vt 0.578424 0.268000
vt 0.557585 0.268013
vt 0.557554 0.268013
vt 0.557585 0.267923
vt 0.400453 0.491470
vt 0.400485 0.491380
vt 0.400485 0.491470
vt 0.421355 0.491393
vt 0.421324 0.491393
vt 0.421324 0.491304
vt 0.578455 0.327634
vt 0.578424 0.327724
vt 0.578424 0.327634
vt 0.557554 0.327558
vt 0.557585 0.327558
vt 0.557585 0.327648
vt 0.400453 0.551015
vt 0.400485 0.551015
vt 0.400485 0.551104
vt 0.421355 0.550939
vt 0.421324 0.551028
vt 0.421324 0.550938
vt 0.613651 0.650411
vt 0.617532 0.650404
vt 0.617522 0.650493
vt 0.613642 0.650500
vt 0.663308 0.302157
vt 0.667188 0.302164
vt 0.667179 0.302255
vt 0.663298 0.302247
vt 0.617532 0.590848
vt 0.613651 0.590856
vt 0.613642 0.590766
vt 0.617522 0.590758
vt 0.667188 0.242609
vt 0.663308 0.242601
vt 0.663298 0.242512
vt 0.667179 0.242520
vt 0.845486 0.833939
vt 0.845486 0.812881
vt 0.849321 0.812155
vt 0.849321 0.833212
vt 0.261358 0.855684
vt 0.261358 0.834627
vt 0.265193 0.835353
vt 0.265193 0.856411
vt 0.725374 0.566378
vt 0.725364 0.566378
vt 0.725364 0.566339
vt 0.715548 0.566342
vt 0.715538 0.566342
vt 0.715548 0.566303
vt 0.715532 0.392639
vt 0.715542 0.392600
vt 0.715542 0.392639
vt 0.725368 0.392603
vt 0.725358 0.392603
vt 0.725358 0.392564
vt 0.725374 0.605121
vt 0.725364 0.605160
vt 0.725364 0.605121
vt 0.715538 0.605085
vt 0.715548 0.605085
vt 0.715548 0.605124
vt 0.715532 0.431382
vt 0.715542 0.431382
vt 0.715542 0.431421
vt 0.725368 0.431346
vt 0.725358 0.431385
vt 0.725358 0.431346
vt 0.779611 0.605095
vt 0.781229 0.605092
vt 0.781226 0.605131
vt 0.779607 0.605134
vt 0.751683 0.605092
vt 0.753302 0.605095
vt 0.753299 0.605134
vt 0.751680 0.605131
vt 0.781229 0.566342
vt 0.779611 0.566345
vt 0.779608 0.566306
vt 0.781226 0.566303
vt 0.753302 0.566345
vt 0.751683 0.566342
vt 0.751680 0.566303
vt 0.753299 0.566306
vt 0.329066 0.869799
vt 0.329066 0.859880
vt 0.330666 0.859577
vt 0.330666 0.869496
vt 0.675703 0.871900
vt 0.675703 0.861980
vt 0.677303 0.862283
vt 0.677303 0.872203
vt 0.983768 0.651741
vt 0.983478 0.651754
vt 0.983478 0.651245
vt 0.817867 0.956534
vt 0.817303 0.956259
vt 0.817303 0.955747
vt 0.817867 0.955809
vt 0.818434 0.956753
vt 0.818434 0.956241
vt 0.983890 0.683188
vt 0.983607 0.683031
vt 0.983890 0.682679
vt 0.817306 0.955495
vt 0.817871 0.955453
vt 0.818437 0.955989
vt 0.983722 0.682418
vt 0.983646 0.650984
vt 0.983883 0.651124
vt 0.985580 0.183476
vt 0.985626 0.182948
vt 0.985850 0.183004
vt 0.985896 0.183556
vt 0.985580 0.184171
vt 0.985803 0.184227
vt 0.983484 0.682558
vt 0.984051 0.651583
vt 0.543404 0.955364
vt 0.543970 0.955341
vt 0.543967 0.955814
vt 0.543400 0.956033
vt 0.542839 0.955834
vt 0.542836 0.956308
vt 0.983317 0.683017
vt 0.984051 0.652093
vt 0.543967 0.956326
vt 0.543400 0.956758
vt 0.542836 0.956820
vt 0.983317 0.683527
vt 0.983883 0.652354
vt 0.543970 0.956578
vt 0.543403 0.957114
vt 0.542838 0.957072
vt 0.983484 0.683788
vt 0.983722 0.683648
vt 0.983646 0.652214
vt 0.151950 0.762645
vt 0.151950 0.761950
vt 0.152173 0.761894
vt 0.152266 0.762566
vt 0.151996 0.763174
vt 0.152220 0.763118
vt 0.818437 0.957227
vt 0.817870 0.957203
vt 0.817306 0.956733
vt 0.543694 0.984128
vt 0.543432 0.983953
vt 0.543589 0.983532
vt 0.756355 0.957714
vt 0.755823 0.957515
vt 0.755826 0.957078
vt 0.756359 0.957096
vt 0.756890 0.957984
vt 0.756893 0.957547
vt 0.984512 0.923639
vt 0.984237 0.923679
vt 0.984355 0.923218
vt 0.155113 0.986245
vt 0.155088 0.985602
vt 0.155393 0.985571
vt 0.155329 0.986223
vt 0.984132 0.923105
vt 0.543812 0.983419
vt 0.155177 0.985090
vt 0.155393 0.985068
vt 0.155623 0.957082
vt 0.156157 0.957118
vt 0.156155 0.957369
vt 0.155619 0.957438
vt 0.155090 0.957587
vt 0.155088 0.957838
vt 0.983975 0.923369
vt 0.543969 0.983683
vt 0.543969 0.984168
vt 0.156155 0.957856
vt 0.155619 0.958126
vt 0.155088 0.958325
vt 0.983975 0.923854
vt 0.543812 0.984589
vt 0.156157 0.958293
vt 0.155623 0.958744
vt 0.155090 0.958762
vt 0.984132 0.924275
vt 0.543589 0.984701
vt 0.755824 0.985707
vt 0.755849 0.985064
vt 0.756065 0.985086
vt 0.756129 0.985738
vt 0.755913 0.986219
vt 0.756129 0.986241
vt 0.984355 0.924387
vt 0.543432 0.984438
vt 0.756358 0.958758
vt 0.755826 0.958253
vt 0.755823 0.958002
vt 0.756355 0.958402
vt 0.756893 0.958722
vt 0.756890 0.958471
vt 0.984512 0.924124
vt 0.905063 0.484452
vt 0.905063 0.483218
vt 0.905735 0.483124
vt 0.906014 0.484320
vt 0.905307 0.485902
vt 0.905980 0.485808
vt 0.358570 0.924890
vt 0.357860 0.925401
vt 0.358102 0.924381
vt 0.408977 0.925506
vt 0.408090 0.924733
vt 0.408558 0.924223
vt 0.906652 0.484480
vt 0.906431 0.485922
vt 0.357440 0.924546
vt 0.409220 0.924389
vt 0.884106 0.323168
vt 0.885352 0.323097
vt 0.885345 0.323617
vt 0.884095 0.323904
vt 0.882856 0.324705
vt 0.884095 0.325154
vt 0.882856 0.325590
vt 0.356972 0.925289
vt 0.409687 0.925132
vt 0.885345 0.324501
vt 0.885352 0.325232
vt 0.884105 0.326187
vt 0.882863 0.326320
vt 0.356972 0.926175
vt 0.409688 0.926018
vt 0.409220 0.926527
vt 0.905209 0.761438
vt 0.905454 0.759989
vt 0.906126 0.760082
vt 0.906160 0.761571
vt 0.905209 0.762673
vt 0.905881 0.762766
vt 0.357440 0.926684
vt 0.408558 0.926362
vt 0.906577 0.759969
vt 0.906798 0.761410
vt 0.263854 0.885940
vt 0.262607 0.885868
vt 0.262597 0.885133
vt 0.263847 0.885419
vt 0.358102 0.926519
vt 0.408090 0.925619
vt 0.261358 0.884331
vt 0.261358 0.883447
vt 0.262598 0.883882
vt 0.263847 0.884535
vt 0.358570 0.925776
vt 0.261365 0.882717
vt 0.262607 0.882849
vt 0.263854 0.883805
vt 0.898073 0.122935
vt 0.897050 0.122379
vt 0.897057 0.121276
vt 0.898077 0.122155
vt 0.934214 0.085691
vt 0.933698 0.085828
vt 0.933914 0.084921
vt 0.934240 0.056252
vt 0.933731 0.055855
vt 0.934031 0.055085
vt 0.896034 0.122041
vt 0.896039 0.121261
vt 0.958670 0.184227
vt 0.958670 0.182996
vt 0.959274 0.182980
vt 0.959097 0.184215
vt 0.933489 0.084758
vt 0.934456 0.054922
vt 0.958826 0.182024
vt 0.959253 0.182012
vt 0.896038 0.151720
vt 0.897056 0.150771
vt 0.897050 0.151537
vt 0.896034 0.152261
vt 0.933189 0.085298
vt 0.934756 0.055462
vt 0.898077 0.150827
vt 0.898073 0.151368
vt 0.897050 0.152858
vt 0.896034 0.153196
vt 0.933189 0.086225
vt 0.934756 0.056389
vt 0.898073 0.152302
vt 0.898077 0.153082
vt 0.897056 0.153961
vt 0.896038 0.153976
vt 0.933489 0.086996
vt 0.934456 0.057159
vt 0.934031 0.057322
vt 0.646759 0.958215
vt 0.646759 0.956985
vt 0.647186 0.956996
vt 0.647363 0.958232
vt 0.646915 0.959188
vt 0.647342 0.959199
vt 0.933914 0.087158
vt 0.933731 0.056782
vt 0.897057 0.124465
vt 0.896039 0.123516
vt 0.896034 0.122975
vt 0.897050 0.123700
vt 0.898077 0.124410
vt 0.898073 0.123869
vt 0.934214 0.086618
vt 0.958670 0.211354
vt 0.958689 0.210597
vt 0.959095 0.210533
vt 0.959244 0.211264
vt 0.958817 0.212240
vt 0.959223 0.212176
vt 0.979108 0.514197
vt 0.978684 0.514509
vt 0.978831 0.513870
vt 0.452149 0.978316
vt 0.451626 0.977838
vt 0.451903 0.977511
vt 0.959648 0.211355
vt 0.959509 0.212240
vt 0.978439 0.513965
vt 0.452295 0.977606
vt 0.787232 0.930641
vt 0.787994 0.930608
vt 0.787990 0.930897
vt 0.787226 0.931050
vt 0.786468 0.931563
vt 0.787226 0.931819
vt 0.786468 0.932107
vt 0.978161 0.514428
vt 0.452572 0.978069
vt 0.787990 0.931441
vt 0.787994 0.931921
vt 0.787232 0.932498
vt 0.786472 0.932587
vt 0.978161 0.514987
vt 0.452572 0.978628
vt 0.452295 0.978956
vt 0.586929 0.959315
vt 0.587076 0.958429
vt 0.587482 0.958493
vt 0.587503 0.959405
vt 0.586949 0.960072
vt 0.587355 0.960136
vt 0.978439 0.515315
vt 0.451903 0.978860
vt 0.587768 0.958429
vt 0.587907 0.959315
vt 0.587907 0.932123
vt 0.587145 0.932090
vt 0.587139 0.931681
vt 0.587903 0.931834
vt 0.978831 0.515219
vt 0.451626 0.978397
vt 0.586382 0.931168
vt 0.586382 0.930624
vt 0.587139 0.930912
vt 0.587903 0.931290
vt 0.979108 0.514756
vt 0.586386 0.930144
vt 0.587145 0.930233
vt 0.587907 0.930810
vt 0.934517 0.729775
vt 0.933852 0.729550
vt 0.933852 0.728691
vt 0.934517 0.729167
vt 0.902720 0.981262
vt 0.902383 0.981026
vt 0.902720 0.980659
vt 0.957383 0.981183
vt 0.957053 0.981249
vt 0.957053 0.980647
vt 0.933192 0.729194
vt 0.933192 0.728586
vt 0.957249 0.980308
vt 0.933195 0.728241
vt 0.933856 0.728203
vt 0.934520 0.728822
vt 0.902525 0.980321
vt 0.902249 0.980445
vt 0.957524 0.980433
vt 0.983975 0.953178
vt 0.983991 0.952552
vt 0.984270 0.952570
vt 0.984369 0.953204
vt 0.984090 0.953984
vt 0.984369 0.954002
vt 0.298556 0.934573
vt 0.299218 0.934003
vt 0.299214 0.934730
vt 0.298553 0.935087
vt 0.902054 0.980959
vt 0.957720 0.980947
vt 0.299882 0.933992
vt 0.299879 0.934506
vt 0.299214 0.935589
vt 0.298553 0.935694
vt 0.902054 0.981562
vt 0.957720 0.981549
vt 0.299879 0.935113
vt 0.299218 0.936077
vt 0.298556 0.936039
vt 0.902249 0.981900
vt 0.957524 0.981888
vt 0.299881 0.935458
vt 0.845757 0.984335
vt 0.845741 0.983708
vt 0.846135 0.983682
vt 0.846036 0.984316
vt 0.902525 0.981776
vt 0.957249 0.981763
vt 0.845856 0.982903
vt 0.846135 0.982884
vt 0.934520 0.730289
vt 0.933856 0.730277
vt 0.933195 0.729707
vt 0.408888 0.981482
vt 0.408962 0.980940
vt 0.409266 0.980981
vt 0.409318 0.981540
vt 0.408858 0.982141
vt 0.409162 0.982182
vt 0.676858 0.984820
vt 0.676716 0.985201
vt 0.676550 0.984801
vt 0.232428 0.985077
vt 0.232262 0.984557
vt 0.232570 0.984538
vt 0.979906 0.122465
vt 0.979832 0.121770
vt 0.980184 0.121988
vt 0.980155 0.122620
vt 0.676332 0.985057
vt 0.232788 0.984794
vt 0.980069 0.121261
vt 0.980318 0.121415
vt 0.980641 0.122265
vt 0.980478 0.122815
vt 0.676332 0.985438
vt 0.232788 0.985175
vt 0.980641 0.121611
vt 0.029096 0.981390
vt 0.029179 0.980748
vt 0.029451 0.980789
vt 0.029481 0.981448
vt 0.029283 0.981949
vt 0.029555 0.981991
vt 0.676550 0.985721
vt 0.232570 0.985457
vt 0.232262 0.985477
vt 0.029755 0.980748
vt 0.029910 0.981390
vt 0.029859 0.981950
vt 0.676858 0.985740
vt 0.232045 0.985221
vt 0.979789 0.151486
vt 0.979864 0.150791
vt 0.980113 0.150637
vt 0.980141 0.151268
vt 0.980026 0.151996
vt 0.980275 0.151841
vt 0.677076 0.985484
vt 0.232045 0.984840
vt 0.980436 0.150441
vt 0.980599 0.150991
vt 0.980599 0.151645
vt 0.677076 0.985103
vt 0.408503 0.981540
vt 0.408690 0.980981
vt 0.408586 0.982182
vt 0.481066 0.922483
vt 0.480281 0.922221
vt 0.480281 0.921207
vt 0.481066 0.921766
vt 0.961307 0.086411
vt 0.960909 0.086128
vt 0.961307 0.085699
vt 0.960921 0.813991
vt 0.960533 0.814075
vt 0.960533 0.813363
vt 0.479501 0.921796
vt 0.479501 0.921079
vt 0.961077 0.085297
vt 0.960763 0.812961
vt 0.479504 0.920667
vt 0.480286 0.920623
vt 0.481070 0.921353
vt 0.981765 0.591700
vt 0.981629 0.590748
vt 0.982096 0.590778
vt 0.982096 0.591721
vt 0.960751 0.085439
vt 0.961089 0.813103
vt 0.981653 0.590008
vt 0.981983 0.590029
vt 0.451629 0.921310
vt 0.452411 0.920636
vt 0.452406 0.921488
vt 0.451626 0.921912
vt 0.960520 0.086044
vt 0.961319 0.813708
vt 0.453195 0.920623
vt 0.453191 0.921226
vt 0.452406 0.922502
vt 0.451626 0.922630
vt 0.960520 0.086756
vt 0.961319 0.814420
vt 0.453191 0.921943
vt 0.452411 0.923085
vt 0.451629 0.923042
vt 0.960751 0.087158
vt 0.961089 0.814822
vt 0.453195 0.922355
vt 0.874352 0.982195
vt 0.874327 0.981454
vt 0.874794 0.981425
vt 0.874682 0.982174
vt 0.961077 0.087016
vt 0.960763 0.814680
vt 0.874464 0.980503
vt 0.874794 0.980482
vt 0.480286 0.923073
vt 0.479504 0.922399
vt 0.481070 0.923085
vt 0.930397 0.895204
vt 0.929740 0.894537
vt 0.930102 0.893904
vt 0.901772 0.924325
vt 0.902030 0.923202
vt 0.902576 0.923106
vt 0.902545 0.924190
vt 0.901855 0.925642
vt 0.902401 0.925546
vt 0.930748 0.923739
vt 0.930169 0.924130
vt 0.930386 0.923105
vt 0.930614 0.893951
vt 0.903044 0.923202
vt 0.903206 0.924326
vt 0.902869 0.925642
vt 0.929874 0.923153
vt 0.930975 0.894651
vt 0.358107 0.895480
vt 0.359241 0.895404
vt 0.359235 0.896186
vt 0.358100 0.896586
vt 0.356978 0.896383
vt 0.356972 0.897165
vt 0.929512 0.923853
vt 0.930975 0.895595
vt 0.359235 0.897095
vt 0.358100 0.897872
vt 0.356972 0.898075
vt 0.929512 0.924796
vt 0.930614 0.896228
vt 0.923789 0.438780
vt 0.923872 0.437464
vt 0.924419 0.437560
vt 0.924562 0.438916
vt 0.924047 0.439904
vt 0.924593 0.440000
vt 0.929874 0.925430
vt 0.930386 0.925383
vt 0.930102 0.896181
vt 0.924886 0.437464
vt 0.925223 0.438780
vt 0.925061 0.439904
vt 0.330666 0.898776
vt 0.329533 0.898700
vt 0.329525 0.897594
vt 0.330661 0.897994
vt 0.930748 0.924682
vt 0.929740 0.895481
vt 0.328403 0.897797
vt 0.328398 0.897014
vt 0.329525 0.896308
vt 0.330661 0.897085
vt 0.328398 0.896105
vt 0.883284 0.015252
vt 0.882121 0.014498
vt 0.882129 0.013596
vt 0.883289 0.014614
vt 0.187137 0.928830
vt 0.186555 0.929171
vt 0.186780 0.928110
vt 0.929482 0.682714
vt 0.928846 0.682082
vt 0.929202 0.681363
vt 0.880967 0.014246
vt 0.880972 0.013607
vt 0.949805 0.622661
vt 0.949810 0.621263
vt 0.950511 0.621308
vt 0.950300 0.622693
vt 0.186276 0.928097
vt 0.929707 0.681350
vt 0.949805 0.620155
vt 0.950300 0.620188
vt 0.876683 0.085407
vt 0.877840 0.084426
vt 0.877832 0.085508
vt 0.876678 0.086172
vt 0.185919 0.928798
vt 0.930063 0.682051
vt 0.879000 0.084401
vt 0.878994 0.085165
vt 0.877832 0.086911
vt 0.876678 0.087164
vt 0.185919 0.929803
vt 0.930063 0.683056
vt 0.878994 0.086157
vt 0.879000 0.086796
vt 0.877840 0.087813
vt 0.876683 0.087802
vt 0.186276 0.930522
vt 0.929707 0.683775
vt 0.929203 0.683788
vt 0.950024 0.407189
vt 0.950019 0.405790
vt 0.950515 0.405758
vt 0.950725 0.407143
vt 0.950019 0.408296
vt 0.950515 0.408264
vt 0.186780 0.930535
vt 0.928846 0.683087
vt 0.882129 0.016983
vt 0.880973 0.016002
vt 0.880967 0.015237
vt 0.882121 0.015901
vt 0.883289 0.017008
vt 0.883284 0.016244
vt 0.187137 0.929834
vt 0.508796 0.917817
vt 0.508579 0.916441
vt 0.509466 0.916301
vt 0.509424 0.917718
vt 0.232883 0.928184
vt 0.232230 0.928665
vt 0.232457 0.927664
vt 0.818103 0.928147
vt 0.817303 0.927403
vt 0.817729 0.926883
vt 0.508628 0.915263
vt 0.509255 0.915164
vt 0.818331 0.927027
vt 0.479886 0.891287
vt 0.481070 0.891241
vt 0.481063 0.891672
vt 0.479877 0.891897
vt 0.510101 0.916441
vt 0.509873 0.917817
vt 0.231855 0.927808
vt 0.231430 0.928530
vt 0.818756 0.927750
vt 0.481063 0.892518
vt 0.479877 0.893093
vt 0.478700 0.892708
vt 0.478700 0.893553
vt 0.479887 0.894174
vt 0.478707 0.894317
vt 0.231430 0.929409
vt 0.818756 0.928628
vt 0.481070 0.893282
vt 0.915378 0.279498
vt 0.915329 0.278321
vt 0.916217 0.278461
vt 0.916006 0.279598
vt 0.231855 0.929928
vt 0.818331 0.929148
vt 0.915547 0.276945
vt 0.916175 0.277044
vt 0.452394 0.894318
vt 0.451211 0.894271
vt 0.451201 0.893661
vt 0.452388 0.893886
vt 0.232457 0.929785
vt 0.817729 0.929004
vt 0.916623 0.276945
vt 0.916851 0.278321
vt 0.451202 0.892465
vt 0.452388 0.893041
vt 0.232882 0.929062
vt 0.817303 0.928281
vt 0.450025 0.892851
vt 0.450025 0.892005
vt 0.451211 0.891385
vt 0.452394 0.892276
vt 0.450031 0.891241
vt 0.922475 0.547050
vt 0.921881 0.547153
vt 0.921881 0.546073
vt 0.877805 0.728939
vt 0.876621 0.728311
vt 0.876621 0.727222
vt 0.877805 0.727399
vt 0.878997 0.729352
vt 0.878997 0.728263
vt 0.923499 0.621831
vt 0.922898 0.621426
vt 0.923499 0.620752
vt 0.876626 0.726619
vt 0.877813 0.726547
vt 0.879002 0.727661
vt 0.923149 0.620155
vt 0.922231 0.545477
vt 0.922726 0.545714
vt 0.079044 0.946006
vt 0.079057 0.944884
vt 0.079555 0.944921
vt 0.079747 0.946058
vt 0.079250 0.947451
vt 0.079747 0.947488
vt 0.922654 0.620392
vt 0.923076 0.546645
vt 0.877567 0.483149
vt 0.878757 0.483124
vt 0.878752 0.484061
vt 0.877560 0.484474
vt 0.876380 0.484165
vt 0.876375 0.485102
vt 0.922304 0.621323
vt 0.923076 0.547724
vt 0.878752 0.485149
vt 0.877560 0.486013
vt 0.876375 0.486191
vt 0.922304 0.622403
vt 0.922726 0.548320
vt 0.878757 0.485752
vt 0.877567 0.486866
vt 0.876381 0.486793
vt 0.922654 0.622999
vt 0.923149 0.622762
vt 0.922231 0.548084
vt 0.949382 0.547198
vt 0.949588 0.545754
vt 0.950085 0.545717
vt 0.950085 0.547146
vt 0.949396 0.548320
vt 0.949893 0.548284
vt 0.879002 0.730289
vt 0.877813 0.730264
vt 0.876626 0.729247
vt 0.875461 0.896356
vt 0.874423 0.896004
vt 0.874423 0.894662
vt 0.875462 0.895407
vt 0.932364 0.212254
vt 0.931839 0.211889
vt 0.932364 0.211313
vt 0.931839 0.183378
vt 0.931324 0.183480
vt 0.931324 0.182539
vt 0.873392 0.895449
vt 0.873392 0.894500
vt 0.874430 0.893904
vt 0.875466 0.894871
vt 0.932059 0.210787
vt 0.931628 0.182012
vt 0.873396 0.893964
vt 0.957234 0.925342
vt 0.957053 0.924084
vt 0.957669 0.924125
vt 0.957669 0.925372
vt 0.931628 0.210983
vt 0.932059 0.182209
vt 0.957076 0.923105
vt 0.957512 0.923135
vt 0.894877 0.514777
vt 0.895911 0.513889
vt 0.895904 0.515027
vt 0.894873 0.515582
vt 0.931324 0.211788
vt 0.932364 0.183013
vt 0.896947 0.513870
vt 0.896943 0.514675
vt 0.895905 0.516369
vt 0.894873 0.516531
vt 0.931324 0.212729
vt 0.932364 0.183954
vt 0.896943 0.515623
vt 0.896947 0.516160
vt 0.895911 0.517127
vt 0.894878 0.517067
vt 0.931628 0.213255
vt 0.932059 0.184481
vt 0.931628 0.184284
vt 0.957053 0.953024
vt 0.957234 0.951766
vt 0.957669 0.951736
vt 0.957669 0.952982
vt 0.957077 0.954002
vt 0.957512 0.953973
vt 0.932059 0.213059
vt 0.874430 0.897142
vt 0.873396 0.896254
vt 0.875466 0.897161
vt 0.187771 0.901210
vt 0.186842 0.900973
vt 0.186842 0.899811
vt 0.187771 0.900388
vt 0.902720 0.953313
vt 0.902223 0.952865
vt 0.902720 0.952485
vt 0.874297 0.953258
vt 0.873846 0.953474
vt 0.873846 0.952646
vt 0.185919 0.900393
vt 0.185919 0.899571
vt 0.186848 0.898987
vt 0.187775 0.899805
vt 0.902442 0.951947
vt 0.874124 0.952109
vt 0.185924 0.898988
vt 0.298717 0.964391
vt 0.298553 0.963270
vt 0.299117 0.963270
vt 0.299116 0.964391
vt 0.902050 0.952015
vt 0.874517 0.952177
vt 0.298694 0.962383
vt 0.299093 0.962383
vt 0.645511 0.900206
vt 0.646436 0.899386
vt 0.646430 0.900204
vt 0.645507 0.900784
vt 0.901772 0.952649
vt 0.874794 0.952811
vt 0.647363 0.899389
vt 0.647358 0.899967
vt 0.646430 0.901366
vt 0.645507 0.901606
vt 0.901772 0.953477
vt 0.874794 0.953639
vt 0.647358 0.900789
vt 0.647363 0.901372
vt 0.646436 0.902191
vt 0.645511 0.902189
vt 0.902050 0.954015
vt 0.874517 0.954176
vt 0.874124 0.954108
vt 0.964971 0.014716
vt 0.965135 0.013596
vt 0.965534 0.013596
vt 0.965535 0.014716
vt 0.965112 0.015603
vt 0.965511 0.015603
vt 0.902442 0.953947
vt 0.186848 0.901791
vt 0.185924 0.900971
vt 0.187775 0.901788
vt 0.617117 0.905623
vt 0.616197 0.904757
vt 0.617117 0.904550
vt 0.905399 0.814482
vt 0.904665 0.815046
vt 0.904665 0.813972
vt 0.298213 0.877350
vt 0.299072 0.875838
vt 0.299996 0.875712
vt 0.299519 0.877172
vt 0.298213 0.878758
vt 0.299137 0.878632
vt 0.905150 0.813108
vt 0.300986 0.875585
vt 0.300919 0.876993
vt 0.300127 0.878505
vt 0.616632 0.903686
vt 0.905835 0.812961
vt 0.898323 0.590179
vt 0.898727 0.588787
vt 0.899252 0.588669
vt 0.899065 0.590013
vt 0.898664 0.591805
vt 0.899188 0.591688
vt 0.615947 0.903539
vt 0.615462 0.904194
vt 0.906319 0.813616
vt 0.899995 0.588786
vt 0.900116 0.590179
vt 0.899932 0.591805
vt 0.877537 0.057842
vt 0.876678 0.056329
vt 0.877984 0.056508
vt 0.878460 0.057968
vt 0.615462 0.905267
vt 0.906319 0.814690
vt 0.876678 0.054922
vt 0.877601 0.055048
vt 0.879384 0.056687
vt 0.879450 0.058095
vt 0.615947 0.906131
vt 0.905835 0.815553
vt 0.878591 0.055174
vt 0.117051 0.899533
vt 0.116647 0.898141
vt 0.117388 0.898306
vt 0.117575 0.899650
vt 0.616632 0.906278
vt 0.905150 0.815701
vt 0.116987 0.896514
vt 0.117511 0.896631
vt 0.118440 0.898140
vt 0.118319 0.899533
vt 0.118255 0.896514
vt 0.818163 0.984229
vt 0.817909 0.984083
vt 0.818064 0.983661
vt 0.786986 0.959546
vt 0.786468 0.959335
vt 0.786470 0.958892
vt 0.786990 0.958920
vt 0.787508 0.959794
vt 0.787510 0.959350
vt 0.118215 0.984058
vt 0.117941 0.984072
vt 0.118061 0.983635
vt 0.984532 0.895410
vt 0.984425 0.894793
vt 0.984706 0.894717
vt 0.984731 0.895356
vt 0.117842 0.983507
vt 0.818282 0.983533
vt 0.984465 0.894284
vt 0.984664 0.894231
vt 0.960958 0.483124
vt 0.961478 0.483162
vt 0.961476 0.483382
vt 0.960954 0.483435
vt 0.984969 0.894793
vt 0.984917 0.895410
vt 0.117688 0.983748
vt 0.818437 0.983774
vt 0.818437 0.984243
vt 0.961476 0.483850
vt 0.960954 0.484098
vt 0.960436 0.483840
vt 0.960436 0.484309
vt 0.117688 0.984218
vt 0.818282 0.984666
vt 0.961478 0.484294
vt 0.960958 0.484724
vt 0.960438 0.484752
vt 0.117842 0.984640
vt 0.818064 0.984794
vt 0.716304 0.985076
vt 0.716411 0.984459
vt 0.716610 0.984513
vt 0.716584 0.985152
vt 0.716344 0.985584
vt 0.716542 0.985638
vt 0.118061 0.984768
vt 0.817909 0.984553
vt 0.716796 0.984459
vt 0.716848 0.985075
vt 0.787510 0.960482
vt 0.786990 0.960520
vt 0.786986 0.960209
vt 0.787508 0.960262
vt 0.118215 0.984527
vt 0.786468 0.959804
vt 0.262572 0.914913
vt 0.262329 0.913526
vt 0.263236 0.913390
vt 0.263213 0.914816
vt 0.847187 0.926955
vt 0.846512 0.927444
vt 0.846743 0.926460
vt 0.543294 0.928051
vt 0.542453 0.927307
vt 0.542897 0.926813
vt 0.262329 0.912343
vt 0.262970 0.912246
vt 0.263854 0.913535
vt 0.263650 0.914919
vt 0.846115 0.926617
vt 0.543525 0.926969
vt 0.078553 0.886663
vt 0.079747 0.886599
vt 0.079740 0.887085
vt 0.078543 0.887350
vt 0.077356 0.888127
vt 0.078543 0.888550
vt 0.077356 0.888976
vt 0.845671 0.927332
vt 0.543969 0.927684
vt 0.079740 0.887934
vt 0.078552 0.889560
vt 0.077362 0.889690
vt 0.845671 0.928188
vt 0.543969 0.928540
vt 0.079746 0.888648
vt 0.915147 0.250541
vt 0.915147 0.249358
vt 0.916054 0.249495
vt 0.915788 0.250639
vt 0.846115 0.928682
vt 0.543525 0.929035
vt 0.915389 0.247972
vt 0.916031 0.248069
vt 0.888841 0.250639
vt 0.887647 0.250575
vt 0.887637 0.249887
vt 0.888834 0.250153
vt 0.846743 0.928526
vt 0.542897 0.928878
vt 0.916468 0.247966
vt 0.916672 0.249349
vt 0.886450 0.249110
vt 0.886450 0.248261
vt 0.887637 0.248687
vt 0.888834 0.249304
vt 0.847187 0.927810
vt 0.542453 0.928162
vt 0.886457 0.247548
vt 0.887647 0.247678
vt 0.888841 0.248590
vt 0.983048 0.866495
vt 0.982769 0.866323
vt 0.982938 0.865864
vt 0.357542 0.953693
vt 0.356972 0.953470
vt 0.356975 0.952990
vt 0.357546 0.953015
vt 0.358117 0.953973
vt 0.358119 0.953494
vt 0.329845 0.982292
vt 0.329547 0.982320
vt 0.329676 0.981832
vt 0.983178 0.865732
vt 0.186619 0.985523
vt 0.186713 0.984971
vt 0.186940 0.984939
vt 0.186940 0.985477
vt 0.186664 0.986211
vt 0.186891 0.986178
vt 0.329436 0.981701
vt 0.983347 0.866005
vt 0.954750 0.590008
vt 0.955323 0.590048
vt 0.955320 0.590303
vt 0.954746 0.590368
vt 0.954178 0.590552
vt 0.954176 0.590807
vt 0.329267 0.981974
vt 0.983347 0.866523
vt 0.955320 0.590822
vt 0.954746 0.591102
vt 0.954176 0.591326
vt 0.329267 0.982492
vt 0.329436 0.982952
vt 0.983178 0.866983
vt 0.955323 0.591302
vt 0.954750 0.591780
vt 0.954178 0.591805
vt 0.986048 0.211772
vt 0.985954 0.211220
vt 0.986275 0.211267
vt 0.986275 0.211805
vt 0.329676 0.983084
vt 0.982938 0.867114
vt 0.985999 0.210533
vt 0.986226 0.210565
vt 0.358119 0.954747
vt 0.357546 0.954788
vt 0.357543 0.954428
vt 0.358117 0.954492
vt 0.329845 0.982810
vt 0.982769 0.866841
vt 0.356975 0.954244
vt 0.356972 0.953989
vt 0.867727 0.619069
vt 0.866453 0.618796
vt 0.866461 0.618120
vt 0.867738 0.618111
vt 0.903465 0.184092
vt 0.903430 0.182608
vt 0.904260 0.182451
vt 0.904051 0.183981
vt 0.924608 0.514648
vt 0.923964 0.515040
vt 0.924211 0.513870
vt 0.923069 0.407126
vt 0.922358 0.406414
vt 0.922755 0.405636
vt 0.905017 0.182608
vt 0.904587 0.184092
vt 0.923650 0.513871
vt 0.923316 0.405637
vt 0.904397 0.181235
vt 0.904932 0.181346
vt 0.755827 0.870492
vt 0.757102 0.869417
vt 0.757097 0.870626
vt 0.755824 0.871347
vt 0.923253 0.514650
vt 0.923713 0.406417
vt 0.758383 0.869373
vt 0.758380 0.870228
vt 0.758383 0.871311
vt 0.757101 0.872158
vt 0.755827 0.872430
vt 0.923253 0.515752
vt 0.923713 0.407518
vt 0.923316 0.408296
vt 0.903430 0.211882
vt 0.903465 0.210398
vt 0.904051 0.210509
vt 0.904260 0.212039
vt 0.757113 0.873115
vt 0.755835 0.873107
vt 0.923650 0.516530
vt 0.922755 0.408295
vt 0.904587 0.210398
vt 0.905018 0.211882
vt 0.904397 0.213255
vt 0.904933 0.213144
vt 0.924211 0.516529
vt 0.922358 0.407516
vt 0.867727 0.621809
vt 0.866453 0.620734
vt 0.866449 0.619879
vt 0.867722 0.620600
vt 0.869008 0.621853
vt 0.869005 0.620998
vt 0.924608 0.515749
vt 0.869008 0.619915
vt 0.231381 0.901358
vt 0.231128 0.899772
vt 0.232152 0.899610
vt 0.232105 0.901244
vt 0.911272 0.014193
vt 0.910519 0.014748
vt 0.910781 0.013596
vt 0.912582 0.324551
vt 0.911658 0.323694
vt 0.912150 0.323097
vt 0.231182 0.898414
vt 0.231906 0.898300
vt 0.910086 0.013762
vt 0.912844 0.323263
vt 0.876995 0.812209
vt 0.878359 0.812155
vt 0.878351 0.812655
vt 0.876984 0.812916
vt 0.232883 0.899772
vt 0.232622 0.901358
vt 0.875627 0.813848
vt 0.876984 0.814294
vt 0.875627 0.814823
vt 0.909595 0.014595
vt 0.913336 0.324095
vt 0.878351 0.813629
vt 0.876994 0.815536
vt 0.875635 0.815701
vt 0.909595 0.015606
vt 0.913336 0.325107
vt 0.878359 0.814507
vt 0.715591 0.901375
vt 0.715538 0.900017
vt 0.716562 0.900179
vt 0.716315 0.901489
vt 0.910086 0.016203
vt 0.912844 0.325704
vt 0.715791 0.898431
vt 0.716515 0.898545
vt 0.878904 0.763515
vt 0.877539 0.763461
vt 0.877528 0.762754
vt 0.878896 0.763015
vt 0.910781 0.016037
vt 0.912150 0.325537
vt 0.717031 0.898431
vt 0.717292 0.900017
vt 0.877528 0.761375
vt 0.878896 0.762040
vt 0.911272 0.015204
vt 0.911658 0.324705
vt 0.876172 0.761822
vt 0.876172 0.760847
vt 0.876179 0.759969
vt 0.877539 0.760134
vt 0.878904 0.761162
vt 0.819176 0.899862
vt 0.818237 0.899553
vt 0.818237 0.898339
vt 0.819176 0.899004
vt 0.951855 0.515206
vt 0.951378 0.514862
vt 0.951855 0.514354
vt 0.479965 0.950622
vt 0.479501 0.950728
vt 0.479501 0.949876
vt 0.817303 0.899041
vt 0.817303 0.898183
vt 0.951580 0.513870
vt 0.479777 0.949391
vt 0.817307 0.897684
vt 0.818242 0.897634
vt 0.819180 0.898506
vt 0.961226 0.057298
vt 0.961062 0.056160
vt 0.961622 0.056194
vt 0.961622 0.057322
vt 0.951190 0.514036
vt 0.480167 0.949557
vt 0.961096 0.055273
vt 0.961492 0.055297
vt 0.542457 0.898385
vt 0.543392 0.897577
vt 0.543386 0.898588
vt 0.542453 0.899100
vt 0.950914 0.514755
vt 0.480442 0.950277
vt 0.544330 0.897563
vt 0.544325 0.898278
vt 0.543386 0.899802
vt 0.542453 0.899958
vt 0.950914 0.515607
vt 0.480442 0.951129
vt 0.544326 0.899136
vt 0.543392 0.900507
vt 0.542457 0.900457
vt 0.951190 0.516092
vt 0.480167 0.951614
vt 0.544330 0.899635
vt 0.615497 0.962806
vt 0.615462 0.961919
vt 0.616022 0.961886
vt 0.615893 0.962782
vt 0.951580 0.515926
vt 0.479777 0.951448
vt 0.615626 0.960781
vt 0.616022 0.960757
vt 0.818243 0.900564
vt 0.817308 0.899756
vt 0.819180 0.900577
vt 0.299878 0.907022
vt 0.299043 0.906726
vt 0.299043 0.905649
vt 0.299878 0.906260
vt 0.958119 0.895398
vt 0.957699 0.895123
vt 0.958119 0.894642
vt 0.232462 0.957339
vt 0.232045 0.957402
vt 0.232045 0.956646
vt 0.298213 0.906292
vt 0.298213 0.905530
vt 0.957874 0.894230
vt 0.232290 0.956234
vt 0.298217 0.905117
vt 0.299048 0.905064
vt 0.299881 0.905846
vt 0.929655 0.981674
vt 0.929512 0.980662
vt 0.930002 0.980701
vt 0.930002 0.981702
vt 0.957527 0.894404
vt 0.232637 0.956407
vt 0.929513 0.979877
vt 0.929860 0.979904
vt 0.905760 0.055651
vt 0.906592 0.054942
vt 0.906586 0.055882
vt 0.905756 0.056315
vt 0.957281 0.895061
vt 0.232883 0.957064
vt 0.907425 0.054922
vt 0.907422 0.055586
vt 0.906586 0.056959
vt 0.905756 0.057077
vt 0.957281 0.895816
vt 0.232883 0.957820
vt 0.907421 0.056348
vt 0.906591 0.057544
vt 0.905760 0.057491
vt 0.957527 0.896228
vt 0.232637 0.958232
vt 0.907425 0.056761
vt 0.810602 0.624850
vt 0.810601 0.624065
vt 0.811091 0.624026
vt 0.810949 0.624823
vt 0.957874 0.896055
vt 0.232290 0.958059
vt 0.810745 0.623053
vt 0.811091 0.623025
vt 0.299048 0.907665
vt 0.298216 0.906956
vt 0.299881 0.907686
vt 0.940156 0.324390
vt 0.939642 0.324655
vt 0.939642 0.323717
vt 0.029803 0.896747
vt 0.028752 0.896073
vt 0.028751 0.895147
vt 0.029803 0.895437
vt 0.030861 0.897004
vt 0.030861 0.896079
vt 0.938665 0.015154
vt 0.938092 0.014627
vt 0.938665 0.014217
vt 0.939960 0.323097
vt 0.028756 0.894469
vt 0.029810 0.894479
vt 0.030865 0.895401
vt 0.938347 0.013596
vt 0.940410 0.323157
vt 0.956369 0.682512
vt 0.956557 0.681501
vt 0.957011 0.681500
vt 0.957011 0.682511
vt 0.956545 0.683788
vt 0.956999 0.683788
vt 0.937897 0.013656
vt 0.940729 0.323862
vt 0.896427 0.436829
vt 0.897483 0.436833
vt 0.897478 0.437465
vt 0.896420 0.437723
vt 0.895374 0.437765
vt 0.895369 0.438397
vt 0.937578 0.014362
vt 0.940729 0.324800
vt 0.897478 0.438391
vt 0.896420 0.439033
vt 0.895369 0.439323
vt 0.937578 0.015300
vt 0.937897 0.015920
vt 0.940410 0.325421
vt 0.897483 0.439069
vt 0.896427 0.439991
vt 0.895374 0.440001
vt 0.956719 0.653318
vt 0.956531 0.652307
vt 0.957172 0.652308
vt 0.957172 0.653318
vt 0.938347 0.015860
vt 0.939960 0.325361
vt 0.956707 0.651031
vt 0.957160 0.651031
vt 0.030865 0.897636
vt 0.029809 0.897640
vt 0.028756 0.896705
vt 0.886450 0.279918
vt 0.886450 0.278615
vt 0.887736 0.278422
vt 0.887359 0.279781
vt 0.079747 0.917932
vt 0.078930 0.917142
vt 0.079747 0.916909
vt 0.922310 0.373400
vt 0.921647 0.373901
vt 0.921647 0.372878
vt 0.887204 0.277210
vt 0.888113 0.277074
vt 0.889023 0.278240
vt 0.888269 0.279652
vt 0.079313 0.916107
vt 0.922080 0.372076
vt 0.889023 0.276945
vt 0.154918 0.902584
vt 0.154566 0.901083
vt 0.155272 0.900930
vt 0.155417 0.902477
vt 0.078700 0.915996
vt 0.922693 0.371965
vt 0.154877 0.899796
vt 0.155376 0.899688
vt 0.156228 0.901083
vt 0.156093 0.902584
vt 0.078267 0.916641
vt 0.923127 0.372610
vt 0.156052 0.899796
vt 0.508579 0.887187
vt 0.508579 0.885884
vt 0.509488 0.886020
vt 0.509864 0.887379
vt 0.509332 0.888592
vt 0.510242 0.888728
vt 0.078267 0.917665
vt 0.923127 0.373634
vt 0.922693 0.374436
vt 0.510398 0.886150
vt 0.511151 0.887562
vt 0.511151 0.888857
vt 0.078700 0.918467
vt 0.922080 0.374547
vt 0.901772 0.895405
vt 0.902124 0.893904
vt 0.902623 0.894011
vt 0.902478 0.895558
vt 0.902083 0.896692
vt 0.902582 0.896800
vt 0.079313 0.918578
vt 0.903299 0.893904
vt 0.903434 0.895406
vt 0.903258 0.896692
vt 0.925060 0.152213
vt 0.925121 0.150946
vt 0.925948 0.151058
vt 0.925645 0.152292
vt 0.950443 0.372006
vt 0.950168 0.372737
vt 0.949851 0.371965
vt 0.452361 0.950432
vt 0.452044 0.949432
vt 0.452636 0.949391
vt 0.925270 0.149902
vt 0.925855 0.149982
vt 0.453054 0.949881
vt 0.586381 0.901829
vt 0.586837 0.900850
vt 0.587313 0.901144
vt 0.587054 0.902245
vt 0.586530 0.903168
vt 0.587006 0.903462
vt 0.949433 0.372455
vt 0.949433 0.373189
vt 0.453054 0.950615
vt 0.587937 0.901520
vt 0.587937 0.902776
vt 0.587630 0.903838
vt 0.029081 0.926257
vt 0.028716 0.925180
vt 0.029454 0.925293
vt 0.029603 0.926336
vt 0.949851 0.373737
vt 0.452636 0.951163
vt 0.028871 0.923946
vt 0.029393 0.924025
vt 0.030280 0.925180
vt 0.030187 0.926256
vt 0.950443 0.373778
vt 0.452044 0.951204
vt 0.029977 0.923946
vt 0.786924 0.904302
vt 0.786468 0.903323
vt 0.787141 0.902907
vt 0.787400 0.904008
vt 0.950861 0.373288
vt 0.451626 0.950715
vt 0.786617 0.901984
vt 0.787093 0.901690
vt 0.788024 0.902375
vt 0.788024 0.903632
vt 0.950861 0.372554
vt 0.451626 0.949980
vt 0.787717 0.901314
vt 0.924538 0.152292
vt 0.924383 0.151058
vt 0.924748 0.149982
vt 0.977726 0.373208
vt 0.977484 0.372453
vt 0.977932 0.372435
vt 0.029659 0.953428
vt 0.029754 0.952642
vt 0.030194 0.952701
vt 0.030280 0.953512
vt 0.029622 0.954383
vt 0.030061 0.954442
vt 0.977796 0.406971
vt 0.977590 0.407524
vt 0.977348 0.406953
vt 0.932958 0.483862
vt 0.933301 0.483124
vt 0.933667 0.483354
vt 0.933476 0.484188
vt 0.933054 0.484867
vt 0.933421 0.485097
vt 0.977031 0.407329
vt 0.978249 0.372811
vt 0.978249 0.373360
vt 0.934130 0.483638
vt 0.934130 0.484590
vt 0.933884 0.485381
vt 0.977031 0.407877
vt 0.977932 0.373761
vt 0.408503 0.953763
vt 0.408631 0.952833
vt 0.409029 0.952892
vt 0.409066 0.953847
vt 0.408763 0.954574
vt 0.409162 0.954634
vt 0.977348 0.408278
vt 0.977484 0.373779
vt 0.409468 0.952833
vt 0.409688 0.953763
vt 0.409601 0.954574
vt 0.977796 0.408296
vt 0.977167 0.373403
vt 0.933104 0.761488
vt 0.933201 0.760483
vt 0.933567 0.760253
vt 0.933622 0.761162
vt 0.933447 0.762226
vt 0.933814 0.761996
vt 0.978113 0.407921
vt 0.978113 0.407372
vt 0.977167 0.372854
vt 0.934030 0.759969
vt 0.934277 0.760760
vt 0.934277 0.761712
vt 0.029224 0.954442
vt 0.029096 0.953512
vt 0.029356 0.952701
vt 0.952837 0.152232
vt 0.952850 0.151251
vt 0.953483 0.151336
vt 0.953285 0.152292
vt 0.509630 0.972411
vt 0.509419 0.972982
vt 0.509160 0.972428
vt 0.079203 0.974570
vt 0.078944 0.973793
vt 0.079414 0.973811
vt 0.952900 0.150441
vt 0.953347 0.150501
vt 0.943387 0.249738
vt 0.942978 0.248802
vt 0.943633 0.248953
vt 0.943851 0.249845
vt 0.508828 0.972830
vt 0.079747 0.974213
vt 0.943040 0.247965
vt 0.943503 0.248072
vt 0.944377 0.249116
vt 0.944377 0.249960
vt 0.508828 0.973381
vt 0.079747 0.974764
vt 0.944029 0.248187
vt 0.951753 0.439256
vt 0.951529 0.438420
vt 0.952126 0.438505
vt 0.952175 0.439316
vt 0.509160 0.973759
vt 0.079414 0.975141
vt 0.951691 0.437464
vt 0.952113 0.437524
vt 0.952759 0.438420
vt 0.952623 0.439255
vt 0.509630 0.973741
vt 0.078944 0.975124
vt 0.952561 0.437464
vt 0.262329 0.942383
vt 0.262739 0.941446
vt 0.263202 0.941340
vt 0.262985 0.942232
vt 0.262391 0.943219
vt 0.262855 0.943113
vt 0.509963 0.973339
vt 0.078611 0.974722
vt 0.078611 0.974170
vt 0.263728 0.941224
vt 0.263728 0.942069
vt 0.263381 0.942997
vt 0.509963 0.972788
vt 0.952254 0.151336
vt 0.952478 0.150501
vt 0.952416 0.152292
vt 0.480241 0.978495
vt 0.479877 0.978649
vt 0.480024 0.977986
vt 0.979440 0.438378
vt 0.979065 0.438039
vt 0.979281 0.437530
vt 0.716559 0.928492
vt 0.715834 0.928290
vt 0.715837 0.927797
vt 0.716564 0.927794
vt 0.717289 0.928925
vt 0.717292 0.928432
vt 0.979588 0.437464
vt 0.356972 0.981790
vt 0.357021 0.981094
vt 0.357332 0.981094
vt 0.357413 0.981790
vt 0.356985 0.982669
vt 0.357296 0.982669
vt 0.479718 0.977920
vt 0.979804 0.437879
vt 0.929496 0.651031
vt 0.930225 0.651049
vt 0.930222 0.651485
vt 0.929492 0.651646
vt 0.928770 0.651685
vt 0.928766 0.652120
vt 0.479501 0.978335
vt 0.479501 0.978988
vt 0.979804 0.438533
vt 0.930221 0.652141
vt 0.929492 0.652574
vt 0.928766 0.652777
vt 0.929496 0.653272
vt 0.928770 0.653270
vt 0.479718 0.979497
vt 0.979588 0.439041
vt 0.930225 0.652634
vt 0.481876 0.849325
vt 0.481827 0.848629
vt 0.482268 0.848629
vt 0.482188 0.849325
vt 0.480024 0.979563
vt 0.979281 0.439108
vt 0.481840 0.847750
vt 0.482152 0.847750
vt 0.717292 0.930017
vt 0.716564 0.930036
vt 0.716559 0.929420
vt 0.717289 0.929581
vt 0.480241 0.979148
vt 0.979065 0.438693
vt 0.715837 0.929381
vt 0.715834 0.928946
vt 0.676566 0.900374
vt 0.675887 0.899995
vt 0.676302 0.898860
vt 0.809420 0.373150
vt 0.808031 0.372578
vt 0.808038 0.371385
vt 0.809428 0.371463
vt 0.810817 0.373806
vt 0.810823 0.372612
vt 0.847086 0.898260
vt 0.846349 0.898288
vt 0.846671 0.897124
vt 0.901363 0.683788
vt 0.901082 0.682136
vt 0.901829 0.681933
vt 0.901892 0.683644
vt 0.846085 0.896773
vt 0.676888 0.898508
vt 0.901201 0.680773
vt 0.901730 0.680629
vt 0.559527 0.448866
vt 0.560922 0.448968
vt 0.560915 0.449546
vt 0.559518 0.449683
vt 0.902540 0.682136
vt 0.902394 0.683788
vt 0.845670 0.897412
vt 0.677302 0.899147
vt 0.677302 0.900402
vt 0.560915 0.450799
vt 0.559518 0.451454
vt 0.558130 0.450773
vt 0.558130 0.452026
vt 0.845670 0.898667
vt 0.676888 0.901538
vt 0.560921 0.451992
vt 0.559527 0.453141
vt 0.558136 0.453219
vt 0.846085 0.899803
vt 0.676302 0.901890
vt 0.755824 0.901072
vt 0.756105 0.899421
vt 0.756634 0.899565
vt 0.756571 0.901276
vt 0.755943 0.902436
vt 0.756472 0.902580
vt 0.846671 0.900154
vt 0.675887 0.901251
vt 0.757136 0.899421
vt 0.757282 0.901073
vt 0.810823 0.375636
vt 0.809429 0.375738
vt 0.809420 0.374921
vt 0.810817 0.375058
vt 0.847086 0.899515
vt 0.808031 0.373831
vt 0.715871 0.958153
vt 0.715834 0.957212
vt 0.716370 0.957114
vt 0.716251 0.958083
vt 0.263728 0.970002
vt 0.263319 0.970264
vt 0.263474 0.969525
vt 0.967492 0.324035
vt 0.967035 0.323574
vt 0.967289 0.323097
vt 0.925192 0.121829
vt 0.924385 0.121667
vt 0.924390 0.121265
vt 0.925199 0.121261
vt 0.716848 0.957212
vt 0.716588 0.958153
vt 0.263115 0.969540
vt 0.967648 0.323111
vt 0.716431 0.956341
vt 0.716769 0.956411
vt 0.873848 0.924175
vt 0.874655 0.923506
vt 0.874652 0.924283
vt 0.873846 0.924724
vt 0.262861 0.970037
vt 0.967902 0.323608
vt 0.875466 0.923467
vt 0.875464 0.924017
vt 0.874655 0.925234
vt 0.873848 0.925397
vt 0.262861 0.970726
vt 0.967902 0.324297
vt 0.875466 0.924689
vt 0.874662 0.925803
vt 0.873854 0.925798
vt 0.263115 0.971203
vt 0.967648 0.324774
vt 0.676333 0.957624
vt 0.676369 0.956684
vt 0.676749 0.956753
vt 0.676869 0.957723
vt 0.676930 0.958495
vt 0.677347 0.957624
vt 0.677268 0.958425
vt 0.263474 0.971188
vt 0.967289 0.324760
vt 0.677087 0.956684
vt 0.925191 0.123557
vt 0.924385 0.122889
vt 0.924383 0.122339
vt 0.925188 0.122780
vt 0.926002 0.123596
vt 0.926000 0.123047
vt 0.263728 0.970691
vt 0.967035 0.324262
vt 0.926002 0.122374
vt 0.901782 0.652849
vt 0.901082 0.652865
vt 0.901082 0.651646
vt 0.838482 0.373945
vt 0.837129 0.373298
vt 0.837129 0.372073
vt 0.838482 0.372213
vt 0.839843 0.374483
vt 0.839843 0.373258
vt 0.902028 0.866140
vt 0.901349 0.865779
vt 0.902028 0.864920
vt 0.901486 0.651030
vt 0.837135 0.371488
vt 0.838490 0.371385
vt 0.839849 0.372673
vt 0.901624 0.864305
vt 0.902057 0.651380
vt 0.117688 0.927224
vt 0.117782 0.925956
vt 0.118314 0.926093
vt 0.118440 0.927419
vt 0.117688 0.928891
vt 0.118219 0.929029
vt 0.901053 0.864655
vt 0.902461 0.652489
vt 0.838784 0.618174
vt 0.840143 0.618111
vt 0.840137 0.619258
vt 0.838776 0.619796
vt 0.837429 0.619296
vt 0.837424 0.620444
vt 0.900649 0.865764
vt 0.900649 0.866983
vt 0.902461 0.653708
vt 0.840137 0.620483
vt 0.838776 0.621529
vt 0.837424 0.621669
vt 0.838785 0.622356
vt 0.837430 0.622254
vt 0.901053 0.867598
vt 0.902057 0.654323
vt 0.840143 0.621069
vt 0.928428 0.867598
vt 0.928334 0.866329
vt 0.929085 0.866135
vt 0.928959 0.867461
vt 0.901624 0.867249
vt 0.901486 0.653974
vt 0.928334 0.864662
vt 0.928865 0.864524
vt 0.839849 0.375630
vt 0.838490 0.375567
vt 0.837135 0.374445
vt 0.646635 0.929722
vt 0.646670 0.928567
vt 0.647184 0.928496
vt 0.647363 0.929622
vt 0.646596 0.930678
vt 0.647110 0.930608
vt 0.846692 0.956578
vt 0.846370 0.955667
vt 0.847086 0.956141
vt 0.329028 0.954716
vt 0.328792 0.955395
vt 0.328398 0.954958
vt 0.526655 0.115494
vt 0.526655 0.114496
vt 0.527509 0.114322
vt 0.527259 0.115371
vt 0.847086 0.955495
vt 0.328398 0.954311
vt 0.527114 0.113414
vt 0.527717 0.113291
vt 0.528321 0.114165
vt 0.527833 0.115260
vt 0.846692 0.955017
vt 0.328792 0.953834
vt 0.528292 0.113180
vt 0.675887 0.929252
vt 0.676062 0.928266
vt 0.676580 0.928196
vt 0.676620 0.929152
vt 0.676136 0.930378
vt 0.676654 0.930307
vt 0.846135 0.954988
vt 0.329349 0.953805
vt 0.329743 0.954242
vt 0.677094 0.928266
vt 0.677347 0.929252
vt 0.677168 0.930378
vt 0.845741 0.955425
vt 0.329743 0.954888
vt 0.845047 0.230448
vt 0.845047 0.229450
vt 0.845651 0.229573
vt 0.845901 0.230622
vt 0.845506 0.231530
vt 0.846109 0.231653
vt 0.845741 0.956072
vt 0.329349 0.955366
vt 0.846225 0.229684
vt 0.846713 0.230779
vt 0.846684 0.231764
vt 0.846135 0.956549
vt 0.645903 0.929623
vt 0.646152 0.928496
vt 0.646078 0.930608
vt 0.955530 0.867597
vt 0.955391 0.866630
vt 0.956009 0.866531
vt 0.955966 0.867528
vt 0.961581 0.760990
vt 0.961129 0.761324
vt 0.961288 0.760610
vt 0.961373 0.729106
vt 0.960826 0.728583
vt 0.961118 0.728203
vt 0.955451 0.865801
vt 0.955888 0.865731
vt 0.960875 0.760703
vt 0.961532 0.728297
vt 0.956209 0.865801
vt 0.956463 0.866630
vt 0.956288 0.867597
vt 0.756330 0.930627
vt 0.755855 0.929731
vt 0.756688 0.929840
vt 0.756919 0.930704
vt 0.960582 0.761215
vt 0.961824 0.728809
vt 0.755823 0.928886
vt 0.756413 0.928963
vt 0.757477 0.929936
vt 0.757477 0.930772
vt 0.960582 0.761846
vt 0.961824 0.729440
vt 0.756970 0.929032
vt 0.117748 0.957132
vt 0.117688 0.956303
vt 0.118305 0.956402
vt 0.118184 0.957202
vt 0.960875 0.762226
vt 0.961532 0.729820
vt 0.117827 0.955335
vt 0.118263 0.955405
vt 0.118759 0.956303
vt 0.118506 0.957132
vt 0.961288 0.762132
vt 0.961118 0.729726
vt 0.118584 0.955335
vt 0.154504 0.930776
vt 0.154535 0.929931
vt 0.155369 0.929822
vt 0.155093 0.930698
vt 0.961581 0.761620
vt 0.960826 0.729214
vt 0.155010 0.929035
vt 0.155599 0.928958
vt 0.156157 0.928890
vt 0.156157 0.929725
vt 0.155650 0.930630
vt 0.971326 0.278212
vt 0.970847 0.277728
vt 0.971109 0.277305
vt 0.185919 0.957703
vt 0.186067 0.956908
vt 0.186464 0.956841
vt 0.186480 0.957608
vt 0.185999 0.958633
vt 0.186396 0.958566
vt 0.971575 0.248762
vt 0.971161 0.249053
vt 0.971314 0.248338
vt 0.971478 0.277356
vt 0.186789 0.956908
vt 0.186940 0.957703
vt 0.186721 0.958633
vt 0.970944 0.248390
vt 0.971739 0.277853
vt 0.616264 0.932657
vt 0.617064 0.932584
vt 0.617060 0.933145
vt 0.616258 0.933449
vt 0.615467 0.933274
vt 0.615462 0.933834
vt 0.970683 0.248886
vt 0.971739 0.278503
vt 0.617060 0.933762
vt 0.616258 0.934322
vt 0.615462 0.934451
vt 0.970683 0.249537
vt 0.971478 0.278927
vt 0.635910 0.342872
vt 0.635989 0.341942
vt 0.636386 0.342009
vt 0.636471 0.342967
vt 0.636058 0.343667
vt 0.636455 0.343734
vt 0.970944 0.249961
vt 0.971313 0.249909
vt 0.971108 0.278875
vt 0.636711 0.341942
vt 0.636931 0.342871
vt 0.636780 0.343666
vt 0.934227 0.814828
vt 0.933427 0.814755
vt 0.933421 0.813963
vt 0.934223 0.814268
vt 0.971575 0.249413
vt 0.970847 0.278379
vt 0.932629 0.814138
vt 0.932625 0.813578
vt 0.933421 0.813090
vt 0.934223 0.813651
vt 0.932625 0.812961
vt 0.840583 0.456818
vt 0.840583 0.455581
vt 0.841743 0.455420
vt 0.841403 0.456705
vt 0.329845 0.926917
vt 0.329041 0.926157
vt 0.329845 0.925969
vt 0.927065 0.590731
vt 0.926422 0.591224
vt 0.926422 0.590275
vt 0.841333 0.454250
vt 0.842153 0.454136
vt 0.842974 0.455260
vt 0.842273 0.456592
vt 0.329421 0.925208
vt 0.926846 0.589515
vt 0.843023 0.454023
vt 0.905611 0.087158
vt 0.905306 0.085728
vt 0.905961 0.085582
vt 0.906074 0.087055
vt 0.328822 0.925082
vt 0.927446 0.589389
vt 0.905652 0.084503
vt 0.906115 0.084400
vt 0.906883 0.085728
vt 0.906726 0.087158
vt 0.328398 0.925664
vt 0.927870 0.589970
vt 0.906767 0.084503
vt 0.407247 0.896360
vt 0.407247 0.895122
vt 0.408067 0.895236
vt 0.408407 0.896520
vt 0.407997 0.897691
vt 0.408817 0.897805
vt 0.328398 0.926612
vt 0.927870 0.590919
vt 0.927446 0.591679
vt 0.408937 0.895349
vt 0.409638 0.896680
vt 0.409688 0.897917
vt 0.328822 0.927373
vt 0.926846 0.591805
vt 0.905308 0.728962
vt 0.905612 0.727532
vt 0.906076 0.727635
vt 0.905963 0.729107
vt 0.905655 0.730186
vt 0.906118 0.730289
vt 0.329421 0.927499
vt 0.906728 0.727532
vt 0.906886 0.728962
vt 0.906770 0.730186
vt 0.952898 0.122064
vt 0.952953 0.121261
vt 0.953397 0.121321
vt 0.953526 0.122148
vt 0.952882 0.123036
vt 0.953326 0.123096
vt 0.977185 0.545717
vt 0.976975 0.546283
vt 0.976720 0.545730
vt 0.977401 0.620925
vt 0.977145 0.620155
vt 0.977610 0.620168
vt 0.943563 0.278703
vt 0.943157 0.277773
vt 0.943801 0.277924
vt 0.944018 0.278810
vt 0.976391 0.546126
vt 0.977939 0.620565
vt 0.943225 0.276945
vt 0.943680 0.277052
vt 0.944541 0.278089
vt 0.944541 0.278927
vt 0.976391 0.546674
vt 0.977939 0.621113
vt 0.944204 0.277168
vt 0.929512 0.952683
vt 0.929669 0.951736
vt 0.930085 0.951796
vt 0.930101 0.952768
vt 0.929740 0.953511
vt 0.930156 0.953571
vt 0.976720 0.547053
vt 0.977610 0.621491
vt 0.977145 0.621478
vt 0.930529 0.951736
vt 0.930729 0.952683
vt 0.930600 0.953511
vt 0.977185 0.547040
vt 0.976817 0.621082
vt 0.508579 0.945277
vt 0.508984 0.944346
vt 0.509440 0.944239
vt 0.509223 0.945126
vt 0.508647 0.946105
vt 0.509102 0.945998
vt 0.977513 0.546643
vt 0.976817 0.620534
vt 0.509963 0.944122
vt 0.509963 0.944961
vt 0.509625 0.945881
vt 0.977513 0.546095
vt 0.952309 0.122148
vt 0.952536 0.121321
vt 0.952465 0.123096
vt 0.766482 0.278248
vt 0.765434 0.241229
vt 0.766433 0.239607
vt 0.767481 0.276625
vt 0.613642 0.717271
vt 0.613642 0.676806
vt 0.615558 0.678364
vt 0.615558 0.718828
vt 0.618208 0.681567
vt 0.618208 0.722032
vt 0.756336 0.747675
vt 0.757384 0.710656
vt 0.758383 0.712279
vt 0.757336 0.749298
vt 0.756336 0.704409
vt 0.757336 0.706032
vt 0.758359 0.709967
vt 0.756360 0.706721
vt 0.721467 0.152777
vt 0.721467 0.112312
vt 0.723383 0.110755
vt 0.723383 0.151219
vt 0.726033 0.107551
vt 0.726033 0.148016
vt 0.767457 0.278937
vt 0.766433 0.282872
vt 0.765434 0.284495
vt 0.765458 0.282183
vt 0.715538 0.535100
vt 0.716172 0.495055
vt 0.718702 0.498351
vt 0.718069 0.538396
vt 0.720599 0.499952
vt 0.719966 0.539997
vt 0.545123 0.783622
vt 0.545123 0.746354
vt 0.546199 0.744783
vt 0.546199 0.782052
vt 0.716172 0.676408
vt 0.715538 0.636363
vt 0.718069 0.633067
vt 0.718702 0.673112
vt 0.715538 0.493360
vt 0.717435 0.494961
vt 0.719966 0.498257
vt 0.719966 0.631466
vt 0.720599 0.671511
vt 0.783450 0.496206
vt 0.783450 0.458938
vt 0.784526 0.460508
vt 0.784526 0.497777
vt 0.719966 0.673207
vt 0.717435 0.676503
vt 0.715538 0.678103
vt 0.809315 0.579790
vt 0.809843 0.569756
vt 0.811118 0.570072
vt 0.811118 0.580237
vt 0.808810 0.590528
vt 0.810085 0.590844
vt 0.810085 0.566303
vt 0.808623 0.595680
vt 0.784733 0.784218
vt 0.784689 0.773352
vt 0.787300 0.774742
vt 0.786579 0.785201
vt 0.786237 0.763308
vt 0.788470 0.759969
vt 0.788083 0.764291
vt 0.786343 0.789541
vt 0.789973 0.776139
vt 0.788469 0.786189
vt 0.789973 0.765279
vt 0.075912 0.798459
vt 0.075928 0.787796
vt 0.077187 0.787978
vt 0.077692 0.798716
vt 0.076961 0.808569
vt 0.078220 0.808751
vt 0.077000 0.782827
vt 0.078461 0.812204
vt 0.079495 0.808435
vt 0.078461 0.787662
vt 0.079495 0.798269
vt 0.788976 0.080802
vt 0.786743 0.077463
vt 0.788590 0.076481
vt 0.785195 0.067419
vt 0.785239 0.056553
vt 0.787086 0.055570
vt 0.787807 0.066029
vt 0.786850 0.051230
vt 0.790480 0.075493
vt 0.788976 0.054582
vt 0.790480 0.064632
vt 0.807551 0.590710
vt 0.807535 0.580047
vt 0.808584 0.569937
vt 0.809306 0.426269
vt 0.809811 0.415531
vt 0.811614 0.415978
vt 0.810581 0.426585
vt 0.810339 0.405497
vt 0.810581 0.402044
vt 0.811614 0.405813
vt 0.809120 0.431421
vt 0.615296 0.777910
vt 0.613686 0.772587
vt 0.615532 0.773569
vt 0.613642 0.761721
vt 0.615190 0.751677
vt 0.617036 0.752659
vt 0.616253 0.763110
vt 0.617423 0.748338
vt 0.618927 0.753647
vt 0.617423 0.774558
vt 0.618927 0.764508
vt 0.809746 0.150341
vt 0.808696 0.140232
vt 0.810476 0.140488
vt 0.811004 0.150523
vt 0.808712 0.129569
vt 0.809784 0.124599
vt 0.809971 0.129751
vt 0.811246 0.153976
vt 0.812279 0.140042
vt 0.812279 0.150207
vt 0.811246 0.129435
vt 0.027093 0.787437
vt 0.025545 0.777393
vt 0.028156 0.776004
vt 0.028939 0.786455
vt 0.025589 0.766527
vt 0.027199 0.761204
vt 0.027435 0.765545
vt 0.029326 0.790776
vt 0.030830 0.774607
vt 0.030830 0.785467
vt 0.029326 0.764557
vt 0.808047 0.426451
vt 0.808031 0.415788
vt 0.809081 0.405679
vt 0.787559 0.875008
vt 0.787538 0.872910
vt 0.788024 0.873041
vt 0.787538 0.869234
vt 0.788024 0.869365
vt 0.787559 0.867655
vt 0.749611 0.022601
vt 0.749404 0.020527
vt 0.750195 0.020986
vt 0.749819 0.016845
vt 0.750610 0.017303
vt 0.750442 0.015236
vt 0.750610 0.021219
vt 0.873392 0.865890
vt 0.873392 0.862214
vt 0.873857 0.862342
vt 0.873856 0.866018
vt 0.873878 0.860244
vt 0.873878 0.867597
vt 0.874343 0.865887
vt 0.874343 0.862211
vt 0.716570 0.465092
vt 0.715947 0.463484
vt 0.716738 0.463025
vt 0.715532 0.459801
vt 0.716323 0.459342
vt 0.715739 0.457727
vt 0.787073 0.873038
vt 0.787073 0.869362
vt 0.716738 0.459109
vt 0.716024 0.872124
vt 0.716003 0.870027
vt 0.716489 0.870158
vt 0.716003 0.866350
vt 0.716489 0.866481
vt 0.716024 0.864771
vt 0.818181 0.871328
vt 0.817974 0.869254
vt 0.818765 0.869713
vt 0.818389 0.865571
vt 0.819180 0.866030
vt 0.819012 0.863962
vt 0.819180 0.869945
vt 0.586381 0.872837
vt 0.586381 0.869160
vt 0.586846 0.869289
vt 0.586846 0.872965
vt 0.586868 0.867191
vt 0.586868 0.874544
vt 0.587333 0.872834
vt 0.587333 0.869157
vt 0.868165 0.379330
vt 0.867542 0.377722
vt 0.868333 0.377263
vt 0.867126 0.374039
vt 0.867918 0.373580
vt 0.867334 0.371965
vt 0.715538 0.870155
vt 0.715538 0.866478
vt 0.868333 0.373347
vt 0.608608 0.324657
vt 0.608608 0.244040
vt 0.609604 0.242512
vt 0.609604 0.323129
vt 0.196888 0.534464
vt 0.196888 0.453848
vt 0.198313 0.454617
vt 0.198313 0.535234
vt 0.200735 0.456915
vt 0.200735 0.537532
vt 0.201730 0.458443
vt 0.201730 0.539060
vt 0.606187 0.246338
vt 0.604761 0.247107
vt 0.605757 0.245579
vt 0.608178 0.243282
vt 0.604761 0.327724
vt 0.606187 0.326954
vt 0.197884 0.535993
vt 0.200305 0.538290
vt 0.613642 0.450920
vt 0.614557 0.371624
vt 0.616898 0.374003
vt 0.615983 0.453298
vt 0.618324 0.374799
vt 0.617409 0.454094
vt 0.084665 0.629998
vt 0.084665 0.558406
vt 0.085748 0.556873
vt 0.085748 0.628465
vt 0.614557 0.562870
vt 0.613642 0.483575
vt 0.615983 0.481196
vt 0.616898 0.560492
vt 0.613642 0.370042
vt 0.615068 0.370839
vt 0.617409 0.373217
vt 0.617409 0.480400
vt 0.618324 0.559696
vt 0.635910 0.314103
vt 0.635910 0.242512
vt 0.636992 0.244045
vt 0.636992 0.315636
vt 0.617409 0.561278
vt 0.615068 0.563656
vt 0.613642 0.564452
vt 0.200543 0.625066
vt 0.200543 0.565853
vt 0.201665 0.565366
vt 0.201665 0.624579
vt 0.644630 0.429255
vt 0.644630 0.370042
vt 0.645896 0.370227
vt 0.645896 0.429440
vt 0.648285 0.370900
vt 0.648285 0.430113
vt 0.649407 0.371387
vt 0.649407 0.430600
vt 0.894990 0.371965
vt 0.895341 0.373189
vt 0.895341 0.375633
vt 0.894990 0.376852
vt 0.894639 0.375628
vt 0.894639 0.373185
vt 0.196888 0.625924
vt 0.196888 0.566711
vt 0.198154 0.566525
vt 0.198154 0.625738
vt 0.894873 0.544657
vt 0.895224 0.543433
vt 0.895575 0.544653
vt 0.895575 0.547096
vt 0.895224 0.548320
vt 0.894873 0.547101
vt 0.645737 0.625043
vt 0.645738 0.566826
vt 0.648121 0.567515
vt 0.648121 0.625733
vt 0.649397 0.567683
vt 0.649397 0.625900
vt 0.644630 0.539997
vt 0.644630 0.481780
vt 0.645738 0.481257
vt 0.645738 0.539475
vt 0.648121 0.480567
vt 0.648121 0.538785
vt 0.895315 0.621782
vt 0.895315 0.619338
vt 0.895656 0.618111
vt 0.895998 0.619328
vt 0.895998 0.621771
vt 0.895656 0.622999
vt 0.649397 0.480400
vt 0.649397 0.538617
vt 0.644630 0.624520
vt 0.644630 0.566303
vt 0.896053 0.406863
vt 0.896053 0.409307
vt 0.895711 0.410523
vt 0.895369 0.409296
vt 0.895369 0.406853
vt 0.895711 0.405636
vt 0.818741 0.184004
vt 0.817773 0.203817
vt 0.816051 0.201173
vt 0.817019 0.181360
vt 0.815296 0.201563
vt 0.816264 0.181750
vt 0.877125 0.181234
vt 0.877125 0.200736
vt 0.875188 0.203144
vt 0.875188 0.183641
vt 0.813309 0.475319
vt 0.814277 0.495133
vt 0.812554 0.497776
vt 0.811586 0.477963
vt 0.818741 0.206850
vt 0.817987 0.207240
vt 0.816264 0.204596
vt 0.811800 0.497387
vt 0.810832 0.477573
vt 0.868567 0.528818
vt 0.868567 0.548320
vt 0.866630 0.545913
vt 0.866630 0.526410
vt 0.811800 0.474540
vt 0.813523 0.471896
vt 0.814277 0.472286
vt 0.828215 0.260733
vt 0.828215 0.280549
vt 0.826257 0.282935
vt 0.826257 0.263119
vt 0.819180 0.818080
vt 0.817091 0.837336
vt 0.816279 0.837657
vt 0.818368 0.818402
vt 0.618927 0.809201
vt 0.618927 0.829017
vt 0.617138 0.826417
vt 0.617138 0.806602
vt 0.615180 0.824031
vt 0.615180 0.804216
vt 0.327765 0.832950
vt 0.328404 0.829827
vt 0.329854 0.827024
vt 0.330666 0.827345
vt 0.330028 0.830469
vt 0.328577 0.833271
vt 0.328578 0.808090
vt 0.327765 0.807769
vt 0.830003 0.258134
vt 0.830003 0.277950
vt 0.818541 0.814957
vt 0.816918 0.815599
vt 0.816279 0.812476
vt 0.817091 0.812155
vt 0.820231 0.057565
vt 0.819263 0.077378
vt 0.817540 0.074735
vt 0.818508 0.054922
vt 0.816786 0.075125
vt 0.817754 0.055311
vt 0.647443 0.851170
vt 0.647444 0.870672
vt 0.645507 0.873080
vt 0.645507 0.853577
vt 0.452502 0.798988
vt 0.453470 0.818801
vt 0.451747 0.821444
vt 0.450779 0.801631
vt 0.820231 0.080412
vt 0.819476 0.080801
vt 0.817754 0.078158
vt 0.450993 0.821055
vt 0.450025 0.801241
vt 0.869063 0.408044
vt 0.869063 0.427546
vt 0.867127 0.425139
vt 0.867127 0.405636
vt 0.450993 0.798208
vt 0.452715 0.795565
vt 0.453470 0.795954
vt 0.358930 0.810368
vt 0.358930 0.830184
vt 0.356972 0.832570
vt 0.356972 0.812754
vt 0.841486 0.134399
vt 0.839397 0.153655
vt 0.838585 0.153976
vt 0.840674 0.134720
vt 0.235030 0.815650
vt 0.235030 0.835466
vt 0.233241 0.832866
vt 0.233241 0.813050
vt 0.231283 0.830480
vt 0.231283 0.810665
vt 0.837424 0.591484
vt 0.838062 0.588361
vt 0.839513 0.585558
vt 0.840325 0.585879
vt 0.839686 0.589003
vt 0.838236 0.591805
vt 0.838236 0.566624
vt 0.837424 0.566303
vt 0.360719 0.807768
vt 0.360719 0.827584
vt 0.840847 0.131276
vt 0.839223 0.131918
vt 0.838585 0.128795
vt 0.839397 0.128474
vt 0.819724 0.762612
vt 0.818756 0.782426
vt 0.817034 0.779782
vt 0.818002 0.759969
vt 0.816279 0.780172
vt 0.817247 0.760359
vt 0.617117 0.855323
vt 0.617117 0.874825
vt 0.615180 0.877233
vt 0.615180 0.857730
vt 0.647984 0.802407
vt 0.648952 0.822221
vt 0.647230 0.824864
vt 0.646262 0.805051
vt 0.819724 0.785459
vt 0.818970 0.785848
vt 0.817247 0.783205
vt 0.646475 0.824474
vt 0.645507 0.804661
vt 0.481712 0.797972
vt 0.481712 0.817475
vt 0.479776 0.815067
vt 0.479776 0.795565
vt 0.646475 0.801628
vt 0.648198 0.798984
vt 0.648952 0.799374
vt 0.824620 0.322679
vt 0.824620 0.342495
vt 0.822662 0.344881
vt 0.822662 0.325065
vt 0.840821 0.407970
vt 0.838732 0.427225
vt 0.837920 0.427546
vt 0.840009 0.408291
vt 0.546199 0.814913
vt 0.546199 0.834729
vt 0.544411 0.832129
vt 0.544411 0.812313
vt 0.542452 0.829743
vt 0.542453 0.809928
vt 0.787073 0.841028
vt 0.787711 0.837905
vt 0.789161 0.835102
vt 0.789973 0.835423
vt 0.789335 0.838547
vt 0.787885 0.841349
vt 0.787885 0.816168
vt 0.787073 0.815847
vt 0.826409 0.320079
vt 0.826409 0.339895
vt 0.840182 0.404847
vt 0.838558 0.405489
vt 0.837920 0.402365
vt 0.838732 0.402044
vt 0.410692 0.802096
vt 0.409724 0.821909
vt 0.408001 0.819265
vt 0.408969 0.799452
vt 0.407247 0.819655
vt 0.408215 0.799842
vt 0.874776 0.651030
vt 0.874776 0.670533
vt 0.872839 0.672941
vt 0.872839 0.653438
vt 0.819206 0.707832
vt 0.820173 0.727645
vt 0.818451 0.730289
vt 0.817483 0.710476
vt 0.410692 0.824942
vt 0.409937 0.825332
vt 0.408215 0.822688
vt 0.817696 0.729899
vt 0.816728 0.710086
vt 0.869728 0.134473
vt 0.869728 0.153976
vt 0.867792 0.151568
vt 0.867792 0.132066
vt 0.817696 0.707053
vt 0.819419 0.704409
vt 0.820173 0.704799
vt 0.677661 0.813473
vt 0.677661 0.833289
vt 0.675703 0.835674
vt 0.675703 0.815858
vt 0.718439 0.818889
vt 0.716350 0.838144
vt 0.715538 0.838465
vt 0.717627 0.819210
vt 0.187519 0.816337
vt 0.187519 0.836152
vt 0.185730 0.833553
vt 0.185730 0.813737
vt 0.183772 0.831167
vt 0.183772 0.811351
vt 0.154566 0.836533
vt 0.155204 0.833410
vt 0.156654 0.830607
vt 0.157466 0.830928
vt 0.156828 0.834052
vt 0.155378 0.836854
vt 0.155378 0.811673
vt 0.154566 0.811352
vt 0.679449 0.810873
vt 0.679449 0.830689
vt 0.717800 0.815766
vt 0.716176 0.816408
vt 0.715538 0.813285
vt 0.716350 0.812963
vt 0.546264 0.023415
vt 0.546246 0.023415
vt 0.546244 0.023352
vt 0.526676 0.023353
vt 0.526655 0.023353
vt 0.526675 0.023289
vt 0.526655 0.141926
vt 0.526675 0.141862
vt 0.526677 0.141925
vt 0.546264 0.141863
vt 0.546246 0.141863
vt 0.546244 0.141800
vt 0.546264 0.086712
vt 0.546244 0.086776
vt 0.546246 0.086713
vt 0.526655 0.086650
vt 0.526676 0.086650
vt 0.526675 0.086713
vt 0.526655 0.205223
vt 0.526677 0.205222
vt 0.526675 0.205286
vt 0.546264 0.205160
vt 0.546244 0.205224
vt 0.546246 0.205160
vt 0.049412 0.619960
vt 0.055689 0.619974
vt 0.055684 0.620037
vt 0.049406 0.620023
vt 0.112059 0.620259
vt 0.118337 0.620245
vt 0.118331 0.620309
vt 0.112054 0.620322
vt 0.055689 0.556665
vt 0.049412 0.556652
vt 0.049406 0.556588
vt 0.055684 0.556602
vt 0.118337 0.556937
vt 0.112059 0.556950
vt 0.112054 0.556887
vt 0.118331 0.556874
vt 0.810601 0.673423
vt 0.810601 0.653697
vt 0.816392 0.651156
vt 0.816392 0.670882
vt 0.508579 0.813547
vt 0.508579 0.793821
vt 0.514370 0.796362
vt 0.514370 0.816088
vt 0.450045 0.672536
vt 0.450025 0.672497
vt 0.450045 0.672488
vt 0.450025 0.640475
vt 0.450045 0.640418
vt 0.450045 0.640465
vt 0.463548 0.666618
vt 0.463549 0.666569
vt 0.463569 0.666561
vt 0.463548 0.634499
vt 0.463569 0.634538
vt 0.463548 0.634547
vt 0.413977 0.676424
vt 0.413977 0.676376
vt 0.413997 0.676385
vt 0.413977 0.644305
vt 0.413997 0.644362
vt 0.413977 0.644353
vt 0.400473 0.670505
vt 0.400453 0.670448
vt 0.400474 0.670457
vt 0.400473 0.638386
vt 0.400474 0.638435
vt 0.400453 0.638425
vt 0.125594 0.743058
vt 0.116102 0.742840
vt 0.116102 0.742786
vt 0.125594 0.743004
vt 0.116102 0.710976
vt 0.125594 0.711194
vt 0.125594 0.711235
vt 0.116102 0.711018
vt 0.739128 0.284277
vt 0.729636 0.284495
vt 0.729636 0.284453
vt 0.739128 0.284235
vt 0.729636 0.252631
vt 0.739128 0.252413
vt 0.739128 0.252467
vt 0.729636 0.252685
vt 0.816786 0.013596
vt 0.826277 0.013991
vt 0.826277 0.028616
vt 0.816786 0.028221
vt 0.818472 0.525333
vt 0.827964 0.524938
vt 0.827964 0.539562
vt 0.818472 0.539958
vt 0.515401 0.670333
vt 0.515381 0.670293
vt 0.515401 0.670284
vt 0.515381 0.638271
vt 0.515401 0.638214
vt 0.515401 0.638262
vt 0.528906 0.664411
vt 0.528906 0.664362
vt 0.528926 0.664354
vt 0.528906 0.632292
vt 0.528926 0.632331
vt 0.528906 0.632340
vt 0.360698 0.665029
vt 0.360698 0.664981
vt 0.360719 0.664990
vt 0.360698 0.632910
vt 0.360719 0.632967
vt 0.360698 0.632958
vt 0.347194 0.659107
vt 0.347174 0.659050
vt 0.347194 0.659059
vt 0.347194 0.626988
vt 0.347194 0.627036
vt 0.347174 0.627027
vt 0.587336 0.747094
vt 0.577845 0.746970
vt 0.577845 0.746915
vt 0.587336 0.747040
vt 0.577845 0.715106
vt 0.587336 0.715230
vt 0.587336 0.715271
vt 0.577845 0.715147
vt 0.304302 0.755551
vt 0.294811 0.755675
vt 0.294811 0.755634
vt 0.304302 0.755510
vt 0.294811 0.723811
vt 0.304302 0.723687
vt 0.304302 0.723741
vt 0.294811 0.723865
vt 0.577845 0.826067
vt 0.587333 0.826255
vt 0.587333 0.840885
vt 0.577845 0.840698
vt 0.748895 0.828437
vt 0.758383 0.828249
vt 0.758383 0.842880
vt 0.748895 0.843067
vt 0.573816 0.688799
vt 0.573796 0.688760
vt 0.573815 0.688751
vt 0.573796 0.656737
vt 0.573816 0.656680
vt 0.573815 0.656729
vt 0.587315 0.682877
vt 0.587315 0.682828
vt 0.587336 0.682819
vt 0.587315 0.650758
vt 0.587336 0.650797
vt 0.587315 0.650806
vt 0.125574 0.684670
vt 0.125573 0.684622
vt 0.125594 0.684631
vt 0.125574 0.652551
vt 0.125594 0.652608
vt 0.125573 0.652599
vt 0.112074 0.678747
vt 0.112054 0.678690
vt 0.112073 0.678699
vt 0.112074 0.646628
vt 0.112073 0.646676
vt 0.112054 0.646667
vt 0.758889 0.080802
vt 0.749404 0.080771
vt 0.749404 0.080717
vt 0.758889 0.080748
vt 0.749404 0.048907
vt 0.758889 0.048937
vt 0.758889 0.048979
vt 0.749404 0.048948
vt 0.761103 0.344850
vt 0.751618 0.344881
vt 0.751618 0.344839
vt 0.761103 0.344809
vt 0.751618 0.313016
vt 0.761103 0.312986
vt 0.761103 0.313040
vt 0.751618 0.313070
vt 0.840583 0.483144
vt 0.850069 0.483124
vt 0.850069 0.497756
vt 0.840583 0.497777
vt 0.291499 0.834626
vt 0.300985 0.834647
vt 0.300985 0.849279
vt 0.291499 0.849259
vt 0.675723 0.604343
vt 0.675703 0.604304
vt 0.675722 0.604295
vt 0.675703 0.572281
vt 0.675723 0.572224
vt 0.675722 0.572273
vt 0.689212 0.598422
vt 0.689211 0.598374
vt 0.689232 0.598365
vt 0.689212 0.566303
vt 0.689232 0.566342
vt 0.689211 0.566351
vt 0.689212 0.668689
vt 0.689211 0.668641
vt 0.689232 0.668650
vt 0.689212 0.636570
vt 0.689232 0.636627
vt 0.689211 0.636618
vt 0.675723 0.662768
vt 0.675703 0.662711
vt 0.675722 0.662720
vt 0.675723 0.630649
vt 0.675722 0.630697
vt 0.675703 0.630688
vt 0.756950 0.213224
vt 0.747475 0.213287
vt 0.747474 0.213233
vt 0.756950 0.213170
vt 0.747475 0.181423
vt 0.756950 0.181360
vt 0.756950 0.181401
vt 0.747474 0.181465
vt 0.085388 0.756520
vt 0.075913 0.756457
vt 0.075912 0.756415
vt 0.085387 0.756479
vt 0.075913 0.724593
vt 0.085388 0.724656
vt 0.085387 0.724710
vt 0.075912 0.724647
vt 0.116647 0.819050
vt 0.126135 0.818821
vt 0.126135 0.833451
vt 0.116647 0.833679
vt 0.021341 0.817082
vt 0.030830 0.817311
vt 0.030830 0.831941
vt 0.021341 0.831712
vt 0.675734 0.430600
vt 0.675713 0.430561
vt 0.675732 0.430552
vt 0.675713 0.398538
vt 0.675734 0.398481
vt 0.675732 0.398530
vt 0.689206 0.424683
vt 0.689204 0.424635
vt 0.689226 0.424626
vt 0.689205 0.392564
vt 0.689226 0.392604
vt 0.689204 0.392613
vt 0.689195 0.539997
vt 0.689194 0.539949
vt 0.689215 0.539958
vt 0.689195 0.507878
vt 0.689215 0.507935
vt 0.689194 0.507926
vt 0.675723 0.534080
vt 0.675703 0.534023
vt 0.675722 0.534032
vt 0.675723 0.501961
vt 0.675722 0.502009
vt 0.675703 0.502001
vt 0.756368 0.539839
vt 0.746907 0.539997
vt 0.746906 0.539943
vt 0.756367 0.539785
vt 0.746907 0.508133
vt 0.756368 0.507975
vt 0.756367 0.508017
vt 0.746906 0.508174
vt 0.756368 0.663487
vt 0.746906 0.663330
vt 0.746905 0.663288
vt 0.756367 0.663446
vt 0.746906 0.631466
vt 0.756368 0.631623
vt 0.756367 0.631677
vt 0.746905 0.631520
vt 0.782674 0.525374
vt 0.792166 0.524938
vt 0.792166 0.539561
vt 0.782674 0.539997
vt 0.675703 0.460595
vt 0.685196 0.461032
vt 0.685196 0.475655
vt 0.675703 0.475219
vt 0.240338 0.682636
vt 0.240329 0.682674
vt 0.240329 0.682632
vt 0.231292 0.678723
vt 0.231283 0.678677
vt 0.231292 0.678680
vt 0.240338 0.640746
vt 0.240329 0.640741
vt 0.240329 0.640700
vt 0.231283 0.636786
vt 0.231292 0.636748
vt 0.231292 0.636790
vt 0.686116 0.080764
vt 0.686125 0.080760
vt 0.686125 0.080802
vt 0.695171 0.076804
vt 0.695162 0.076850
vt 0.695161 0.076809
vt 0.686116 0.038874
vt 0.686125 0.038828
vt 0.686125 0.038870
vt 0.695171 0.034914
vt 0.695162 0.034919
vt 0.695162 0.034876
vt 0.360719 0.739826
vt 0.358596 0.739524
vt 0.358595 0.739479
vt 0.360718 0.739781
vt 0.647630 0.730734
vt 0.645507 0.731036
vt 0.645507 0.730997
vt 0.647630 0.730695
vt 0.358596 0.781122
vt 0.360719 0.781424
vt 0.360718 0.781462
vt 0.358595 0.781160
vt 0.645507 0.772634
vt 0.647630 0.772332
vt 0.647630 0.772377
vt 0.645507 0.772679
vt 0.663298 0.338490
vt 0.663298 0.328706
vt 0.665399 0.328560
vt 0.665399 0.338345
vt 0.785195 0.024779
vt 0.785195 0.014994
vt 0.787296 0.015139
vt 0.787296 0.024924
vt 0.695161 0.152739
vt 0.695152 0.152777
vt 0.695151 0.152736
vt 0.686125 0.148803
vt 0.686116 0.148757
vt 0.686125 0.148762
vt 0.695161 0.111128
vt 0.695151 0.111124
vt 0.695151 0.111082
vt 0.686115 0.107146
vt 0.686124 0.107108
vt 0.686124 0.107150
vt 0.294811 0.697344
vt 0.294820 0.697339
vt 0.294820 0.697381
vt 0.303856 0.693362
vt 0.303847 0.693407
vt 0.303847 0.693365
vt 0.294811 0.655732
vt 0.294820 0.655687
vt 0.294820 0.655728
vt 0.303856 0.651750
vt 0.303847 0.651754
vt 0.303847 0.651712
vt 0.782390 0.112043
vt 0.780266 0.112354
vt 0.780266 0.112310
vt 0.782390 0.111999
vt 0.781725 0.389794
vt 0.779601 0.389483
vt 0.779602 0.389444
vt 0.781725 0.389755
vt 0.780266 0.153937
vt 0.782390 0.153626
vt 0.782390 0.153665
vt 0.780266 0.153976
vt 0.779601 0.431066
vt 0.781725 0.431377
vt 0.781725 0.431421
vt 0.779602 0.431110
vt 0.852583 0.023381
vt 0.852583 0.013596
vt 0.854661 0.013728
vt 0.854661 0.023513
vt 0.028752 0.868164
vt 0.028752 0.858379
vt 0.030830 0.858247
vt 0.030830 0.868032
s 1
usemtl SnapBack_v12_REAL_LOBSTER_TEXTURE
f 3/1/1 72/2/2 8/3/3
f 71/4/4 2/5/5 6/6/6 7/7/7
f 70/8/8 69/9/9 4/10/10 5/11/11
f 72/2/2 71/12/4 7/13/7 8/3/3
f 2/5/5 70/8/8 5/11/11 6/6/6
f 69/14/9 1/15/12 4/16/10
f 5/11/11 4/10/10 9/17/13 10/18/14
f 8/3/3 7/13/7 12/19/15 13/20/16
f 6/6/6 5/11/11 10/18/14 11/21/17
f 4/16/10 1/15/12 9/22/13
f 3/1/1 8/3/3 13/20/16
f 7/7/7 6/6/6 11/21/17 12/23/15
f 13/20/16 12/19/15 17/24/18 18/25/19
f 11/26/17 10/27/14 15/28/20 16/29/21
f 9/22/13 1/15/12 14/30/22
f 3/1/1 13/20/16 18/25/19
f 12/31/15 11/26/17 16/29/21 17/32/18
f 10/27/14 9/33/13 14/34/22 15/28/20
f 18/35/19 17/32/18 22/36/23 23/37/24
f 16/29/21 15/28/20 20/38/25 21/39/26
f 14/30/22 1/15/12 19/40/27
f 3/1/1 18/25/19 23/41/24
f 17/32/18 16/29/21 21/39/26 22/36/23
f 15/28/20 14/34/22 19/42/27 20/38/25
f 23/37/24 22/36/23 27/43/28 28/44/29
f 21/39/26 20/38/25 25/45/30 26/46/31
f 19/40/27 1/15/12 24/47/32
f 3/1/1 23/41/24 28/48/29
f 22/36/23 21/39/26 26/46/31 27/43/28
f 20/49/25 19/40/27 24/47/32 25/50/30
f 28/51/29 27/52/28 32/53/33 33/54/34
f 26/55/31 25/56/30 30/57/35 31/58/36
f 24/47/32 1/15/12 29/59/37
f 3/1/1 28/48/29 33/60/34
f 27/52/28 26/55/31 31/58/36 32/53/33
f 25/50/30 24/47/32 29/59/37 30/61/35
f 31/58/36 30/57/35 35/62/38 36/63/39
f 29/59/37 1/15/12 34/64/40
f 3/1/1 33/60/34 38/65/41
f 32/53/33 31/58/36 36/63/39 37/66/42
f 30/61/35 29/59/37 34/64/40 35/67/38
f 33/54/34 32/53/33 37/66/42 38/68/41
f 34/64/40 1/15/12 39/69/43
f 3/1/1 38/65/41 43/70/44
f 37/66/42 36/63/39 41/71/45 42/72/46
f 35/67/38 34/64/40 39/69/43 40/73/47
f 38/68/41 37/66/42 42/72/46 43/74/44
f 36/63/39 35/62/38 40/75/47 41/71/45
f 3/1/1 43/70/44 48/76/48
f 42/72/46 41/71/45 46/77/49 47/78/50
f 40/73/47 39/69/43 44/79/51 45/80/52
f 43/74/44 42/72/46 47/78/50 48/81/48
f 41/71/45 40/75/47 45/82/52 46/77/49
f 39/69/43 1/15/12 44/79/51
f 3/1/1 48/76/48 53/83/53
f 47/84/50 46/85/49 51/86/54 52/87/55
f 45/80/52 44/79/51 49/88/56 50/89/57
f 48/90/48 47/84/50 52/87/55 53/91/53
f 46/85/49 45/92/52 50/93/57 51/86/54
f 44/79/51 1/15/12 49/88/56
f 3/1/1 53/83/53 58/94/58
f 52/87/55 51/86/54 56/95/59 57/96/60
f 50/93/57 49/97/56 54/98/61 55/99/62
f 53/91/53 52/87/55 57/96/60 58/100/58
f 51/86/54 50/93/57 55/99/62 56/95/59
f 49/88/56 1/15/12 54/101/61
f 57/96/60 56/95/59 61/102/63 62/103/64
f 55/99/62 54/98/61 59/104/65 60/105/66
f 58/94/58 57/106/60 62/107/64 63/108/67
f 56/95/59 55/99/62 60/105/66 61/102/63
f 54/101/61 1/15/12 59/109/65
f 3/1/1 58/94/58 63/108/67
f 60/110/66 59/111/65 64/112/68 65/113/69
f 63/108/67 62/107/64 67/114/70 68/115/71
f 61/116/63 60/110/66 65/113/69 66/117/72
f 59/109/65 1/15/12 64/118/68
f 3/1/1 63/108/67 68/115/71
f 62/119/64 61/116/63 66/117/72 67/120/70
f 68/115/71 67/114/70 71/12/4 72/2/2
f 66/117/72 65/113/69 70/8/8 2/5/5
f 64/118/68 1/15/12 69/14/9
f 3/1/1 68/115/71 72/2/2
f 67/120/70 66/117/72 2/5/5 71/4/4
f 65/113/69 64/112/68 69/9/9 70/8/8
f 78/121/73 77/122/74 82/123/75
f 76/124/76 75/125/77 80/126/78 81/127/79
f 74/128/80 73/129/81 79/130/82
f 77/131/74 76/124/76 81/127/79 82/132/75
f 75/125/77 74/133/80 79/134/82 80/126/78
f 78/121/73 82/123/75 86/135/83
f 81/127/79 80/126/78 84/136/84 85/137/85
f 79/130/82 73/129/81 83/138/86
f 82/132/75 81/127/79 85/137/85 86/139/83
f 80/126/78 79/134/82 83/140/86 84/136/84
f 78/121/73 86/135/83 90/141/87
f 85/142/85 84/143/84 88/144/88 89/145/89
f 83/138/86 73/129/81 87/146/90
f 86/147/83 85/142/85 89/145/89 90/148/87
f 84/143/84 83/149/86 87/150/90 88/144/88
f 78/121/73 90/141/87 94/151/91
f 89/145/89 88/144/88 92/152/92 93/153/93
f 87/146/90 73/129/81 91/154/94
f 90/148/87 89/145/89 93/153/93 94/155/91
f 88/144/88 87/150/90 91/156/94 92/152/92
f 78/121/73 94/151/91 98/157/95
f 93/158/93 92/159/92 96/160/96 97/161/97
f 91/154/94 73/129/81 95/162/98
f 94/163/91 93/158/93 97/161/97 98/164/95
f 92/159/92 91/165/94 95/166/98 96/160/96
f 78/121/73 98/157/95 102/167/99
f 97/161/97 96/160/96 100/168/100 101/169/101
f 95/162/98 73/129/81 99/170/102
f 98/164/95 97/161/97 101/169/101 102/171/99
f 96/160/96 95/166/98 99/172/102 100/168/100
f 78/121/73 102/167/99 106/173/103
f 101/169/101 100/168/100 104/174/104 105/175/105
f 99/170/102 73/129/81 103/176/106
f 102/171/99 101/169/101 105/175/105 106/177/103
f 100/168/100 99/172/102 103/178/106 104/174/104
f 78/121/73 106/173/103 110/179/107
f 105/175/105 104/174/104 108/180/108 109/181/109
f 103/176/106 73/129/81 107/182/110
f 106/177/103 105/175/105 109/181/109 110/183/107
f 104/174/104 103/178/106 107/184/110 108/180/108
f 78/121/73 110/179/107 114/185/111
f 109/186/109 108/187/108 112/188/112 113/189/113
f 107/182/110 73/129/81 111/190/114
f 110/191/107 109/186/109 113/189/113 114/192/111
f 108/187/108 107/193/110 111/194/114 112/188/112
f 78/121/73 114/185/111 118/195/115
f 113/189/113 112/188/112 116/196/116 117/197/117
f 111/190/114 73/129/81 115/198/118
f 114/192/111 113/189/113 117/197/117 118/199/115
f 112/188/112 111/194/114 115/200/118 116/196/116
f 78/121/73 118/195/115 122/201/119
f 117/202/117 116/203/116 120/204/120 121/205/121
f 115/198/118 73/129/81 119/206/122
f 118/207/115 117/202/117 121/205/121 122/208/119
f 116/203/116 115/209/118 119/210/122 120/204/120
f 78/121/73 122/201/119 77/122/74
f 121/205/121 120/204/120 75/125/77 76/124/76
f 119/206/122 73/129/81 74/128/80
f 122/208/119 121/205/121 76/124/76 77/131/74
f 120/204/120 119/210/122 74/133/80 75/125/77
s 0
f 123/211/123 124/212/124 125/213/125
f 126/214/126 127/215/127 128/216/128
f 129/217/129 130/218/130 131/219/131
f 132/220/132 133/221/133 134/222/134
f 135/223/135 136/224/136 137/225/137
f 138/226/138 139/227/139 140/228/140
f 141/229/141 142/230/142 143/231/143
f 144/232/144 145/233/145 146/234/146
f 129/217/147 123/211/148 125/213/149 130/218/150
f 124/235/151 126/236/152 128/237/153 125/238/154
f 127/215/155 132/220/156 134/222/157 128/216/158
f 133/239/159 131/240/160 130/241/161 134/242/162
f 141/229/163 129/217/164 131/219/165 142/230/166
f 132/220/167 144/232/168 146/234/169 133/221/170
f 145/243/171 143/244/172 142/245/173 146/246/174
f 135/223/175 141/229/176 143/231/177 136/224/178
f 144/232/179 138/226/180 140/228/181 145/233/182
f 139/247/183 137/248/184 136/249/185 140/250/186
f 123/211/187 135/223/188 137/225/189 124/212/190
f 138/226/191 127/215/192 126/214/193 139/227/194
f 129/217/195 141/229/196 135/223/197 123/211/198
f 125/251/199 128/252/200 134/242/201 130/241/202
f 137/253/203 139/254/204 126/236/205 124/235/206
f 144/232/207 132/220/208 127/215/209 138/226/210
f 131/255/211 133/256/212 146/246/213 142/245/214
f 143/257/215 145/258/216 140/250/217 136/249/218
s 1
f 149/259/219 148/260/220 153/261/221 154/262/222
f 152/263/223 151/264/224 156/265/225
f 150/266/226 149/259/219 154/262/222 155/267/227
f 148/260/220 147/268/228 153/261/221
f 151/269/224 150/266/226 155/267/227 156/270/225
f 156/265/225 155/271/227 159/272/229 160/273/230
f 154/262/222 153/261/221 157/274/231 158/275/232
f 152/263/223 156/265/225 160/273/230
f 155/267/227 154/262/222 158/275/232 159/276/229
f 153/261/221 147/268/228 157/274/231
f 160/277/230 159/278/229 163/279/233 164/280/234
f 158/281/232 157/282/231 161/283/235 162/284/236
f 152/263/223 160/273/230 164/285/234
f 159/278/229 158/281/232 162/284/236 163/279/233
f 157/286/231 147/287/228 161/288/235
f 164/280/234 163/279/233 167/289/237 168/290/238
f 162/284/236 161/283/235 165/291/239 166/292/240
f 152/263/223 164/285/234 168/293/238
f 163/279/233 162/284/236 166/292/240 167/289/237
f 161/288/235 147/287/228 165/294/239
f 168/295/238 167/296/237 171/297/241 172/298/242
f 166/292/240 165/291/239 169/299/243 170/300/244
f 152/301/223 168/295/238 172/298/242
f 167/296/237 166/302/240 170/303/244 171/297/241
f 165/294/239 147/287/228 169/304/243
f 172/298/242 171/297/241 175/305/245 176/306/246
f 170/303/244 169/307/243 173/308/247 174/309/248
f 152/301/223 172/298/242 176/306/246
f 171/297/241 170/303/244 174/309/248 175/305/245
f 169/304/243 147/287/228 173/310/247
f 176/306/246 175/305/245 179/311/249 180/312/250
f 174/309/248 173/308/247 177/313/251 178/314/252
f 152/301/223 176/306/246 180/312/250
f 175/305/245 174/309/248 178/314/252 179/311/249
f 173/310/247 147/287/228 177/315/251
f 180/312/250 179/311/249 183/316/253 184/317/254
f 178/318/252 177/315/251 181/319/255 182/320/256
f 152/301/223 180/312/250 184/317/254
f 179/311/249 178/314/252 182/321/256 183/316/253
f 177/315/251 147/287/228 181/319/255
f 184/322/254 183/323/253 187/324/257 188/325/258
f 182/326/256 181/327/255 185/328/259 186/329/260
f 152/263/223 184/330/254 188/331/258
f 183/323/253 182/326/256 186/329/260 187/324/257
f 181/319/255 147/287/228 185/332/259
f 188/325/258 187/324/257 191/333/261 192/334/262
f 186/329/260 185/328/259 189/335/263 190/336/264
f 152/263/223 188/331/258 192/337/262
f 187/324/257 186/329/260 190/336/264 191/333/261
f 185/332/259 147/287/228 189/338/263
f 192/334/262 191/333/261 195/339/265 196/340/266
f 190/341/264 189/342/263 193/343/267 194/344/268
f 152/263/223 192/337/262 196/345/266
f 191/346/261 190/341/264 194/344/268 195/347/265
f 189/342/263 147/268/228 193/343/267
f 196/348/266 195/347/265 150/266/226 151/269/224
f 194/344/268 193/343/267 148/260/220 149/259/219
f 152/263/223 196/345/266 151/264/224
f 195/347/265 194/344/268 149/259/219 150/266/226
f 193/343/267 147/268/228 148/260/220
f 201/349/269 200/350/270 205/351/271 206/352/272
f 199/353/273 198/354/274 203/355/275 204/356/276
f 202/357/277 201/349/269 206/352/272
f 200/358/270 199/353/273 204/356/276 205/359/271
f 198/360/274 197/361/278 203/362/275
f 206/363/272 205/359/271 209/364/279 210/365/280
f 204/356/276 203/355/275 207/366/281 208/367/282
f 202/357/277 206/352/272 210/368/280
f 205/359/271 204/356/276 208/367/282 209/364/279
f 203/362/275 197/361/278 207/369/281
f 210/365/280 209/364/279 213/370/283 214/371/284
f 208/367/282 207/366/281 211/372/285 212/373/286
f 202/357/277 210/368/280 214/374/284
f 209/364/279 208/367/282 212/373/286 213/370/283
f 207/369/281 197/361/278 211/375/285
f 214/371/284 213/370/283 217/376/287 218/377/288
f 212/373/286 211/372/285 215/378/289 216/379/290
f 202/357/277 214/374/284 218/380/288
f 213/370/283 212/373/286 216/379/290 217/376/287
f 211/375/285 197/361/278 215/381/289
f 218/377/288 217/376/287 221/382/291 222/383/292
f 216/384/290 215/381/289 219/385/293 220/386/294
f 202/357/277 218/380/288 222/387/292
f 217/388/287 216/389/290 220/390/294 221/391/291
f 215/381/289 197/361/278 219/385/293
f 222/387/292 221/392/291 225/393/295 226/394/296
f 220/386/294 219/385/293 223/395/297 224/396/298
f 202/357/277 222/387/292 226/394/296
f 221/391/291 220/390/294 224/397/298 225/398/295
f 219/385/293 197/361/278 223/395/297
f 226/399/296 225/400/295 229/401/299 230/402/300
f 224/396/298 223/395/297 227/403/301 228/404/302
f 202/357/277 226/394/296 230/405/300
f 225/400/295 224/406/298 228/407/302 229/401/299
f 223/395/297 197/361/278 227/403/301
f 230/402/300 229/401/299 233/408/303 234/409/304
f 228/407/302 227/410/301 231/411/305 232/412/306
f 202/357/277 230/405/300 234/413/304
f 229/401/299 228/407/302 232/412/306 233/408/303
f 227/403/301 197/361/278 231/414/305
f 234/409/304 233/408/303 237/415/307 238/416/308
f 232/412/306 231/411/305 235/417/309 236/418/310
f 202/357/277 234/413/304 238/419/308
f 233/408/303 232/412/306 236/418/310 237/415/307
f 231/414/305 197/361/278 235/420/309
f 238/416/308 237/415/307 241/421/311 242/422/312
f 236/418/310 235/417/309 239/423/313 240/424/314
f 202/357/277 238/419/308 242/425/312
f 237/415/307 236/418/310 240/424/314 241/421/311
f 235/420/309 197/361/278 239/426/313
f 242/425/312 241/427/311 245/428/315 246/429/316
f 240/424/314 239/423/313 243/430/317 244/431/318
f 202/357/277 242/425/312 246/429/316
f 241/432/311 240/433/314 244/434/318 245/435/315
f 239/426/313 197/361/278 243/436/317
f 246/429/316 245/428/315 200/350/270 201/349/269
f 244/437/318 243/436/317 198/360/274 199/438/273
f 202/357/277 246/429/316 201/349/269
f 245/435/315 244/434/318 199/439/273 200/440/270
f 243/436/317 197/361/278 198/360/274
f 249/441/319 248/442/320 253/443/321 254/444/322
f 252/445/323 251/446/324 256/447/325
f 250/448/326 249/449/319 254/450/322 255/451/327
f 248/442/320 247/452/328 253/443/321
f 251/446/324 250/453/326 255/454/327 256/447/325
f 256/447/325 255/454/327 259/455/329 260/456/330
f 254/457/322 253/458/321 257/459/331 258/460/332
f 252/445/323 256/447/325 260/456/330
f 255/451/327 254/450/322 258/461/332 259/462/329
f 253/443/321 247/452/328 257/463/331
f 260/464/330 259/465/329 263/466/333 264/467/334
f 258/460/332 257/459/331 261/468/335 262/469/336
f 252/445/323 260/456/330 264/470/334
f 259/465/329 258/460/332 262/469/336 263/466/333
f 257/463/331 247/452/328 261/471/335
f 264/467/334 263/466/333 267/472/337 268/473/338
f 262/469/336 261/468/335 265/474/339 266/475/340
f 252/445/323 264/470/334 268/476/338
f 263/466/333 262/469/336 266/475/340 267/472/337
f 261/471/335 247/452/328 265/477/339
f 268/473/338 267/472/337 271/478/341 272/479/342
f 266/475/340 265/474/339 269/480/343 270/481/344
f 252/445/323 268/476/338 272/482/342
f 267/472/337 266/475/340 270/481/344 271/478/341
f 265/477/339 247/452/328 269/483/343
f 272/479/342 271/478/341 275/484/345 276/485/346
f 270/486/344 269/483/343 273/487/347 274/488/348
f 252/445/323 272/482/342 276/489/346
f 271/478/341 270/481/344 274/490/348 275/484/345
f 269/483/343 247/452/328 273/487/347
f 276/489/346 275/491/345 279/492/349 280/493/350
f 274/488/348 273/487/347 277/494/351 278/495/352
f 252/445/323 276/489/346 280/493/350
f 275/496/345 274/497/348 278/498/352 279/499/349
f 273/487/347 247/452/328 277/494/351
f 280/500/350 279/501/349 283/502/353 284/503/354
f 278/495/352 277/494/351 281/504/355 282/505/356
f 252/445/323 280/493/350 284/506/354
f 279/499/349 278/498/352 282/507/356 283/508/353
f 277/494/351 247/452/328 281/504/355
f 284/503/354 283/502/353 287/509/357 288/510/358
f 282/511/356 281/512/355 285/513/359 286/514/360
f 252/445/323 284/506/354 288/515/358
f 283/502/353 282/511/356 286/514/360 287/509/357
f 281/504/355 247/452/328 285/516/359
f 288/510/358 287/509/357 291/517/361 292/518/362
f 286/514/360 285/513/359 289/519/363 290/520/364
f 252/445/323 288/515/358 292/521/362
f 287/509/357 286/514/360 290/520/364 291/517/361
f 285/516/359 247/452/328 289/522/363
f 292/518/362 291/517/361 295/523/365 296/524/366
f 290/520/364 289/519/363 293/525/367 294/526/368
f 252/445/323 292/521/362 296/527/366
f 291/517/361 290/520/364 294/526/368 295/523/365
f 289/522/363 247/452/328 293/528/367
f 296/527/366 295/529/365 250/453/326 251/446/324
f 294/526/368 293/525/367 248/530/320 249/531/319
f 252/445/323 296/527/366 251/446/324
f 295/523/365 294/526/368 249/531/319 250/532/326
f 293/528/367 247/452/328 248/442/320
f 301/533/369 300/534/370 304/535/371
f 299/536/372 298/537/373 302/538/374 303/539/375
f 300/540/370 299/536/372 303/539/375 304/541/371
f 298/542/373 297/543/376 302/544/374
f 304/545/371 303/546/375 306/547/377 307/548/378
f 302/544/374 297/543/376 305/549/379
f 301/533/369 304/535/371 307/550/378
f 303/546/375 302/551/374 305/552/379 306/547/377
f 306/547/377 305/552/379 308/553/380 309/554/381
f 307/548/378 306/547/377 309/554/381 310/555/382
f 305/549/379 297/543/376 308/556/380
f 301/533/369 307/550/378 310/557/382
f 301/533/369 310/557/382 313/558/383
f 309/554/381 308/553/380 311/559/384 312/560/385
f 310/555/382 309/554/381 312/560/385 313/561/383
f 308/556/380 297/543/376 311/562/384
f 301/533/369 313/558/383 316/563/386
f 312/564/385 311/565/384 314/566/387 315/567/388
f 313/568/383 312/564/385 315/567/388 316/569/386
f 311/562/384 297/543/376 314/570/387
f 301/533/369 316/563/386 319/571/389
f 315/567/388 314/566/387 317/572/390 318/573/391
f 316/569/386 315/567/388 318/573/391 319/574/389
f 314/570/387 297/543/376 317/575/390
f 301/533/369 319/571/389 322/576/392
f 318/577/391 317/578/390 320/579/393 321/580/394
f 319/581/389 318/577/391 321/580/394 322/582/392
f 317/575/390 297/543/376 320/583/393
f 320/583/393 297/543/376 323/584/395
f 301/533/369 322/576/392 325/585/396
f 321/580/394 320/579/393 323/586/395 324/587/397
f 322/582/392 321/580/394 324/587/397 325/588/396
f 325/588/396 324/587/397 327/589/398 328/590/399
f 323/584/395 297/543/376 326/591/400
f 301/533/369 325/585/396 328/592/399
f 324/587/397 323/586/395 326/593/400 327/589/398
f 328/594/399 327/595/398 299/536/372 300/540/370
f 326/591/400 297/543/376 298/542/373
f 301/533/369 328/592/399 300/534/370
f 327/595/398 326/596/400 298/537/373 299/536/372
f 332/597/370 331/598/372 335/599/375 336/600/371
f 330/601/373 329/602/376 334/603/374
f 333/604/369 332/605/370 336/606/371
f 331/598/372 330/607/373 334/608/374 335/599/375
f 336/609/371 335/610/375 338/611/377 339/612/378
f 334/603/374 329/602/376 337/613/379
f 333/604/369 336/606/371 339/614/378
f 335/610/375 334/615/374 337/616/379 338/611/377
f 339/612/378 338/611/377 341/617/381 342/618/382
f 337/613/379 329/602/376 340/619/380
f 333/604/369 339/614/378 342/620/382
f 338/611/377 337/616/379 340/621/380 341/617/381
f 342/618/382 341/617/381 344/622/385 345/623/383
f 340/619/380 329/602/376 343/624/384
f 333/604/369 342/620/382 345/625/383
f 341/617/381 340/621/380 343/626/384 344/622/385
f 345/627/383 344/628/385 347/629/388 348/630/386
f 343/624/384 329/602/376 346/631/387
f 333/604/369 345/625/383 348/632/386
f 344/628/385 343/633/384 346/634/387 347/629/388
f 347/629/388 346/634/387 349/635/390 350/636/391
f 348/630/386 347/629/388 350/636/391 351/637/389
f 346/631/387 329/602/376 349/638/390
f 333/604/369 348/632/386 351/639/389
f 333/604/369 351/639/389 354/640/392
f 350/641/391 349/642/390 352/643/393 353/644/394
f 351/645/389 350/641/391 353/644/394 354/646/392
f 349/638/390 329/602/376 352/647/393
f 333/604/369 354/640/392 357/648/396
f 353/644/394 352/643/393 355/649/395 356/650/397
f 354/646/392 353/644/394 356/650/397 357/651/396
f 352/647/393 329/602/376 355/652/395
f 333/604/369 357/648/396 360/653/399
f 356/650/397 355/649/395 358/654/400 359/655/398
f 357/651/396 356/650/397 359/655/398 360/656/399
f 355/652/395 329/602/376 358/657/400
f 333/604/369 360/653/399 332/605/370
f 359/658/398 358/659/400 330/607/373 331/598/372
f 360/660/399 359/658/398 331/598/372 332/597/370
f 358/657/400 329/602/376 330/601/373
s 0
f 361/661/401 362/662/402 363/663/403
f 364/664/404 365/665/405 366/666/406
f 367/667/407 368/668/408 369/669/409
f 370/670/410 371/671/411 372/672/412
f 373/673/413 374/674/414 375/675/415
f 376/676/416 377/677/417 378/678/418
f 379/679/419 380/680/420 381/681/421
f 382/682/422 383/683/423 384/684/424
f 367/685/425 361/686/426 363/687/427 368/688/428
f 362/662/429 364/664/430 366/666/431 363/663/432
f 365/689/433 370/690/434 372/691/435 366/692/436
f 371/671/437 369/669/438 368/668/439 372/672/440
f 379/679/441 367/667/442 369/669/443 380/680/444
f 370/670/445 382/682/446 384/684/447 371/671/448
f 383/683/449 381/681/450 380/680/451 384/684/452
f 373/693/453 379/694/454 381/695/455 374/696/456
f 382/697/457 376/698/458 378/699/459 383/700/460
f 377/677/461 375/675/462 374/674/463 378/678/464
f 361/661/465 373/673/466 375/675/467 362/662/468
f 376/676/469 365/665/470 364/664/471 377/677/472
f 367/685/473 379/694/474 373/693/475 361/686/476
f 363/701/477 366/702/478 372/703/479 368/704/480
f 375/675/481 377/677/482 364/664/483 362/662/484
f 382/697/485 370/690/486 365/689/487 376/698/488
f 369/669/489 371/671/490 384/684/491 380/680/492
f 381/705/493 383/706/494 378/707/495 374/708/496
f 385/709/497 386/710/498 387/711/499
f 388/712/500 389/713/501 390/714/502
f 391/715/503 392/716/504 393/717/505
f 394/718/506 395/719/507 396/720/508
f 397/721/509 398/722/510 399/723/511
f 400/724/512 401/725/513 402/726/514
f 403/727/515 404/728/516 405/729/517
f 406/730/518 407/731/519 408/732/520
f 391/733/521 385/734/522 387/735/523 392/736/524
f 386/710/525 388/712/526 390/714/527 387/711/528
f 389/737/529 394/738/530 396/739/531 390/740/532
f 395/741/533 393/717/534 392/716/535 396/742/536
f 403/727/537 391/715/538 393/717/539 404/728/540
f 394/743/541 406/730/542 408/732/543 395/741/544
f 407/731/545 405/729/546 404/728/547 408/732/548
f 397/744/549 403/745/550 405/746/551 398/747/552
f 406/748/553 400/749/554 402/750/555 407/751/556
f 401/725/557 399/752/558 398/753/559 402/726/560
f 385/709/561 397/754/562 399/752/563 386/710/564
f 400/724/565 389/713/566 388/712/567 401/725/568
f 391/733/569 403/745/570 397/744/571 385/734/572
f 387/755/573 390/756/574 396/757/575 392/758/576
f 399/752/577 401/725/578 388/712/579 386/710/580
f 406/748/581 394/738/582 389/737/583 400/749/584
f 393/717/585 395/741/586 408/732/587 404/728/588
f 405/759/589 407/760/590 402/761/591 398/762/592
f 409/763/593 410/764/594 411/765/595
f 412/766/596 413/767/597 414/768/598
f 415/769/599 416/770/600 417/771/601
f 418/772/602 419/773/603 420/774/604
f 421/775/605 422/776/606 423/777/607
f 424/778/608 425/779/609 426/780/610
f 427/781/611 428/782/612 429/783/613
f 430/784/614 431/785/615 432/786/616
f 415/769/617 409/763/618 411/765/619 416/770/620
f 410/764/621 412/787/622 414/788/623 411/765/624
f 413/789/625 418/772/626 420/774/627 414/788/628
f 419/773/629 417/771/630 416/770/631 420/774/632
f 427/790/633 415/791/634 417/792/635 428/793/636
f 418/794/637 430/795/638 432/796/639 419/797/640
f 431/785/641 429/798/642 428/799/643 432/786/644
f 421/775/645 427/800/646 429/798/647 422/776/648
f 430/784/649 424/778/650 426/780/651 431/785/652
f 425/779/653 423/777/654 422/776/655 426/780/656
f 409/801/657 421/802/658 423/803/659 410/804/660
f 424/805/661 413/806/662 412/807/663 425/808/664
f 415/791/665 427/790/666 421/802/667 409/801/668
f 411/765/669 414/788/670 420/774/671 416/770/672
f 423/777/673 425/779/674 412/809/675 410/810/676
f 430/795/677 418/794/678 413/806/679 424/805/680
f 417/771/681 419/773/682 432/811/683 428/812/684
f 429/798/685 431/785/686 426/780/687 422/776/688
f 433/813/689 434/814/690 435/815/691
f 436/816/692 437/817/693 438/818/694
f 439/819/695 440/820/696 441/821/697
f 442/822/698 443/823/699 444/824/700
f 445/825/701 446/826/702 447/827/703
f 448/828/704 449/829/705 450/830/706
f 451/831/707 452/832/708 453/833/709
f 454/834/710 455/835/711 456/836/712
f 439/819/713 433/813/714 435/815/715 440/820/716
f 434/814/717 436/816/718 438/818/719 435/815/720
f 437/817/721 442/822/722 444/824/723 438/818/724
f 443/823/725 441/821/726 440/820/727 444/824/728
f 451/837/729 439/838/730 441/839/731 452/840/732
f 442/841/733 454/842/734 456/843/735 443/844/736
f 455/835/737 453/833/738 452/832/739 456/836/740
f 445/825/741 451/831/742 453/833/743 446/826/744
f 454/834/745 448/828/746 450/830/747 455/835/748
f 449/829/749 447/827/750 446/826/751 450/830/752
f 433/845/753 445/846/754 447/847/755 434/848/756
f 448/849/757 437/850/758 436/851/759 449/852/760
f 439/838/761 451/837/762 445/846/763 433/845/764
f 435/815/765 438/818/766 444/824/767 440/820/768
f 447/853/769 449/854/770 436/816/771 434/814/772
f 454/842/773 442/841/774 437/850/775 448/849/776
f 441/855/777 443/856/778 456/836/779 452/832/780
f 453/833/781 455/835/782 450/830/783 446/826/784
f 457/857/785 458/858/786 459/859/787
f 460/860/788 461/861/789 462/862/790
f 463/863/791 464/864/792 465/865/793
f 466/866/794 467/867/795 468/868/796
f 469/869/797 470/870/798 471/871/799
f 472/872/800 473/873/801 474/874/802
f 475/875/803 476/876/804 477/877/805
f 478/878/806 479/879/807 480/880/808
f 463/881/809 457/882/810 459/883/811 464/884/812
f 458/858/813 460/860/814 462/862/815 459/859/816
f 461/885/817 466/886/818 468/887/819 462/888/820
f 467/867/821 465/865/822 464/864/823 468/868/824
f 475/875/825 463/863/826 465/865/827 476/876/828
f 466/866/829 478/878/830 480/880/831 467/867/832
f 479/879/833 477/877/834 476/876/835 480/880/836
f 469/889/837 475/890/838 477/891/839 470/892/840
f 478/893/841 472/894/842 474/895/843 479/896/844
f 473/873/845 471/871/846 470/870/847 474/874/848
f 457/857/849 469/869/850 471/871/851 458/858/852
f 472/872/853 461/861/854 460/860/855 473/873/856
f 463/881/857 475/890/858 469/889/859 457/882/860
f 459/897/199 462/898/861 468/899/201 464/900/202
f 471/871/862 473/873/863 460/860/864 458/858/865
f 478/893/866 466/886/867 461/885/868 472/894/869
f 465/865/870 467/867/871 480/880/872 476/876/873
f 477/901/874 479/902/875 474/903/217 470/904/218
f 481/905/876 482/906/877 483/907/878
f 484/908/879 485/909/880 486/910/881
f 487/911/882 488/912/883 489/913/884
f 490/914/885 491/915/886 492/916/887
f 493/917/888 494/918/889 495/919/890
f 496/920/891 497/921/892 498/922/893
f 499/923/894 500/924/895 501/925/896
f 502/926/897 503/927/898 504/928/899
f 487/929/900 481/930/901 483/931/902 488/932/903
f 482/906/904 484/908/905 486/910/906 483/907/907
f 485/933/908 490/934/909 492/935/910 486/936/911
f 491/915/912 489/913/913 488/912/914 492/916/915
f 499/923/916 487/911/917 489/913/918 500/924/919
f 490/914/920 502/926/921 504/928/922 491/915/923
f 503/927/924 501/925/925 500/924/926 504/928/927
f 493/937/928 499/938/929 501/939/930 494/940/931
f 502/941/932 496/942/933 498/943/934 503/944/935
f 497/921/936 495/919/937 494/918/938 498/922/939
f 481/905/940 493/917/941 495/919/942 482/906/943
f 496/920/944 485/909/945 484/908/946 497/921/947
f 487/929/948 499/938/949 493/937/950 481/930/951
f 483/945/952 486/946/953 492/947/954 488/948/955
f 495/919/956 497/921/957 484/908/958 482/906/959
f 502/941/960 490/934/961 485/933/962 496/942/963
f 489/913/964 491/915/965 504/928/966 500/924/967
f 501/949/968 503/950/969 498/951/970 494/952/971
f 505/953/972 506/954/973 507/955/974
f 508/956/975 509/957/976 510/958/977
f 511/959/978 512/960/979 513/961/980
f 514/962/981 515/963/982 516/964/983
f 517/965/984 518/966/985 519/967/986
f 520/968/987 521/969/988 522/970/989
f 523/971/990 524/972/991 525/973/992
f 526/974/993 527/975/994 528/976/995
f 511/977/996 505/978/997 507/979/998 512/980/999
f 506/954/1000 508/956/1001 510/958/1002 507/955/1003
f 509/981/1004 514/982/1005 516/983/1006 510/984/1007
f 515/963/1008 513/961/1009 512/960/1010 516/964/1011
f 523/971/1012 511/959/1013 513/961/1014 524/972/1015
f 514/962/1016 526/974/1017 528/976/1018 515/963/1019
f 527/975/1020 525/973/1021 524/972/1022 528/976/1023
f 517/985/1024 523/986/1025 525/987/1026 518/988/1027
f 526/989/1028 520/990/1029 522/991/1030 527/992/1031
f 521/969/1032 519/967/1033 518/966/1034 522/970/1035
f 505/953/1036 517/965/1037 519/967/1038 506/954/1039
f 520/968/1040 509/957/1041 508/956/1042 521/969/1043
f 511/977/857 523/986/1044 517/985/859 505/978/860
f 507/993/199 510/994/861 516/995/201 512/996/202
f 519/967/862 521/969/863 508/956/864 506/954/865
f 526/989/866 514/982/1045 509/981/1046 520/990/1047
f 513/961/870 515/963/871 528/976/872 524/972/873
f 525/997/874 527/998/875 522/999/217 518/1000/218
f 529/1001/1048 530/1002/1049 531/1003/1050
f 532/1004/1051 533/1005/1052 534/1006/1053
f 535/1007/1054 536/1008/1055 537/1009/1056
f 538/1010/1057 539/1011/1058 540/1012/1059
f 541/1013/1060 542/1014/1061 543/1015/1062
f 544/1016/1063 545/1017/1064 546/1018/1065
f 547/1019/1066 548/1020/1067 549/1021/1068
f 550/1022/1069 551/1023/1070 552/1024/1071
f 535/1025/1072 529/1026/1073 531/1027/1074 536/1028/1075
f 530/1002/1076 532/1004/1077 534/1006/1078 531/1003/1079
f 533/1029/1080 538/1030/1081 540/1031/1082 534/1032/1083
f 539/1011/1084 537/1009/1085 536/1008/1086 540/1012/1087
f 547/1019/1088 535/1007/1089 537/1009/1090 548/1020/1091
f 538/1010/1092 550/1022/1093 552/1024/1094 539/1011/1095
f 551/1023/1096 549/1021/1097 548/1020/1098 552/1024/1099
f 541/1033/1100 547/1034/1101 549/1035/1102 542/1036/1103
f 550/1037/1104 544/1038/1105 546/1039/1106 551/1040/1107
f 545/1017/1108 543/1015/1109 542/1014/1110 546/1018/1111
f 529/1001/1112 541/1013/1113 543/1015/1114 530/1002/1115
f 544/1016/1116 533/1005/1117 532/1004/1118 545/1017/1119
f 535/1025/948 547/1034/949 541/1033/950 529/1026/951
f 531/1041/952 534/1042/953 540/1043/954 536/1044/955
f 543/1015/1120 545/1017/957 532/1004/958 530/1002/1121
f 550/1037/1122 538/1030/961 533/1029/962 544/1038/963
f 537/1009/964 539/1011/965 552/1024/966 548/1020/967
f 549/1045/968 551/1046/969 546/1047/970 542/1048/971
f 553/1049/1123 554/1050/1124 555/1051/1125
f 556/1052/1126 557/1053/1127 558/1054/1128
f 559/1055/1129 560/1056/1130 561/1057/1131
f 562/1058/1132 563/1059/1133 564/1060/1134
f 565/1061/1135 566/1062/1136 567/1063/1137
f 568/1064/1138 569/1065/1139 570/1066/1140
f 571/1067/1141 572/1068/1142 573/1069/1143
f 574/1070/1144 575/1071/1145 576/1072/1146
f 559/1073/1147 553/1074/1148 555/1075/1149 560/1076/1150
f 554/1050/1151 556/1052/1152 558/1054/1153 555/1051/1154
f 557/1077/1155 562/1078/1156 564/1079/1157 558/1080/1158
f 563/1059/1159 561/1057/1160 560/1056/1161 564/1060/1162
f 571/1067/1163 559/1055/1164 561/1057/1165 572/1068/1166
f 562/1058/1167 574/1070/1168 576/1072/1169 563/1059/1170
f 575/1071/1171 573/1069/1172 572/1068/1173 576/1072/1174
f 565/1081/1175 571/1082/1176 573/1083/1177 566/1084/1178
f 574/1085/1179 568/1086/1180 570/1087/1181 575/1088/1182
f 569/1065/1183 567/1063/1184 566/1062/1185 570/1066/1186
f 553/1049/1187 565/1061/1188 567/1063/1189 554/1050/1190
f 568/1064/1191 557/1053/1192 556/1052/1193 569/1065/1194
f 559/1073/857 571/1082/1044 565/1081/859 553/1074/860
f 555/1089/199 558/1090/861 564/1091/201 560/1092/202
f 567/1063/862 569/1065/863 556/1052/864 554/1050/865
f 574/1085/866 562/1078/867 557/1077/868 568/1086/869
f 561/1057/870 563/1059/871 576/1072/872 572/1068/873
f 573/1093/874 575/1094/875 570/1095/217 566/1096/218
f 577/1097/1195 578/1098/1196 579/1099/1197
f 580/1100/1198 581/1101/1199 582/1102/1200
f 583/1103/1201 584/1104/1202 585/1105/1203
f 586/1106/1204 587/1107/1205 588/1108/1206
f 589/1109/1207 590/1110/1208 591/1111/1209
f 592/1112/1210 593/1113/1211 594/1114/1212
f 595/1115/1213 596/1116/1214 597/1117/1215
f 598/1118/1216 599/1119/1217 600/1120/1218
f 583/1121/1219 577/1122/1220 579/1123/1221 584/1124/1222
f 578/1098/1223 580/1100/1224 582/1102/1225 579/1099/1226
f 581/1125/1227 586/1126/1228 588/1127/1229 582/1128/1230
f 587/1107/1231 585/1105/1232 584/1104/1233 588/1108/1234
f 595/1115/1235 583/1103/1236 585/1105/1237 596/1116/1238
f 586/1106/1239 598/1118/1240 600/1120/1241 587/1107/1242
f 599/1119/1243 597/1117/1244 596/1116/1245 600/1120/1246
f 589/1129/1247 595/1130/1248 597/1131/1249 590/1132/1250
f 598/1133/1251 592/1134/1252 594/1135/1253 599/1136/1254
f 593/1113/1255 591/1111/1256 590/1110/1257 594/1114/1258
f 577/1097/1259 589/1109/1260 591/1111/1261 578/1098/1262
f 592/1112/1263 581/1101/1264 580/1100/1265 593/1113/1266
f 583/1121/948 595/1130/949 589/1129/950 577/1122/951
f 579/1137/952 582/1138/953 588/1139/954 584/1140/955
f 591/1111/1120 593/1113/957 580/1100/958 578/1098/1121
f 598/1133/1267 586/1126/1268 581/1125/1269 592/1134/1270
f 585/1105/964 587/1107/965 600/1120/1271 596/1116/967
f 597/1141/968 599/1142/969 594/1143/970 590/1144/971
f 601/1145/1272 602/1146/1273 603/1147/1274
f 604/1148/1275 605/1149/1276 606/1150/1277
f 607/1151/1278 608/1152/1279 609/1153/1280
f 610/1154/1281 611/1155/1282 612/1156/1283
f 613/1157/1284 614/1158/1285 615/1159/1286
f 616/1160/1287 617/1161/1288 618/1162/1289
f 619/1163/1290 620/1164/1291 621/1165/1292
f 622/1166/1293 623/1167/1294 624/1168/1295
f 607/1169/1296 601/1170/1297 603/1171/1298 608/1172/1299
f 602/1146/1300 604/1148/1301 606/1150/1302 603/1147/1303
f 605/1173/1304 610/1174/1305 612/1175/1306 606/1176/1307
f 611/1155/1308 609/1153/1309 608/1152/1310 612/1156/1311
f 619/1163/1312 607/1151/1313 609/1153/1314 620/1164/1315
f 610/1154/1316 622/1166/1317 624/1168/1318 611/1155/1319
f 623/1167/1320 621/1165/1321 620/1164/1322 624/1168/1323
f 613/1177/1324 619/1178/1325 621/1179/1326 614/1180/1327
f 622/1181/1328 616/1182/1329 618/1183/1330 623/1184/1331
f 617/1161/1332 615/1159/1333 614/1158/1334 618/1162/1335
f 601/1145/1336 613/1157/1337 615/1159/1338 602/1146/1339
f 616/1160/1340 605/1149/1341 604/1148/1342 617/1161/1343
f 607/1169/857 619/1178/1044 613/1177/859 601/1170/860
f 603/1185/199 606/1186/861 612/1187/201 608/1188/202
f 615/1159/862 617/1161/863 604/1148/864 602/1146/865
f 622/1181/866 610/1174/867 605/1173/868 616/1182/869
f 609/1153/870 611/1155/871 624/1168/872 620/1164/873
f 621/1189/874 623/1190/875 618/1191/217 614/1192/218
f 625/1193/1344 626/1194/1345 627/1195/1346
f 628/1196/1347 629/1197/1348 630/1198/1349
f 631/1199/1350 632/1200/1351 633/1201/1352
f 634/1202/1353 635/1203/1354 636/1204/1355
f 637/1205/1356 638/1206/1357 639/1207/1358
f 640/1208/1359 641/1209/1360 642/1210/1361
f 643/1211/1362 644/1212/1363 645/1213/1364
f 646/1214/1365 647/1215/1366 648/1216/1367
f 631/1217/1368 625/1218/1369 627/1219/1370 632/1220/1371
f 626/1194/1372 628/1196/1373 630/1198/1374 627/1195/1375
f 629/1221/1376 634/1222/1377 636/1223/1378 630/1224/1379
f 635/1203/1380 633/1201/1381 632/1200/1382 636/1204/1383
f 643/1211/1384 631/1199/1385 633/1201/1386 644/1212/1387
f 634/1202/1388 646/1214/1389 648/1216/1390 635/1203/1391
f 647/1215/1392 645/1213/1393 644/1212/1394 648/1216/1395
f 637/1225/1396 643/1226/1397 645/1227/1398 638/1228/1399
f 646/1229/1400 640/1230/1401 642/1231/1402 647/1232/1403
f 641/1209/1404 639/1207/1405 638/1206/1406 642/1210/1407
f 625/1193/1408 637/1205/1409 639/1207/1410 626/1194/1411
f 640/1208/1412 629/1197/1413 628/1196/1414 641/1209/1415
f 631/1217/948 643/1226/949 637/1225/950 625/1218/951
f 627/1233/952 630/1234/953 636/1235/954 632/1236/955
f 639/1207/956 641/1209/957 628/1196/958 626/1194/959
f 646/1229/960 634/1222/961 629/1221/962 640/1230/963
f 633/1201/964 635/1203/965 648/1216/966 644/1212/967
f 645/1237/968 647/1238/969 642/1239/970 638/1240/971
f 649/1241/1416 650/1242/1417 651/1243/1418
f 652/1244/1419 653/1245/1420 654/1246/1421
f 655/1247/1422 656/1248/1423 657/1249/1424
f 658/1250/1425 659/1251/1426 660/1252/1427
f 661/1253/1428 662/1254/1429 663/1255/1430
f 664/1256/1431 665/1257/1432 666/1258/1433
f 667/1259/1434 668/1260/1435 669/1261/1436
f 670/1262/1437 671/1263/1438 672/1264/1439
f 655/1265/1440 649/1266/1441 651/1267/1442 656/1268/1443
f 650/1242/1444 652/1244/1445 654/1246/1446 651/1243/1447
f 653/1269/1448 658/1270/1449 660/1271/1450 654/1272/1451
f 659/1251/1452 657/1249/1453 656/1248/1454 660/1252/1455
f 667/1259/1456 655/1247/1457 657/1249/1458 668/1260/1459
f 658/1250/1460 670/1262/1461 672/1264/1462 659/1251/1463
f 671/1263/1464 669/1261/1465 668/1260/1466 672/1264/1467
f 661/1273/1468 667/1274/1469 669/1275/1470 662/1276/1471
f 670/1277/1472 664/1278/1473 666/1279/1474 671/1280/1475
f 665/1257/1476 663/1255/1477 662/1254/1478 666/1258/1479
f 649/1241/1480 661/1253/1481 663/1255/1482 650/1242/1483
f 664/1256/1484 653/1245/1485 652/1244/1486 665/1257/1487
f 655/1265/857 667/1274/1044 661/1273/859 649/1266/860
f 651/1281/199 654/1282/861 660/1283/201 656/1284/202
f 663/1255/862 665/1257/863 652/1244/864 650/1242/865
f 670/1277/866 658/1270/867 653/1269/868 664/1278/869
f 657/1249/870 659/1251/871 672/1264/872 668/1260/873
f 669/1285/874 671/1286/875 666/1287/217 662/1288/218
f 673/1289/1488 674/1290/1489 675/1291/1490
f 676/1292/1491 677/1293/1492 678/1294/1493
f 679/1295/1494 680/1296/1495 681/1297/1496
f 682/1298/1497 683/1299/1498 684/1300/1499
f 685/1301/1500 686/1302/1501 687/1303/1502
f 688/1304/1503 689/1305/1504 690/1306/1505
f 691/1307/1506 692/1308/1507 693/1309/1508
f 694/1310/1509 695/1311/1510 696/1312/1511
f 679/1313/1512 673/1314/1513 675/1315/1514 680/1316/1515
f 674/1290/1516 676/1292/1517 678/1294/1518 675/1291/1519
f 677/1317/1520 682/1318/1521 684/1319/1522 678/1320/1523
f 683/1299/1524 681/1297/1525 680/1296/1526 684/1300/1527
f 691/1307/1528 679/1295/1529 681/1297/1530 692/1308/1531
f 682/1298/1532 694/1310/1533 696/1312/1534 683/1299/1535
f 695/1311/1536 693/1309/1537 692/1308/1538 696/1312/1539
f 685/1321/1540 691/1322/1541 693/1323/1542 686/1324/1543
f 694/1325/1544 688/1326/1545 690/1327/1546 695/1328/1547
f 689/1305/1548 687/1303/1549 686/1302/1550 690/1306/1551
f 673/1289/1552 685/1301/1553 687/1303/1554 674/1290/1555
f 688/1304/1556 677/1293/1557 676/1292/1558 689/1305/1559
f 679/1313/948 691/1322/949 685/1321/1560 673/1314/1561
f 675/1329/952 678/1330/953 684/1331/954 680/1332/955
f 687/1303/1120 689/1305/957 676/1292/958 674/1290/1121
f 694/1325/960 682/1318/961 677/1317/962 688/1326/963
f 681/1297/964 683/1299/965 696/1312/1271 692/1308/967
f 693/1333/968 695/1334/969 690/1335/970 686/1336/971
s 1
f 701/1337/1562 700/1338/1563 704/1339/1564
f 699/1340/1565 698/1341/1566 702/1342/1567 703/1343/1568
f 700/1344/1563 699/1340/1565 703/1343/1568 704/1345/1564
f 698/1346/1566 697/1347/1569 702/1348/1567
f 703/1343/1568 702/1342/1567 705/1349/1570 706/1350/1571
f 704/1345/1564 703/1343/1568 706/1350/1571 707/1351/1572
f 702/1348/1567 697/1347/1569 705/1352/1570
f 701/1337/1562 704/1339/1564 707/1353/1572
f 701/1337/1562 707/1353/1572 710/1354/1573
f 706/1355/1571 705/1356/1570 708/1357/1574 709/1358/1575
f 707/1359/1572 706/1355/1571 709/1358/1575 710/1360/1573
f 705/1352/1570 697/1347/1569 708/1361/1574
f 701/1337/1562 710/1354/1573 713/1362/1576
f 709/1363/1575 708/1364/1574 711/1365/1577 712/1366/1578
f 710/1367/1573 709/1363/1575 712/1366/1578 713/1368/1576
f 708/1361/1574 697/1347/1569 711/1369/1577
f 701/1337/1562 713/1362/1576 716/1370/1579
f 712/1366/1578 711/1365/1577 714/1371/1580 715/1372/1581
f 713/1368/1576 712/1366/1578 715/1372/1581 716/1373/1579
f 711/1369/1577 697/1347/1569 714/1374/1580
f 701/1337/1562 716/1370/1579 719/1375/1582
f 715/1372/1581 714/1371/1580 717/1376/1583 718/1377/1584
f 716/1373/1579 715/1372/1581 718/1377/1584 719/1378/1582
f 714/1374/1580 697/1347/1569 717/1379/1583
f 717/1379/1583 697/1347/1569 720/1380/1585
f 701/1337/1562 719/1375/1582 722/1381/1586
f 718/1382/1584 717/1383/1583 720/1384/1585 721/1385/1587
f 719/1386/1582 718/1382/1584 721/1385/1587 722/1387/1586
f 722/1388/1586 721/1389/1587 699/1340/1565 700/1344/1563
f 720/1380/1585 697/1347/1569 698/1346/1566
f 701/1337/1562 722/1381/1586 700/1338/1563
f 721/1389/1587 720/1390/1585 698/1341/1566 699/1340/1565
f 727/1391/1588 726/1392/1589 730/1393/1590
f 725/1394/1591 724/1395/1592 728/1396/1593 729/1397/1594
f 726/1398/1589 725/1394/1591 729/1397/1594 730/1399/1590
f 724/1400/1592 723/1401/1595 728/1402/1593
f 730/1403/1590 729/1404/1594 732/1405/1596 733/1406/1597
f 728/1402/1593 723/1401/1595 731/1407/1598
f 727/1391/1588 730/1393/1590 733/1408/1597
f 729/1404/1594 728/1409/1593 731/1410/1598 732/1405/1596
f 732/1411/1596 731/1412/1598 734/1413/1599 735/1414/1600
f 733/1415/1597 732/1411/1596 735/1414/1600 736/1416/1601
f 731/1407/1598 723/1401/1595 734/1417/1599
f 727/1391/1588 733/1408/1597 736/1418/1601
f 727/1391/1588 736/1418/1601 739/1419/1602
f 735/1414/1600 734/1413/1599 737/1420/1603 738/1421/1604
f 736/1416/1601 735/1414/1600 738/1421/1604 739/1422/1602
f 734/1417/1599 723/1401/1595 737/1423/1603
f 727/1391/1588 739/1419/1602 742/1424/1605
f 738/1421/1604 737/1420/1603 740/1425/1606 741/1426/1607
f 739/1422/1602 738/1421/1604 741/1426/1607 742/1427/1605
f 737/1423/1603 723/1401/1595 740/1428/1606
f 727/1391/1588 742/1424/1605 745/1429/1608
f 741/1430/1607 740/1431/1606 743/1432/1609 744/1433/1610
f 742/1434/1605 741/1430/1607 744/1433/1610 745/1435/1608
f 740/1428/1606 723/1401/1595 743/1436/1609
f 727/1391/1588 745/1429/1608 748/1437/1611
f 744/1438/1610 743/1439/1609 746/1440/1612 747/1441/1613
f 745/1442/1608 744/1438/1610 747/1441/1613 748/1443/1611
f 743/1436/1609 723/1401/1595 746/1444/1612
f 746/1444/1612 723/1401/1595 724/1400/1592
f 727/1391/1588 748/1437/1611 726/1392/1589
f 747/1441/1613 746/1440/1612 724/1395/1592 725/1394/1591
f 748/1443/1611 747/1441/1613 725/1394/1591 726/1398/1589
f 751/1445/1614 750/1446/1615 754/1447/1616 755/1448/1617
f 752/1449/1618 751/1445/1614 755/1448/1617 756/1450/1619
f 750/1451/1615 749/1452/1620 754/1453/1616
f 753/1454/1621 752/1455/1618 756/1456/1619
f 756/1450/1619 755/1448/1617 758/1457/1622 759/1458/1623
f 754/1453/1616 749/1452/1620 757/1459/1624
f 753/1454/1621 756/1456/1619 759/1460/1623
f 755/1461/1617 754/1462/1616 757/1463/1624 758/1464/1622
f 759/1465/1623 758/1464/1622 761/1466/1625 762/1467/1626
f 757/1459/1624 749/1452/1620 760/1468/1627
f 753/1454/1621 759/1460/1623 762/1469/1626
f 758/1464/1622 757/1463/1624 760/1470/1627 761/1466/1625
f 761/1466/1625 760/1470/1627 763/1471/1628 764/1472/1629
f 762/1467/1626 761/1466/1625 764/1472/1629 765/1473/1630
f 760/1468/1627 749/1452/1620 763/1474/1628
f 753/1454/1621 762/1469/1626 765/1475/1630
f 753/1454/1621 765/1475/1630 768/1476/1631
f 764/1477/1629 763/1478/1628 766/1479/1632 767/1480/1633
f 765/1481/1630 764/1477/1629 767/1480/1633 768/1482/1631
f 763/1474/1628 749/1452/1620 766/1483/1632
f 753/1454/1621 768/1476/1631 771/1484/1634
f 767/1480/1633 766/1479/1632 769/1485/1635 770/1486/1636
f 768/1487/1631 767/1488/1633 770/1489/1636 771/1490/1634
f 766/1483/1632 749/1452/1620 769/1491/1635
f 753/1454/1621 771/1484/1634 774/1492/1637
f 770/1489/1636 769/1493/1635 772/1494/1638 773/1495/1639
f 771/1490/1634 770/1489/1636 773/1495/1639 774/1496/1637
f 769/1491/1635 749/1452/1620 772/1497/1638
f 753/1454/1621 774/1492/1637 752/1455/1618
f 773/1495/1639 772/1494/1638 750/1498/1615 751/1499/1614
f 774/1496/1637 773/1495/1639 751/1499/1614 752/1500/1618
f 772/1497/1638 749/1452/1620 750/1451/1615
f 778/1501/1640 777/1502/1641 781/1503/1642 782/1504/1643
f 776/1505/1644 775/1506/1645 780/1507/1646
f 779/1508/1647 778/1509/1640 782/1510/1643
f 777/1502/1641 776/1511/1644 780/1512/1646 781/1503/1642
f 782/1513/1643 781/1514/1642 784/1515/1648 785/1516/1649
f 780/1507/1646 775/1506/1645 783/1517/1650
f 779/1508/1647 782/1510/1643 785/1518/1649
f 781/1514/1642 780/1519/1646 783/1520/1650 784/1515/1648
f 785/1521/1649 784/1522/1648 787/1523/1651 788/1524/1652
f 783/1517/1650 775/1506/1645 786/1525/1653
f 779/1508/1647 785/1518/1649 788/1526/1652
f 784/1522/1648 783/1527/1650 786/1528/1653 787/1523/1651
f 788/1524/1652 787/1523/1651 790/1529/1654 791/1530/1655
f 786/1525/1653 775/1506/1645 789/1531/1656
f 779/1508/1647 788/1526/1652 791/1532/1655
f 787/1523/1651 786/1528/1653 789/1533/1656 790/1529/1654
f 790/1529/1654 789/1533/1656 792/1534/1657 793/1535/1658
f 791/1530/1655 790/1529/1654 793/1535/1658 794/1536/1659
f 789/1531/1656 775/1506/1645 792/1537/1657
f 779/1508/1647 791/1532/1655 794/1538/1659
f 779/1508/1647 794/1538/1659 797/1539/1660
f 793/1540/1658 792/1541/1657 795/1542/1661 796/1543/1662
f 794/1544/1659 793/1540/1658 796/1543/1662 797/1545/1660
f 792/1537/1657 775/1506/1645 795/1546/1661
f 779/1508/1647 797/1539/1660 800/1547/1663
f 796/1548/1662 795/1549/1661 798/1550/1664 799/1551/1665
f 797/1552/1660 796/1548/1662 799/1551/1665 800/1553/1663
f 795/1546/1661 775/1506/1645 798/1554/1664
f 779/1508/1647 800/1547/1663 778/1509/1640
f 799/1551/1665 798/1550/1664 776/1511/1644 777/1502/1641
f 800/1553/1663 799/1551/1665 777/1502/1641 778/1501/1640
f 798/1554/1664 775/1506/1645 776/1505/1644
f 803/1555/1666 802/1556/1667 806/1557/1668 807/1558/1669
f 804/1559/1670 803/1555/1666 807/1558/1669 808/1560/1671
f 802/1561/1667 801/1562/1672 806/1563/1668
f 805/1564/1673 804/1565/1670 808/1566/1671
f 808/1560/1671 807/1558/1669 810/1567/1674 811/1568/1675
f 806/1563/1668 801/1562/1672 809/1569/1676
f 805/1564/1673 808/1566/1671 811/1570/1675
f 807/1571/1669 806/1572/1668 809/1573/1676 810/1574/1674
f 811/1575/1675 810/1574/1674 813/1576/1677 814/1577/1678
f 809/1569/1676 801/1562/1672 812/1578/1679
f 805/1564/1673 811/1570/1675 814/1579/1678
f 810/1574/1674 809/1573/1676 812/1580/1679 813/1576/1677
f 813/1576/1677 812/1580/1679 815/1581/1680 816/1582/1681
f 814/1577/1678 813/1576/1677 816/1582/1681 817/1583/1682
f 812/1578/1679 801/1562/1672 815/1584/1680
f 805/1564/1673 814/1579/1678 817/1585/1682
f 805/1564/1673 817/1585/1682 820/1586/1683
f 816/1587/1681 815/1588/1680 818/1589/1684 819/1590/1685
f 817/1591/1682 816/1587/1681 819/1590/1685 820/1592/1683
f 815/1584/1680 801/1562/1672 818/1593/1684
f 805/1564/1673 820/1586/1683 823/1594/1686
f 819/1590/1685 818/1589/1684 821/1595/1687 822/1596/1688
f 820/1597/1683 819/1598/1685 822/1599/1688 823/1600/1686
f 818/1593/1684 801/1562/1672 821/1601/1687
f 805/1564/1673 823/1594/1686 826/1602/1689
f 822/1599/1688 821/1603/1687 824/1604/1690 825/1605/1691
f 823/1600/1686 822/1599/1688 825/1605/1691 826/1606/1689
f 821/1601/1687 801/1562/1672 824/1607/1690
f 805/1564/1673 826/1602/1689 804/1565/1670
f 825/1605/1691 824/1604/1690 802/1608/1667 803/1609/1666
f 826/1606/1689 825/1605/1691 803/1609/1666 804/1610/1670
f 824/1607/1690 801/1562/1672 802/1561/1667
f 830/1611/1692 829/1612/1693 833/1613/1694 834/1614/1695
f 828/1615/1696 827/1616/1697 832/1617/1698
f 831/1618/1699 830/1619/1692 834/1620/1695
f 829/1612/1693 828/1621/1696 832/1622/1698 833/1613/1694
f 831/1618/1699 834/1620/1695 837/1623/1700
f 833/1613/1694 832/1622/1698 835/1624/1701 836/1625/1702
f 834/1614/1695 833/1613/1694 836/1625/1702 837/1626/1700
f 832/1617/1698 827/1616/1697 835/1627/1701
f 835/1627/1701 827/1616/1697 838/1628/1703
f 831/1618/1699 837/1623/1700 840/1629/1704
f 836/1630/1702 835/1631/1701 838/1632/1703 839/1633/1705
f 837/1634/1700 836/1630/1702 839/1633/1705 840/1635/1704
f 840/1636/1704 839/1637/1705 842/1638/1706 843/1639/1707
f 838/1628/1703 827/1616/1697 841/1640/1708
f 831/1618/1699 840/1629/1704 843/1641/1707
f 839/1637/1705 838/1642/1703 841/1643/1708 842/1638/1706
f 843/1639/1707 842/1638/1706 845/1644/1709 846/1645/1710
f 841/1640/1708 827/1616/1697 844/1646/1711
f 831/1618/1699 843/1641/1707 846/1647/1710
f 842/1638/1706 841/1643/1708 844/1648/1711 845/1644/1709
f 846/1645/1710 845/1644/1709 848/1649/1712 849/1650/1713
f 844/1646/1711 827/1616/1697 847/1651/1714
f 831/1618/1699 846/1647/1710 849/1652/1713
f 845/1644/1709 844/1648/1711 847/1653/1714 848/1649/1712
f 849/1654/1713 848/1655/1712 851/1656/1715 852/1657/1716
f 847/1651/1714 827/1616/1697 850/1658/1717
f 831/1618/1699 849/1652/1713 852/1659/1716
f 848/1655/1712 847/1660/1714 850/1661/1717 851/1656/1715
f 852/1662/1716 851/1663/1715 829/1612/1693 830/1611/1692
f 850/1658/1717 827/1616/1697 828/1615/1696
f 831/1618/1699 852/1659/1716 830/1619/1692
f 851/1663/1715 850/1664/1717 828/1621/1696 829/1612/1693
f 855/1665/1718 854/1666/1719 858/1667/1720 859/1668/1721
f 856/1669/1722 855/1665/1718 859/1668/1721 860/1670/1723
f 854/1671/1719 853/1672/1724 858/1673/1720
f 857/1674/1725 856/1675/1722 860/1676/1723
f 860/1677/1723 859/1678/1721 862/1679/1726 863/1680/1727
f 858/1673/1720 853/1672/1724 861/1681/1728
f 857/1674/1725 860/1676/1723 863/1682/1727
f 859/1678/1721 858/1683/1720 861/1684/1728 862/1679/1726
f 863/1680/1727 862/1679/1726 865/1685/1729 866/1686/1730
f 861/1681/1728 853/1672/1724 864/1687/1731
f 857/1674/1725 863/1682/1727 866/1688/1730
f 862/1679/1726 861/1684/1728 864/1689/1731 865/1685/1729
f 865/1690/1729 864/1691/1731 867/1692/1732 868/1693/1733
f 866/1694/1730 865/1690/1729 868/1693/1733 869/1695/1734
f 864/1687/1731 853/1672/1724 867/1696/1732
f 857/1674/1725 866/1688/1730 869/1697/1734
f 857/1674/1725 869/1697/1734 872/1698/1735
f 868/1693/1733 867/1692/1732 870/1699/1736 871/1700/1737
f 869/1695/1734 868/1693/1733 871/1700/1737 872/1701/1735
f 867/1696/1732 853/1672/1724 870/1702/1736
f 857/1674/1725 872/1698/1735 875/1703/1738
f 871/1704/1737 870/1705/1736 873/1706/1739 874/1707/1740
f 872/1708/1735 871/1704/1737 874/1707/1740 875/1709/1738
f 870/1702/1736 853/1672/1724 873/1710/1739
f 857/1674/1725 875/1703/1738 878/1711/1741
f 874/1707/1740 873/1706/1739 876/1712/1742 877/1713/1743
f 875/1709/1738 874/1707/1740 877/1713/1743 878/1714/1741
f 873/1710/1739 853/1672/1724 876/1715/1742
f 857/1674/1725 878/1711/1741 856/1675/1722
f 877/1716/1743 876/1717/1742 854/1666/1719 855/1665/1718
f 878/1718/1741 877/1716/1743 855/1665/1718 856/1669/1722
f 876/1715/1742 853/1672/1724 854/1671/1719
f 882/1719/1744 881/1720/1745 885/1721/1746 886/1722/1747
f 880/1723/1748 879/1724/1749 884/1725/1750
f 883/1726/1751 882/1727/1744 886/1728/1747
f 881/1720/1745 880/1729/1748 884/1730/1750 885/1721/1746
f 884/1725/1750 879/1724/1749 887/1731/1752
f 883/1726/1751 886/1728/1747 889/1732/1753
f 885/1721/1746 884/1730/1750 887/1733/1752 888/1734/1754
f 886/1722/1747 885/1721/1746 888/1734/1754 889/1735/1753
f 889/1736/1753 888/1737/1754 891/1738/1755 892/1739/1756
f 887/1731/1752 879/1724/1749 890/1740/1757
f 883/1726/1751 889/1732/1753 892/1741/1756
f 888/1737/1754 887/1742/1752 890/1743/1757 891/1738/1755
f 892/1744/1756 891/1745/1755 894/1746/1758 895/1747/1759
f 890/1740/1757 879/1724/1749 893/1748/1760
f 883/1726/1751 892/1741/1756 895/1749/1759
f 891/1745/1755 890/1750/1757 893/1751/1760 894/1746/1758
f 895/1747/1759 894/1746/1758 897/1752/1761 898/1753/1762
f 893/1748/1760 879/1724/1749 896/1754/1763
f 883/1726/1751 895/1749/1759 898/1755/1762
f 894/1746/1758 893/1751/1760 896/1756/1763 897/1752/1761
f 898/1753/1762 897/1752/1761 900/1757/1764 901/1758/1765
f 896/1754/1763 879/1724/1749 899/1759/1766
f 883/1726/1751 898/1755/1762 901/1760/1765
f 897/1752/1761 896/1756/1763 899/1761/1766 900/1757/1764
f 901/1762/1765 900/1763/1764 903/1764/1767 904/1765/1768
f 899/1759/1766 879/1724/1749 902/1766/1769
f 883/1726/1751 901/1760/1765 904/1767/1768
f 900/1763/1764 899/1768/1766 902/1769/1769 903/1764/1767
f 903/1770/1767 902/1771/1769 880/1729/1748 881/1720/1745
f 904/1772/1768 903/1770/1767 881/1720/1745 882/1719/1744
f 902/1766/1769 879/1724/1749 880/1723/1748
f 883/1726/1751 904/1767/1768 882/1727/1744
f 909/1773/1770 908/1774/1771 912/1775/1772
f 907/1776/1773 906/1777/1774 910/1778/1775 911/1779/1776
f 908/1780/1771 907/1776/1773 911/1779/1776 912/1781/1772
f 906/1782/1774 905/1783/1777 910/1784/1775
f 909/1773/1770 912/1775/1772 915/1785/1778
f 911/1779/1776 910/1778/1775 913/1786/1779 914/1787/1780
f 912/1781/1772 911/1779/1776 914/1787/1780 915/1788/1778
f 910/1784/1775 905/1783/1777 913/1789/1779
f 909/1773/1770 915/1785/1778 918/1790/1781
f 914/1791/1780 913/1792/1779 916/1793/1782 917/1794/1783
f 915/1795/1778 914/1791/1780 917/1794/1783 918/1796/1781
f 913/1789/1779 905/1783/1777 916/1797/1782
f 909/1773/1770 918/1790/1781 921/1798/1784
f 917/1794/1783 916/1793/1782 919/1799/1785 920/1800/1786
f 918/1796/1781 917/1794/1783 920/1800/1786 921/1801/1784
f 916/1797/1782 905/1783/1777 919/1802/1785
f 909/1773/1770 921/1798/1784 924/1803/1787
f 920/1804/1786 919/1805/1785 922/1806/1788 923/1807/1789
f 921/1808/1784 920/1804/1786 923/1807/1789 924/1809/1787
f 919/1802/1785 905/1783/1777 922/1810/1788
f 922/1810/1788 905/1783/1777 925/1811/1790
f 909/1773/1770 924/1803/1787 927/1812/1791
f 923/1807/1789 922/1806/1788 925/1813/1790 926/1814/1792
f 924/1809/1787 923/1807/1789 926/1814/1792 927/1815/1791
f 927/1816/1791 926/1817/1792 929/1818/1793 930/1819/1794
f 925/1811/1790 905/1783/1777 928/1820/1795
f 909/1773/1770 927/1812/1791 930/1821/1794
f 926/1817/1792 925/1822/1790 928/1823/1795 929/1818/1793
f 930/1819/1794 929/1818/1793 907/1824/1773 908/1825/1771
f 928/1820/1795 905/1783/1777 906/1782/1774
f 909/1773/1770 930/1821/1794 908/1774/1771
f 929/1818/1793 928/1823/1795 906/1826/1774 907/1824/1773
f 934/1827/1796 933/1828/1797 937/1829/1798 938/1830/1799
f 932/1831/1800 931/1832/1801 936/1833/1802
f 935/1834/1803 934/1835/1796 938/1836/1799
f 933/1828/1797 932/1837/1800 936/1838/1802 937/1829/1798
f 938/1839/1799 937/1840/1798 940/1841/1804 941/1842/1805
f 936/1833/1802 931/1832/1801 939/1843/1806
f 935/1834/1803 938/1836/1799 941/1844/1805
f 937/1840/1798 936/1845/1802 939/1846/1806 940/1841/1804
f 941/1847/1805 940/1848/1804 943/1849/1807 944/1850/1808
f 939/1843/1806 931/1832/1801 942/1851/1809
f 935/1834/1803 941/1844/1805 944/1852/1808
f 940/1848/1804 939/1853/1806 942/1854/1809 943/1849/1807
f 944/1850/1808 943/1849/1807 946/1855/1810 947/1856/1811
f 942/1851/1809 931/1832/1801 945/1857/1812
f 935/1834/1803 944/1852/1808 947/1858/1811
f 943/1849/1807 942/1854/1809 945/1859/1812 946/1855/1810
f 946/1855/1810 945/1859/1812 948/1860/1813 949/1861/1814
f 947/1856/1811 946/1855/1810 949/1861/1814 950/1862/1815
f 945/1857/1812 931/1832/1801 948/1863/1813
f 935/1834/1803 947/1858/1811 950/1864/1815
f 935/1834/1803 950/1864/1815 953/1865/1816
f 949/1866/1814 948/1867/1813 951/1868/1817 952/1869/1818
f 950/1870/1815 949/1866/1814 952/1869/1818 953/1871/1816
f 948/1863/1813 931/1832/1801 951/1872/1817
f 935/1834/1803 953/1865/1816 956/1873/1819
f 952/1874/1818 951/1875/1817 954/1876/1820 955/1877/1821
f 953/1878/1816 952/1874/1818 955/1877/1821 956/1879/1819
f 951/1872/1817 931/1832/1801 954/1880/1820
f 935/1834/1803 956/1873/1819 934/1835/1796
f 955/1877/1821 954/1876/1820 932/1837/1800 933/1828/1797
f 956/1879/1819 955/1877/1821 933/1828/1797 934/1827/1796
f 954/1880/1820 931/1832/1801 932/1831/1800
f 960/1881/1822 959/1882/1823 963/1883/1824 964/1884/1825
f 958/1885/1826 957/1886/1827 962/1887/1828
f 961/1888/1829 960/1889/1822 964/1890/1825
f 959/1882/1823 958/1891/1826 962/1892/1828 963/1883/1824
f 961/1888/1829 964/1890/1825 967/1893/1830
f 963/1894/1824 962/1895/1828 965/1896/1831 966/1897/1832
f 964/1884/1825 963/1883/1824 966/1898/1832 967/1899/1830
f 962/1887/1828 957/1886/1827 965/1900/1831
f 965/1900/1831 957/1886/1827 968/1901/1833
f 961/1888/1829 967/1893/1830 970/1902/1834
f 966/1897/1832 965/1896/1831 968/1903/1833 969/1904/1835
f 967/1905/1830 966/1897/1832 969/1904/1835 970/1906/1834
f 970/1906/1834 969/1904/1835 972/1907/1836 973/1908/1837
f 968/1901/1833 957/1886/1827 971/1909/1838
f 961/1888/1829 970/1902/1834 973/1910/1837
f 969/1904/1835 968/1903/1833 971/1911/1838 972/1907/1836
f 973/1912/1837 972/1913/1836 975/1914/1839 976/1915/1840
f 971/1909/1838 957/1886/1827 974/1916/1841
f 961/1888/1829 973/1910/1837 976/1917/1840
f 972/1913/1836 971/1918/1838 974/1919/1841 975/1914/1839
f 976/1920/1840 975/1921/1839 978/1922/1842 979/1923/1843
f 974/1916/1841 957/1886/1827 977/1924/1844
f 961/1888/1829 976/1917/1840 979/1925/1843
f 975/1914/1839 974/1919/1841 977/1926/1844 978/1927/1842
f 979/1923/1843 978/1922/1842 981/1928/1845 982/1929/1846
f 977/1924/1844 957/1886/1827 980/1930/1847
f 961/1888/1829 979/1925/1843 982/1931/1846
f 978/1922/1842 977/1932/1844 980/1933/1847 981/1928/1845
f 982/1929/1846 981/1928/1845 959/1934/1823 960/1935/1822
f 980/1930/1847 957/1886/1827 958/1885/1826
f 961/1888/1829 982/1931/1846 960/1889/1822
f 981/1928/1845 980/1933/1847 958/1936/1826 959/1934/1823
f 987/1937/1848 986/1938/1849 990/1939/1850
f 985/1940/1851 984/1941/1852 988/1942/1853 989/1943/1854
f 986/1944/1849 985/1940/1851 989/1943/1854 990/1945/1850
f 984/1946/1852 983/1947/1855 988/1948/1853
f 989/1943/1854 988/1942/1853 991/1949/1856 992/1950/1857
f 990/1945/1850 989/1943/1854 992/1950/1857 993/1951/1858
f 988/1948/1853 983/1947/1855 991/1952/1856
f 987/1937/1848 990/1939/1850 993/1953/1858
f 987/1937/1848 993/1953/1858 996/1954/1859
f 992/1955/1857 991/1956/1856 994/1957/1860 995/1958/1861
f 993/1959/1858 992/1955/1857 995/1958/1861 996/1960/1859
f 991/1952/1856 983/1947/1855 994/1961/1860
f 987/1937/1848 996/1954/1859 999/1962/1862
f 995/1963/1861 994/1964/1860 997/1965/1863 998/1966/1864
f 996/1967/1859 995/1963/1861 998/1966/1864 999/1968/1862
f 994/1961/1860 983/1947/1855 997/1969/1863
f 987/1937/1848 999/1962/1862 1002/1970/1865
f 998/1966/1864 997/1965/1863 1000/1971/1866 1001/1972/1867
f 999/1968/1862 998/1966/1864 1001/1972/1867 1002/1973/1865
f 997/1969/1863 983/1947/1855 1000/1974/1866
f 987/1937/1848 1002/1970/1865 1005/1975/1868
f 1001/1972/1867 1000/1971/1866 1003/1976/1869 1004/1977/1870
f 1002/1973/1865 1001/1972/1867 1004/1977/1870 1005/1978/1868
f 1000/1974/1866 983/1947/1855 1003/1979/1869
f 1003/1979/1869 983/1947/1855 1006/1980/1871
f 987/1937/1848 1005/1975/1868 1008/1981/1872
f 1004/1982/1870 1003/1983/1869 1006/1984/1871 1007/1985/1873
f 1005/1986/1868 1004/1982/1870 1007/1985/1873 1008/1987/1872
f 1008/1988/1872 1007/1989/1873 985/1940/1851 986/1944/1849
f 1006/1980/1871 983/1947/1855 984/1946/1852
f 987/1937/1848 1008/1981/1872 986/1938/1849
f 1007/1989/1873 1006/1990/1871 984/1941/1852 985/1940/1851
f 1012/1991/1874 1011/1992/1875 1015/1993/1876 1016/1994/1877
f 1010/1995/1878 1009/1996/1879 1014/1997/1880
f 1013/1998/1881 1012/1999/1874 1016/2000/1877
f 1011/1992/1875 1010/2001/1878 1014/2002/1880 1015/1993/1876
f 1016/1994/1877 1015/1993/1876 1018/2003/1882 1019/2004/1883
f 1014/1997/1880 1009/1996/1879 1017/2005/1884
f 1013/1998/1881 1016/2000/1877 1019/2006/1883
f 1015/1993/1876 1014/2002/1880 1017/2007/1884 1018/2003/1882
f 1019/2008/1883 1018/2009/1882 1021/2010/1885 1022/2011/1886
f 1017/2005/1884 1009/1996/1879 1020/2012/1887
f 1013/1998/1881 1019/2006/1883 1022/2013/1886
f 1018/2009/1882 1017/2014/1884 1020/2015/1887 1021/2010/1885
f 1022/2016/1886 1021/2017/1885 1024/2018/1888 1025/2019/1889
f 1020/2012/1887 1009/1996/1879 1023/2020/1890
f 1013/1998/1881 1022/2013/1886 1025/2021/1889
f 1021/2017/1885 1020/2022/1887 1023/2023/1890 1024/2018/1888
f 1025/2019/1889 1024/2018/1888 1027/2024/1891 1028/2025/1892
f 1023/2020/1890 1009/1996/1879 1026/2026/1893
f 1013/1998/1881 1025/2021/1889 1028/2027/1892
f 1024/2018/1888 1023/2023/1890 1026/2028/1893 1027/2024/1891
f 1027/2024/1891 1026/2028/1893 1029/2029/1894 1030/2030/1895
f 1028/2025/1892 1027/2024/1891 1030/2030/1895 1031/2031/1896
f 1026/2026/1893 1009/1996/1879 1029/2032/1894
f 1013/1998/1881 1028/2027/1892 1031/2033/1896
f 1013/1998/1881 1031/2033/1896 1034/2034/1897
f 1030/2035/1895 1029/2036/1894 1032/2037/1898 1033/2038/1899
f 1031/2039/1896 1030/2035/1895 1033/2038/1899 1034/2040/1897
f 1029/2032/1894 1009/1996/1879 1032/2041/1898
f 1013/1998/1881 1034/2034/1897 1012/1999/1874
f 1033/2042/1899 1032/2043/1898 1010/2001/1878 1011/1992/1875
f 1034/2044/1897 1033/2042/1899 1011/1992/1875 1012/1991/1874
f 1032/2041/1898 1009/1996/1879 1010/1995/1878
f 1038/2045/1900 1037/2046/1901 1041/2047/1902 1042/2048/1903
f 1036/2049/1904 1035/2050/1905 1040/2051/1906
f 1039/2052/1907 1038/2053/1900 1042/2054/1903
f 1037/2046/1901 1036/2055/1904 1040/2056/1906 1041/2047/1902
f 1042/2048/1903 1041/2047/1902 1044/2057/1908 1045/2058/1909
f 1040/2051/1906 1035/2050/1905 1043/2059/1910
f 1039/2052/1907 1042/2054/1903 1045/2060/1909
f 1041/2047/1902 1040/2056/1906 1043/2061/1910 1044/2057/1908
f 1045/2062/1909 1044/2063/1908 1047/2064/1911 1048/2065/1912
f 1043/2059/1910 1035/2050/1905 1046/2066/1913
f 1039/2052/1907 1045/2060/1909 1048/2067/1912
f 1044/2063/1908 1043/2068/1910 1046/2069/1913 1047/2064/1911
f 1048/2070/1912 1047/2071/1911 1050/2072/1914 1051/2073/1915
f 1046/2066/1913 1035/2050/1905 1049/2074/1916
f 1039/2052/1907 1048/2067/1912 1051/2075/1915
f 1047/2071/1911 1046/2076/1913 1049/2077/1916 1050/2072/1914
f 1051/2073/1915 1050/2072/1914 1053/2078/1917 1054/2079/1918
f 1049/2074/1916 1035/2050/1905 1052/2080/1919
f 1039/2052/1907 1051/2075/1915 1054/2081/1918
f 1050/2072/1914 1049/2077/1916 1052/2082/1919 1053/2078/1917
f 1053/2078/1917 1052/2082/1919 1055/2083/1920 1056/2084/1921
f 1054/2079/1918 1053/2078/1917 1056/2084/1921 1057/2085/1922
f 1052/2080/1919 1035/2050/1905 1055/2086/1920
f 1039/2052/1907 1054/2081/1918 1057/2087/1922
f 1039/2052/1907 1057/2087/1922 1060/2088/1923
f 1056/2089/1921 1055/2090/1920 1058/2091/1924 1059/2092/1925
f 1057/2093/1922 1056/2089/1921 1059/2092/1925 1060/2094/1923
f 1055/2086/1920 1035/2050/1905 1058/2095/1924
f 1039/2052/1907 1060/2088/1923 1038/2053/1900
f 1059/2096/1925 1058/2097/1924 1036/2055/1904 1037/2046/1901
f 1060/2098/1923 1059/2096/1925 1037/2046/1901 1038/2045/1900
f 1058/2095/1924 1035/2050/1905 1036/2049/1904
f 1062/2099/1926 1061/2100/1927 1066/2101/1928
f 1065/2102/1929 1064/2103/1930 1068/2104/1931
f 1063/2105/1932 1062/2106/1926 1066/2107/1928 1067/2108/1933
f 1064/2109/1930 1063/2105/1932 1067/2108/1933 1068/2110/1931
f 1065/2102/1929 1068/2104/1931 1071/2111/1934
f 1067/2108/1933 1066/2107/1928 1069/2112/1935 1070/2113/1936
f 1068/2110/1931 1067/2108/1933 1070/2113/1936 1071/2114/1934
f 1066/2101/1928 1061/2100/1927 1069/2115/1935
f 1065/2102/1929 1071/2111/1934 1074/2116/1937
f 1070/2117/1936 1069/2118/1935 1072/2119/1938 1073/2120/1939
f 1071/2121/1934 1070/2117/1936 1073/2120/1939 1074/2122/1937
f 1069/2115/1935 1061/2100/1927 1072/2123/1938
f 1072/2123/1938 1061/2100/1927 1075/2124/1940
f 1065/2102/1929 1074/2116/1937 1077/2125/1941
f 1073/2120/1939 1072/2119/1938 1075/2126/1940 1076/2127/1942
f 1074/2122/1937 1073/2120/1939 1076/2127/1942 1077/2128/1941
f 1077/2129/1941 1076/2130/1942 1079/2131/1943 1080/2132/1944
f 1075/2124/1940 1061/2100/1927 1078/2133/1945
f 1065/2102/1929 1077/2125/1941 1080/2134/1944
f 1076/2130/1942 1075/2135/1940 1078/2136/1945 1079/2131/1943
f 1080/2132/1944 1079/2131/1943 1082/2137/1946 1083/2138/1947
f 1078/2133/1945 1061/2100/1927 1081/2139/1948
f 1065/2102/1929 1080/2134/1944 1083/2140/1947
f 1079/2131/1943 1078/2136/1945 1081/2141/1948 1082/2137/1946
f 1083/2142/1947 1082/2143/1946 1085/2144/1949 1086/2145/1950
f 1081/2139/1948 1061/2100/1927 1084/2146/1951
f 1065/2102/1929 1083/2140/1947 1086/2147/1950
f 1082/2143/1946 1081/2148/1948 1084/2149/1951 1085/2144/1949
f 1086/2145/1950 1085/2144/1949 1063/2150/1932 1064/2151/1930
f 1084/2146/1951 1061/2100/1927 1062/2099/1926
f 1065/2102/1929 1086/2147/1950 1064/2103/1930
f 1085/2144/1949 1084/2149/1951 1062/2152/1926 1063/2150/1932
f 1091/2153/1952 1090/2154/1953 1094/2155/1954
f 1089/2156/1955 1088/2157/1956 1092/2158/1957 1093/2159/1958
f 1090/2160/1953 1089/2156/1955 1093/2159/1958 1094/2161/1954
f 1088/2162/1956 1087/2163/1959 1092/2164/1957
f 1094/2165/1954 1093/2166/1958 1096/2167/1960 1097/2168/1961
f 1092/2164/1957 1087/2163/1959 1095/2169/1962
f 1091/2153/1952 1094/2155/1954 1097/2170/1961
f 1093/2166/1958 1092/2171/1957 1095/2172/1962 1096/2167/1960
f 1096/2173/1960 1095/2174/1962 1098/2175/1963 1099/2176/1964
f 1097/2168/1961 1096/2167/1960 1099/2177/1964 1100/2178/1965
f 1095/2169/1962 1087/2163/1959 1098/2179/1963
f 1091/2153/1952 1097/2170/1961 1100/2180/1965
f 1091/2153/1952 1100/2180/1965 1103/2181/1966
f 1099/2176/1964 1098/2175/1963 1101/2182/1967 1102/2183/1968
f 1100/2184/1965 1099/2176/1964 1102/2183/1968 1103/2185/1966
f 1098/2179/1963 1087/2163/1959 1101/2186/1967
f 1091/2153/1952 1103/2181/1966 1106/2187/1969
f 1102/2183/1968 1101/2182/1967 1104/2188/1970 1105/2189/1971
f 1103/2185/1966 1102/2183/1968 1105/2189/1971 1106/2190/1969
f 1101/2186/1967 1087/2163/1959 1104/2191/1970
f 1091/2153/1952 1106/2187/1969 1109/2192/1972
f 1105/2193/1971 1104/2194/1970 1107/2195/1973 1108/2196/1974
f 1106/2197/1969 1105/2193/1971 1108/2196/1974 1109/2198/1972
f 1104/2191/1970 1087/2163/1959 1107/2199/1973
f 1091/2153/1952 1109/2192/1972 1112/2200/1975
f 1108/2196/1974 1107/2195/1973 1110/2201/1976 1111/2202/1977
f 1109/2203/1972 1108/2204/1974 1111/2205/1977 1112/2206/1975
f 1107/2199/1973 1087/2163/1959 1110/2207/1976
f 1110/2207/1976 1087/2163/1959 1088/2162/1956
f 1091/2153/1952 1112/2200/1975 1090/2154/1953
f 1111/2205/1977 1110/2208/1976 1088/2157/1956 1089/2156/1955
f 1112/2206/1975 1111/2205/1977 1089/2156/1955 1090/2160/1953
f 1116/2209/1978 1115/2210/1979 1119/2211/1980 1120/2212/1981
f 1114/2213/1982 1113/2214/1983 1118/2215/1984
f 1117/2216/1985 1116/2217/1978 1120/2218/1981
f 1115/2210/1979 1114/2219/1982 1118/2220/1984 1119/2211/1980
f 1120/2212/1981 1119/2211/1980 1122/2221/1986 1123/2222/1987
f 1118/2215/1984 1113/2214/1983 1121/2223/1988
f 1117/2216/1985 1120/2218/1981 1123/2224/1987
f 1119/2225/1980 1118/2226/1984 1121/2227/1988 1122/2228/1986
f 1123/2229/1987 1122/2228/1986 1125/2230/1989 1126/2231/1990
f 1121/2223/1988 1113/2214/1983 1124/2232/1991
f 1117/2216/1985 1123/2224/1987 1126/2233/1990
f 1122/2228/1986 1121/2227/1988 1124/2234/1991 1125/2230/1989
f 1126/2231/1990 1125/2230/1989 1128/2235/1992 1129/2236/1993
f 1124/2232/1991 1113/2214/1983 1127/2237/1994
f 1117/2216/1985 1126/2233/1990 1129/2238/1993
f 1125/2230/1989 1124/2234/1991 1127/2239/1994 1128/2235/1992
f 1129/2240/1993 1128/2241/1992 1131/2242/1995 1132/2243/1996
f 1127/2237/1994 1113/2214/1983 1130/2244/1997
f 1117/2216/1985 1129/2238/1993 1132/2245/1996
f 1128/2241/1992 1127/2246/1994 1130/2247/1997 1131/2242/1995
f 1132/2248/1996 1131/2249/1995 1134/2250/1998 1135/2251/1999
f 1130/2244/1997 1113/2214/1983 1133/2252/2000
f 1117/2216/1985 1132/2245/1996 1135/2253/1999
f 1131/2242/1995 1130/2247/1997 1133/2254/2000 1134/2255/1998
f 1134/2250/1998 1133/2256/2000 1136/2257/2001 1137/2258/2002
f 1135/2251/1999 1134/2250/1998 1137/2258/2002 1138/2259/2003
f 1133/2252/2000 1113/2214/1983 1136/2260/2001
f 1117/2216/1985 1135/2253/1999 1138/2261/2003
f 1117/2216/1985 1138/2261/2003 1116/2217/1978
f 1137/2258/2002 1136/2257/2001 1114/2262/1982 1115/2263/1979
f 1138/2259/2003 1137/2258/2002 1115/2263/1979 1116/2264/1978
f 1136/2260/2001 1113/2214/1983 1114/2213/1982
f 1143/2265/2004 1142/2266/2005 1146/2267/2006
f 1141/2268/2007 1140/2269/2008 1144/2270/2009 1145/2271/2010
f 1142/2272/2005 1141/2268/2007 1145/2271/2010 1146/2273/2006
f 1140/2274/2008 1139/2275/2011 1144/2276/2009
f 1143/2265/2004 1146/2267/2006 1149/2277/2012
f 1145/2278/2010 1144/2279/2009 1147/2280/2013 1148/2281/2014
f 1146/2282/2006 1145/2278/2010 1148/2281/2014 1149/2283/2012
f 1144/2276/2009 1139/2275/2011 1147/2284/2013
f 1143/2265/2004 1149/2277/2012 1152/2285/2015
f 1148/2286/2014 1147/2287/2013 1150/2288/2016 1151/2289/2017
f 1149/2290/2012 1148/2286/2014 1151/2289/2017 1152/2291/2015
f 1147/2284/2013 1139/2275/2011 1150/2292/2016
f 1143/2265/2004 1152/2285/2015 1155/2293/2018
f 1151/2289/2017 1150/2288/2016 1153/2294/2019 1154/2295/2020
f 1152/2291/2015 1151/2289/2017 1154/2295/2020 1155/2296/2018
f 1150/2292/2016 1139/2275/2011 1153/2297/2019
f 1153/2297/2019 1139/2275/2011 1156/2298/2021
f 1143/2265/2004 1155/2293/2018 1158/2299/2022
f 1154/2295/2020 1153/2294/2019 1156/2300/2021 1157/2301/2023
f 1155/2296/2018 1154/2295/2020 1157/2301/2023 1158/2302/2022
f 1158/2303/2022 1157/2304/2023 1160/2305/2024 1161/2306/2025
f 1156/2298/2021 1139/2275/2011 1159/2307/2026
f 1143/2265/2004 1158/2299/2022 1161/2308/2025
f 1157/2304/2023 1156/2309/2021 1159/2310/2026 1160/2305/2024
f 1161/2311/2025 1160/2312/2024 1163/2313/2027 1164/2314/2028
f 1159/2307/2026 1139/2275/2011 1162/2315/2029
f 1143/2265/2004 1161/2308/2025 1164/2316/2028
f 1160/2312/2024 1159/2317/2026 1162/2318/2029 1163/2313/2027
f 1164/2314/2028 1163/2313/2027 1141/2268/2007 1142/2272/2005
f 1162/2315/2029 1139/2275/2011 1140/2274/2008
f 1143/2265/2004 1164/2316/2028 1142/2266/2005
f 1163/2313/2027 1162/2318/2029 1140/2269/2008 1141/2268/2007
f 1167/2319/2030 1166/2320/2031 1170/2321/2032 1171/2322/2033
f 1168/2323/2034 1167/2324/2030 1171/2325/2033 1172/2326/2035
f 1166/2327/2031 1165/2328/2036 1170/2329/2032
f 1169/2330/2037 1168/2331/2034 1172/2332/2035
f 1172/2326/2035 1171/2325/2033 1174/2333/2038 1175/2334/2039
f 1170/2329/2032 1165/2328/2036 1173/2335/2040
f 1169/2330/2037 1172/2332/2035 1175/2336/2039
f 1171/2325/2033 1170/2337/2032 1173/2338/2040 1174/2333/2038
f 1175/2339/2039 1174/2340/2038 1177/2341/2041 1178/2342/2042
f 1173/2335/2040 1165/2328/2036 1176/2343/2043
f 1169/2330/2037 1175/2336/2039 1178/2344/2042
f 1174/2340/2038 1173/2345/2040 1176/2346/2043 1177/2341/2041
f 1177/2341/2041 1176/2346/2043 1179/2347/2044 1180/2348/2045
f 1178/2342/2042 1177/2341/2041 1180/2348/2045 1181/2349/2046
f 1176/2343/2043 1165/2328/2036 1179/2350/2044
f 1169/2330/2037 1178/2344/2042 1181/2351/2046
f 1169/2330/2037 1181/2351/2046 1184/2352/2047
f 1180/2353/2045 1179/2354/2044 1182/2355/2048 1183/2356/2049
f 1181/2349/2046 1180/2348/2045 1183/2357/2049 1184/2358/2047
f 1179/2350/2044 1165/2328/2036 1182/2359/2048
f 1169/2330/2037 1184/2352/2047 1187/2360/2050
f 1183/2356/2049 1182/2355/2048 1185/2361/2051 1186/2362/2052
f 1184/2363/2047 1183/2356/2049 1186/2362/2052 1187/2364/2050
f 1182/2359/2048 1165/2328/2036 1185/2365/2051
f 1169/2330/2037 1187/2360/2050 1190/2366/2053
f 1186/2367/2052 1185/2368/2051 1188/2369/2054 1189/2370/2055
f 1187/2371/2050 1186/2367/2052 1189/2370/2055 1190/2372/2053
f 1185/2365/2051 1165/2328/2036 1188/2373/2054
f 1169/2330/2037 1190/2366/2053 1168/2331/2034
f 1189/2370/2055 1188/2369/2054 1166/2320/2031 1167/2319/2030
f 1190/2372/2053 1189/2370/2055 1167/2319/2030 1168/2374/2034
f 1188/2373/2054 1165/2328/2036 1166/2327/2031
f 1194/2375/2056 1193/2376/2057 1197/2377/2058 1198/2378/2059
f 1192/2379/2060 1191/2380/2061 1196/2381/2062
f 1195/2382/2063 1194/2383/2056 1198/2384/2059
f 1193/2376/2057 1192/2385/2060 1196/2386/2062 1197/2377/2058
f 1196/2381/2062 1191/2380/2061 1199/2387/2064
f 1195/2382/2063 1198/2384/2059 1201/2388/2065
f 1197/2389/2058 1196/2390/2062 1199/2391/2064 1200/2392/2066
f 1198/2378/2059 1197/2377/2058 1200/2393/2066 1201/2394/2065
f 1201/2395/2065 1200/2392/2066 1203/2396/2067 1204/2397/2068
f 1199/2387/2064 1191/2380/2061 1202/2398/2069
f 1195/2382/2063 1201/2388/2065 1204/2399/2068
f 1200/2392/2066 1199/2391/2064 1202/2400/2069 1203/2396/2067
f 1204/2397/2068 1203/2396/2067 1206/2401/2070 1207/2402/2071
f 1202/2398/2069 1191/2380/2061 1205/2403/2072
f 1195/2382/2063 1204/2399/2068 1207/2404/2071
f 1203/2396/2067 1202/2400/2069 1205/2405/2072 1206/2401/2070
f 1207/2406/2071 1206/2407/2070 1209/2408/2073 1210/2409/2074
f 1205/2403/2072 1191/2380/2061 1208/2410/2075
f 1195/2382/2063 1207/2404/2071 1210/2411/2074
f 1206/2407/2070 1205/2412/2072 1208/2413/2075 1209/2408/2073
f 1210/2414/2074 1209/2415/2073 1212/2416/2076 1213/2417/2077
f 1208/2410/2075 1191/2380/2061 1211/2418/2078
f 1195/2382/2063 1210/2411/2074 1213/2419/2077
f 1209/2408/2073 1208/2413/2075 1211/2420/2078 1212/2421/2076
f 1213/2417/2077 1212/2416/2076 1215/2422/2079 1216/2423/2080
f 1211/2418/2078 1191/2380/2061 1214/2424/2081
f 1195/2382/2063 1213/2419/2077 1216/2425/2080
f 1212/2416/2076 1211/2426/2078 1214/2427/2081 1215/2422/2079
f 1215/2422/2079 1214/2427/2081 1192/2428/2060 1193/2429/2057
f 1216/2423/2080 1215/2422/2079 1193/2429/2057 1194/2430/2056
f 1214/2424/2081 1191/2380/2061 1192/2379/2060
f 1195/2382/2063 1216/2425/2080 1194/2383/2056
f 1220/2431/2082 1219/2432/2083 1223/2433/2084 1224/2434/2085
f 1218/2435/2086 1217/2436/2087 1222/2437/2088
f 1221/2438/2089 1220/2439/2082 1224/2440/2085
f 1219/2432/2083 1218/2441/2086 1222/2442/2088 1223/2433/2084
f 1222/2437/2088 1217/2436/2087 1225/2443/2090
f 1221/2438/2089 1224/2440/2085 1227/2444/2091
f 1223/2433/2084 1222/2442/2088 1225/2445/2090 1226/2446/2092
f 1224/2434/2085 1223/2433/2084 1226/2446/2092 1227/2447/2091
f 1227/2448/2091 1226/2449/2092 1229/2450/2093 1230/2451/2094
f 1225/2443/2090 1217/2436/2087 1228/2452/2095
f 1221/2438/2089 1227/2444/2091 1230/2453/2094
f 1226/2449/2092 1225/2454/2090 1228/2455/2095 1229/2450/2093
f 1230/2456/2094 1229/2457/2093 1232/2458/2096 1233/2459/2097
f 1228/2452/2095 1217/2436/2087 1231/2460/2098
f 1221/2438/2089 1230/2453/2094 1233/2461/2097
f 1229/2457/2093 1228/2462/2095 1231/2463/2098 1232/2458/2096
f 1233/2459/2097 1232/2458/2096 1235/2464/2099 1236/2465/2100
f 1231/2460/2098 1217/2436/2087 1234/2466/2101
f 1221/2438/2089 1233/2461/2097 1236/2467/2100
f 1232/2458/2096 1231/2463/2098 1234/2468/2101 1235/2464/2099
f 1236/2465/2100 1235/2464/2099 1238/2469/2102 1239/2470/2103
f 1234/2466/2101 1217/2436/2087 1237/2471/2104
f 1221/2438/2089 1236/2467/2100 1239/2472/2103
f 1235/2464/2099 1234/2468/2101 1237/2473/2104 1238/2469/2102
f 1239/2474/2103 1238/2475/2102 1241/2476/2105 1242/2477/2106
f 1237/2471/2104 1217/2436/2087 1240/2478/2107
f 1221/2438/2089 1239/2472/2103 1242/2479/2106
f 1238/2475/2102 1237/2480/2104 1240/2481/2107 1241/2476/2105
f 1241/2482/2105 1240/2483/2107 1218/2441/2086 1219/2432/2083
f 1242/2484/2106 1241/2482/2105 1219/2432/2083 1220/2431/2082
f 1240/2478/2107 1217/2436/2087 1218/2435/2086
f 1221/2438/2089 1242/2479/2106 1220/2439/2082
f 1246/2485/2108 1245/2486/2109 1249/2487/2110 1250/2488/2111
f 1244/2489/2112 1243/2490/2113 1248/2491/2114
f 1247/2492/2115 1246/2493/2108 1250/2494/2111
f 1245/2486/2109 1244/2495/2112 1248/2496/2114 1249/2487/2110
f 1248/2491/2114 1243/2490/2113 1251/2497/2116
f 1247/2492/2115 1250/2494/2111 1253/2498/2117
f 1249/2487/2110 1248/2496/2114 1251/2499/2116 1252/2500/2118
f 1250/2488/2111 1249/2487/2110 1252/2500/2118 1253/2501/2117
f 1253/2502/2117 1252/2503/2118 1255/2504/2119 1256/2505/2120
f 1251/2497/2116 1243/2490/2113 1254/2506/2121
f 1247/2492/2115 1253/2498/2117 1256/2507/2120
f 1252/2503/2118 1251/2508/2116 1254/2509/2121 1255/2504/2119
f 1256/2510/2120 1255/2511/2119 1258/2512/2122 1259/2513/2123
f 1254/2506/2121 1243/2490/2113 1257/2514/2124
f 1247/2492/2115 1256/2507/2120 1259/2515/2123
f 1255/2511/2119 1254/2516/2121 1257/2517/2124 1258/2512/2122
f 1259/2513/2123 1258/2512/2122 1261/2518/2125 1262/2519/2126
f 1257/2514/2124 1243/2490/2113 1260/2520/2127
f 1247/2492/2115 1259/2515/2123 1262/2521/2126
f 1258/2512/2122 1257/2517/2124 1260/2522/2127 1261/2518/2125
f 1262/2519/2126 1261/2518/2125 1264/2523/2128 1265/2524/2129
f 1260/2520/2127 1243/2490/2113 1263/2525/2130
f 1247/2492/2115 1262/2521/2126 1265/2526/2129
f 1261/2518/2125 1260/2522/2127 1263/2527/2130 1264/2523/2128
f 1265/2528/2129 1264/2529/2128 1267/2530/2131 1268/2531/2132
f 1263/2525/2130 1243/2490/2113 1266/2532/2133
f 1247/2492/2115 1265/2526/2129 1268/2533/2132
f 1264/2529/2128 1263/2534/2130 1266/2535/2133 1267/2530/2131
f 1267/2536/2131 1266/2537/2133 1244/2495/2112 1245/2486/2109
f 1268/2538/2132 1267/2536/2131 1245/2486/2109 1246/2485/2108
f 1266/2532/2133 1243/2490/2113 1244/2489/2112
f 1247/2492/2115 1268/2533/2132 1246/2493/2108
f 1273/2539/2134 1272/2540/2135 1276/2541/2136
f 1271/2542/2137 1270/2543/2138 1274/2544/2139 1275/2545/2140
f 1272/2546/2135 1271/2542/2137 1275/2545/2140 1276/2547/2136
f 1270/2548/2138 1269/2549/2141 1274/2550/2139
f 1273/2539/2134 1276/2541/2136 1279/2551/2142
f 1275/2545/2140 1274/2544/2139 1277/2552/2143 1278/2553/2144
f 1276/2547/2136 1275/2545/2140 1278/2553/2144 1279/2554/2142
f 1274/2550/2139 1269/2549/2141 1277/2555/2143
f 1273/2539/2134 1279/2551/2142 1282/2556/2145
f 1278/2557/2144 1277/2558/2143 1280/2559/2146 1281/2560/2147
f 1279/2561/2142 1278/2557/2144 1281/2560/2147 1282/2562/2145
f 1277/2555/2143 1269/2549/2141 1280/2563/2146
f 1273/2539/2134 1282/2556/2145 1285/2564/2148
f 1281/2565/2147 1280/2566/2146 1283/2567/2149 1284/2568/2150
f 1282/2569/2145 1281/2565/2147 1284/2568/2150 1285/2570/2148
f 1280/2563/2146 1269/2549/2141 1283/2571/2149
f 1273/2539/2134 1285/2564/2148 1288/2572/2151
f 1284/2568/2150 1283/2567/2149 1286/2573/2152 1287/2574/2153
f 1285/2570/2148 1284/2568/2150 1287/2574/2153 1288/2575/2151
f 1283/2571/2149 1269/2549/2141 1286/2576/2152
f 1286/2576/2152 1269/2549/2141 1289/2577/2154
f 1273/2539/2134 1288/2572/2151 1291/2578/2155
f 1287/2574/2153 1286/2573/2152 1289/2579/2154 1290/2580/2156
f 1288/2575/2151 1287/2574/2153 1290/2580/2156 1291/2581/2155
f 1291/2582/2155 1290/2583/2156 1293/2584/2157 1294/2585/2158
f 1289/2577/2154 1269/2549/2141 1292/2586/2159
f 1273/2539/2134 1291/2578/2155 1294/2587/2158
f 1290/2583/2156 1289/2588/2154 1292/2589/2159 1293/2584/2157
f 1294/2590/2158 1293/2591/2157 1271/2542/2137 1272/2546/2135
f 1292/2586/2159 1269/2549/2141 1270/2548/2138
f 1273/2539/2134 1294/2587/2158 1272/2540/2135
f 1293/2591/2157 1292/2592/2159 1270/2543/2138 1271/2542/2137
f 1298/2593/2160 1297/2594/2161 1301/2595/2162 1302/2596/2163
f 1296/2597/2164 1295/2598/2165 1300/2599/2166
f 1299/2600/2167 1298/2601/2160 1302/2602/2163
f 1297/2594/2161 1296/2603/2164 1300/2604/2166 1301/2595/2162
f 1302/2596/2163 1301/2595/2162 1304/2605/2168 1305/2606/2169
f 1300/2599/2166 1295/2598/2165 1303/2607/2170
f 1299/2600/2167 1302/2602/2163 1305/2608/2169
f 1301/2595/2162 1300/2604/2166 1303/2609/2170 1304/2605/2168
f 1305/2610/2169 1304/2611/2168 1307/2612/2171 1308/2613/2172
f 1303/2607/2170 1295/2598/2165 1306/2614/2173
f 1299/2600/2167 1305/2608/2169 1308/2615/2172
f 1304/2611/2168 1303/2616/2170 1306/2617/2173 1307/2612/2171
f 1308/2613/2172 1307/2612/2171 1310/2618/2174 1311/2619/2175
f 1306/2614/2173 1295/2598/2165 1309/2620/2176
f 1299/2600/2167 1308/2615/2172 1311/2621/2175
f 1307/2612/2171 1306/2617/2173 1309/2622/2176 1310/2618/2174
f 1310/2623/2174 1309/2624/2176 1312/2625/2177 1313/2626/2178
f 1311/2627/2175 1310/2623/2174 1313/2626/2178 1314/2628/2179
f 1309/2620/2176 1295/2598/2165 1312/2629/2177
f 1299/2600/2167 1311/2621/2175 1314/2630/2179
f 1299/2600/2167 1314/2630/2179 1317/2631/2180
f 1313/2626/2178 1312/2625/2177 1315/2632/2181 1316/2633/2182
f 1314/2628/2179 1313/2626/2178 1316/2633/2182 1317/2634/2180
f 1312/2629/2177 1295/2598/2165 1315/2635/2181
f 1299/2600/2167 1317/2631/2180 1320/2636/2183
f 1316/2637/2182 1315/2638/2181 1318/2639/2184 1319/2640/2185
f 1317/2641/2180 1316/2637/2182 1319/2640/2185 1320/2642/2183
f 1315/2635/2181 1295/2598/2165 1318/2643/2184
f 1299/2600/2167 1320/2636/2183 1298/2601/2160
f 1319/2640/2185 1318/2639/2184 1296/2644/2164 1297/2645/2161
f 1320/2642/2183 1319/2640/2185 1297/2645/2161 1298/2646/2160
f 1318/2643/2184 1295/2598/2165 1296/2597/2164
f 1324/2647/2186 1323/2648/2187 1327/2649/2188 1328/2650/2189
f 1322/2651/2190 1321/2652/2191 1326/2653/2192
f 1325/2654/2193 1324/2655/2186 1328/2656/2189
f 1323/2648/2187 1322/2657/2190 1326/2658/2192 1327/2649/2188
f 1325/2654/2193 1328/2656/2189 1331/2659/2194
f 1327/2660/2188 1326/2661/2192 1329/2662/2195 1330/2663/2196
f 1328/2664/2189 1327/2660/2188 1330/2663/2196 1331/2665/2194
f 1326/2653/2192 1321/2652/2191 1329/2666/2195
f 1329/2666/2195 1321/2652/2191 1332/2667/2197
f 1325/2654/2193 1331/2659/2194 1334/2668/2198
f 1330/2663/2196 1329/2662/2195 1332/2669/2197 1333/2670/2199
f 1331/2665/2194 1330/2663/2196 1333/2670/2199 1334/2671/2198
f 1334/2672/2198 1333/2673/2199 1336/2674/2200 1337/2675/2201
f 1332/2667/2197 1321/2652/2191 1335/2676/2202
f 1325/2654/2193 1334/2668/2198 1337/2677/2201
f 1333/2673/2199 1332/2678/2197 1335/2679/2202 1336/2674/2200
f 1337/2675/2201 1336/2674/2200 1339/2680/2203 1340/2681/2204
f 1335/2676/2202 1321/2652/2191 1338/2682/2205
f 1325/2654/2193 1337/2677/2201 1340/2683/2204
f 1336/2674/2200 1335/2679/2202 1338/2684/2205 1339/2680/2203
f 1340/2685/2204 1339/2686/2203 1342/2687/2206 1343/2688/2207
f 1338/2682/2205 1321/2652/2191 1341/2689/2208
f 1325/2654/2193 1340/2683/2204 1343/2690/2207
f 1339/2686/2203 1338/2691/2205 1341/2692/2208 1342/2687/2206
f 1343/2688/2207 1342/2687/2206 1345/2693/2209 1346/2694/2210
f 1341/2689/2208 1321/2652/2191 1344/2695/2211
f 1325/2654/2193 1343/2690/2207 1346/2696/2210
f 1342/2687/2206 1341/2692/2208 1344/2697/2211 1345/2693/2209
f 1346/2698/2210 1345/2699/2209 1323/2648/2187 1324/2647/2186
f 1344/2695/2211 1321/2652/2191 1322/2651/2190
f 1325/2654/2193 1346/2696/2210 1324/2655/2186
f 1345/2699/2209 1344/2700/2211 1322/2657/2190 1323/2648/2187
f 1351/2701/2212 1350/2702/2213 1354/2703/2214
f 1349/2704/2215 1348/2705/2216 1352/2706/2217 1353/2707/2218
f 1350/2708/2213 1349/2704/2215 1353/2707/2218 1354/2709/2214
f 1348/2710/2216 1347/2711/2219 1352/2712/2217
f 1353/2713/2218 1352/2714/2217 1355/2715/2220 1356/2716/2221
f 1354/2717/2214 1353/2713/2218 1356/2716/2221 1357/2718/2222
f 1352/2712/2217 1347/2711/2219 1355/2719/2220
f 1351/2701/2212 1354/2703/2214 1357/2720/2222
f 1351/2701/2212 1357/2720/2222 1360/2721/2223
f 1356/2716/2221 1355/2715/2220 1358/2722/2224 1359/2723/2225
f 1357/2718/2222 1356/2716/2221 1359/2723/2225 1360/2724/2223
f 1355/2719/2220 1347/2711/2219 1358/2725/2224
f 1351/2701/2212 1360/2721/2223 1363/2726/2226
f 1359/2727/2225 1358/2728/2224 1361/2729/2227 1362/2730/2228
f 1360/2731/2223 1359/2727/2225 1362/2730/2228 1363/2732/2226
f 1358/2725/2224 1347/2711/2219 1361/2733/2227
f 1351/2701/2212 1363/2726/2226 1366/2734/2229
f 1362/2730/2228 1361/2729/2227 1364/2735/2230 1365/2736/2231
f 1363/2732/2226 1362/2730/2228 1365/2736/2231 1366/2737/2229
f 1361/2733/2227 1347/2711/2219 1364/2738/2230
f 1351/2701/2212 1366/2734/2229 1369/2739/2232
f 1365/2740/2231 1364/2741/2230 1367/2742/2233 1368/2743/2234
f 1366/2744/2229 1365/2740/2231 1368/2743/2234 1369/2745/2232
f 1364/2738/2230 1347/2711/2219 1367/2746/2233
f 1367/2746/2233 1347/2711/2219 1370/2747/2235
f 1351/2701/2212 1369/2739/2232 1372/2748/2236
f 1368/2743/2234 1367/2742/2233 1370/2749/2235 1371/2750/2237
f 1369/2745/2232 1368/2743/2234 1371/2750/2237 1372/2751/2236
f 1372/2752/2236 1371/2753/2237 1349/2704/2215 1350/2708/2213
f 1370/2747/2235 1347/2711/2219 1348/2710/2216
f 1351/2701/2212 1372/2748/2236 1350/2702/2213
f 1371/2753/2237 1370/2754/2235 1348/2705/2216 1349/2704/2215
f 1376/2755/2238 1375/2756/2239 1379/2757/2240 1380/2758/2241
f 1374/2759/2242 1373/2760/2243 1378/2761/2244
f 1377/2762/2245 1376/2763/2238 1380/2764/2241
f 1375/2756/2239 1374/2765/2242 1378/2766/2244 1379/2757/2240
f 1380/2767/2241 1379/2768/2240 1382/2769/2246 1383/2770/2247
f 1378/2761/2244 1373/2760/2243 1381/2771/2248
f 1377/2762/2245 1380/2764/2241 1383/2772/2247
f 1379/2768/2240 1378/2773/2244 1381/2774/2248 1382/2769/2246
f 1383/2770/2247 1382/2769/2246 1385/2775/2249 1386/2776/2250
f 1381/2771/2248 1373/2760/2243 1384/2777/2251
f 1377/2762/2245 1383/2772/2247 1386/2778/2250
f 1382/2769/2246 1381/2774/2248 1384/2779/2251 1385/2775/2249
f 1386/2780/2250 1385/2781/2249 1388/2782/2252 1389/2783/2253
f 1384/2777/2251 1373/2760/2243 1387/2784/2254
f 1377/2762/2245 1386/2778/2250 1389/2785/2253
f 1385/2781/2249 1384/2786/2251 1387/2787/2254 1388/2782/2252
f 1389/2783/2253 1388/2782/2252 1391/2788/2255 1392/2789/2256
f 1387/2784/2254 1373/2760/2243 1390/2790/2257
f 1377/2762/2245 1389/2785/2253 1392/2791/2256
f 1388/2782/2252 1387/2787/2254 1390/2792/2257 1391/2788/2255
f 1391/2793/2255 1390/2794/2257 1393/2795/2258 1394/2796/2259
f 1392/2797/2256 1391/2793/2255 1394/2796/2259 1395/2798/2260
f 1390/2790/2257 1373/2760/2243 1393/2799/2258
f 1377/2762/2245 1392/2791/2256 1395/2800/2260
f 1377/2762/2245 1395/2800/2260 1398/2801/2261
f 1394/2796/2259 1393/2795/2258 1396/2802/2262 1397/2803/2263
f 1395/2798/2260 1394/2796/2259 1397/2803/2263 1398/2804/2261
f 1393/2799/2258 1373/2760/2243 1396/2805/2262
f 1377/2762/2245 1398/2801/2261 1376/2763/2238
f 1397/2806/2263 1396/2807/2262 1374/2765/2242 1375/2756/2239
f 1398/2808/2261 1397/2806/2263 1375/2756/2239 1376/2755/2238
f 1396/2805/2262 1373/2760/2243 1374/2759/2242
f 1400/2809/2264 1399/2810/2265 1404/2811/2266
f 1403/2812/2267 1402/2813/2268 1406/2814/2269
f 1401/2815/2270 1400/2816/2264 1404/2817/2266 1405/2818/2271
f 1402/2819/2268 1401/2815/2270 1405/2818/2271 1406/2820/2269
f 1403/2812/2267 1406/2814/2269 1409/2821/2272
f 1405/2822/2271 1404/2823/2266 1407/2824/2273 1408/2825/2274
f 1406/2826/2269 1405/2822/2271 1408/2825/2274 1409/2827/2272
f 1404/2811/2266 1399/2810/2265 1407/2828/2273
f 1403/2812/2267 1409/2821/2272 1412/2829/2275
f 1408/2830/2274 1407/2831/2273 1410/2832/2276 1411/2833/2277
f 1409/2834/2272 1408/2830/2274 1411/2833/2277 1412/2835/2275
f 1407/2828/2273 1399/2810/2265 1410/2836/2276
f 1410/2836/2276 1399/2810/2265 1413/2837/2278
f 1403/2812/2267 1412/2829/2275 1415/2838/2279
f 1411/2833/2277 1410/2832/2276 1413/2839/2278 1414/2840/2280
f 1412/2835/2275 1411/2833/2277 1414/2840/2280 1415/2841/2279
f 1415/2841/2279 1414/2840/2280 1417/2842/2281 1418/2843/2282
f 1413/2837/2278 1399/2810/2265 1416/2844/2283
f 1403/2812/2267 1415/2838/2279 1418/2845/2282
f 1414/2840/2280 1413/2839/2278 1416/2846/2283 1417/2842/2281
f 1418/2847/2282 1417/2848/2281 1420/2849/2284 1421/2850/2285
f 1416/2844/2283 1399/2810/2265 1419/2851/2286
f 1403/2812/2267 1418/2845/2282 1421/2852/2285
f 1417/2848/2281 1416/2853/2283 1419/2854/2286 1420/2849/2284
f 1421/2855/2285 1420/2856/2284 1423/2857/2287 1424/2858/2288
f 1419/2851/2286 1399/2810/2265 1422/2859/2289
f 1403/2812/2267 1421/2852/2285 1424/2860/2288
f 1420/2856/2284 1419/2861/2286 1422/2862/2289 1423/2857/2287
f 1424/2858/2288 1423/2857/2287 1401/2815/2270 1402/2819/2268
f 1422/2859/2289 1399/2810/2265 1400/2809/2264
f 1403/2812/2267 1424/2860/2288 1402/2813/2268
f 1423/2857/2287 1422/2862/2289 1400/2816/2264 1401/2815/2270
f 1429/2863/2290 1428/2864/2291 1432/2865/2292
f 1427/2866/2293 1426/2867/2294 1430/2868/2295 1431/2869/2296
f 1428/2870/2291 1427/2866/2293 1431/2869/2296 1432/2871/2292
f 1426/2872/2294 1425/2873/2297 1430/2874/2295
f 1432/2875/2292 1431/2876/2296 1434/2877/2298 1435/2878/2299
f 1430/2874/2295 1425/2873/2297 1433/2879/2300
f 1429/2863/2290 1432/2865/2292 1435/2880/2299
f 1431/2876/2296 1430/2881/2295 1433/2882/2300 1434/2877/2298
f 1434/2883/2298 1433/2884/2300 1436/2885/2301 1437/2886/2302
f 1435/2878/2299 1434/2877/2298 1437/2887/2302 1438/2888/2303
f 1433/2879/2300 1425/2873/2297 1436/2889/2301
f 1429/2863/2290 1435/2880/2299 1438/2890/2303
f 1429/2863/2290 1438/2890/2303 1441/2891/2304
f 1437/2886/2302 1436/2885/2301 1439/2892/2305 1440/2893/2306
f 1438/2894/2303 1437/2886/2302 1440/2893/2306 1441/2895/2304
f 1436/2889/2301 1425/2873/2297 1439/2896/2305
f 1429/2863/2290 1441/2891/2304 1444/2897/2307
f 1440/2893/2306 1439/2892/2305 1442/2898/2308 1443/2899/2309
f 1441/2895/2304 1440/2893/2306 1443/2899/2309 1444/2900/2307
f 1439/2896/2305 1425/2873/2297 1442/2901/2308
f 1429/2863/2290 1444/2897/2307 1447/2902/2310
f 1443/2903/2309 1442/2904/2308 1445/2905/2311 1446/2906/2312
f 1444/2907/2307 1443/2903/2309 1446/2906/2312 1447/2908/2310
f 1442/2901/2308 1425/2873/2297 1445/2909/2311
f 1429/2863/2290 1447/2902/2310 1450/2910/2313
f 1446/2906/2312 1445/2905/2311 1448/2911/2314 1449/2912/2315
f 1447/2913/2310 1446/2914/2312 1449/2915/2315 1450/2916/2313
f 1445/2909/2311 1425/2873/2297 1448/2917/2314
f 1448/2917/2314 1425/2873/2297 1426/2872/2294
f 1429/2863/2290 1450/2910/2313 1428/2864/2291
f 1449/2915/2315 1448/2918/2314 1426/2867/2294 1427/2866/2293
f 1450/2916/2313 1449/2915/2315 1427/2866/2293 1428/2870/2291
f 1454/2919/2316 1453/2920/2317 1457/2921/2318 1458/2922/2319
f 1452/2923/2320 1451/2924/2321 1456/2925/2322
f 1455/2926/2323 1454/2927/2316 1458/2928/2319
f 1453/2929/2317 1452/2930/2320 1456/2931/2322 1457/2932/2318
f 1458/2922/2319 1457/2921/2318 1460/2933/2324 1461/2934/2325
f 1456/2925/2322 1451/2924/2321 1459/2935/2326
f 1455/2926/2323 1458/2928/2319 1461/2936/2325
f 1457/2921/2318 1456/2937/2322 1459/2938/2326 1460/2933/2324
f 1461/2939/2325 1460/2940/2324 1463/2941/2327 1464/2942/2328
f 1459/2935/2326 1451/2924/2321 1462/2943/2329
f 1455/2926/2323 1461/2936/2325 1464/2944/2328
f 1460/2940/2324 1459/2945/2326 1462/2946/2329 1463/2941/2327
f 1464/2942/2328 1463/2941/2327 1466/2947/2330 1467/2948/2331
f 1462/2943/2329 1451/2924/2321 1465/2949/2332
f 1455/2926/2323 1464/2944/2328 1467/2950/2331
f 1463/2941/2327 1462/2946/2329 1465/2951/2332 1466/2947/2330
f 1467/2948/2331 1466/2947/2330 1469/2952/2333 1470/2953/2334
f 1465/2949/2332 1451/2924/2321 1468/2954/2335
f 1455/2926/2323 1467/2950/2331 1470/2955/2334
f 1466/2956/2330 1465/2957/2332 1468/2958/2335 1469/2959/2333
f 1470/2960/2334 1469/2959/2333 1472/2961/2336 1473/2962/2337
f 1468/2954/2335 1451/2924/2321 1471/2963/2338
f 1455/2926/2323 1470/2955/2334 1473/2964/2337
f 1469/2959/2333 1468/2958/2335 1471/2965/2338 1472/2961/2336
f 1472/2966/2336 1471/2967/2338 1474/2968/2339 1475/2969/2340
f 1473/2970/2337 1472/2966/2336 1475/2969/2340 1476/2971/2341
f 1471/2963/2338 1451/2924/2321 1474/2972/2339
f 1455/2926/2323 1473/2964/2337 1476/2973/2341
f 1455/2926/2323 1476/2973/2341 1454/2927/2316
f 1475/2969/2340 1474/2968/2339 1452/2930/2320 1453/2929/2317
f 1476/2971/2341 1475/2969/2340 1453/2929/2317 1454/2974/2316
f 1474/2972/2339 1451/2924/2321 1452/2923/2320
f 1481/2975/2342 1480/2976/2343 1484/2977/2344
f 1479/2978/2345 1478/2979/2346 1482/2980/2347 1483/2981/2348
f 1480/2982/2343 1479/2978/2345 1483/2981/2348 1484/2983/2344
f 1478/2984/2346 1477/2985/2349 1482/2986/2347
f 1481/2975/2342 1484/2977/2344 1487/2987/2350
f 1483/2981/2348 1482/2980/2347 1485/2988/2351 1486/2989/2352
f 1484/2983/2344 1483/2981/2348 1486/2989/2352 1487/2990/2350
f 1482/2986/2347 1477/2985/2349 1485/2991/2351
f 1481/2975/2342 1487/2987/2350 1490/2992/2353
f 1486/2993/2352 1485/2994/2351 1488/2995/2354 1489/2996/2355
f 1487/2997/2350 1486/2993/2352 1489/2996/2355 1490/2998/2353
f 1485/2991/2351 1477/2985/2349 1488/2999/2354
f 1481/2975/2342 1490/2992/2353 1493/3000/2356
f 1489/3001/2355 1488/3002/2354 1491/3003/2357 1492/3004/2358
f 1490/3005/2353 1489/3001/2355 1492/3004/2358 1493/3006/2356
f 1488/2999/2354 1477/2985/2349 1491/3007/2357
f 1491/3007/2357 1477/2985/2349 1494/3008/2359
f 1481/2975/2342 1493/3000/2356 1496/3009/2360
f 1492/3004/2358 1491/3003/2357 1494/3010/2359 1495/3011/2361
f 1493/3006/2356 1492/3004/2358 1495/3011/2361 1496/3012/2360
f 1496/3012/2360 1495/3011/2361 1498/3013/2362 1499/3014/2363
f 1494/3008/2359 1477/2985/2349 1497/3015/2364
f 1481/2975/2342 1496/3009/2360 1499/3016/2363
f 1495/3011/2361 1494/3010/2359 1497/3017/2364 1498/3013/2362
f 1499/3018/2363 1498/3019/2362 1501/3020/2365 1502/3021/2366
f 1497/3015/2364 1477/2985/2349 1500/3022/2367
f 1481/2975/2342 1499/3016/2363 1502/3023/2366
f 1498/3019/2362 1497/3024/2364 1500/3025/2367 1501/3020/2365
f 1502/3026/2366 1501/3027/2365 1479/2978/2345 1480/2982/2343
f 1500/3022/2367 1477/2985/2349 1478/2984/2346
f 1481/2975/2342 1502/3023/2366 1480/2976/2343
f 1501/3027/2365 1500/3028/2367 1478/2979/2346 1479/2978/2345
f 1505/3029/2368 1504/3030/2369 1508/3031/2370 1509/3032/2371
f 1506/3033/2372 1505/3029/2368 1509/3032/2371 1510/3034/2373
f 1504/3035/2369 1503/3036/2374 1508/3037/2370
f 1507/3038/2375 1506/3039/2372 1510/3040/2373
f 1510/3041/2373 1509/3042/2371 1512/3043/2376 1513/3044/2377
f 1508/3037/2370 1503/3036/2374 1511/3045/2378
f 1507/3038/2375 1510/3040/2373 1513/3046/2377
f 1509/3042/2371 1508/3047/2370 1511/3048/2378 1512/3043/2376
f 1513/3044/2377 1512/3043/2376 1515/3049/2379 1516/3050/2380
f 1511/3045/2378 1503/3036/2374 1514/3051/2381
f 1507/3038/2375 1513/3046/2377 1516/3052/2380
f 1512/3043/2376 1511/3048/2378 1514/3053/2381 1515/3049/2379
f 1515/3054/2379 1514/3055/2381 1517/3056/2382 1518/3057/2383
f 1516/3058/2380 1515/3054/2379 1518/3057/2383 1519/3059/2384
f 1514/3051/2381 1503/3036/2374 1517/3060/2382
f 1507/3038/2375 1516/3052/2380 1519/3061/2384
f 1507/3038/2375 1519/3061/2384 1522/3062/2385
f 1518/3057/2383 1517/3056/2382 1520/3063/2386 1521/3064/2387
f 1519/3059/2384 1518/3057/2383 1521/3064/2387 1522/3065/2385
f 1517/3060/2382 1503/3036/2374 1520/3066/2386
f 1507/3038/2375 1522/3062/2385 1525/3067/2388
f 1521/3068/2387 1520/3069/2386 1523/3070/2389 1524/3071/2390
f 1522/3072/2385 1521/3068/2387 1524/3071/2390 1525/3073/2388
f 1520/3066/2386 1503/3036/2374 1523/3074/2389
f 1507/3038/2375 1525/3067/2388 1528/3075/2391
f 1524/3071/2390 1523/3070/2389 1526/3076/2392 1527/3077/2393
f 1525/3073/2388 1524/3071/2390 1527/3077/2393 1528/3078/2391
f 1523/3074/2389 1503/3036/2374 1526/3079/2392
f 1507/3038/2375 1528/3075/2391 1506/3039/2372
f 1527/3080/2393 1526/3081/2392 1504/3030/2369 1505/3029/2368
f 1528/3082/2391 1527/3080/2393 1505/3029/2368 1506/3033/2372
f 1526/3079/2392 1503/3036/2374 1504/3035/2369
f 1532/3083/2394 1531/3084/2395 1535/3085/2396 1536/3086/2397
f 1530/3087/2398 1529/3088/2399 1534/3089/2400
f 1533/3090/2401 1532/3091/2394 1536/3092/2397
f 1531/3084/2395 1530/3093/2398 1534/3094/2400 1535/3085/2396
f 1534/3089/2400 1529/3088/2399 1537/3095/2402
f 1533/3090/2401 1536/3092/2397 1539/3096/2403
f 1535/3085/2396 1534/3094/2400 1537/3097/2402 1538/3098/2404
f 1536/3086/2397 1535/3085/2396 1538/3098/2404 1539/3099/2403
f 1539/3100/2403 1538/3101/2404 1541/3102/2405 1542/3103/2406
f 1537/3095/2402 1529/3088/2399 1540/3104/2407
f 1533/3090/2401 1539/3096/2403 1542/3105/2406
f 1538/3101/2404 1537/3106/2402 1540/3107/2407 1541/3102/2405
f 1542/3103/2406 1541/3102/2405 1544/3108/2408 1545/3109/2409
f 1540/3104/2407 1529/3088/2399 1543/3110/2410
f 1533/3090/2401 1542/3105/2406 1545/3111/2409
f 1541/3102/2405 1540/3107/2407 1543/3112/2410 1544/3108/2408
f 1545/3113/2409 1544/3114/2408 1547/3115/2411 1548/3116/2412
f 1543/3110/2410 1529/3088/2399 1546/3117/2413
f 1533/3090/2401 1545/3111/2409 1548/3118/2412
f 1544/3114/2408 1543/3119/2410 1546/3120/2413 1547/3115/2411
f 1548/3116/2412 1547/3115/2411 1550/3121/2414 1551/3122/2415
f 1546/3117/2413 1529/3088/2399 1549/3123/2416
f 1533/3090/2401 1548/3118/2412 1551/3124/2415
f 1547/3115/2411 1546/3120/2413 1549/3125/2416 1550/3121/2414
f 1551/3126/2415 1550/3127/2414 1553/3128/2417 1554/3129/2418
f 1549/3123/2416 1529/3088/2399 1552/3130/2419
f 1533/3090/2401 1551/3124/2415 1554/3131/2418
f 1550/3127/2414 1549/3132/2416 1552/3133/2419 1553/3128/2417
f 1553/3128/2417 1552/3133/2419 1530/3134/2398 1531/3135/2395
f 1554/3129/2418 1553/3128/2417 1531/3135/2395 1532/3136/2394
f 1552/3130/2419 1529/3088/2399 1530/3087/2398
f 1533/3090/2401 1554/3131/2418 1532/3091/2394
f 1559/3137/2420 1558/3138/2421 1562/3139/2422
f 1557/3140/2423 1556/3141/2424 1560/3142/2425 1561/3143/2426
f 1558/3144/2421 1557/3140/2423 1561/3143/2426 1562/3145/2422
f 1556/3146/2424 1555/3147/2427 1560/3148/2425
f 1559/3137/2420 1562/3139/2422 1565/3149/2428
f 1561/3143/2426 1560/3142/2425 1563/3150/2429 1564/3151/2430
f 1562/3145/2422 1561/3143/2426 1564/3151/2430 1565/3152/2428
f 1560/3148/2425 1555/3147/2427 1563/3153/2429
f 1559/3137/2420 1565/3149/2428 1568/3154/2431
f 1564/3155/2430 1563/3156/2429 1566/3157/2432 1567/3158/2433
f 1565/3159/2428 1564/3155/2430 1567/3158/2433 1568/3160/2431
f 1563/3153/2429 1555/3147/2427 1566/3161/2432
f 1559/3137/2420 1568/3154/2431 1571/3162/2434
f 1567/3158/2433 1566/3157/2432 1569/3163/2435 1570/3164/2436
f 1568/3160/2431 1567/3158/2433 1570/3164/2436 1571/3165/2434
f 1566/3161/2432 1555/3147/2427 1569/3166/2435
f 1559/3137/2420 1571/3162/2434 1574/3167/2437
f 1570/3168/2436 1569/3169/2435 1572/3170/2438 1573/3171/2439
f 1571/3172/2434 1570/3168/2436 1573/3171/2439 1574/3173/2437
f 1569/3166/2435 1555/3147/2427 1572/3174/2438
f 1572/3174/2438 1555/3147/2427 1575/3175/2440
f 1559/3137/2420 1574/3167/2437 1577/3176/2441
f 1573/3171/2439 1572/3170/2438 1575/3177/2440 1576/3178/2442
f 1574/3173/2437 1573/3171/2439 1576/3178/2442 1577/3179/2441
f 1577/3180/2441 1576/3181/2442 1579/3182/2443 1580/3183/2444
f 1575/3175/2440 1555/3147/2427 1578/3184/2445
f 1559/3137/2420 1577/3176/2441 1580/3185/2444
f 1576/3181/2442 1575/3186/2440 1578/3187/2445 1579/3182/2443
f 1580/3183/2444 1579/3182/2443 1557/3188/2423 1558/3189/2421
f 1578/3184/2445 1555/3147/2427 1556/3146/2424
f 1559/3137/2420 1580/3185/2444 1558/3138/2421
f 1579/3182/2443 1578/3187/2445 1556/3190/2424 1557/3188/2423
f 1584/3191/2446 1583/3192/2447 1587/3193/2448 1588/3194/2449
f 1582/3195/2450 1581/3196/2451 1586/3197/2452
f 1585/3198/2453 1584/3199/2446 1588/3200/2449
f 1583/3192/2447 1582/3201/2450 1586/3202/2452 1587/3193/2448
f 1588/3194/2449 1587/3193/2448 1590/3203/2454 1591/3204/2455
f 1586/3197/2452 1581/3196/2451 1589/3205/2456
f 1585/3198/2453 1588/3200/2449 1591/3206/2455
f 1587/3193/2448 1586/3202/2452 1589/3207/2456 1590/3203/2454
f 1591/3208/2455 1590/3209/2454 1593/3210/2457 1594/3211/2458
f 1589/3205/2456 1581/3196/2451 1592/3212/2459
f 1585/3198/2453 1591/3206/2455 1594/3213/2458
f 1590/3209/2454 1589/3214/2456 1592/3215/2459 1593/3210/2457
f 1594/3211/2458 1593/3210/2457 1596/3216/2460 1597/3217/2461
f 1592/3212/2459 1581/3196/2451 1595/3218/2462
f 1585/3198/2453 1594/3213/2458 1597/3219/2461
f 1593/3210/2457 1592/3215/2459 1595/3220/2462 1596/3216/2460
f 1596/3221/2460 1595/3222/2462 1598/3223/2463 1599/3224/2464
f 1597/3225/2461 1596/3221/2460 1599/3224/2464 1600/3226/2465
f 1595/3218/2462 1581/3196/2451 1598/3227/2463
f 1585/3198/2453 1597/3219/2461 1600/3228/2465
f 1585/3198/2453 1600/3228/2465 1603/3229/2466
f 1599/3224/2464 1598/3223/2463 1601/3230/2467 1602/3231/2468
f 1600/3226/2465 1599/3224/2464 1602/3231/2468 1603/3232/2466
f 1598/3227/2463 1581/3196/2451 1601/3233/2467
f 1585/3198/2453 1603/3229/2466 1606/3234/2469
f 1602/3235/2468 1601/3236/2467 1604/3237/2470 1605/3238/2471
f 1603/3239/2466 1602/3235/2468 1605/3238/2471 1606/3240/2469
f 1601/3233/2467 1581/3196/2451 1604/3241/2470
f 1585/3198/2453 1606/3234/2469 1584/3199/2446
f 1605/3238/2471 1604/3237/2470 1582/3242/2450 1583/3243/2447
f 1606/3240/2469 1605/3238/2471 1583/3243/2447 1584/3244/2446
f 1604/3241/2470 1581/3196/2451 1582/3195/2450
f 1609/3245/2472 1608/3246/2473 1612/3247/2474 1613/3248/2475
f 1610/3249/2476 1609/3245/2472 1613/3248/2475 1614/3250/2477
f 1608/3251/2473 1607/3252/2478 1612/3253/2474
f 1611/3254/2479 1610/3255/2476 1614/3256/2477
f 1614/3257/2477 1613/3258/2475 1616/3259/2480 1617/3260/2481
f 1612/3253/2474 1607/3252/2478 1615/3261/2482
f 1611/3254/2479 1614/3256/2477 1617/3262/2481
f 1613/3258/2475 1612/3263/2474 1615/3264/2482 1616/3259/2480
f 1617/3260/2481 1616/3259/2480 1619/3265/2483 1620/3266/2484
f 1615/3261/2482 1607/3252/2478 1618/3267/2485
f 1611/3254/2479 1617/3262/2481 1620/3268/2484
f 1616/3259/2480 1615/3264/2482 1618/3269/2485 1619/3265/2483
f 1619/3270/2483 1618/3271/2485 1621/3272/2486 1622/3273/2487
f 1620/3274/2484 1619/3270/2483 1622/3273/2487 1623/3275/2488
f 1618/3267/2485 1607/3252/2478 1621/3276/2486
f 1611/3254/2479 1620/3268/2484 1623/3277/2488
f 1611/3254/2479 1623/3277/2488 1626/3278/2489
f 1622/3273/2487 1621/3272/2486 1624/3279/2490 1625/3280/2491
f 1623/3275/2488 1622/3273/2487 1625/3280/2491 1626/3281/2489
f 1621/3276/2486 1607/3252/2478 1624/3282/2490
f 1611/3254/2479 1626/3278/2489 1629/3283/2492
f 1625/3284/2491 1624/3285/2490 1627/3286/2493 1628/3287/2494
f 1626/3288/2489 1625/3284/2491 1628/3287/2494 1629/3289/2492
f 1624/3282/2490 1607/3252/2478 1627/3290/2493
f 1611/3254/2479 1629/3283/2492 1632/3291/2495
f 1628/3287/2494 1627/3286/2493 1630/3292/2496 1631/3293/2497
f 1629/3289/2492 1628/3287/2494 1631/3293/2497 1632/3294/2495
f 1627/3290/2493 1607/3252/2478 1630/3295/2496
f 1611/3254/2479 1632/3291/2495 1610/3255/2476
f 1631/3296/2497 1630/3297/2496 1608/3246/2473 1609/3245/2472
f 1632/3298/2495 1631/3296/2497 1609/3245/2472 1610/3249/2476
f 1630/3295/2496 1607/3252/2478 1608/3251/2473
f 1633/3299/2498 1634/3300/2499 1636/3301/2500 1635/3302/2501
f 1635/3303/2501 1636/3304/2500 1638/3305/2502 1637/3306/2503
f 1637/3306/2503 1638/3305/2502 1640/3307/2504 1639/3308/2505
f 1639/3309/2505 1640/3310/2504 1642/3311/2506 1641/3312/2507
f 1636/3313/2500 1634/3314/2499 1644/3315/2508 1642/3311/2506 1640/3310/2504 1638/3316/2502
f 1641/3317/2507 1642/3318/2506 1644/3319/2508 1643/3320/2509
f 1643/3320/2509 1644/3319/2508 1634/3321/2499 1633/3322/2498
f 1633/3299/2498 1635/3302/2501 1637/3323/2503 1639/3324/2505 1641/3325/2507 1643/3326/2509
f 1645/3327/2510 1646/3328/2511 1648/3329/2512 1647/3330/2513
f 1647/3330/2513 1648/3329/2512 1650/3331/2514 1649/3332/2515
f 1649/3333/2515 1650/3334/2514 1652/3335/2516 1651/3336/2517
f 1651/3337/2517 1652/3338/2516 1654/3339/2518 1653/3340/2519
f 1648/3329/2512 1646/3328/2511 1656/3341/2520 1654/3342/2518 1652/3343/2516 1650/3331/2514
f 1653/3340/2519 1654/3339/2518 1656/3344/2520 1655/3345/2521
f 1655/3346/2521 1656/3347/2520 1646/3348/2511 1645/3349/2510
f 1645/3350/2510 1647/3351/2513 1649/3352/2515 1651/3337/2517 1653/3340/2519 1655/3345/2521
f 1659/3353/2522 1658/3354/2523 1662/3355/2524 1663/3356/2525
f 1660/3357/2526 1659/3353/2522 1663/3356/2525 1664/3358/2527
f 1658/3354/2523 1657/3359/2528 1662/3355/2524
f 1661/3360/2529 1660/3357/2526 1664/3358/2527
f 1664/3361/2527 1663/3362/2525 1666/3363/2530 1667/3364/2531
f 1662/3365/2524 1657/3366/2528 1665/3367/2532
f 1661/3368/2529 1664/3361/2527 1667/3364/2531
f 1663/3362/2525 1662/3365/2524 1665/3367/2532 1666/3363/2530
f 1667/3364/2531 1666/3363/2530 1669/3369/2533 1670/3370/2534
f 1665/3367/2532 1657/3366/2528 1668/3371/2535
f 1661/3368/2529 1667/3364/2531 1670/3370/2534
f 1666/3363/2530 1665/3367/2532 1668/3371/2535 1669/3369/2533
f 1669/3372/2533 1668/3373/2535 1671/3374/2536 1672/3375/2537
f 1670/3376/2534 1669/3372/2533 1672/3375/2537 1673/3377/2538
f 1668/3373/2535 1657/3378/2528 1671/3374/2536
f 1661/3379/2529 1670/3376/2534 1673/3377/2538
f 1661/3379/2529 1673/3377/2538 1676/3380/2539
f 1672/3375/2537 1671/3374/2536 1674/3381/2540 1675/3382/2541
f 1673/3377/2538 1672/3375/2537 1675/3382/2541 1676/3380/2539
f 1671/3374/2536 1657/3378/2528 1674/3381/2540
f 1661/3383/2529 1676/3384/2539 1679/3385/2542
f 1675/3386/2541 1674/3387/2540 1677/3388/2543 1678/3389/2544
f 1676/3384/2539 1675/3386/2541 1678/3389/2544 1679/3385/2542
f 1674/3387/2540 1657/3390/2528 1677/3388/2543
f 1661/3383/2529 1679/3385/2542 1682/3391/2545
f 1678/3389/2544 1677/3388/2543 1680/3392/2546 1681/3393/2547
f 1679/3385/2542 1678/3389/2544 1681/3393/2547 1682/3391/2545
f 1677/3388/2543 1657/3390/2528 1680/3392/2546
f 1661/3360/2529 1682/3394/2545 1660/3357/2526
f 1681/3395/2547 1680/3396/2546 1658/3354/2523 1659/3353/2522
f 1682/3394/2545 1681/3395/2547 1659/3353/2522 1660/3357/2526
f 1680/3396/2546 1657/3359/2528 1658/3354/2523
f 1686/3397/2526 1685/3398/2522 1689/3399/2525 1690/3400/2527
f 1684/3401/2523 1683/3402/2528 1688/3403/2548
f 1687/3404/2529 1686/3397/2526 1690/3400/2527
f 1685/3398/2522 1684/3401/2523 1688/3403/2548 1689/3399/2525
f 1687/3405/2529 1690/3406/2527 1693/3407/2531
f 1689/3408/2525 1688/3409/2548 1691/3410/2532 1692/3411/2530
f 1690/3406/2527 1689/3408/2525 1692/3411/2530 1693/3407/2531
f 1688/3409/2548 1683/3412/2528 1691/3410/2532
f 1691/3410/2532 1683/3412/2528 1694/3413/2535
f 1687/3405/2529 1693/3407/2531 1696/3414/2534
f 1692/3411/2530 1691/3410/2532 1694/3413/2535 1695/3415/2533
f 1693/3407/2531 1692/3411/2530 1695/3415/2533 1696/3414/2534
f 1696/3416/2534 1695/3417/2533 1698/3418/2537 1699/3419/2538
f 1694/3420/2535 1683/3421/2528 1697/3422/2536
f 1687/3423/2529 1696/3416/2534 1699/3419/2538
f 1695/3417/2533 1694/3420/2535 1697/3422/2536 1698/3418/2537
f 1699/3419/2538 1698/3418/2537 1701/3424/2541 1702/3425/2539
f 1697/3422/2536 1683/3421/2528 1700/3426/2540
f 1687/3423/2529 1699/3419/2538 1702/3425/2539
f 1698/3418/2537 1697/3422/2536 1700/3426/2540 1701/3424/2541
f 1702/3427/2539 1701/3428/2541 1704/3429/2544 1705/3430/2542
f 1700/3431/2540 1683/3432/2528 1703/3433/2543
f 1687/3434/2529 1702/3427/2539 1705/3430/2542
f 1701/3428/2541 1700/3431/2540 1703/3433/2543 1704/3429/2544
f 1705/3430/2542 1704/3429/2544 1707/3435/2547 1708/3436/2545
f 1703/3433/2543 1683/3432/2528 1706/3437/2549
f 1687/3434/2529 1705/3430/2542 1708/3436/2545
f 1704/3429/2544 1703/3433/2543 1706/3437/2549 1707/3435/2547
f 1708/3438/2545 1707/3439/2547 1685/3398/2522 1686/3397/2526
f 1706/3440/2549 1683/3402/2528 1684/3401/2523
f 1687/3404/2529 1708/3438/2545 1686/3397/2526
f 1707/3439/2547 1706/3440/2549 1684/3401/2523 1685/3398/2522
f 1711/3441/2550 1710/3442/2551 1713/3443/2552
f 1710/3442/2551 1722/3444/2553 1712/3445/2554 1713/3443/2552
f 1722/3444/2553 1709/3446/2555 1712/3445/2554
f 1711/3447/2550 1713/3448/2552 1715/3449/2556
f 1713/3448/2552 1712/3450/2554 1714/3451/2557 1715/3449/2556
f 1712/3450/2554 1709/3452/2555 1714/3451/2557
f 1711/3447/2550 1715/3449/2556 1717/3453/2558
f 1715/3454/2556 1714/3455/2557 1716/3456/2559 1717/3457/2558
f 1714/3455/2557 1709/3458/2555 1716/3456/2559
f 1711/3459/2550 1717/3457/2558 1719/3460/2560
f 1717/3457/2558 1716/3456/2559 1718/3461/2561 1719/3460/2560
f 1716/3456/2559 1709/3458/2555 1718/3461/2561
f 1711/3462/2550 1719/3463/2560 1721/3464/2562
f 1719/3463/2560 1718/3465/2561 1720/3466/2563 1721/3464/2562
f 1718/3465/2561 1709/3467/2555 1720/3466/2563
f 1711/3441/2550 1721/3468/2562 1710/3442/2551
f 1721/3468/2562 1720/3469/2563 1722/3444/2553 1710/3442/2551
f 1720/3466/2563 1709/3467/2555 1722/3470/2553
f 1725/3471/2550 1724/3472/2551 1727/3473/2552
f 1724/3472/2551 1736/3474/2553 1726/3475/2554 1727/3473/2552
f 1736/3474/2553 1723/3476/2555 1726/3475/2554
f 1725/3477/2550 1727/3478/2552 1729/3479/2556
f 1727/3478/2552 1726/3480/2554 1728/3481/2557 1729/3479/2556
f 1726/3480/2554 1723/3482/2555 1728/3481/2557
f 1725/3477/2550 1729/3479/2556 1731/3483/2558
f 1729/3484/2556 1728/3485/2557 1730/3486/2559 1731/3487/2558
f 1728/3485/2557 1723/3488/2555 1730/3486/2559
f 1725/3489/2550 1731/3487/2558 1733/3490/2560
f 1731/3487/2558 1730/3486/2559 1732/3491/2561 1733/3490/2560
f 1730/3486/2559 1723/3488/2555 1732/3491/2561
f 1725/3492/2550 1733/3493/2560 1735/3494/2562
f 1733/3493/2560 1732/3495/2561 1734/3496/2563 1735/3494/2562
f 1732/3495/2561 1723/3497/2555 1734/3496/2563
f 1725/3471/2550 1735/3498/2562 1724/3472/2551
f 1735/3498/2562 1734/3499/2563 1736/3474/2553 1724/3472/2551
f 1734/3496/2563 1723/3497/2555 1736/3500/2553
f 1737/3501/2564 1738/3502/2565 1740/3503/2566 1739/3504/2567
f 1739/3505/2567 1740/3506/2566 1742/3507/2568 1741/3508/2569
f 1741/3508/2569 1742/3507/2568 1744/3509/2570 1743/3510/2571
f 1743/3510/2571 1744/3509/2570 1746/3511/2572 1745/3512/2573
f 1740/3503/2566 1738/3502/2565 1748/3513/2574 1746/3514/2572 1744/3515/2570 1742/3516/2568
f 1745/3517/2573 1746/3514/2572 1748/3513/2574 1747/3518/2575
f 1747/3518/2575 1748/3513/2574 1738/3502/2565 1737/3501/2564
f 1737/3519/2564 1739/3505/2567 1741/3508/2569 1743/3510/2571 1745/3512/2573 1747/3520/2575
f 1749/3521/2576 1750/3522/2577 1752/3523/2578 1751/3524/2579
f 1751/3524/2579 1752/3523/2578 1754/3525/2580 1753/3526/2581
f 1753/3527/2581 1754/3528/2580 1756/3529/2582 1755/3530/2583
f 1755/3531/2583 1756/3532/2582 1758/3533/2584 1757/3534/2585
f 1752/3523/2578 1750/3522/2577 1760/3535/2586 1758/3536/2584 1756/3537/2582 1754/3525/2580
f 1757/3534/2585 1758/3533/2584 1760/3538/2586 1759/3539/2587
f 1759/3540/2587 1760/3541/2586 1750/3542/2577 1749/3543/2576
f 1749/3544/2576 1751/3545/2579 1753/3546/2581 1755/3531/2583 1757/3534/2585 1759/3539/2587
f 1761/3547/2588 1762/3548/2589 1764/3549/2590 1763/3550/2591
f 1763/3551/2591 1764/3552/2590 1766/3553/2592 1765/3554/2593
f 1765/3554/2593 1766/3553/2592 1768/3555/2594 1767/3556/2595
f 1767/3556/2595 1768/3555/2594 1770/3557/2596 1769/3558/2597
f 1764/3559/2590 1762/3560/2589 1772/3561/2598 1770/3562/2596 1768/3563/2594 1766/3564/2592
f 1769/3565/2597 1770/3566/2596 1772/3567/2598 1771/3568/2599
f 1771/3568/2599 1772/3567/2598 1762/3548/2589 1761/3547/2588
f 1761/3569/2588 1763/3570/2591 1765/3571/2593 1767/3572/2595 1769/3573/2597 1771/3574/2599
f 1773/3575/2600 1774/3576/2601 1776/3577/2602 1775/3578/2603
f 1775/3578/2603 1776/3577/2602 1778/3579/2604 1777/3580/2605
f 1777/3581/2605 1778/3582/2604 1780/3583/2606 1779/3584/2607
f 1779/3584/2607 1780/3583/2606 1782/3585/2608 1781/3586/2609
f 1776/3587/2602 1774/3588/2601 1784/3589/2610 1782/3590/2608 1780/3591/2606 1778/3592/2604
f 1781/3586/2609 1782/3585/2608 1784/3593/2610 1783/3594/2611
f 1783/3595/2611 1784/3596/2610 1774/3576/2601 1773/3575/2600
f 1773/3597/2600 1775/3598/2603 1777/3599/2605 1779/3600/2607 1781/3601/2609 1783/3602/2611
f 1785/3603/2612 1786/3604/2613 1788/3605/2614 1787/3606/2615
f 1787/3606/2615 1788/3605/2614 1790/3607/2616 1789/3608/2617
f 1789/3609/2617 1790/3610/2616 1792/3611/2618 1791/3612/2619
f 1791/3613/2619 1792/3614/2618 1794/3615/2620 1793/3616/2621
f 1788/3605/2614 1786/3604/2613 1796/3617/2622 1794/3618/2620 1792/3619/2618 1790/3607/2616
f 1793/3616/2621 1794/3615/2620 1796/3620/2622 1795/3621/2623
f 1795/3622/2623 1796/3623/2622 1786/3624/2613 1785/3625/2612
f 1785/3626/2612 1787/3627/2615 1789/3628/2617 1791/3613/2619 1793/3616/2621 1795/3621/2623
f 1797/3629/2624 1798/3630/2625 1800/3631/2626 1799/3632/2627
f 1799/3633/2627 1800/3634/2626 1802/3635/2628 1801/3636/2629
f 1801/3637/2629 1802/3638/2628 1804/3639/2630 1803/3640/2631
f 1803/3640/2631 1804/3639/2630 1806/3641/2632 1805/3642/2633
f 1800/3643/2626 1798/3644/2625 1808/3645/2634 1806/3646/2632 1804/3647/2630 1802/3648/2628
f 1805/3649/2633 1806/3646/2632 1808/3645/2634 1807/3650/2635
f 1807/3651/2635 1808/3652/2634 1798/3630/2625 1797/3629/2624
f 1797/3653/2624 1799/3633/2627 1801/3636/2629 1803/3654/2631 1805/3655/2633 1807/3656/2635
f 1809/3657/2612 1810/3658/2613 1812/3659/2636 1811/3660/2615
f 1811/3660/2615 1812/3659/2636 1814/3661/2616 1813/3662/2637
f 1813/3663/2637 1814/3664/2616 1816/3665/2618 1815/3666/2619
f 1815/3667/2619 1816/3668/2618 1818/3669/2620 1817/3670/2621
f 1812/3659/2636 1810/3658/2613 1820/3671/2638 1818/3672/2620 1816/3673/2618 1814/3661/2616
f 1817/3670/2621 1818/3669/2620 1820/3674/2638 1819/3675/2623
f 1819/3676/2623 1820/3677/2638 1810/3678/2613 1809/3679/2612
f 1809/3680/2612 1811/3681/2615 1813/3682/2637 1815/3667/2619 1817/3670/2621 1819/3675/2623
f 1821/3683/2624 1822/3684/2625 1824/3685/2639 1823/3686/2640
f 1823/3687/2640 1824/3688/2639 1826/3689/2641 1825/3690/2629
f 1825/3691/2629 1826/3692/2641 1828/3693/2630 1827/3694/2631
f 1827/3694/2631 1828/3693/2630 1830/3695/2632 1829/3696/2642
f 1824/3697/2639 1822/3698/2625 1832/3699/2643 1830/3700/2632 1828/3701/2630 1826/3702/2641
f 1829/3703/2642 1830/3700/2632 1832/3699/2643 1831/3704/2635
f 1831/3705/2635 1832/3706/2643 1822/3684/2625 1821/3683/2624
f 1821/3707/2624 1823/3687/2640 1825/3690/2629 1827/3708/2631 1829/3709/2642 1831/3710/2635
f 1833/3711/2612 1834/3712/2613 1836/3713/2644 1835/3714/2615
f 1835/3714/2615 1836/3713/2644 1838/3715/2645 1837/3716/2617
f 1837/3717/2617 1838/3718/2645 1840/3719/2646 1839/3720/2619
f 1839/3721/2619 1840/3722/2646 1842/3723/2620 1841/3724/2621
f 1836/3713/2644 1834/3712/2613 1844/3725/2647 1842/3726/2620 1840/3727/2646 1838/3715/2645
f 1841/3724/2621 1842/3723/2620 1844/3728/2647 1843/3729/2648
f 1843/3730/2648 1844/3731/2647 1834/3732/2613 1833/3733/2612
f 1833/3734/2612 1835/3735/2615 1837/3736/2617 1839/3721/2619 1841/3724/2621 1843/3729/2648
f 1845/3737/2624 1846/3738/2625 1848/3739/2649 1847/3740/2627
f 1847/3741/2627 1848/3742/2649 1850/3743/2628 1849/3744/2629
f 1849/3745/2629 1850/3746/2628 1852/3747/2650 1851/3748/2631
f 1851/3748/2631 1852/3747/2650 1854/3749/2651 1853/3750/2633
f 1848/3751/2649 1846/3752/2625 1856/3753/2652 1854/3754/2651 1852/3755/2650 1850/3756/2628
f 1853/3757/2633 1854/3754/2651 1856/3753/2652 1855/3758/2635
f 1855/3759/2635 1856/3760/2652 1846/3738/2625 1845/3737/2624
f 1845/3761/2624 1847/3741/2627 1849/3744/2629 1851/3762/2631 1853/3763/2633 1855/3764/2635
f 1857/3765/2612 1858/3766/2613 1860/3767/2636 1859/3768/2653
f 1859/3768/2653 1860/3767/2636 1862/3769/2616 1861/3770/2654
f 1861/3771/2654 1862/3772/2616 1864/3773/2618 1863/3774/2619
f 1863/3775/2619 1864/3776/2618 1866/3777/2620 1865/3778/2621
f 1860/3767/2636 1858/3766/2613 1868/3779/2622 1866/3780/2620 1864/3781/2618 1862/3769/2616
f 1865/3778/2621 1866/3777/2620 1868/3782/2622 1867/3783/2648
f 1867/3784/2648 1868/3785/2622 1858/3786/2613 1857/3787/2612
f 1857/3788/2612 1859/3789/2653 1861/3790/2654 1863/3775/2619 1865/3778/2621 1867/3783/2648
f 1869/3791/2624 1870/3792/2625 1872/3793/2626 1871/3794/2627
f 1871/3795/2627 1872/3796/2626 1874/3797/2628 1873/3798/2629
f 1873/3799/2629 1874/3800/2628 1876/3801/2630 1875/3802/2631
f 1875/3802/2631 1876/3801/2630 1878/3803/2632 1877/3804/2655
f 1872/3805/2626 1870/3806/2625 1880/3807/2643 1878/3808/2632 1876/3809/2630 1874/3810/2628
f 1877/3811/2655 1878/3808/2632 1880/3807/2643 1879/3812/2656
f 1879/3813/2656 1880/3814/2643 1870/3792/2625 1869/3791/2624
f 1869/3815/2624 1871/3795/2627 1873/3798/2629 1875/3816/2631 1877/3817/2655 1879/3818/2656
s 0
f 1881/3819/2657 1882/3820/2658 1883/3821/2659
f 1884/3822/2660 1885/3823/2661 1886/3824/2662
f 1887/3825/2663 1888/3826/2664 1889/3827/2665
f 1890/3828/2666 1891/3829/2667 1892/3830/2668
f 1893/3831/2669 1894/3832/2670 1895/3833/2671
f 1896/3834/2672 1897/3835/2673 1898/3836/2674
f 1899/3837/2675 1900/3838/2676 1901/3839/2677
f 1902/3840/2678 1903/3841/2679 1904/3842/2680
f 1887/3843/2681 1881/3844/2682 1883/3845/2683 1888/3846/2684
f 1882/3820/2685 1884/3822/2686 1886/3824/2687 1883/3821/2688
f 1885/3847/2689 1890/3848/2690 1892/3849/2691 1886/3850/2692
f 1891/3829/2693 1889/3827/2694 1888/3826/2695 1892/3830/2696
f 1899/3837/2697 1887/3825/2698 1889/3827/2699 1900/3838/2700
f 1890/3828/2701 1902/3840/2702 1904/3842/2703 1891/3829/2704
f 1903/3841/2705 1901/3839/2706 1900/3838/2707 1904/3842/2708
f 1893/3851/2709 1899/3852/2710 1901/3853/2711 1894/3854/2712
f 1902/3855/2713 1896/3856/2714 1898/3857/2715 1903/3858/2716
f 1897/3835/2717 1895/3833/2718 1894/3832/2719 1898/3836/2720
f 1881/3819/2721 1893/3831/2722 1895/3833/2723 1882/3820/2724
f 1896/3834/2725 1885/3823/2726 1884/3822/2727 1897/3835/2728
f 1887/3843/2729 1899/3852/2730 1893/3851/2731 1881/3844/2732
f 1883/3859/2733 1886/3860/2734 1892/3861/2735 1888/3862/2736
f 1895/3833/2737 1897/3835/2738 1884/3822/2739 1882/3820/2740
f 1902/3855/2741 1890/3848/2742 1885/3847/2743 1896/3856/2744
f 1889/3827/2745 1891/3829/2746 1904/3842/2747 1900/3838/2748
f 1901/3863/2749 1903/3864/2750 1898/3865/2751 1894/3866/2752
f 1905/3867/2753 1906/3868/2754 1907/3869/2755
f 1908/3870/2756 1909/3871/2757 1910/3872/2758
f 1911/3873/2759 1912/3874/2760 1913/3875/2761
f 1914/3876/2762 1915/3877/2763 1916/3878/2764
f 1917/3879/2765 1918/3880/2766 1919/3881/2767
f 1920/3882/2768 1921/3883/2769 1922/3884/2770
f 1923/3885/2771 1924/3886/2772 1925/3887/2773
f 1926/3888/2774 1927/3889/2775 1928/3890/2776
f 1911/3873/2777 1905/3867/2778 1907/3869/2779 1912/3874/2780
f 1906/3868/2781 1908/3870/2782 1910/3872/2783 1907/3869/2784
f 1909/3871/2785 1914/3876/2786 1916/3878/2787 1910/3872/2788
f 1915/3877/2789 1913/3875/2790 1912/3874/2791 1916/3878/2792
f 1923/3891/2793 1911/3892/2794 1913/3893/2795 1924/3894/2796
f 1914/3895/2797 1926/3896/2798 1928/3897/2799 1915/3898/2800
f 1927/3889/2801 1925/3887/2802 1924/3886/2803 1928/3890/2804
f 1917/3879/2805 1923/3885/2806 1925/3887/2807 1918/3880/2808
f 1926/3888/2809 1920/3882/2810 1922/3884/2811 1927/3889/2812
f 1921/3883/2813 1919/3881/2814 1918/3880/2815 1922/3884/2816
f 1905/3899/2817 1917/3900/2818 1919/3901/2819 1906/3902/2820
f 1920/3903/2821 1909/3904/2822 1908/3905/2823 1921/3906/2824
f 1911/3907/2825 1923/3908/2826 1917/3909/2827 1905/3910/2828
f 1907/3869/2829 1910/3872/2830 1916/3878/2831 1912/3874/2832
f 1919/3901/2833 1921/3906/2834 1908/3905/2835 1906/3902/2836
f 1926/3911/2837 1914/3912/2838 1909/3913/2839 1920/3914/2840
f 1913/3893/2841 1915/3898/2842 1928/3897/2843 1924/3894/2844
f 1925/3887/2845 1927/3889/2846 1922/3884/2847 1918/3880/2848
f 1929/3915/2849 1930/3916/2850 1931/3917/2851
f 1932/3918/2852 1933/3919/2853 1934/3920/2854
f 1935/3921/2855 1936/3922/2856 1937/3923/2857
f 1938/3924/2858 1939/3925/2859 1940/3926/2860
f 1941/3927/2861 1942/3928/2862 1943/3929/2863
f 1944/3930/2864 1945/3931/2865 1946/3932/2866
f 1947/3933/2867 1948/3934/2868 1949/3935/2869
f 1950/3936/2870 1951/3937/2871 1952/3938/2872
f 1935/3921/2873 1929/3915/2874 1931/3917/2875 1936/3922/2876
f 1930/3916/2877 1932/3918/2878 1934/3920/2879 1931/3917/2880
f 1933/3919/2881 1938/3924/2882 1940/3926/2883 1934/3920/2884
f 1939/3925/2885 1937/3923/2886 1936/3922/2887 1940/3926/2888
f 1947/3939/2889 1935/3940/2890 1937/3941/2891 1948/3942/2892
f 1938/3943/2893 1950/3944/2894 1952/3945/2895 1939/3946/2896
f 1951/3937/2897 1949/3935/2898 1948/3934/2899 1952/3938/2900
f 1941/3927/2901 1947/3933/2902 1949/3935/2903 1942/3928/2904
f 1950/3936/2905 1944/3930/2906 1946/3932/2907 1951/3937/2908
f 1945/3931/2909 1943/3929/2910 1942/3928/2911 1946/3932/2912
f 1929/3947/2913 1941/3948/2914 1943/3949/2915 1930/3950/2916
f 1944/3951/2917 1933/3952/2918 1932/3953/2919 1945/3954/2920
f 1935/3955/2921 1947/3956/2922 1941/3957/2923 1929/3958/2924
f 1931/3917/2925 1934/3920/2926 1940/3926/2927 1936/3922/2928
f 1943/3949/2929 1945/3954/2930 1932/3953/2931 1930/3950/2932
f 1950/3959/2933 1938/3960/2838 1933/3961/2934 1944/3962/2935
f 1937/3941/2936 1939/3946/2937 1952/3945/2938 1948/3942/2939
f 1949/3935/2940 1951/3937/2941 1946/3932/2942 1942/3928/2943
f 1953/3963/2944 1954/3964/2945 1955/3965/2946
f 1956/3966/2947 1957/3967/2948 1958/3968/2949
f 1959/3969/2950 1960/3970/2951 1961/3971/2952
f 1962/3972/2953 1963/3973/2954 1964/3974/2955
f 1965/3975/2956 1966/3976/2957 1967/3977/2958
f 1968/3978/2959 1969/3979/2960 1970/3980/2961
f 1971/3981/2962 1972/3982/2963 1973/3983/2964
f 1974/3984/2965 1975/3985/2966 1976/3986/2967
f 1959/3969/2968 1953/3963/2969 1955/3965/2970 1960/3970/2971
f 1954/3964/2972 1956/3966/2973 1958/3968/2974 1955/3965/2975
f 1957/3967/2976 1962/3972/2977 1964/3974/2978 1958/3968/2979
f 1963/3973/2980 1961/3971/2981 1960/3970/2982 1964/3974/2983
f 1971/3987/2984 1959/3988/2985 1961/3989/2986 1972/3990/2987
f 1962/3991/2988 1974/3992/2989 1976/3993/2990 1963/3994/2991
f 1975/3985/2992 1973/3983/2993 1972/3982/2994 1976/3986/2995
f 1965/3975/2996 1971/3981/2997 1973/3983/2998 1966/3976/2999
f 1974/3984/3000 1968/3978/3001 1970/3980/3002 1975/3985/3003
f 1969/3979/3004 1967/3977/3005 1966/3976/3006 1970/3980/3007
f 1953/3995/3008 1965/3996/3009 1967/3997/3010 1954/3998/3011
f 1968/3999/3012 1957/4000/3013 1956/4001/3014 1969/4002/3015
f 1959/4003/3016 1971/4004/3017 1965/4005/3018 1953/4006/3019
f 1955/3965/3020 1958/3968/3021 1964/3974/3022 1960/3970/3023
f 1967/3997/3024 1969/4002/3025 1956/4001/3026 1954/3998/3027
f 1974/4007/2933 1962/4008/2838 1957/4009/3028 1968/4010/3029
f 1961/3989/3030 1963/3994/3031 1976/3993/3032 1972/3990/3033
f 1973/3983/3034 1975/3985/3035 1970/3980/3036 1966/3976/3037
f 1977/4011/3038 1978/4012/3039 1979/4013/3040
f 1980/4014/3041 1981/4015/3042 1982/4016/3043
f 1983/4017/3044 1984/4018/3045 1985/4019/3046
f 1986/4020/3047 1987/4021/3048 1988/4022/3049
f 1989/4023/3050 1990/4024/3051 1991/4025/3052
f 1992/4026/3053 1993/4027/3054 1994/4028/3055
f 1995/4029/3056 1996/4030/3057 1997/4031/3058
f 1998/4032/3059 1999/4033/3060 2000/4034/3061
f 1983/4017/3062 1977/4011/3063 1979/4013/3064 1984/4018/3065
f 1978/4012/3066 1980/4014/3067 1982/4016/3068 1979/4013/3069
f 1981/4015/3070 1986/4020/3071 1988/4022/3072 1982/4016/3073
f 1987/4021/3074 1985/4019/3075 1984/4018/3076 1988/4022/3077
f 1995/4035/3078 1983/4036/3079 1985/4037/3080 1996/4038/3081
f 1986/4039/3082 1998/4040/3083 2000/4041/3084 1987/4042/3085
f 1999/4033/3086 1997/4031/3087 1996/4030/3088 2000/4034/3089
f 1989/4023/3090 1995/4029/3091 1997/4031/3092 1990/4024/3093
f 1998/4032/3094 1992/4026/3095 1994/4028/3096 1999/4033/3097
f 1993/4027/3098 1991/4025/3099 1990/4024/3100 1994/4028/3101
f 1977/4043/3102 1989/4044/3103 1991/4045/3104 1978/4046/3105
f 1992/4047/3106 1981/4048/3107 1980/4049/3108 1993/4050/3109
f 1983/4051/3110 1995/4052/3111 1989/4053/3112 1977/4054/3113
f 1979/4013/3114 1982/4016/3115 1988/4022/3116 1984/4018/3117
f 1991/4045/3118 1993/4050/3119 1980/4049/3120 1978/4046/3121
f 1998/4055/3122 1986/4056/3123 1981/4057/3124 1992/4058/3125
f 1985/4037/3126 1987/4042/3127 2000/4041/3128 1996/4038/3129
f 1997/4031/3130 1999/4033/3131 1994/4028/3132 1990/4024/3133
f 2001/4059/3134 2002/4060/3135 2003/4061/3136
f 2004/4062/3137 2005/4063/3138 2006/4064/3139
f 2007/4065/3140 2008/4066/3141 2009/4067/3142
f 2010/4068/3143 2011/4069/3144 2012/4070/3145
f 2013/4071/3146 2014/4072/3147 2015/4073/3148
f 2016/4074/3149 2017/4075/3150 2018/4076/3151
f 2019/4077/3152 2020/4078/3153 2021/4079/3154
f 2022/4080/3155 2023/4081/3156 2024/4082/3157
f 2007/4065/3158 2001/4059/3159 2003/4061/3160 2008/4066/3161
f 2002/4060/3162 2004/4062/3163 2006/4064/3164 2003/4061/3165
f 2005/4063/3166 2010/4068/3167 2012/4070/3168 2006/4064/3169
f 2011/4069/3170 2009/4067/3171 2008/4066/3172 2012/4070/3173
f 2019/4083/3174 2007/4084/3175 2009/4085/3176 2020/4086/3177
f 2010/4087/3178 2022/4088/3179 2024/4089/3180 2011/4090/3181
f 2023/4081/3182 2021/4079/3183 2020/4078/3184 2024/4082/3185
f 2013/4071/3186 2019/4077/3187 2021/4079/3188 2014/4072/3189
f 2022/4080/3190 2016/4074/3191 2018/4076/3192 2023/4081/3193
f 2017/4075/3194 2015/4073/3195 2014/4072/3196 2018/4076/3197
f 2001/4091/3198 2013/4092/3199 2015/4093/3200 2002/4094/3201
f 2016/4095/3202 2005/4096/3203 2004/4097/3204 2017/4098/3205
f 2007/4099/3110 2019/4100/3206 2013/4101/3207 2001/4102/3208
f 2003/4061/3209 2006/4064/3210 2012/4070/3211 2008/4066/3212
f 2015/4093/3213 2017/4098/3214 2004/4097/3215 2002/4094/3216
f 2022/4103/3217 2010/4104/3218 2005/4105/3219 2016/4106/3220
f 2009/4085/3221 2011/4090/3222 2024/4089/3223 2020/4086/3224
f 2021/4079/3225 2023/4081/3226 2018/4076/3227 2014/4072/3228
f 2025/4107/3229 2026/4108/3230 2027/4109/3231
f 2028/4110/3232 2029/4111/3233 2030/4112/3234
f 2031/4113/3235 2032/4114/3236 2033/4115/3237
f 2034/4116/3238 2035/4117/3239 2036/4118/3240
f 2037/4119/3241 2038/4120/3242 2039/4121/3243
f 2040/4122/3244 2041/4123/3245 2042/4124/3246
f 2043/4125/3247 2044/4126/3248 2045/4127/3249
f 2046/4128/3250 2047/4129/3251 2048/4130/3252
f 2031/4113/3253 2025/4107/3254 2027/4109/3255 2032/4114/3256
f 2026/4108/3257 2028/4110/3258 2030/4112/3259 2027/4109/3260
f 2029/4111/3261 2034/4116/3262 2036/4118/3263 2030/4112/3264
f 2035/4117/3265 2033/4115/3266 2032/4114/3267 2036/4118/3268
f 2043/4131/3269 2031/4132/3270 2033/4133/3271 2044/4134/3272
f 2034/4135/3273 2046/4136/3274 2048/4137/3275 2035/4138/3276
f 2047/4129/3277 2045/4127/3278 2044/4126/3279 2048/4130/3280
f 2037/4119/3281 2043/4125/3282 2045/4127/3283 2038/4120/3284
f 2046/4128/3285 2040/4122/3286 2042/4124/3287 2047/4129/3288
f 2041/4123/3289 2039/4121/3290 2038/4120/3291 2042/4124/3292
f 2025/4139/3293 2037/4140/3294 2039/4141/3295 2026/4142/3296
f 2040/4143/3297 2029/4144/3298 2028/4145/3299 2041/4146/3300
f 2031/4132/3301 2043/4131/3302 2037/4140/3303 2025/4139/3304
f 2027/4109/3305 2030/4112/3306 2036/4118/3307 2032/4114/3308
f 2039/4147/3309 2041/4148/3310 2028/4149/3311 2026/4150/3312
f 2046/4136/3313 2034/4135/3314 2029/4144/3315 2040/4143/3316
f 2033/4151/3317 2035/4152/3318 2048/4153/3319 2044/4154/3320
f 2045/4127/3321 2047/4129/3322 2042/4124/3323 2038/4120/3324
f 2049/4155/3325 2050/4156/3326 2051/4157/3327
f 2052/4158/3328 2053/4159/3329 2054/4160/3330
f 2055/4161/3331 2056/4162/3332 2057/4163/3333
f 2058/4164/3334 2059/4165/3335 2060/4166/3336
f 2061/4167/3337 2062/4168/3338 2063/4169/3339
f 2064/4170/3340 2065/4171/3341 2066/4172/3342
f 2067/4173/3343 2068/4174/3344 2069/4175/3345
f 2070/4176/3346 2071/4177/3347 2072/4178/3348
f 2055/4161/3349 2049/4155/3350 2051/4157/3351 2056/4162/3352
f 2050/4156/3353 2052/4158/3354 2054/4160/3355 2051/4157/3356
f 2053/4159/3357 2058/4164/3358 2060/4166/3359 2054/4160/3360
f 2059/4165/3361 2057/4163/3362 2056/4162/3363 2060/4166/3364
f 2067/4179/3365 2055/4180/3366 2057/4181/3367 2068/4182/3368
f 2058/4183/3369 2070/4184/3370 2072/4185/3371 2059/4186/3372
f 2071/4177/3373 2069/4175/3374 2068/4174/3375 2072/4178/3376
f 2061/4167/3377 2067/4173/3378 2069/4175/3379 2062/4168/3380
f 2070/4176/3381 2064/4170/3382 2066/4172/3383 2071/4177/3384
f 2065/4171/3385 2063/4169/3386 2062/4168/3387 2066/4172/3388
f 2049/4187/3389 2061/4188/3390 2063/4189/3391 2050/4190/3392
f 2064/4191/3393 2053/4192/3394 2052/4193/3395 2065/4194/3396
f 2055/4180/3397 2067/4179/3398 2061/4188/3399 2049/4187/3400
f 2051/4157/3401 2054/4160/3402 2060/4166/3403 2056/4162/3404
f 2063/4195/3405 2065/4196/3406 2052/4197/3407 2050/4198/3408
f 2070/4184/3409 2058/4183/3410 2053/4192/3411 2064/4191/3412
f 2057/4199/3413 2059/4200/3414 2072/4201/3415 2068/4202/3416
f 2069/4175/3417 2071/4177/3418 2066/4172/3419 2062/4168/3420
