# Blender 5.1.1
# www.blender.org
mtllib fallback_snap_back_v11_LOCKED_TEXTURE.mtl
o SnapBack_v10_LOCKED_WORKING_SIZE_Handle
v 0.000000 0.209764 0.079415
v 0.000000 0.204415 0.075236
v 0.000000 0.200236 0.080585
v 0.001041 0.208862 0.077347
v 0.001804 0.206926 0.075990
v 0.002083 0.204473 0.075708
v 0.001804 0.202161 0.076575
v 0.001041 0.200611 0.078360
v 0.001876 0.208944 0.078008
v 0.003250 0.207066 0.077135
v 0.003753 0.204635 0.077030
v 0.003250 0.202302 0.077720
v 0.001876 0.200692 0.079021
v 0.002340 0.209061 0.078963
v 0.004053 0.207269 0.078789
v 0.004680 0.204870 0.078940
v 0.004053 0.202505 0.079374
v 0.002340 0.200809 0.079977
v 0.002340 0.209191 0.080023
v 0.004053 0.207495 0.080626
v 0.004680 0.205130 0.081060
v 0.004053 0.202731 0.081211
v 0.002340 0.200939 0.081037
v 0.001876 0.209308 0.080979
v 0.003250 0.207698 0.082280
v 0.003753 0.205365 0.082970
v 0.003250 0.202934 0.082865
v 0.001876 0.201056 0.081992
v 0.001041 0.209389 0.081640
v 0.001804 0.207839 0.083425
v 0.002083 0.205527 0.084292
v 0.001804 0.203074 0.084010
v 0.001041 0.201138 0.082653
v -0.000000 0.209418 0.081876
v -0.000000 0.207889 0.083833
v -0.000000 0.205585 0.084764
v -0.000000 0.203124 0.084418
v -0.000000 0.201167 0.082889
v -0.001041 0.209389 0.081640
v -0.001804 0.207839 0.083425
v -0.002083 0.205527 0.084292
v -0.001804 0.203074 0.084010
v -0.001041 0.201138 0.082653
v -0.001876 0.209308 0.080979
v -0.003250 0.207698 0.082280
v -0.003753 0.205365 0.082970
v -0.003250 0.202934 0.082865
v -0.001876 0.201056 0.081992
v -0.002340 0.209191 0.080023
v -0.004053 0.207495 0.080626
v -0.004680 0.205130 0.081060
v -0.004053 0.202731 0.081211
v -0.002340 0.200939 0.081037
v -0.002340 0.209061 0.078963
v -0.004053 0.207269 0.078789
v -0.004680 0.204870 0.078940
v -0.004053 0.202505 0.079374
v -0.002340 0.200809 0.079977
v -0.001876 0.208944 0.078008
v -0.003250 0.207066 0.077135
v -0.003753 0.204635 0.077030
v -0.003250 0.202302 0.077720
v -0.001876 0.200692 0.079021
v -0.001041 0.208862 0.077347
v -0.001804 0.206926 0.075990
v -0.002083 0.204473 0.075708
v -0.001804 0.202161 0.076575
v -0.001041 0.200611 0.078360
v 0.000000 0.208833 0.077111
v 0.000000 0.206876 0.075582
v 0.000000 0.202111 0.076167
v 0.000000 0.200582 0.078124
v 0.000000 0.209292 0.077352
v 0.000000 0.208778 0.075941
v 0.000000 0.207005 0.075221
v 0.000000 0.204650 0.075467
v 0.000000 0.202613 0.076585
v 0.000000 0.201671 0.078148
v 0.001185 0.208750 0.076140
v 0.001917 0.206959 0.075543
v 0.001917 0.204604 0.075789
v 0.001185 0.202584 0.076785
v 0.002052 0.208671 0.076684
v 0.003321 0.206832 0.076424
v 0.003321 0.204477 0.076670
v 0.002052 0.202506 0.077329
v 0.002370 0.208564 0.077428
v 0.003835 0.206659 0.077627
v 0.003835 0.204304 0.077873
v 0.002370 0.202399 0.078072
v 0.002052 0.208457 0.078171
v 0.003321 0.206486 0.078830
v 0.003321 0.204131 0.079076
v 0.002052 0.202292 0.078816
v 0.001185 0.208379 0.078716
v 0.001917 0.206359 0.079711
v 0.001917 0.204004 0.079957
v 0.001185 0.202213 0.079360
v 0.000000 0.208350 0.078915
v -0.000000 0.206313 0.080033
v -0.000000 0.203958 0.080279
v 0.000000 0.202185 0.079559
v -0.001185 0.208379 0.078716
v -0.001917 0.206359 0.079711
v -0.001917 0.204004 0.079957
v -0.001185 0.202213 0.079360
v -0.002052 0.208457 0.078171
v -0.003321 0.206486 0.078830
v -0.003321 0.204131 0.079076
v -0.002052 0.202292 0.078816
v -0.002370 0.208564 0.077428
v -0.003835 0.206659 0.077627
v -0.003835 0.204304 0.077873
v -0.002370 0.202399 0.078072
v -0.002052 0.208671 0.076684
v -0.003321 0.206832 0.076424
v -0.003321 0.204477 0.076670
v -0.002052 0.202506 0.077329
v -0.001185 0.208750 0.076140
v -0.001917 0.206959 0.075543
v -0.001917 0.204604 0.075789
v -0.001185 0.202584 0.076785
v -0.004020 0.199133 0.084209
v -0.004020 0.199135 0.084221
v -0.004032 0.199137 0.084208
v -0.004020 0.201593 0.083964
v -0.004020 0.201599 0.083951
v -0.004032 0.201595 0.083951
v -0.004020 0.200329 0.075900
v -0.004032 0.200332 0.075899
v -0.004020 0.200334 0.075887
v -0.004020 0.202794 0.075642
v -0.004020 0.202792 0.075630
v -0.004032 0.202790 0.075642
v 0.004020 0.199133 0.084209
v 0.004032 0.199137 0.084208
v 0.004020 0.199135 0.084221
v 0.004020 0.201599 0.083951
v 0.004020 0.201593 0.083964
v 0.004032 0.201595 0.083951
v 0.004020 0.200329 0.075900
v 0.004020 0.200334 0.075887
v 0.004032 0.200332 0.075899
v 0.004020 0.202794 0.075642
v 0.004032 0.202790 0.075642
v 0.004020 0.202792 0.075630
v 0.000000 0.208152 0.083359
v 0.000000 0.206976 0.082180
v 0.000000 0.204755 0.081656
v 0.000000 0.202338 0.081986
v 0.000000 0.200647 0.083044
v 0.000000 0.200328 0.084427
v 0.000790 0.207033 0.082352
v 0.001278 0.204848 0.081933
v 0.001278 0.202431 0.082263
v 0.000790 0.200704 0.083216
v 0.001368 0.207190 0.082821
v 0.002214 0.205102 0.082692
v 0.002214 0.202684 0.083022
v 0.001368 0.200861 0.083685
v 0.001580 0.207404 0.083461
v 0.002556 0.205449 0.083728
v 0.002556 0.203031 0.084058
v 0.001580 0.201075 0.084325
v 0.001368 0.207619 0.084101
v 0.002214 0.205795 0.084764
v 0.002214 0.203378 0.085094
v 0.001368 0.201290 0.084965
v 0.000790 0.207776 0.084570
v 0.001278 0.206049 0.085523
v 0.001278 0.203632 0.085853
v 0.000790 0.201447 0.085434
v 0.000000 0.207833 0.084742
v -0.000000 0.206142 0.085800
v -0.000000 0.203725 0.086130
v 0.000000 0.201504 0.085606
v -0.000790 0.207776 0.084570
v -0.001278 0.206049 0.085523
v -0.001278 0.203632 0.085853
v -0.000790 0.201447 0.085434
v -0.001368 0.207619 0.084101
v -0.002214 0.205795 0.084764
v -0.002214 0.203378 0.085094
v -0.001368 0.201290 0.084965
v -0.001580 0.207404 0.083461
v -0.002556 0.205449 0.083728
v -0.002556 0.203031 0.084058
v -0.001580 0.201075 0.084325
v -0.001368 0.207190 0.082821
v -0.002214 0.205102 0.082692
v -0.002214 0.202684 0.083022
v -0.001368 0.200861 0.083685
v -0.000790 0.207033 0.082352
v -0.001278 0.204848 0.081933
v -0.001278 0.202431 0.082263
v -0.000790 0.200704 0.083216
v -0.001728 0.203282 0.086922
v -0.001301 0.203485 0.084889
v -0.001037 0.202630 0.083721
v -0.001037 0.201042 0.083866
v -0.001301 0.199329 0.085266
v -0.001728 0.198144 0.087388
v -0.000781 0.203293 0.085463
v -0.000196 0.202319 0.084651
v -0.000196 0.200732 0.084795
v -0.000781 0.199137 0.085841
v -0.000515 0.202967 0.086440
v 0.000234 0.201791 0.086232
v 0.000234 0.200203 0.086376
v -0.000515 0.198810 0.086818
v -0.000574 0.202593 0.087558
v 0.000139 0.201186 0.088041
v 0.000139 0.199598 0.088185
v -0.000574 0.198436 0.087936
v -0.000942 0.202272 0.088518
v -0.000457 0.200667 0.089593
v -0.000457 0.199079 0.089738
v -0.000942 0.198115 0.088895
v -0.001521 0.202090 0.089061
v -0.001393 0.200373 0.090473
v -0.001393 0.198785 0.090617
v -0.001521 0.197934 0.089439
v -0.002155 0.202096 0.089044
v -0.002419 0.200383 0.090444
v -0.002419 0.198795 0.090588
v -0.002155 0.197940 0.089421
v -0.002675 0.202288 0.088469
v -0.003260 0.200693 0.089515
v -0.003260 0.199106 0.089659
v -0.002675 0.198132 0.088846
v -0.002941 0.202615 0.087492
v -0.003690 0.201222 0.087933
v -0.003690 0.199634 0.088078
v -0.002941 0.198458 0.087869
v -0.002882 0.202989 0.086374
v -0.003595 0.201827 0.086124
v -0.003595 0.200239 0.086268
v -0.002882 0.198832 0.086751
v -0.002514 0.203310 0.085414
v -0.002999 0.202346 0.084572
v -0.002999 0.200758 0.084716
v -0.002514 0.199153 0.085792
v -0.001935 0.203491 0.084871
v -0.002063 0.202640 0.083693
v -0.002063 0.201052 0.083837
v -0.001935 0.199335 0.085248
v 0.001728 0.203282 0.086922
v 0.001301 0.203485 0.084889
v 0.001037 0.202630 0.083721
v 0.001037 0.201042 0.083866
v 0.001301 0.199329 0.085266
v 0.001728 0.198144 0.087388
v 0.001935 0.203491 0.084871
v 0.002063 0.202640 0.083693
v 0.002063 0.201052 0.083837
v 0.001935 0.199335 0.085248
v 0.002514 0.203310 0.085414
v 0.002999 0.202346 0.084572
v 0.002999 0.200758 0.084716
v 0.002514 0.199153 0.085792
v 0.002882 0.202989 0.086374
v 0.003595 0.201827 0.086124
v 0.003595 0.200239 0.086268
v 0.002882 0.198832 0.086751
v 0.002941 0.202615 0.087492
v 0.003690 0.201222 0.087933
v 0.003690 0.199634 0.088078
v 0.002941 0.198458 0.087869
v 0.002675 0.202288 0.088469
v 0.003260 0.200693 0.089515
v 0.003260 0.199106 0.089659
v 0.002675 0.198132 0.088846
v 0.002155 0.202096 0.089044
v 0.002419 0.200383 0.090444
v 0.002419 0.198795 0.090588
v 0.002155 0.197940 0.089421
v 0.001521 0.202090 0.089061
v 0.001393 0.200373 0.090473
v 0.001393 0.198785 0.090617
v 0.001521 0.197934 0.089439
v 0.000942 0.202272 0.088518
v 0.000457 0.200667 0.089593
v 0.000457 0.199079 0.089738
v 0.000942 0.198115 0.088895
v 0.000574 0.202593 0.087558
v -0.000139 0.201186 0.088041
v -0.000139 0.199598 0.088185
v 0.000574 0.198436 0.087936
v 0.000515 0.202967 0.086440
v -0.000234 0.201791 0.086232
v -0.000234 0.200203 0.086376
v 0.000515 0.198810 0.086818
v 0.000781 0.203293 0.085463
v 0.000196 0.202319 0.084651
v 0.000196 0.200732 0.084795
v 0.000781 0.199137 0.085841
v -0.003024 0.201516 0.089288
v -0.003024 0.201420 0.088340
v -0.003024 0.200530 0.088024
v -0.003024 0.199367 0.088526
v -0.003024 0.198611 0.089552
v -0.002737 0.201357 0.088528
v -0.002618 0.200441 0.088291
v -0.002737 0.199304 0.088715
v -0.002559 0.201192 0.089022
v -0.002367 0.200208 0.088989
v -0.002559 0.199139 0.089208
v -0.002559 0.200988 0.089632
v -0.002367 0.199919 0.089851
v -0.002559 0.198935 0.089818
v -0.002737 0.200823 0.090125
v -0.002618 0.199686 0.090549
v -0.002737 0.198770 0.090311
v -0.003024 0.200760 0.090313
v -0.003024 0.199597 0.090815
v -0.003024 0.198707 0.090500
v -0.003311 0.200823 0.090125
v -0.003430 0.199686 0.090549
v -0.003311 0.198770 0.090311
v -0.003489 0.200988 0.089632
v -0.003681 0.199919 0.089851
v -0.003489 0.198935 0.089818
v -0.003489 0.201192 0.089022
v -0.003681 0.200208 0.088989
v -0.003489 0.199139 0.089208
v -0.003311 0.201357 0.088528
v -0.003430 0.200441 0.088291
v -0.003311 0.199304 0.088715
v 0.003024 0.201516 0.089288
v 0.003024 0.201420 0.088340
v 0.003024 0.200530 0.088024
v 0.003024 0.199367 0.088526
v 0.003024 0.198611 0.089552
v 0.003311 0.201357 0.088528
v 0.003430 0.200441 0.088291
v 0.003311 0.199304 0.088715
v 0.003489 0.201192 0.089022
v 0.003681 0.200208 0.088989
v 0.003489 0.199139 0.089208
v 0.003489 0.200988 0.089632
v 0.003681 0.199919 0.089851
v 0.003489 0.198935 0.089818
v 0.003311 0.200823 0.090125
v 0.003430 0.199686 0.090549
v 0.003311 0.198770 0.090311
v 0.003024 0.200760 0.090313
v 0.003024 0.199597 0.090815
v 0.003024 0.198707 0.090500
v 0.002737 0.200823 0.090125
v 0.002618 0.199686 0.090549
v 0.002737 0.198770 0.090311
v 0.002559 0.200988 0.089632
v 0.002367 0.199919 0.089851
v 0.002559 0.198935 0.089818
v 0.002559 0.201192 0.089022
v 0.002367 0.200208 0.088989
v 0.002559 0.199139 0.089208
v 0.002737 0.201357 0.088528
v 0.002618 0.200441 0.088291
v 0.002737 0.199304 0.088715
v -0.003089 0.202156 0.087047
v -0.003089 0.202158 0.087048
v -0.003091 0.202158 0.087046
v -0.003089 0.203495 0.086926
v -0.003089 0.203497 0.086926
v -0.003091 0.203496 0.086924
v -0.002971 0.202328 0.086535
v -0.002974 0.202329 0.086534
v -0.002971 0.202329 0.086535
v -0.002971 0.203668 0.086413
v -0.002971 0.203667 0.086413
v -0.002974 0.203667 0.086412
v -0.000965 0.201748 0.088269
v -0.000962 0.201749 0.088270
v -0.000965 0.201749 0.088270
v -0.000965 0.203088 0.088147
v -0.000965 0.203087 0.088148
v -0.000962 0.203087 0.088149
v -0.000847 0.201919 0.087757
v -0.000847 0.201921 0.087756
v -0.000845 0.201920 0.087758
v -0.000847 0.203259 0.087635
v -0.000845 0.203258 0.087637
v -0.000847 0.203258 0.087635
v 0.000965 0.201748 0.088269
v 0.000965 0.201749 0.088270
v 0.000962 0.201749 0.088270
v 0.000965 0.203087 0.088148
v 0.000965 0.203088 0.088147
v 0.000962 0.203087 0.088149
v 0.000847 0.201919 0.087757
v 0.000845 0.201920 0.087758
v 0.000847 0.201921 0.087756
v 0.000847 0.203259 0.087635
v 0.000847 0.203258 0.087635
v 0.000845 0.203258 0.087637
v 0.003089 0.202156 0.087047
v 0.003091 0.202158 0.087046
v 0.003089 0.202158 0.087048
v 0.003089 0.203497 0.086926
v 0.003089 0.203495 0.086926
v 0.003091 0.203496 0.086924
v 0.002971 0.202328 0.086535
v 0.002971 0.202329 0.086535
v 0.002974 0.202329 0.086534
v 0.002971 0.203668 0.086413
v 0.002974 0.203667 0.086412
v 0.002971 0.203667 0.086413
v -0.000368 0.198763 0.090070
v -0.000367 0.198764 0.090072
v -0.000368 0.198765 0.090071
v -0.000367 0.200548 0.089910
v -0.000368 0.200550 0.089908
v -0.000368 0.200548 0.089909
v -0.001192 0.199385 0.088210
v -0.001193 0.199387 0.088211
v -0.001193 0.199387 0.088208
v -0.001192 0.201172 0.088048
v -0.001193 0.201171 0.088046
v -0.001193 0.201170 0.088049
v 0.000040 0.198914 0.089619
v 0.000041 0.198916 0.089618
v 0.000041 0.198915 0.089621
v 0.000040 0.200701 0.089457
v 0.000041 0.200699 0.089459
v 0.000041 0.200699 0.089456
v -0.000784 0.199536 0.087759
v -0.000785 0.199538 0.087757
v -0.000784 0.199538 0.087758
v -0.000784 0.201323 0.087597
v -0.000784 0.201321 0.087596
v -0.000785 0.201322 0.087595
v -0.000040 0.198914 0.089619
v -0.000041 0.198915 0.089621
v -0.000041 0.198916 0.089618
v -0.000041 0.200699 0.089459
v -0.000040 0.200701 0.089457
v -0.000041 0.200699 0.089456
v 0.000784 0.199536 0.087759
v 0.000784 0.199538 0.087758
v 0.000785 0.199538 0.087757
v 0.000784 0.201323 0.087597
v 0.000785 0.201322 0.087595
v 0.000784 0.201321 0.087596
v 0.000368 0.198763 0.090070
v 0.000368 0.198765 0.090071
v 0.000367 0.198764 0.090072
v 0.000368 0.200550 0.089908
v 0.000367 0.200548 0.089910
v 0.000368 0.200548 0.089909
v 0.001192 0.199385 0.088210
v 0.001193 0.199387 0.088208
v 0.001193 0.199387 0.088211
v 0.001192 0.201172 0.088048
v 0.001193 0.201170 0.088049
v 0.001193 0.201171 0.088046
v -0.002362 0.208418 0.081721
v -0.002362 0.208421 0.081721
v -0.002369 0.208421 0.081721
v -0.002362 0.210322 0.081514
v -0.002362 0.210325 0.081513
v -0.002369 0.210322 0.081513
v -0.002362 0.208446 0.081367
v -0.002369 0.208449 0.081367
v -0.002362 0.208449 0.081367
v -0.002362 0.210352 0.081159
v -0.002362 0.210350 0.081159
v -0.002369 0.210350 0.081160
v 0.002362 0.208418 0.081721
v 0.002369 0.208421 0.081721
v 0.002362 0.208421 0.081721
v 0.002362 0.210325 0.081513
v 0.002362 0.210322 0.081514
v 0.002369 0.210322 0.081513
v 0.002362 0.208446 0.081367
v 0.002362 0.208449 0.081367
v 0.002369 0.208449 0.081367
v 0.002362 0.210352 0.081159
v 0.002369 0.210350 0.081160
v 0.002362 0.210350 0.081159
v -0.001537 0.210007 0.081259
v -0.001537 0.210008 0.081259
v -0.001540 0.210008 0.081259
v -0.001537 0.210903 0.081162
v -0.001537 0.210904 0.081161
v -0.001540 0.210903 0.081161
v -0.001537 0.210019 0.081112
v -0.001540 0.210020 0.081112
v -0.001537 0.210020 0.081112
v -0.001537 0.210916 0.081014
v -0.001537 0.210915 0.081014
v -0.001540 0.210915 0.081014
v 0.001537 0.210007 0.081259
v 0.001540 0.210008 0.081259
v 0.001537 0.210008 0.081259
v 0.001537 0.210904 0.081161
v 0.001537 0.210903 0.081162
v 0.001540 0.210903 0.081161
v 0.001537 0.210019 0.081112
v 0.001537 0.210020 0.081112
v 0.001540 0.210020 0.081112
v 0.001537 0.210916 0.081014
v 0.001540 0.210915 0.081014
v 0.001537 0.210915 0.081014
v -0.002922 0.209000 0.080344
v -0.002922 0.209003 0.080345
v -0.002930 0.209003 0.080344
v -0.002922 0.210904 0.080137
v -0.002922 0.210907 0.080136
v -0.002930 0.210904 0.080137
v -0.002922 0.209028 0.079991
v -0.002930 0.209031 0.079991
v -0.002922 0.209031 0.079990
v -0.002922 0.210935 0.079783
v -0.002922 0.210932 0.079783
v -0.002930 0.210932 0.079783
v 0.002922 0.209000 0.080344
v 0.002930 0.209003 0.080344
v 0.002922 0.209003 0.080345
v 0.002922 0.210907 0.080136
v 0.002922 0.210904 0.080137
v 0.002930 0.210904 0.080137
v 0.002922 0.209028 0.079991
v 0.002922 0.209031 0.079990
v 0.002930 0.209031 0.079991
v 0.002922 0.210935 0.079783
v 0.002930 0.210932 0.079783
v 0.002922 0.210932 0.079783
v -0.001901 0.210589 0.079883
v -0.001901 0.210590 0.079883
v -0.001905 0.210590 0.079883
v -0.001901 0.211486 0.079785
v -0.001901 0.211486 0.079785
v -0.001905 0.211486 0.079785
v -0.001901 0.210601 0.079735
v -0.001905 0.210602 0.079735
v -0.001901 0.210602 0.079735
v -0.001901 0.211498 0.079637
v -0.001901 0.211497 0.079637
v -0.001905 0.211497 0.079637
v 0.001901 0.210589 0.079883
v 0.001905 0.210590 0.079883
v 0.001901 0.210590 0.079883
v 0.001901 0.211486 0.079785
v 0.001901 0.211486 0.079785
v 0.001905 0.211486 0.079785
v 0.001901 0.210601 0.079735
v 0.001901 0.210602 0.079735
v 0.001905 0.210602 0.079735
v 0.001901 0.211498 0.079637
v 0.001905 0.211497 0.079637
v 0.001901 0.211497 0.079637
v -0.003482 0.209583 0.078968
v -0.003482 0.209585 0.078968
v -0.003492 0.209585 0.078968
v -0.003482 0.211486 0.078761
v -0.003482 0.211489 0.078760
v -0.003492 0.211486 0.078760
v -0.003482 0.209610 0.078614
v -0.003492 0.209613 0.078614
v -0.003482 0.209613 0.078613
v -0.003482 0.211517 0.078406
v -0.003482 0.211514 0.078406
v -0.003492 0.211514 0.078407
v 0.003482 0.209583 0.078968
v 0.003492 0.209585 0.078968
v 0.003482 0.209585 0.078968
v 0.003482 0.211489 0.078760
v 0.003482 0.211486 0.078761
v 0.003492 0.211486 0.078760
v 0.003482 0.209610 0.078614
v 0.003482 0.209613 0.078613
v 0.003492 0.209613 0.078614
v 0.003482 0.211517 0.078406
v 0.003492 0.211514 0.078407
v 0.003482 0.211514 0.078406
v -0.002265 0.211172 0.078506
v -0.002265 0.211172 0.078506
v -0.002270 0.211172 0.078506
v -0.002265 0.212068 0.078409
v -0.002265 0.212069 0.078408
v -0.002270 0.212068 0.078408
v -0.002265 0.211183 0.078359
v -0.002270 0.211184 0.078359
v -0.002265 0.211184 0.078358
v -0.002265 0.212080 0.078261
v -0.002265 0.212079 0.078261
v -0.002270 0.212079 0.078261
v 0.002265 0.211172 0.078506
v 0.002270 0.211172 0.078506
v 0.002265 0.211172 0.078506
v 0.002265 0.212069 0.078408
v 0.002265 0.212068 0.078409
v 0.002270 0.212068 0.078408
v 0.002265 0.211183 0.078359
v 0.002265 0.211184 0.078358
v 0.002270 0.211184 0.078359
v 0.002265 0.212080 0.078261
v 0.002270 0.212079 0.078261
v 0.002265 0.212079 0.078261
v -0.003233 0.209983 0.077608
v -0.003233 0.209986 0.077608
v -0.003242 0.209986 0.077608
v -0.003233 0.211886 0.077401
v -0.003233 0.211889 0.077400
v -0.003242 0.211886 0.077400
v -0.003233 0.210011 0.077254
v -0.003242 0.210014 0.077254
v -0.003233 0.210014 0.077253
v -0.003233 0.211917 0.077046
v -0.003233 0.211914 0.077046
v -0.003242 0.211914 0.077047
v 0.003233 0.209983 0.077608
v 0.003242 0.209986 0.077608
v 0.003233 0.209986 0.077608
v 0.003233 0.211889 0.077400
v 0.003233 0.211886 0.077401
v 0.003242 0.211886 0.077400
v 0.003233 0.210011 0.077254
v 0.003233 0.210014 0.077253
v 0.003242 0.210014 0.077254
v 0.003233 0.211917 0.077046
v 0.003242 0.211914 0.077047
v 0.003233 0.211914 0.077046
v -0.002103 0.211572 0.077146
v -0.002103 0.211573 0.077146
v -0.002108 0.211573 0.077146
v -0.002103 0.212468 0.077048
v -0.002103 0.212469 0.077048
v -0.002108 0.212468 0.077048
v -0.002103 0.211584 0.076999
v -0.002108 0.211585 0.076999
v -0.002103 0.211585 0.076998
v -0.002103 0.212481 0.076901
v -0.002103 0.212480 0.076901
v -0.002108 0.212480 0.076901
v 0.002103 0.211572 0.077146
v 0.002108 0.211573 0.077146
v 0.002103 0.211573 0.077146
v 0.002103 0.212469 0.077048
v 0.002103 0.212468 0.077048
v 0.002108 0.212468 0.077048
v 0.002103 0.211584 0.076999
v 0.002103 0.211585 0.076998
v 0.002108 0.211585 0.076999
v 0.002103 0.212481 0.076901
v 0.002108 0.212480 0.076901
v 0.002103 0.212480 0.076901
v -0.002704 0.210295 0.076329
v -0.002704 0.210298 0.076330
v -0.002712 0.210298 0.076329
v -0.002704 0.212199 0.076122
v -0.002704 0.212202 0.076121
v -0.002712 0.212199 0.076122
v -0.002704 0.210323 0.075976
v -0.002712 0.210326 0.075975
v -0.002704 0.210326 0.075975
v -0.002704 0.212230 0.075768
v -0.002704 0.212227 0.075768
v -0.002712 0.212227 0.075768
v 0.002704 0.210295 0.076329
v 0.002712 0.210298 0.076329
v 0.002704 0.210298 0.076330
v 0.002704 0.212202 0.076121
v 0.002704 0.212199 0.076122
v 0.002712 0.212199 0.076122
v 0.002704 0.210323 0.075976
v 0.002704 0.210326 0.075975
v 0.002712 0.210326 0.075975
v 0.002704 0.212230 0.075768
v 0.002712 0.212227 0.075768
v 0.002704 0.212227 0.075768
v -0.001759 0.211884 0.075868
v -0.001759 0.211885 0.075868
v -0.001763 0.211885 0.075868
v -0.001759 0.212781 0.075770
v -0.001759 0.212782 0.075770
v -0.001763 0.212781 0.075770
v -0.001759 0.211896 0.075720
v -0.001763 0.211897 0.075720
v -0.001759 0.211897 0.075720
v -0.001759 0.212793 0.075622
v -0.001759 0.212792 0.075622
v -0.001763 0.212792 0.075622
v 0.001759 0.211884 0.075868
v 0.001763 0.211885 0.075868
v 0.001759 0.211885 0.075868
v 0.001759 0.212782 0.075770
v 0.001759 0.212781 0.075770
v 0.001763 0.212781 0.075770
v 0.001759 0.211896 0.075720
v 0.001759 0.211897 0.075720
v 0.001763 0.211897 0.075720
v 0.001759 0.212793 0.075622
v 0.001763 0.212792 0.075622
v 0.001759 0.212792 0.075622
v -0.001082 0.211861 0.080343
v -0.001109 0.211837 0.080350
v -0.001120 0.211780 0.080357
v -0.001109 0.211725 0.080360
v -0.001082 0.211704 0.080357
v -0.001104 0.211851 0.080306
v -0.001113 0.211801 0.080295
v -0.001104 0.211740 0.080316
v -0.001087 0.211858 0.080285
v -0.001088 0.211811 0.080265
v -0.001087 0.211747 0.080295
v -0.001067 0.211854 0.080299
v -0.001060 0.211804 0.080285
v -0.001067 0.211742 0.080309
v -0.001056 0.211840 0.080340
v -0.001045 0.211785 0.080344
v -0.001056 0.211728 0.080351
v -0.001060 0.211825 0.080384
v -0.001051 0.211764 0.080406
v -0.001060 0.211714 0.080395
v -0.001078 0.211818 0.080405
v -0.001076 0.211754 0.080436
v -0.001078 0.211706 0.080416
v -0.001098 0.211823 0.080391
v -0.001105 0.211761 0.080415
v -0.001098 0.211711 0.080401
v -0.000825 0.211542 0.080864
v -0.000850 0.211523 0.080857
v -0.000860 0.211471 0.080859
v -0.000850 0.211418 0.080867
v -0.000825 0.211393 0.080877
v -0.000837 0.211535 0.080820
v -0.000843 0.211489 0.080806
v -0.000837 0.211430 0.080830
v -0.000818 0.211539 0.080810
v -0.000815 0.211494 0.080791
v -0.000818 0.211433 0.080819
v -0.000802 0.211531 0.080832
v -0.000793 0.211483 0.080823
v -0.000802 0.211426 0.080842
v -0.000800 0.211517 0.080874
v -0.000790 0.211464 0.080882
v -0.000800 0.211412 0.080884
v -0.000813 0.211505 0.080911
v -0.000808 0.211446 0.080935
v -0.000813 0.211400 0.080921
v -0.000833 0.211501 0.080922
v -0.000836 0.211441 0.080950
v -0.000833 0.211396 0.080931
v -0.000848 0.211509 0.080899
v -0.000858 0.211451 0.080918
v -0.000848 0.211403 0.080909
v -0.002643 0.211678 0.080678
v -0.002665 0.211656 0.080596
v -0.002675 0.211545 0.080572
v -0.002665 0.211410 0.080619
v -0.002643 0.211330 0.080710
v -0.002603 0.211659 0.080586
v -0.002587 0.211550 0.080557
v -0.002603 0.211413 0.080608
v -0.002565 0.211644 0.080632
v -0.002532 0.211528 0.080622
v -0.002565 0.211398 0.080655
v -0.002572 0.211618 0.080708
v -0.002542 0.211492 0.080730
v -0.002572 0.211373 0.080731
v -0.002620 0.211598 0.080769
v -0.002611 0.211463 0.080816
v -0.002620 0.211352 0.080792
v -0.002682 0.211594 0.080780
v -0.002699 0.211458 0.080831
v -0.002682 0.211349 0.080802
v -0.002721 0.211610 0.080733
v -0.002753 0.211480 0.080766
v -0.002721 0.211364 0.080756
v -0.002714 0.211635 0.080658
v -0.002743 0.211516 0.080658
v -0.002714 0.211390 0.080680
v -0.001700 0.213195 0.077699
v -0.001746 0.213161 0.077678
v -0.001765 0.213064 0.077677
v -0.001746 0.212960 0.077696
v -0.001700 0.212910 0.077725
v -0.001717 0.213183 0.077612
v -0.001724 0.213095 0.077584
v -0.001717 0.212982 0.077630
v -0.001678 0.213188 0.077599
v -0.001669 0.213101 0.077565
v -0.001678 0.212986 0.077617
v -0.001652 0.213172 0.077646
v -0.001632 0.213079 0.077632
v -0.001652 0.212971 0.077665
v -0.001655 0.213145 0.077727
v -0.001635 0.213041 0.077746
v -0.001655 0.212944 0.077745
v -0.001684 0.213123 0.077793
v -0.001677 0.213010 0.077840
v -0.001684 0.212922 0.077811
v -0.001722 0.213118 0.077806
v -0.001732 0.213003 0.077858
v -0.001722 0.212917 0.077824
v -0.001748 0.213134 0.077758
v -0.001768 0.213026 0.077791
v -0.001748 0.212933 0.077777
v 0.002926 0.211741 0.080906
v 0.002910 0.211727 0.080858
v 0.002904 0.211659 0.080843
v 0.002910 0.211577 0.080871
v 0.002926 0.211528 0.080925
v 0.002948 0.211730 0.080847
v 0.002957 0.211664 0.080829
v 0.002948 0.211580 0.080861
v 0.002973 0.211722 0.080873
v 0.002992 0.211651 0.080865
v 0.002973 0.211571 0.080887
v 0.002970 0.211706 0.080920
v 0.002988 0.211629 0.080931
v 0.002970 0.211556 0.080934
v 0.002942 0.211693 0.080960
v 0.002948 0.211610 0.080988
v 0.002942 0.211542 0.080974
v 0.002904 0.211689 0.080971
v 0.002896 0.211605 0.081003
v 0.002904 0.211539 0.080984
v 0.002880 0.211698 0.080945
v 0.002860 0.211618 0.080966
v 0.002880 0.211548 0.080958
v 0.002882 0.211713 0.080898
v 0.002864 0.211640 0.080900
v 0.002882 0.211563 0.080912
v -0.002348 0.212366 0.079463
v -0.002379 0.212335 0.079478
v -0.002391 0.212267 0.079489
v -0.002379 0.212204 0.079490
v -0.002348 0.212181 0.079480
v -0.002378 0.212352 0.079425
v -0.002390 0.212292 0.079415
v -0.002378 0.212221 0.079437
v -0.002360 0.212362 0.079396
v -0.002364 0.212306 0.079374
v -0.002360 0.212231 0.079408
v -0.002335 0.212358 0.079408
v -0.002329 0.212301 0.079390
v -0.002335 0.212227 0.079420
v -0.002318 0.212343 0.079453
v -0.002305 0.212279 0.079453
v -0.002318 0.212212 0.079464
v -0.002319 0.212326 0.079505
v -0.002306 0.212255 0.079527
v -0.002319 0.212195 0.079517
v -0.002337 0.212316 0.079534
v -0.002332 0.212241 0.079568
v -0.002337 0.212185 0.079546
v -0.002362 0.212320 0.079523
v -0.002367 0.212246 0.079552
v -0.002362 0.212189 0.079535
v 0.000853 0.212363 0.079125
v 0.000849 0.212354 0.079086
v 0.000847 0.212305 0.079074
v 0.000849 0.212244 0.079096
v 0.000853 0.212207 0.079139
v 0.000876 0.212352 0.079090
v 0.000886 0.212303 0.079079
v 0.000876 0.212243 0.079100
v 0.000891 0.212344 0.079116
v 0.000906 0.212290 0.079116
v 0.000891 0.212234 0.079126
v 0.000883 0.212333 0.079148
v 0.000896 0.212275 0.079162
v 0.000883 0.212223 0.079158
v 0.000858 0.212326 0.079168
v 0.000860 0.212266 0.079190
v 0.000858 0.212216 0.079178
v 0.000831 0.212328 0.079164
v 0.000821 0.212268 0.079184
v 0.000831 0.212218 0.079174
v 0.000816 0.212336 0.079138
v 0.000801 0.212280 0.079147
v 0.000816 0.212227 0.079148
v 0.000824 0.212347 0.079105
v 0.000811 0.212295 0.079102
v 0.000824 0.212237 0.079115
v -0.001807 0.212931 0.077442
v -0.001842 0.212893 0.077461
v -0.001857 0.212814 0.077474
v -0.001842 0.212739 0.077475
v -0.001807 0.212712 0.077462
v -0.001842 0.212914 0.077399
v -0.001857 0.212843 0.077387
v -0.001842 0.212760 0.077413
v -0.001821 0.212926 0.077364
v -0.001827 0.212860 0.077338
v -0.001821 0.212771 0.077378
v -0.001791 0.212922 0.077377
v -0.001785 0.212854 0.077356
v -0.001791 0.212767 0.077391
v -0.001771 0.212904 0.077430
v -0.001756 0.212829 0.077430
v -0.001771 0.212749 0.077444
v -0.001771 0.212883 0.077491
v -0.001757 0.212800 0.077517
v -0.001771 0.212729 0.077505
v -0.001792 0.212872 0.077526
v -0.001787 0.212783 0.077567
v -0.001792 0.212717 0.077540
v -0.001822 0.212876 0.077513
v -0.001828 0.212789 0.077549
v -0.001822 0.212721 0.077527
v -0.000288 0.212397 0.079506
v -0.000325 0.212371 0.079449
v -0.000340 0.212268 0.079434
v -0.000325 0.212148 0.079469
v -0.000288 0.212082 0.079535
v -0.000275 0.212385 0.079408
v -0.000270 0.212288 0.079375
v -0.000275 0.212162 0.079428
v -0.000232 0.212379 0.079426
v -0.000210 0.212279 0.079402
v -0.000232 0.212156 0.079446
v -0.000222 0.212356 0.079494
v -0.000195 0.212247 0.079497
v -0.000222 0.212133 0.079514
v -0.000250 0.212330 0.079571
v -0.000235 0.212210 0.079607
v -0.000250 0.212107 0.079592
v -0.000300 0.212316 0.079613
v -0.000306 0.212191 0.079665
v -0.000300 0.212093 0.079633
v -0.000343 0.212323 0.079594
v -0.000366 0.212199 0.079639
v -0.000343 0.212100 0.079615
v -0.000353 0.212345 0.079526
v -0.000380 0.212232 0.079543
v -0.000353 0.212122 0.079547
v 0.000457 0.213016 0.078256
v 0.000414 0.212987 0.078207
v 0.000396 0.212880 0.078195
v 0.000414 0.212758 0.078228
v 0.000457 0.212693 0.078286
v 0.000461 0.213004 0.078154
v 0.000463 0.212905 0.078120
v 0.000461 0.212776 0.078174
v 0.000506 0.213001 0.078163
v 0.000526 0.212901 0.078133
v 0.000506 0.212773 0.078184
v 0.000522 0.212979 0.078230
v 0.000549 0.212869 0.078227
v 0.000522 0.212751 0.078250
v 0.000500 0.212951 0.078314
v 0.000518 0.212829 0.078347
v 0.000500 0.212722 0.078335
v 0.000454 0.212933 0.078367
v 0.000452 0.212804 0.078422
v 0.000454 0.212705 0.078388
v 0.000409 0.212936 0.078358
v 0.000389 0.212808 0.078409
v 0.000409 0.212708 0.078379
v 0.000392 0.212958 0.078292
v 0.000366 0.212840 0.078315
v 0.000392 0.212730 0.078312
v 0.002950 0.211734 0.080528
v 0.002924 0.211712 0.080454
v 0.002914 0.211607 0.080432
v 0.002924 0.211479 0.080475
v 0.002950 0.211405 0.080558
v 0.002982 0.211719 0.080436
v 0.002996 0.211615 0.080406
v 0.002982 0.211485 0.080457
v 0.003021 0.211706 0.080474
v 0.003051 0.211597 0.080461
v 0.003021 0.211472 0.080496
v 0.003019 0.211681 0.080547
v 0.003047 0.211563 0.080564
v 0.003019 0.211448 0.080568
v 0.002976 0.211660 0.080611
v 0.002987 0.211532 0.080655
v 0.002976 0.211426 0.080633
v 0.002918 0.211654 0.080630
v 0.002905 0.211524 0.080680
v 0.002918 0.211420 0.080651
v 0.002879 0.211667 0.080591
v 0.002849 0.211542 0.080626
v 0.002879 0.211433 0.080612
v 0.002882 0.211691 0.080518
v 0.002853 0.211576 0.080523
v 0.002882 0.211458 0.080539
v -0.000068 0.211676 0.080951
v -0.000123 0.211620 0.080976
v -0.000146 0.211500 0.080995
v -0.000123 0.211386 0.080997
v -0.000068 0.211344 0.080981
v -0.000120 0.211652 0.080882
v -0.000141 0.211544 0.080862
v -0.000120 0.211417 0.080903
v -0.000086 0.211668 0.080831
v -0.000094 0.211568 0.080791
v -0.000086 0.211434 0.080853
v -0.000042 0.211661 0.080853
v -0.000031 0.211558 0.080822
v -0.000042 0.211427 0.080875
v -0.000013 0.211634 0.080935
v 0.000010 0.211519 0.080938
v -0.000013 0.211399 0.080957
v -0.000016 0.211602 0.081029
v 0.000006 0.211475 0.081070
v -0.000016 0.211368 0.081050
v -0.000049 0.211586 0.081080
v -0.000042 0.211451 0.081142
v -0.000049 0.211351 0.081101
v -0.000094 0.211593 0.081058
v -0.000104 0.211461 0.081111
v -0.000094 0.211358 0.081079
v 0.002307 0.212364 0.079435
v 0.002259 0.212315 0.079458
v 0.002240 0.212210 0.079475
v 0.002259 0.212111 0.079477
v 0.002307 0.212075 0.079461
v 0.002261 0.212342 0.079376
v 0.002242 0.212249 0.079360
v 0.002261 0.212138 0.079395
v 0.002289 0.212357 0.079331
v 0.002282 0.212270 0.079296
v 0.002289 0.212153 0.079350
v 0.002328 0.212351 0.079349
v 0.002337 0.212262 0.079321
v 0.002328 0.212147 0.079368
v 0.002355 0.212328 0.079420
v 0.002374 0.212228 0.079421
v 0.002355 0.212123 0.079438
v 0.002353 0.212301 0.079501
v 0.002372 0.212190 0.079536
v 0.002353 0.212096 0.079520
v 0.002324 0.212285 0.079546
v 0.002332 0.212168 0.079600
v 0.002324 0.212081 0.079565
v 0.002286 0.212291 0.079529
v 0.002277 0.212177 0.079575
v 0.002286 0.212087 0.079547
v -0.000269 0.213419 0.076553
v -0.000307 0.213369 0.076591
v -0.000323 0.213273 0.076613
v -0.000307 0.213186 0.076607
v -0.000269 0.213160 0.076577
v -0.000318 0.213393 0.076520
v -0.000338 0.213307 0.076513
v -0.000318 0.213210 0.076536
v -0.000300 0.213410 0.076470
v -0.000313 0.213330 0.076443
v -0.000300 0.213227 0.076487
v -0.000264 0.213409 0.076471
v -0.000262 0.213330 0.076444
v -0.000264 0.213226 0.076488
v -0.000231 0.213392 0.076522
v -0.000215 0.213305 0.076516
v -0.000231 0.213209 0.076539
v -0.000220 0.213368 0.076593
v -0.000200 0.213272 0.076617
v -0.000220 0.213185 0.076610
v -0.000238 0.213352 0.076643
v -0.000225 0.213248 0.076687
v -0.000238 0.213169 0.076660
v -0.000274 0.213352 0.076642
v -0.000276 0.213249 0.076686
v -0.000274 0.213169 0.076659
v -0.002699 0.213162 0.077310
v -0.002734 0.213076 0.077403
v -0.002749 0.212926 0.077453
v -0.002734 0.212800 0.077428
v -0.002699 0.212773 0.077345
v -0.002781 0.213103 0.077321
v -0.002815 0.212965 0.077337
v -0.002781 0.212828 0.077346
v -0.002779 0.213132 0.077235
v -0.002813 0.213005 0.077215
v -0.002779 0.212857 0.077260
v -0.002731 0.213145 0.077196
v -0.002744 0.213024 0.077159
v -0.002731 0.212870 0.077221
v -0.002664 0.213135 0.077226
v -0.002650 0.213010 0.077202
v -0.002664 0.212860 0.077251
v -0.002618 0.213108 0.077308
v -0.002584 0.212971 0.077318
v -0.002618 0.212832 0.077333
v -0.002619 0.213079 0.077394
v -0.002586 0.212930 0.077439
v -0.002619 0.212804 0.077419
v -0.002667 0.213066 0.077434
v -0.002654 0.212912 0.077495
v -0.002667 0.212790 0.077458
v -0.001323 0.212459 0.079045
v -0.001348 0.212440 0.079042
v -0.001358 0.212389 0.079045
v -0.001348 0.212337 0.079051
v -0.001323 0.212314 0.079058
v -0.001338 0.212452 0.079004
v -0.001344 0.212407 0.078991
v -0.001338 0.212349 0.079014
v -0.001319 0.212456 0.078991
v -0.001317 0.212413 0.078973
v -0.001319 0.212354 0.079001
v -0.001303 0.212450 0.079011
v -0.001295 0.212404 0.079001
v -0.001303 0.212347 0.079020
v -0.001299 0.212436 0.079052
v -0.001289 0.212384 0.079058
v -0.001299 0.212334 0.079061
v -0.001309 0.212424 0.079089
v -0.001303 0.212366 0.079112
v -0.001309 0.212321 0.079099
v -0.001328 0.212419 0.079102
v -0.001329 0.212360 0.079130
v -0.001328 0.212317 0.079112
v -0.001344 0.212426 0.079083
v -0.001352 0.212370 0.079102
v -0.001344 0.212323 0.079092
v -0.002040 0.211533 0.080552
v -0.002062 0.211512 0.080474
v -0.002071 0.211405 0.080451
v -0.002062 0.211276 0.080495
v -0.002040 0.211200 0.080582
v -0.002003 0.211515 0.080462
v -0.001988 0.211411 0.080434
v -0.002003 0.211280 0.080484
v -0.001965 0.211501 0.080506
v -0.001934 0.211390 0.080495
v -0.001965 0.211266 0.080527
v -0.001971 0.211477 0.080579
v -0.001943 0.211356 0.080598
v -0.001971 0.211241 0.080600
v -0.002017 0.211457 0.080638
v -0.002008 0.211328 0.080683
v -0.002017 0.211221 0.080660
v -0.002076 0.211453 0.080650
v -0.002091 0.211322 0.080699
v -0.002076 0.211217 0.080671
v -0.002114 0.211467 0.080607
v -0.002145 0.211343 0.080638
v -0.002114 0.211232 0.080628
v -0.002108 0.211492 0.080534
v -0.002136 0.211377 0.080535
v -0.002108 0.211256 0.080555
v -0.001551 0.212593 0.079005
v -0.001578 0.212572 0.079001
v -0.001589 0.212516 0.079003
v -0.001578 0.212459 0.079011
v -0.001551 0.212433 0.079020
v -0.001565 0.212585 0.078960
v -0.001571 0.212535 0.078945
v -0.001565 0.212472 0.078970
v -0.001544 0.212590 0.078947
v -0.001542 0.212542 0.078927
v -0.001544 0.212477 0.078957
v -0.001527 0.212582 0.078970
v -0.001518 0.212531 0.078959
v -0.001527 0.212469 0.078980
v -0.001524 0.212567 0.079014
v -0.001513 0.212510 0.079022
v -0.001524 0.212454 0.079025
v -0.001536 0.212553 0.079055
v -0.001530 0.212490 0.079080
v -0.001536 0.212440 0.079066
v -0.001557 0.212549 0.079068
v -0.001559 0.212484 0.079098
v -0.001557 0.212436 0.079078
v -0.001574 0.212557 0.079046
v -0.001584 0.212495 0.079067
v -0.001574 0.212444 0.079056
v 0.000304 0.213446 0.076321
v 0.000257 0.213415 0.076264
v 0.000238 0.213297 0.076250
v 0.000257 0.213162 0.076287
v 0.000304 0.213090 0.076353
v 0.000310 0.213433 0.076208
v 0.000313 0.213324 0.076170
v 0.000310 0.213181 0.076230
v 0.000359 0.213429 0.076220
v 0.000382 0.213318 0.076188
v 0.000359 0.213177 0.076243
v 0.000376 0.213404 0.076295
v 0.000406 0.213282 0.076293
v 0.000376 0.213152 0.076317
v 0.000350 0.213373 0.076387
v 0.000370 0.213239 0.076424
v 0.000350 0.213121 0.076410
v 0.000297 0.213355 0.076443
v 0.000295 0.213212 0.076504
v 0.000297 0.213102 0.076466
v 0.000248 0.213359 0.076431
v 0.000225 0.213218 0.076486
v 0.000248 0.213107 0.076453
v 0.000231 0.213384 0.076356
v 0.000202 0.213253 0.076380
v 0.000231 0.213131 0.076379
v -0.000520 0.212629 0.079173
v -0.000550 0.212603 0.079087
v -0.000562 0.212482 0.079061
v -0.000550 0.212335 0.079111
v -0.000520 0.212248 0.079207
v -0.000483 0.212610 0.079066
v -0.000468 0.212491 0.079032
v -0.000483 0.212341 0.079091
v -0.000438 0.212595 0.079111
v -0.000404 0.212470 0.079096
v -0.000438 0.212326 0.079135
v -0.000441 0.212567 0.079195
v -0.000409 0.212430 0.079214
v -0.000441 0.212298 0.079219
v -0.000491 0.212543 0.079269
v -0.000479 0.212396 0.079319
v -0.000491 0.212274 0.079293
v -0.000558 0.212536 0.079289
v -0.000573 0.212386 0.079348
v -0.000558 0.212267 0.079314
v -0.000603 0.212551 0.079244
v -0.000637 0.212407 0.079284
v -0.000603 0.212282 0.079269
v -0.000599 0.212579 0.079160
v -0.000632 0.212447 0.079166
v -0.000599 0.212310 0.079185
v -0.001989 0.211885 0.079912
v -0.002032 0.211840 0.079934
v -0.002050 0.211745 0.079951
v -0.002032 0.211655 0.079951
v -0.001989 0.211624 0.079935
v -0.002032 0.211865 0.079861
v -0.002050 0.211780 0.079846
v -0.002032 0.211680 0.079877
v -0.002007 0.211879 0.079819
v -0.002014 0.211800 0.079787
v -0.002007 0.211694 0.079835
v -0.001972 0.211874 0.079833
v -0.001964 0.211793 0.079807
v -0.001972 0.211689 0.079850
v -0.001947 0.211853 0.079896
v -0.001929 0.211764 0.079896
v -0.001947 0.211668 0.079912
v -0.001947 0.211829 0.079970
v -0.001929 0.211729 0.080001
v -0.001947 0.211644 0.079986
v -0.001972 0.211815 0.080012
v -0.001964 0.211709 0.080060
v -0.001972 0.211630 0.080028
v -0.002007 0.211819 0.079997
v -0.002015 0.211716 0.080039
v -0.002007 0.211635 0.080014
v -0.001458 0.211398 0.081162
v -0.001496 0.211360 0.081178
v -0.001512 0.211276 0.081191
v -0.001496 0.211195 0.081193
v -0.001458 0.211165 0.081183
v -0.001493 0.211381 0.081113
v -0.001508 0.211307 0.081098
v -0.001493 0.211217 0.081128
v -0.001469 0.211393 0.081078
v -0.001474 0.211323 0.081049
v -0.001469 0.211229 0.081093
v -0.001439 0.211388 0.081094
v -0.001431 0.211315 0.081073
v -0.001439 0.211223 0.081109
v -0.001419 0.211368 0.081152
v -0.001403 0.211288 0.081155
v -0.001419 0.211204 0.081167
v -0.001422 0.211346 0.081218
v -0.001407 0.211257 0.081247
v -0.001422 0.211182 0.081233
v -0.001446 0.211335 0.081253
v -0.001441 0.211240 0.081296
v -0.001446 0.211170 0.081268
v -0.001477 0.211340 0.081236
v -0.001485 0.211248 0.081273
v -0.001477 0.211176 0.081251
v 0.002784 0.213029 0.077380
v 0.002741 0.212972 0.077425
v 0.002723 0.212862 0.077452
v 0.002741 0.212764 0.077444
v 0.002784 0.212734 0.077407
v 0.002727 0.212999 0.077345
v 0.002703 0.212900 0.077339
v 0.002727 0.212791 0.077364
v 0.002746 0.213018 0.077287
v 0.002731 0.212927 0.077257
v 0.002746 0.212810 0.077306
v 0.002787 0.213019 0.077286
v 0.002789 0.212928 0.077255
v 0.002787 0.212810 0.077305
v 0.002827 0.213000 0.077342
v 0.002844 0.212902 0.077334
v 0.002827 0.212792 0.077361
v 0.002841 0.212973 0.077422
v 0.002864 0.212864 0.077448
v 0.002841 0.212765 0.077441
v 0.002822 0.212954 0.077480
v 0.002837 0.212836 0.077529
v 0.002822 0.212745 0.077499
v 0.002780 0.212953 0.077481
v 0.002779 0.212836 0.077531
v 0.002780 0.212745 0.077500
v -0.002740 0.213444 0.076235
v -0.002777 0.213365 0.076318
v -0.002792 0.213227 0.076362
v -0.002777 0.213111 0.076341
v -0.002740 0.213084 0.076268
v -0.002816 0.213392 0.076237
v -0.002847 0.213265 0.076248
v -0.002816 0.213138 0.076260
v -0.002811 0.213419 0.076158
v -0.002840 0.213303 0.076136
v -0.002811 0.213164 0.076181
v -0.002764 0.213429 0.076127
v -0.002774 0.213317 0.076092
v -0.002764 0.213175 0.076150
v -0.002704 0.213417 0.076162
v -0.002689 0.213301 0.076142
v -0.002704 0.213163 0.076185
v -0.002665 0.213390 0.076243
v -0.002634 0.213263 0.076256
v -0.002665 0.213136 0.076266
v -0.002670 0.213364 0.076322
v -0.002641 0.213225 0.076367
v -0.002670 0.213110 0.076345
v -0.002716 0.213353 0.076353
v -0.002706 0.213211 0.076411
v -0.002716 0.213099 0.076376
v -0.000661 0.212254 0.078994
v -0.000671 0.212236 0.078919
v -0.000675 0.212142 0.078896
v -0.000671 0.212025 0.078938
v -0.000661 0.211955 0.079021
v -0.000618 0.212234 0.078926
v -0.000600 0.212138 0.078906
v -0.000618 0.212023 0.078945
v -0.000590 0.212217 0.078975
v -0.000560 0.212115 0.078976
v -0.000590 0.212006 0.078995
v -0.000604 0.212197 0.079038
v -0.000580 0.212085 0.079064
v -0.000604 0.211985 0.079057
v -0.000651 0.212184 0.079077
v -0.000647 0.212067 0.079119
v -0.000651 0.211972 0.079096
v -0.000705 0.212186 0.079069
v -0.000723 0.212070 0.079108
v -0.000705 0.211975 0.079088
v -0.000733 0.212203 0.079020
v -0.000762 0.212094 0.079039
v -0.000733 0.211991 0.079039
v -0.000719 0.212223 0.078958
v -0.000742 0.212123 0.078951
v -0.000719 0.212012 0.078977
v -0.002658 0.211769 0.080045
v -0.002665 0.211756 0.079988
v -0.002667 0.211684 0.079971
v -0.002665 0.211596 0.080003
v -0.002658 0.211543 0.080065
v -0.002625 0.211753 0.079996
v -0.002611 0.211681 0.079981
v -0.002625 0.211594 0.080010
v -0.002604 0.211740 0.080034
v -0.002582 0.211663 0.080035
v -0.002604 0.211581 0.080048
v -0.002616 0.211725 0.080080
v -0.002598 0.211641 0.080101
v -0.002616 0.211566 0.080095
v -0.002652 0.211716 0.080108
v -0.002649 0.211628 0.080140
v -0.002652 0.211556 0.080122
v -0.002692 0.211718 0.080100
v -0.002706 0.211631 0.080129
v -0.002692 0.211559 0.080115
v -0.002712 0.211731 0.080062
v -0.002735 0.211649 0.080075
v -0.002712 0.211572 0.080077
v -0.002701 0.211746 0.080016
v -0.002718 0.211671 0.080010
v -0.002701 0.211587 0.080030
v -0.003071 0.211592 0.080365
v -0.003074 0.211579 0.080307
v -0.003075 0.211506 0.080288
v -0.003074 0.211416 0.080321
v -0.003071 0.211361 0.080386
v -0.003033 0.211575 0.080320
v -0.003018 0.211500 0.080307
v -0.003033 0.211411 0.080335
v -0.003015 0.211561 0.080361
v -0.002991 0.211480 0.080366
v -0.003015 0.211397 0.080376
v -0.003029 0.211545 0.080407
v -0.003011 0.211458 0.080431
v -0.003029 0.211382 0.080422
v -0.003067 0.211538 0.080430
v -0.003066 0.211447 0.080463
v -0.003067 0.211374 0.080445
v -0.003108 0.211542 0.080417
v -0.003123 0.211454 0.080445
v -0.003108 0.211379 0.080432
v -0.003127 0.211556 0.080376
v -0.003150 0.211473 0.080386
v -0.003127 0.211393 0.080390
v -0.003112 0.211571 0.080330
v -0.003130 0.211495 0.080321
v -0.003112 0.211408 0.080345
v 0.002300 0.212693 0.077815
v 0.002269 0.212671 0.077793
v 0.002257 0.212603 0.077789
v 0.002269 0.212528 0.077806
v 0.002300 0.212490 0.077833
v 0.002294 0.212685 0.077751
v 0.002292 0.212623 0.077730
v 0.002294 0.212542 0.077764
v 0.002323 0.212686 0.077749
v 0.002332 0.212624 0.077726
v 0.002323 0.212543 0.077762
v 0.002338 0.212673 0.077787
v 0.002353 0.212606 0.077780
v 0.002338 0.212530 0.077800
v 0.002331 0.212655 0.077843
v 0.002343 0.212579 0.077860
v 0.002331 0.212511 0.077856
v 0.002305 0.212641 0.077884
v 0.002308 0.212560 0.077919
v 0.002305 0.212497 0.077898
v 0.002277 0.212640 0.077887
v 0.002268 0.212558 0.077922
v 0.002277 0.212496 0.077900
v 0.002262 0.212653 0.077849
v 0.002246 0.212576 0.077868
v 0.002262 0.212509 0.077862
v -0.000835 0.212017 0.080477
v -0.000900 0.211964 0.080471
v -0.000928 0.211827 0.080479
v -0.000900 0.211688 0.080496
v -0.000835 0.211628 0.080513
v -0.000874 0.211998 0.080370
v -0.000890 0.211876 0.080335
v -0.000874 0.211722 0.080395
v -0.000824 0.212009 0.080334
v -0.000820 0.211892 0.080285
v -0.000824 0.211734 0.080359
v -0.000781 0.211992 0.080385
v -0.000759 0.211868 0.080358
v -0.000781 0.211717 0.080410
v -0.000769 0.211956 0.080494
v -0.000741 0.211817 0.080511
v -0.000769 0.211681 0.080519
v -0.000795 0.211922 0.080596
v -0.000779 0.211769 0.080655
v -0.000795 0.211647 0.080620
v -0.000845 0.211910 0.080631
v -0.000849 0.211752 0.080705
v -0.000845 0.211635 0.080656
v -0.000888 0.211927 0.080580
v -0.000911 0.211776 0.080632
v -0.000888 0.211652 0.080605
v -0.000099 0.211425 0.080727
v -0.000128 0.211405 0.080689
v -0.000139 0.211331 0.080679
v -0.000128 0.211246 0.080703
v -0.000099 0.211199 0.080747
v -0.000093 0.211416 0.080656
v -0.000091 0.211347 0.080632
v -0.000093 0.211257 0.080670
v -0.000062 0.211413 0.080666
v -0.000047 0.211342 0.080646
v -0.000062 0.211253 0.080680
v -0.000053 0.211397 0.080713
v -0.000034 0.211319 0.080714
v -0.000053 0.211237 0.080728
v -0.000071 0.211378 0.080771
v -0.000059 0.211292 0.080795
v -0.000071 0.211218 0.080785
v -0.000105 0.211367 0.080804
v -0.000108 0.211277 0.080842
v -0.000105 0.211207 0.080819
v -0.000136 0.211370 0.080794
v -0.000152 0.211281 0.080828
v -0.000136 0.211210 0.080808
v -0.000146 0.211386 0.080746
v -0.000165 0.211304 0.080760
v -0.000146 0.211226 0.080761
v 0.002020 0.211648 0.080306
v 0.001956 0.211589 0.080321
v 0.001930 0.211454 0.080336
v 0.001956 0.211322 0.080345
v 0.002020 0.211269 0.080341
v 0.001969 0.211625 0.080215
v 0.001948 0.211504 0.080188
v 0.001969 0.211357 0.080240
v 0.002012 0.211641 0.080167
v 0.002009 0.211527 0.080119
v 0.002012 0.211373 0.080191
v 0.002060 0.211629 0.080203
v 0.002077 0.211510 0.080170
v 0.002060 0.211361 0.080227
v 0.002085 0.211595 0.080302
v 0.002111 0.211463 0.080311
v 0.002085 0.211328 0.080327
v 0.002072 0.211560 0.080408
v 0.002093 0.211413 0.080459
v 0.002072 0.211293 0.080432
v 0.002029 0.211544 0.080456
v 0.002032 0.211390 0.080529
v 0.002029 0.211276 0.080481
v 0.001981 0.211556 0.080420
v 0.001964 0.211407 0.080478
v 0.001981 0.211288 0.080445
v -0.002171 0.212563 0.078202
v -0.002174 0.212498 0.078279
v -0.002176 0.212392 0.078318
v -0.002174 0.212306 0.078296
v -0.002171 0.212290 0.078227
v -0.002220 0.212507 0.078253
v -0.002240 0.212404 0.078281
v -0.002220 0.212314 0.078270
v -0.002237 0.212525 0.078199
v -0.002265 0.212430 0.078205
v -0.002237 0.212332 0.078216
v -0.002216 0.212542 0.078149
v -0.002234 0.212453 0.078134
v -0.002216 0.212349 0.078167
v -0.002168 0.212547 0.078133
v -0.002167 0.212461 0.078111
v -0.002168 0.212354 0.078150
v -0.002122 0.212538 0.078159
v -0.002102 0.212448 0.078149
v -0.002122 0.212346 0.078177
v -0.002105 0.212520 0.078213
v -0.002078 0.212423 0.078225
v -0.002105 0.212328 0.078230
v -0.002127 0.212504 0.078263
v -0.002108 0.212400 0.078295
v -0.002127 0.212311 0.078280
v 0.002232 0.212862 0.077365
v 0.002213 0.212846 0.077314
v 0.002204 0.212772 0.077299
v 0.002213 0.212682 0.077329
v 0.002232 0.212630 0.077386
v 0.002253 0.212851 0.077298
v 0.002261 0.212779 0.077277
v 0.002253 0.212688 0.077313
v 0.002281 0.212843 0.077323
v 0.002301 0.212767 0.077312
v 0.002281 0.212679 0.077338
v 0.002281 0.212826 0.077374
v 0.002301 0.212743 0.077385
v 0.002281 0.212662 0.077389
v 0.002252 0.212810 0.077422
v 0.002260 0.212721 0.077452
v 0.002252 0.212646 0.077437
v 0.002212 0.212805 0.077438
v 0.002203 0.212713 0.077474
v 0.002212 0.212641 0.077452
v 0.002184 0.212813 0.077413
v 0.002163 0.212725 0.077438
v 0.002184 0.212649 0.077427
v 0.002184 0.212830 0.077361
v 0.002164 0.212749 0.077366
v 0.002184 0.212666 0.077376
v 0.001671 0.212931 0.078225
v 0.001646 0.212913 0.078182
v 0.001636 0.212841 0.078170
v 0.001646 0.212756 0.078196
v 0.001671 0.212708 0.078245
v 0.001683 0.212922 0.078156
v 0.001688 0.212853 0.078134
v 0.001683 0.212765 0.078171
v 0.001712 0.212917 0.078173
v 0.001729 0.212846 0.078157
v 0.001712 0.212759 0.078187
v 0.001717 0.212900 0.078221
v 0.001737 0.212823 0.078226
v 0.001717 0.212743 0.078235
v 0.001695 0.212883 0.078273
v 0.001705 0.212798 0.078300
v 0.001695 0.212726 0.078288
v 0.001659 0.212874 0.078299
v 0.001654 0.212786 0.078336
v 0.001659 0.212717 0.078313
v 0.001629 0.212880 0.078283
v 0.001612 0.212793 0.078313
v 0.001629 0.212722 0.078297
v 0.001624 0.212896 0.078234
v 0.001605 0.212816 0.078244
v 0.001624 0.212739 0.078249
v 0.001914 0.213572 0.075772
v 0.001882 0.213496 0.075854
v 0.001869 0.213364 0.075897
v 0.001882 0.213254 0.075876
v 0.001914 0.213229 0.075803
v 0.001842 0.213520 0.075781
v 0.001812 0.213398 0.075794
v 0.001842 0.213278 0.075803
v 0.001844 0.213545 0.075705
v 0.001815 0.213434 0.075687
v 0.001844 0.213303 0.075727
v 0.001887 0.213557 0.075671
v 0.001875 0.213450 0.075639
v 0.001887 0.213315 0.075693
v 0.001945 0.213547 0.075699
v 0.001958 0.213437 0.075678
v 0.001945 0.213305 0.075721
v 0.001986 0.213523 0.075772
v 0.002015 0.213403 0.075781
v 0.001986 0.213281 0.075794
v 0.001984 0.213498 0.075847
v 0.002013 0.213367 0.075888
v 0.001984 0.213256 0.075869
v 0.001941 0.213486 0.075881
v 0.001952 0.213351 0.075936
v 0.001941 0.213244 0.075903
v 0.001474 0.212014 0.079927
v 0.001470 0.212001 0.079869
v 0.001469 0.211929 0.079851
v 0.001470 0.211839 0.079884
v 0.001474 0.211785 0.079948
v 0.001510 0.211997 0.079881
v 0.001526 0.211923 0.079869
v 0.001510 0.211835 0.079896
v 0.001529 0.211984 0.079922
v 0.001552 0.211904 0.079927
v 0.001529 0.211822 0.079937
v 0.001515 0.211968 0.079968
v 0.001533 0.211882 0.079991
v 0.001515 0.211806 0.079983
v 0.001477 0.211960 0.079992
v 0.001479 0.211871 0.080025
v 0.001477 0.211798 0.080006
v 0.001437 0.211965 0.079979
v 0.001422 0.211877 0.080007
v 0.001437 0.211803 0.079994
v 0.001418 0.211978 0.079938
v 0.001395 0.211896 0.079949
v 0.001418 0.211816 0.079953
v 0.001432 0.211993 0.079893
v 0.001415 0.211918 0.079885
v 0.001432 0.211832 0.079907
v -0.000857 0.208205 0.083100
v -0.001721 0.211405 0.084869
v -0.000801 0.208368 0.083118
v -0.001665 0.211568 0.084886
v -0.000760 0.208160 0.083202
v -0.001624 0.211359 0.084970
v -0.000775 0.207788 0.083268
v -0.001639 0.210988 0.085037
v -0.000831 0.207625 0.083250
v -0.001695 0.210825 0.085019
v -0.000872 0.207834 0.083166
v -0.001736 0.211033 0.084935
v 0.000857 0.208205 0.083100
v 0.001721 0.211405 0.084869
v 0.000872 0.207834 0.083166
v 0.001736 0.211033 0.084935
v 0.000831 0.207625 0.083250
v 0.001695 0.210825 0.085019
v 0.000775 0.207788 0.083268
v 0.001639 0.210988 0.085037
v 0.000760 0.208160 0.083202
v 0.001624 0.211359 0.084970
v 0.000801 0.208368 0.083118
v 0.001665 0.211568 0.084886
v -0.001776 0.212862 0.084993
v -0.001776 0.212555 0.084771
v -0.001776 0.211643 0.084750
v -0.001776 0.210660 0.084943
v -0.001776 0.210181 0.085236
v -0.001661 0.212530 0.084846
v -0.001613 0.211607 0.084857
v -0.001661 0.210634 0.085018
v -0.001613 0.212469 0.085028
v -0.001546 0.211521 0.085114
v -0.001613 0.210573 0.085200
v -0.001661 0.212408 0.085210
v -0.001613 0.211435 0.085372
v -0.001661 0.210513 0.085382
v -0.001776 0.212383 0.085286
v -0.001776 0.211400 0.085478
v -0.001776 0.210487 0.085458
v -0.001891 0.212408 0.085210
v -0.001939 0.211435 0.085372
v -0.001891 0.210513 0.085382
v -0.001939 0.212469 0.085028
v -0.002006 0.211521 0.085114
v -0.001939 0.210573 0.085200
v -0.001891 0.212530 0.084846
v -0.001939 0.211607 0.084857
v -0.001891 0.210634 0.085018
v 0.001776 0.212862 0.084993
v 0.001776 0.212555 0.084771
v 0.001776 0.211643 0.084750
v 0.001776 0.210660 0.084943
v 0.001776 0.210181 0.085236
v 0.001891 0.212530 0.084846
v 0.001939 0.211607 0.084857
v 0.001891 0.210634 0.085018
v 0.001939 0.212469 0.085028
v 0.002006 0.211521 0.085114
v 0.001939 0.210573 0.085200
v 0.001891 0.212408 0.085210
v 0.001939 0.211435 0.085372
v 0.001891 0.210513 0.085382
v 0.001776 0.212383 0.085286
v 0.001776 0.211400 0.085478
v 0.001776 0.210487 0.085458
v 0.001661 0.212408 0.085210
v 0.001613 0.211435 0.085372
v 0.001661 0.210513 0.085382
v 0.001613 0.212469 0.085028
v 0.001546 0.211521 0.085114
v 0.001613 0.210573 0.085200
v 0.001661 0.212530 0.084846
v 0.001613 0.211607 0.084857
v 0.001661 0.210634 0.085018
v -0.001882 0.212400 0.085241
v -0.001882 0.211923 0.085207
v -0.001882 0.211729 0.085301
v -0.001838 0.212245 0.085216
v -0.001838 0.211910 0.085247
v -0.001838 0.212219 0.085295
v -0.001838 0.211884 0.085326
v -0.001882 0.212206 0.085335
v -0.001882 0.211871 0.085365
v -0.001925 0.212219 0.085295
v -0.001925 0.211884 0.085326
v -0.001925 0.212245 0.085216
v -0.001925 0.211910 0.085247
v -0.001882 0.212258 0.085177
v 0.001882 0.212400 0.085241
v 0.001882 0.211923 0.085207
v 0.001882 0.211729 0.085301
v 0.001925 0.212245 0.085216
v 0.001925 0.211910 0.085247
v 0.001925 0.212219 0.085295
v 0.001925 0.211884 0.085326
v 0.001882 0.212206 0.085335
v 0.001882 0.211871 0.085365
v 0.001838 0.212219 0.085295
v 0.001838 0.211884 0.085326
v 0.001838 0.212245 0.085216
v 0.001838 0.211910 0.085247
v 0.001882 0.212258 0.085177
v -0.000707 0.210009 0.083979
v -0.003011 0.215900 0.088224
v -0.000667 0.210174 0.083990
v -0.002971 0.216065 0.088235
v -0.000632 0.210041 0.084054
v -0.002936 0.215932 0.088299
v -0.000637 0.209743 0.084107
v -0.002941 0.215634 0.088352
v -0.000677 0.209577 0.084096
v -0.002981 0.215469 0.088341
v -0.000712 0.209710 0.084032
v -0.003016 0.215602 0.088277
v 0.000707 0.210009 0.083979
v 0.003011 0.215900 0.088224
v 0.000712 0.209710 0.084032
v 0.003016 0.215602 0.088277
v 0.000677 0.209577 0.084096
v 0.002981 0.215469 0.088341
v 0.000637 0.209743 0.084107
v 0.002941 0.215634 0.088352
v 0.000632 0.210041 0.084054
v 0.002936 0.215932 0.088299
v 0.000667 0.210174 0.083990
v 0.002971 0.216065 0.088235
v -0.000319 0.208769 0.084416
v -0.001471 0.210929 0.089294
v -0.000287 0.208880 0.084417
v -0.001439 0.211040 0.089295
v -0.000256 0.208768 0.084449
v -0.001408 0.210928 0.089327
v -0.000257 0.208545 0.084480
v -0.001409 0.210705 0.089358
v -0.000289 0.208434 0.084479
v -0.001441 0.210594 0.089357
v -0.000320 0.208546 0.084447
v -0.001472 0.210706 0.089325
v 0.000319 0.208769 0.084416
v 0.001471 0.210929 0.089294
v 0.000320 0.208546 0.084447
v 0.001472 0.210706 0.089325
v 0.000289 0.208434 0.084479
v 0.001441 0.210594 0.089357
v 0.000257 0.208545 0.084480
v 0.001409 0.210705 0.089358
v 0.000256 0.208768 0.084449
v 0.001408 0.210928 0.089327
v 0.000287 0.208880 0.084417
v 0.001439 0.211040 0.089295
v -0.002762 0.202077 0.081364
v -0.003770 0.200569 0.082309
v -0.002759 0.202363 0.081377
v -0.003767 0.200855 0.082323
v -0.002733 0.202367 0.081455
v -0.003741 0.200860 0.082401
v -0.002710 0.202085 0.081520
v -0.003718 0.200578 0.082466
v -0.002713 0.201799 0.081507
v -0.003721 0.200292 0.082452
v -0.002739 0.201795 0.081428
v -0.003747 0.200287 0.082374
v 0.002762 0.202077 0.081364
v 0.003770 0.200569 0.082309
v 0.002739 0.201795 0.081428
v 0.003747 0.200287 0.082374
v 0.002713 0.201799 0.081507
v 0.003721 0.200292 0.082452
v 0.002710 0.202085 0.081520
v 0.003718 0.200578 0.082466
v 0.002733 0.202367 0.081455
v 0.003741 0.200860 0.082401
v 0.002759 0.202363 0.081377
v 0.003767 0.200855 0.082323
v -0.002762 0.203031 0.079806
v -0.003770 0.201523 0.080752
v -0.002759 0.203317 0.079819
v -0.003767 0.201809 0.080765
v -0.002733 0.203321 0.079898
v -0.003741 0.201814 0.080843
v -0.002710 0.203039 0.079962
v -0.003718 0.201532 0.080908
v -0.002713 0.202753 0.079949
v -0.003721 0.201246 0.080895
v -0.002739 0.202749 0.079871
v -0.003747 0.201241 0.080817
v 0.002762 0.203031 0.079806
v 0.003770 0.201523 0.080752
v 0.002739 0.202749 0.079871
v 0.003747 0.201241 0.080817
v 0.002713 0.202753 0.079949
v 0.003721 0.201246 0.080895
v 0.002710 0.203039 0.079962
v 0.003718 0.201532 0.080908
v 0.002733 0.203321 0.079898
v 0.003741 0.201814 0.080843
v 0.002759 0.203317 0.079819
v 0.003767 0.201809 0.080765
v -0.002762 0.203116 0.078254
v -0.003770 0.201609 0.079200
v -0.002759 0.203403 0.078267
v -0.003767 0.201895 0.079213
v -0.002733 0.203407 0.078345
v -0.003741 0.201899 0.079291
v -0.002710 0.203125 0.078410
v -0.003718 0.201617 0.079356
v -0.002713 0.202839 0.078397
v -0.003721 0.201331 0.079343
v -0.002739 0.202835 0.078319
v -0.003747 0.201327 0.079265
v 0.002762 0.203116 0.078254
v 0.003770 0.201609 0.079200
v 0.002739 0.202835 0.078319
v 0.003747 0.201327 0.079265
v 0.002713 0.202839 0.078397
v 0.003721 0.201331 0.079343
v 0.002710 0.203125 0.078410
v 0.003718 0.201617 0.079356
v 0.002733 0.203407 0.078345
v 0.003741 0.201899 0.079291
v 0.002759 0.203403 0.078267
v 0.003767 0.201895 0.079213
v -0.002762 0.204020 0.076848
v -0.003770 0.202512 0.077794
v -0.002759 0.204306 0.076862
v -0.003767 0.202798 0.077807
v -0.002733 0.204310 0.076940
v -0.003741 0.202803 0.077886
v -0.002710 0.204028 0.077005
v -0.003718 0.202521 0.077950
v -0.002713 0.203742 0.076991
v -0.003721 0.202234 0.077937
v -0.002739 0.203738 0.076913
v -0.003747 0.202230 0.077859
v 0.002762 0.204020 0.076848
v 0.003770 0.202512 0.077794
v 0.002739 0.203738 0.076913
v 0.003747 0.202230 0.077859
v 0.002713 0.203742 0.076991
v 0.003721 0.202234 0.077937
v 0.002710 0.204028 0.077005
v 0.003718 0.202521 0.077950
v 0.002733 0.204310 0.076940
v 0.003741 0.202803 0.077886
v 0.002759 0.204306 0.076862
v 0.003767 0.202798 0.077807
v -0.002874 0.202820 0.075020
v -0.002874 0.202822 0.075021
v -0.002880 0.202822 0.075020
v -0.002874 0.204605 0.074859
v -0.002874 0.204607 0.074858
v -0.002880 0.204605 0.074858
v -0.002874 0.203002 0.074475
v -0.002880 0.203004 0.074475
v -0.002874 0.203004 0.074475
v -0.002874 0.204789 0.074313
v -0.002874 0.204788 0.074313
v -0.002880 0.204788 0.074313
v 0.002874 0.202820 0.075020
v 0.002880 0.202822 0.075020
v 0.002874 0.202822 0.075021
v 0.002874 0.204607 0.074858
v 0.002874 0.204605 0.074859
v 0.002880 0.204605 0.074858
v 0.002874 0.203002 0.074475
v 0.002874 0.203004 0.074475
v 0.002880 0.203004 0.074475
v 0.002874 0.204789 0.074313
v 0.002880 0.204788 0.074313
v 0.002874 0.204788 0.074313
v -0.001983 0.202841 0.075930
v -0.001983 0.202844 0.075932
v -0.001984 0.202845 0.075930
v -0.001983 0.205740 0.075669
v -0.001983 0.205745 0.075667
v -0.001984 0.205741 0.075667
v -0.001949 0.203265 0.074661
v -0.001951 0.203269 0.074661
v -0.001949 0.203270 0.074659
v -0.001949 0.206169 0.074397
v -0.001949 0.206165 0.074396
v -0.001951 0.206165 0.074398
v -0.001123 0.202822 0.075987
v -0.001121 0.202826 0.075987
v -0.001123 0.202825 0.075989
v -0.001123 0.205726 0.075724
v -0.001123 0.205721 0.075726
v -0.001121 0.205721 0.075724
v -0.001089 0.203246 0.074718
v -0.001089 0.203251 0.074716
v -0.001088 0.203250 0.074718
v -0.001089 0.206150 0.074454
v -0.001088 0.206146 0.074455
v -0.001089 0.206146 0.074453
v -0.001207 0.202836 0.075945
v -0.001207 0.202840 0.075946
v -0.001208 0.202840 0.075944
v -0.001207 0.205735 0.075684
v -0.001207 0.205740 0.075681
v -0.001208 0.205736 0.075682
v -0.001190 0.203260 0.074675
v -0.001191 0.203265 0.074674
v -0.001190 0.203265 0.074673
v -0.001190 0.206165 0.074411
v -0.001190 0.206161 0.074410
v -0.001191 0.206160 0.074412
v -0.000346 0.202826 0.075973
v -0.000345 0.202831 0.075973
v -0.000346 0.202830 0.075975
v -0.000346 0.205730 0.075710
v -0.000346 0.205725 0.075712
v -0.000345 0.205726 0.075710
v -0.000329 0.203251 0.074703
v -0.000329 0.203256 0.074701
v -0.000328 0.203255 0.074703
v -0.000329 0.206155 0.074440
v -0.000328 0.206151 0.074440
v -0.000329 0.206151 0.074438
v -0.000431 0.202831 0.075959
v -0.000431 0.202835 0.075961
v -0.000432 0.202835 0.075959
v -0.000431 0.205730 0.075698
v -0.000431 0.205735 0.075696
v -0.000432 0.205731 0.075696
v -0.000431 0.203256 0.074689
v -0.000432 0.203260 0.074689
v -0.000431 0.203261 0.074687
v -0.000431 0.206160 0.074425
v -0.000431 0.206156 0.074424
v -0.000432 0.206156 0.074426
v 0.000431 0.202831 0.075959
v 0.000432 0.202835 0.075959
v 0.000431 0.202835 0.075961
v 0.000431 0.205735 0.075696
v 0.000431 0.205730 0.075698
v 0.000432 0.205731 0.075696
v 0.000431 0.203256 0.074689
v 0.000431 0.203261 0.074687
v 0.000432 0.203260 0.074689
v 0.000431 0.206160 0.074425
v 0.000432 0.206156 0.074426
v 0.000431 0.206156 0.074424
v 0.000346 0.202826 0.075973
v 0.000346 0.202830 0.075975
v 0.000345 0.202831 0.075973
v 0.000346 0.205725 0.075712
v 0.000346 0.205730 0.075710
v 0.000345 0.205726 0.075710
v 0.000329 0.203251 0.074703
v 0.000328 0.203255 0.074703
v 0.000329 0.203256 0.074701
v 0.000329 0.206155 0.074440
v 0.000329 0.206151 0.074438
v 0.000328 0.206151 0.074440
v 0.001207 0.202836 0.075945
v 0.001208 0.202840 0.075944
v 0.001207 0.202840 0.075946
v 0.001207 0.205740 0.075681
v 0.001207 0.205735 0.075684
v 0.001208 0.205736 0.075682
v 0.001190 0.203260 0.074675
v 0.001190 0.203265 0.074673
v 0.001191 0.203265 0.074674
v 0.001190 0.206165 0.074411
v 0.001191 0.206160 0.074412
v 0.001190 0.206161 0.074410
v 0.001123 0.202822 0.075987
v 0.001123 0.202825 0.075989
v 0.001121 0.202826 0.075987
v 0.001123 0.205721 0.075726
v 0.001123 0.205726 0.075724
v 0.001121 0.205721 0.075724
v 0.001089 0.203246 0.074718
v 0.001088 0.203250 0.074718
v 0.001089 0.203251 0.074716
v 0.001089 0.206150 0.074454
v 0.001089 0.206146 0.074453
v 0.001088 0.206146 0.074455
v 0.001983 0.202841 0.075930
v 0.001984 0.202845 0.075930
v 0.001983 0.202844 0.075932
v 0.001983 0.205745 0.075667
v 0.001983 0.205740 0.075669
v 0.001984 0.205741 0.075667
v 0.001949 0.203265 0.074661
v 0.001949 0.203270 0.074659
v 0.001951 0.203269 0.074661
v 0.001949 0.206169 0.074397
v 0.001951 0.206165 0.074398
v 0.001949 0.206165 0.074396
v -0.003999 0.206497 0.080705
v -0.003999 0.206497 0.080709
v -0.003999 0.206498 0.080705
v -0.003999 0.207389 0.080628
v -0.003999 0.207391 0.080624
v -0.003999 0.207390 0.080624
v -0.003679 0.207700 0.077108
v -0.003679 0.207701 0.077108
v -0.003679 0.207702 0.077104
v -0.003679 0.208593 0.077027
v -0.003679 0.208594 0.077023
v -0.003679 0.208593 0.077027
v -0.003809 0.206483 0.080748
v -0.003809 0.206484 0.080748
v -0.003809 0.206483 0.080751
v -0.003809 0.207377 0.080666
v -0.003809 0.207374 0.080670
v -0.003809 0.207376 0.080667
v -0.003489 0.207686 0.077150
v -0.003489 0.207688 0.077146
v -0.003489 0.207687 0.077150
v -0.003489 0.208579 0.077069
v -0.003489 0.208578 0.077069
v -0.003489 0.208580 0.077065
v 0.003809 0.206483 0.080748
v 0.003809 0.206483 0.080751
v 0.003809 0.206484 0.080748
v 0.003809 0.207374 0.080670
v 0.003809 0.207377 0.080666
v 0.003809 0.207376 0.080667
v 0.003489 0.207686 0.077150
v 0.003489 0.207687 0.077150
v 0.003489 0.207688 0.077146
v 0.003489 0.208579 0.077069
v 0.003489 0.208580 0.077065
v 0.003489 0.208578 0.077069
v 0.003999 0.206497 0.080705
v 0.003999 0.206498 0.080705
v 0.003999 0.206497 0.080709
v 0.003999 0.207391 0.080624
v 0.003999 0.207389 0.080628
v 0.003999 0.207390 0.080624
v 0.003679 0.207700 0.077108
v 0.003679 0.207702 0.077104
v 0.003679 0.207701 0.077108
v 0.003679 0.208593 0.077027
v 0.003679 0.208593 0.077027
v 0.003679 0.208594 0.077023
vn -0.0000 -0.9925 0.1219
vn -0.0000 -0.9079 -0.4192
vn 0.2285 -0.9016 -0.3674
vn -0.0000 -0.5877 -0.8091
vn -0.0000 -0.1219 -0.9925
vn 0.4339 -0.1098 -0.8943
vn 0.3795 -0.5772 -0.7231
vn -0.0000 0.3745 -0.9272
vn -0.0000 0.7795 -0.6263
vn 0.2285 0.7859 -0.5746
vn 0.3795 0.3851 -0.8412
vn -0.0000 0.9925 -0.1219
vn 0.4118 0.8037 -0.4295
vn 0.6838 0.4147 -0.6004
vn 0.6838 -0.5476 -0.4822
vn 0.4118 -0.8837 -0.2223
vn 0.7818 -0.0760 -0.6188
vn 0.8527 -0.5048 -0.1341
vn 0.5135 -0.8580 -0.0127
vn 0.8527 0.4574 -0.2523
vn 0.9749 -0.0271 -0.2209
vn 0.5135 0.8294 -0.2199
vn 0.8527 -0.4574 0.2523
vn 0.5135 -0.8294 0.2199
vn 0.8527 0.5048 0.1341
vn 0.9749 0.0271 0.2209
vn 0.5135 0.8580 0.0127
vn 0.6838 -0.4147 0.6004
vn 0.4118 -0.8037 0.4295
vn 0.6838 0.5476 0.4822
vn 0.7818 0.0760 0.6188
vn 0.4118 0.8837 0.2223
vn 0.3795 -0.3851 0.8412
vn 0.2285 -0.7859 0.5746
vn 0.3795 0.5772 0.7231
vn 0.4339 0.1098 0.8943
vn 0.2285 0.9016 0.3674
vn -0.0000 0.5877 0.8091
vn -0.0000 0.1219 0.9925
vn -0.0000 0.9079 0.4192
vn -0.0000 -0.7795 0.6263
vn -0.0000 -0.3745 0.9272
vn -0.2285 0.9016 0.3674
vn -0.2285 -0.7859 0.5746
vn -0.4339 0.1098 0.8943
vn -0.3795 -0.3851 0.8412
vn -0.3795 0.5772 0.7231
vn -0.4118 -0.8037 0.4295
vn -0.7818 0.0760 0.6188
vn -0.6838 -0.4147 0.6004
vn -0.4118 0.8838 0.2223
vn -0.6838 0.5476 0.4822
vn -0.5135 -0.8294 0.2199
vn -0.9749 0.0271 0.2209
vn -0.8527 -0.4574 0.2523
vn -0.5135 0.8580 0.0127
vn -0.8527 0.5048 0.1341
vn -0.5135 -0.8580 -0.0127
vn -0.9749 -0.0271 -0.2209
vn -0.8527 -0.5048 -0.1341
vn -0.5135 0.8294 -0.2199
vn -0.8527 0.4574 -0.2523
vn -0.7818 -0.0760 -0.6188
vn -0.6838 -0.5476 -0.4822
vn -0.4118 0.8037 -0.4295
vn -0.6838 0.4147 -0.6004
vn -0.4118 -0.8837 -0.2223
vn -0.2285 0.7859 -0.5746
vn -0.3795 0.3851 -0.8412
vn -0.3795 -0.5772 -0.7231
vn -0.2285 -0.9016 -0.3674
vn -0.4339 -0.1098 -0.8943
vn -0.0000 -0.9955 -0.0946
vn -0.0000 -0.6771 -0.7359
vn 0.2207 -0.6961 -0.6832
vn -0.0000 -0.2900 -0.9570
vn -0.0000 0.1404 -0.9901
vn 0.3686 0.1695 -0.9140
vn 0.3344 -0.2978 -0.8941
vn -0.0000 0.7021 -0.7121
vn -0.0000 0.9955 0.0946
vn 0.2684 0.7253 -0.6340
vn 0.4518 -0.7437 -0.4928
vn 0.7602 0.2445 -0.6019
vn 0.7150 -0.3111 -0.6261
vn 0.5148 0.7708 -0.3754
vn 0.6138 -0.7850 -0.0835
vn 0.9537 0.3000 0.0237
vn 0.9537 -0.3000 -0.0237
vn 0.6139 0.7850 0.0835
vn 0.5148 -0.7708 0.3754
vn 0.7150 0.3111 0.6261
vn 0.7602 -0.2445 0.6019
vn 0.4518 0.7437 0.4928
vn 0.2684 -0.7253 0.6340
vn 0.3344 0.2978 0.8941
vn 0.3686 -0.1695 0.9140
vn 0.2207 0.6961 0.6832
vn -0.0000 -0.7021 0.7121
vn -0.0000 0.2900 0.9570
vn -0.0000 -0.1403 0.9901
vn -0.0000 0.6771 0.7359
vn -0.2684 -0.7253 0.6340
vn -0.3344 0.2978 0.8941
vn -0.3686 -0.1695 0.9140
vn -0.2207 0.6961 0.6832
vn -0.5148 -0.7708 0.3754
vn -0.7150 0.3111 0.6261
vn -0.7602 -0.2445 0.6019
vn -0.4518 0.7437 0.4928
vn -0.6138 -0.7850 -0.0835
vn -0.9537 0.3000 0.0237
vn -0.9537 -0.3000 -0.0237
vn -0.6139 0.7850 0.0835
vn -0.4518 -0.7437 -0.4928
vn -0.7602 0.2445 -0.6019
vn -0.7150 -0.3111 -0.6261
vn -0.5148 0.7708 -0.3754
vn -0.2207 -0.6961 -0.6832
vn -0.3686 0.1695 -0.9140
vn -0.3344 -0.2978 -0.8941
vn -0.2684 0.7253 -0.6340
vn 0.3774 -0.8027 -0.4617
vn 0.1371 -0.5230 0.8412
vn -0.8954 -0.3738 -0.2420
vn 0.1556 0.2952 0.9427
vn 0.3652 0.8837 -0.2929
vn -0.8990 0.4282 -0.0914
vn 0.3650 -0.8837 0.2929
vn -0.8990 -0.4283 0.0916
vn 0.1560 -0.2951 -0.9426
vn 0.3777 0.8021 0.4625
vn 0.1371 0.5241 -0.8405
vn -0.8952 0.3736 0.2429
vn -0.3773 -0.8027 -0.4618
vn 0.8954 -0.3738 -0.2419
vn -0.1372 -0.5231 0.8412
vn -0.3659 0.8833 -0.2931
vn -0.1560 0.2949 0.9427
vn 0.8986 0.4292 -0.0911
vn -0.3651 -0.8837 0.2928
vn -0.1558 -0.2951 -0.9427
vn 0.8989 -0.4283 0.0917
vn -0.3776 0.8021 0.4626
vn 0.8953 0.3736 0.2427
vn -0.1373 0.5242 -0.8405
vn 0.4752 -0.8730 -0.1100
vn 0.4754 -0.8732 -0.1070
vn -0.8781 -0.4712 -0.0834
vn -0.8782 -0.4705 -0.0863
vn -0.0086 0.0608 0.9981
vn -0.0085 0.0638 0.9979
vn -0.9991 0.0427 -0.0083
vn -0.9992 0.0397 -0.0081
vn 0.4743 0.8734 0.1102
vn 0.4740 0.8740 0.1072
vn -0.8788 0.4698 0.0832
vn -0.8786 0.4697 0.0861
vn -0.0086 -0.0608 -0.9981
vn -0.0085 -0.0638 -0.9979
vn -0.9991 -0.0427 0.0083
vn -0.9992 -0.0397 0.0081
vn 0.0015 -0.9281 0.3723
vn -0.0015 -0.9281 0.3723
vn -0.0015 -0.3750 -0.9270
vn 0.0015 -0.3750 -0.9270
vn -0.0015 0.8086 0.5883
vn 0.0015 0.8086 0.5883
vn 0.0015 0.5907 -0.8069
vn -0.0015 0.5907 -0.8069
vn 0.9992 -0.0397 0.0081
vn 0.9991 -0.0427 0.0083
vn 0.0085 -0.0638 -0.9979
vn 0.0086 -0.0608 -0.9981
vn -0.4754 -0.8732 -0.1070
vn -0.4752 -0.8730 -0.1100
vn 0.8782 -0.4705 -0.0863
vn 0.8781 -0.4712 -0.0835
vn -0.4740 0.8740 0.1072
vn -0.4743 0.8734 0.1101
vn 0.8786 0.4697 0.0861
vn 0.8788 0.4698 0.0832
vn 0.0085 0.0638 0.9979
vn 0.0086 0.0608 0.9981
vn 0.9992 0.0397 -0.0081
vn 0.9991 0.0427 -0.0083
vn -0.0015 -0.8094 -0.5873
vn 0.0015 -0.8094 -0.5873
vn 0.0015 -0.5897 0.8076
vn -0.0015 -0.5897 0.8076
vn 0.0015 0.9285 -0.3712
vn -0.0015 0.9285 -0.3712
vn -0.0015 0.3739 0.9275
vn 0.0015 0.3739 0.9275
vn -0.0015 -0.9896 -0.1439
vn 0.0015 -0.9896 -0.1439
vn 0.0015 -0.9900 -0.1410
vn -0.0015 -0.9900 -0.1410
vn -1.0000 -0.0015 0.0015
vn -1.0000 0.0015 0.0016
vn -1.0000 0.0015 -0.0015
vn -1.0000 -0.0015 -0.0015
vn 0.0015 0.1025 0.9947
vn 0.0015 0.1055 0.9944
vn -0.0015 0.1055 0.9944
vn -0.0015 0.1025 0.9947
vn 0.0015 0.9900 0.1410
vn -0.0015 0.9900 0.1409
vn -0.0015 0.9896 0.1439
vn 0.0015 0.9896 0.1439
vn -0.0015 -0.1055 -0.9944
vn -0.0015 -0.1025 -0.9947
vn 0.0015 -0.1025 -0.9947
vn 0.0015 -0.1055 -0.9944
vn 1.0000 -0.0015 -0.0016
vn 1.0000 0.0016 -0.0015
vn 1.0000 0.0015 0.0015
vn 1.0000 -0.0015 0.0015
vn -0.0000 0.0390 -0.9992
vn -0.0000 0.4631 -0.8863
vn 0.3150 0.4875 -0.8143
vn 0.4274 0.0590 -0.9021
vn -0.0000 -0.9618 0.2737
vn -0.0000 -0.7967 -0.6044
vn 0.3585 -0.7848 -0.5055
vn -0.0000 -0.3399 -0.9405
vn 0.4519 -0.3303 -0.8286
vn -0.0000 0.9618 -0.2737
vn 0.8287 -0.2911 -0.4780
vn 0.6371 -0.7400 -0.2159
vn 0.5895 0.5573 -0.5847
vn 0.8013 0.1200 -0.5861
vn 0.9754 -0.2111 0.0637
vn 0.7285 -0.6548 0.2012
vn 0.7285 0.6548 -0.2012
vn 0.9754 0.2111 -0.0637
vn 0.8013 -0.1200 0.5861
vn 0.5895 -0.5573 0.5847
vn 0.6371 0.7400 0.2159
vn 0.8287 0.2911 0.4780
vn 0.4274 -0.0590 0.9021
vn 0.3150 -0.4875 0.8143
vn 0.3585 0.7848 0.5055
vn 0.4519 0.3303 0.8286
vn -0.0000 -0.0390 0.9992
vn -0.0000 -0.4631 0.8863
vn -0.0000 0.7967 0.6044
vn -0.0000 0.3399 0.9405
vn -0.4274 -0.0590 0.9021
vn -0.3150 -0.4875 0.8143
vn -0.3585 0.7848 0.5055
vn -0.4519 0.3303 0.8286
vn -0.8013 -0.1200 0.5861
vn -0.5895 -0.5573 0.5847
vn -0.6371 0.7400 0.2159
vn -0.8287 0.2911 0.4780
vn -0.9754 -0.2111 0.0637
vn -0.7285 -0.6548 0.2012
vn -0.7285 0.6548 -0.2012
vn -0.9754 0.2111 -0.0637
vn -0.8287 -0.2911 -0.4780
vn -0.6371 -0.7400 -0.2159
vn -0.5895 0.5573 -0.5847
vn -0.8013 0.1200 -0.5861
vn -0.4519 -0.3303 -0.8286
vn -0.3585 -0.7848 -0.5055
vn -0.3150 0.4875 -0.8143
vn -0.4274 0.0590 -0.9021
vn 0.2106 -0.7408 -0.6378
vn 0.3617 -0.3360 -0.8696
vn 0.7883 -0.3122 -0.5301
vn 0.4911 -0.7293 -0.4764
vn 0.4018 0.3947 -0.8263
vn 0.2705 0.9262 -0.2627
vn 0.5656 0.8240 -0.0352
vn 0.8596 0.3052 -0.4098
vn 0.0022 -0.9538 -0.3004
vn -0.0022 0.9538 0.3004
vn 0.9443 -0.2700 -0.1880
vn 0.6271 -0.7231 -0.2896
vn 0.6460 0.7447 0.1677
vn 0.9649 0.2609 -0.0310
vn 0.9575 -0.2568 0.1316
vn 0.6510 -0.7524 -0.0998
vn 0.6071 0.7134 0.3499
vn 0.9204 0.2708 0.2821
vn 0.8180 -0.3003 0.4907
vn 0.5514 -0.8290 0.0940
vn 0.4626 0.7199 0.5174
vn 0.7404 0.3097 0.5965
vn 0.3367 -0.3931 0.8556
vn 0.2414 -0.9270 0.2870
vn 0.1827 0.7365 0.6513
vn 0.3040 0.3352 0.8918
vn -0.4018 -0.3947 0.8263
vn -0.2705 -0.9262 0.2627
vn -0.2106 0.7408 0.6378
vn -0.3617 0.3360 0.8696
vn -0.8596 -0.3052 0.4098
vn -0.5656 -0.8240 0.0352
vn -0.4911 0.7293 0.4764
vn -0.7883 0.3122 0.5301
vn -0.9649 -0.2609 0.0310
vn -0.6460 -0.7447 -0.1677
vn -0.6272 0.7231 0.2896
vn -0.9443 0.2700 0.1880
vn -0.9204 -0.2708 -0.2821
vn -0.6071 -0.7134 -0.3499
vn -0.6510 0.7524 0.0998
vn -0.9575 0.2568 -0.1316
vn -0.7404 -0.3097 -0.5965
vn -0.4626 -0.7199 -0.5174
vn -0.5514 0.8290 -0.0940
vn -0.8180 0.3003 -0.4907
vn -0.3040 -0.3352 -0.8918
vn -0.1827 -0.7365 -0.6514
vn -0.2414 0.9270 -0.2870
vn -0.3367 0.3931 -0.8556
vn -0.4018 0.3947 -0.8263
vn -0.2705 0.9262 -0.2627
vn 0.2414 0.9270 -0.2870
vn 0.3367 0.3931 -0.8556
vn -0.0022 -0.9538 -0.3004
vn -0.2106 -0.7408 -0.6378
vn 0.1827 -0.7365 -0.6514
vn -0.3617 -0.3360 -0.8696
vn 0.3040 -0.3352 -0.8918
vn 0.0022 0.9538 0.3004
vn 0.7404 -0.3097 -0.5965
vn 0.4626 -0.7199 -0.5174
vn 0.5514 0.8290 -0.0940
vn 0.8180 0.3003 -0.4907
vn 0.9204 -0.2708 -0.2821
vn 0.6071 -0.7134 -0.3499
vn 0.6510 0.7524 0.0998
vn 0.9575 0.2568 -0.1316
vn 0.9649 -0.2609 0.0310
vn 0.6460 -0.7447 -0.1677
vn 0.6271 0.7231 0.2896
vn 0.9443 0.2700 0.1880
vn 0.8596 -0.3052 0.4098
vn 0.5656 -0.8240 0.0352
vn 0.4911 0.7293 0.4764
vn 0.7883 0.3122 0.5301
vn 0.4018 -0.3947 0.8263
vn 0.2705 -0.9262 0.2627
vn 0.2106 0.7408 0.6378
vn 0.3617 0.3360 0.8696
vn -0.3367 -0.3931 0.8556
vn -0.2414 -0.9270 0.2870
vn -0.1827 0.7365 0.6514
vn -0.3040 0.3352 0.8918
vn -0.8180 -0.3003 0.4907
vn -0.5514 -0.8290 0.0940
vn -0.4626 0.7199 0.5174
vn -0.7404 0.3097 0.5965
vn -0.9575 -0.2568 0.1316
vn -0.6510 -0.7525 -0.0998
vn -0.6071 0.7134 0.3499
vn -0.9204 0.2708 0.2821
vn -0.9443 -0.2700 -0.1880
vn -0.6271 -0.7231 -0.2896
vn -0.6460 0.7447 0.1677
vn -0.9649 0.2609 -0.0310
vn -0.7883 -0.3122 -0.5301
vn -0.4911 -0.7293 -0.4764
vn -0.5656 0.8240 -0.0352
vn -0.8596 0.3052 -0.4098
vn -0.0000 -0.9654 -0.2609
vn -0.0000 -0.5610 -0.8278
vn 0.5910 -0.5386 -0.6005
vn -0.0000 0.0058 -1.0000
vn -0.0000 0.7303 -0.6831
vn 0.6777 0.6323 -0.3754
vn 0.7634 -0.0317 -0.6451
vn -0.0000 0.9654 0.2609
vn 0.9827 -0.0153 -0.1844
vn 0.8207 -0.4903 -0.2934
vn 0.8629 0.5053 -0.0055
vn 0.8207 0.4903 0.2934
vn 0.9827 0.0153 0.1844
vn 0.8629 -0.5053 0.0055
vn 0.6777 -0.6323 0.3754
vn 0.5910 0.5387 0.6005
vn 0.7634 0.0317 0.6451
vn -0.0000 -0.7303 0.6831
vn -0.0000 0.5610 0.8278
vn -0.0000 -0.0058 1.0000
vn -0.6777 -0.6323 0.3754
vn -0.5910 0.5387 0.6005
vn -0.7634 0.0317 0.6451
vn -0.8629 -0.5053 0.0055
vn -0.8207 0.4903 0.2934
vn -0.9827 0.0153 0.1844
vn -0.8629 0.5053 -0.0055
vn -0.8207 -0.4903 -0.2934
vn -0.9827 -0.0153 -0.1844
vn -0.7634 -0.0317 -0.6451
vn -0.5910 -0.5386 -0.6005
vn -0.6777 0.6323 -0.3754
vn 0.0035 -0.8947 0.4467
vn 0.0062 0.2657 0.9640
vn -0.9885 0.1461 -0.0380
vn 0.0200 -0.3450 0.9384
vn 0.1690 0.8768 0.4502
vn -0.9878 0.1556 -0.0010
vn 0.4144 -0.8982 -0.1468
vn -0.5681 0.0616 -0.8207
vn 0.7697 0.2766 -0.5754
vn 0.5479 0.8228 -0.1510
vn 0.7635 -0.3999 -0.5072
vn -0.5496 0.0809 -0.8315
vn -0.5357 -0.8267 0.1717
vn 0.5841 -0.0700 0.8087
vn -0.7524 0.3865 0.5335
vn -0.4246 0.8948 0.1381
vn -0.7773 -0.2899 0.5584
vn 0.5489 -0.0519 0.8343
vn -0.1580 -0.8744 -0.4588
vn -0.0185 0.3511 -0.9362
vn 0.9889 -0.1485 0.0081
vn 0.0104 0.8937 -0.4485
vn 0.9861 -0.1563 0.0562
vn 0.0066 -0.2631 -0.9647
vn 0.2816 -0.9493 -0.1397
vn 0.2815 -0.9497 -0.1373
vn -0.8960 -0.2113 -0.3905
vn -0.8957 -0.2098 -0.3921
vn 0.0864 0.0246 0.9960
vn 0.0865 0.0266 0.9959
vn -0.9936 0.0737 0.0862
vn -0.9937 0.0717 0.0863
vn 0.2627 0.8846 0.3853
vn 0.2630 0.8854 0.3834
vn -0.9327 0.3360 -0.1307
vn -0.9333 0.3352 -0.1290
vn 0.8821 -0.0719 -0.4656
vn 0.8820 -0.0739 -0.4654
vn -0.4677 -0.0505 -0.8824
vn -0.4676 -0.0485 -0.8826
vn 0.1139 -0.9217 -0.3709
vn 0.1121 -0.9216 -0.3716
vn 0.4553 0.3791 -0.8056
vn 0.4575 0.3776 -0.8051
vn 0.3323 0.8854 -0.3251
vn 0.3342 0.8848 -0.3246
vn 0.3996 -0.4426 -0.8028
vn 0.3976 -0.4428 -0.8036
vn 0.9936 -0.0719 -0.0872
vn 0.9934 -0.0738 -0.0877
vn -0.0880 -0.0265 -0.9958
vn -0.0873 -0.0245 -0.9959
vn -0.2681 -0.8838 -0.3834
vn -0.2674 -0.8832 -0.3853
vn 0.9317 -0.3401 0.1277
vn 0.9312 -0.3406 0.1296
vn -0.2775 0.9507 0.1384
vn -0.2767 0.9506 0.1407
vn 0.8974 0.2058 0.3903
vn 0.8980 0.2072 0.3883
vn -0.8821 0.0724 0.4655
vn -0.8821 0.0720 0.4656
vn 0.4677 0.0485 0.8826
vn 0.4677 0.0519 0.8823
vn -0.3389 -0.8824 0.3263
vn -0.3379 -0.8818 0.3290
vn -0.3992 0.4472 0.8004
vn -0.4003 0.4492 0.7987
vn -0.1182 0.9189 0.3764
vn -0.1196 0.9194 0.3746
vn -0.4590 -0.3850 0.8007
vn -0.4574 -0.3842 0.8020
vn -0.0005 -0.9480 -0.3183
vn 0.0013 -0.9482 -0.3176
vn 0.0006 -0.9488 -0.3159
vn -0.0013 -0.9486 -0.3166
vn -0.9729 -0.0221 -0.2302
vn -0.9730 -0.0201 -0.2300
vn -0.9725 -0.0199 -0.2320
vn -0.9724 -0.0219 -0.2322
vn -0.4847 0.0780 0.8712
vn -0.4845 0.0800 0.8711
vn -0.4863 0.0801 0.8701
vn -0.4864 0.0781 0.8702
vn 0.0013 0.9486 0.3166
vn -0.0005 0.9488 0.3159
vn -0.0012 0.9482 0.3176
vn 0.0005 0.9480 0.3183
vn 0.4846 -0.0800 -0.8711
vn 0.4847 -0.0780 -0.8712
vn 0.4864 -0.0781 -0.8702
vn 0.4863 -0.0801 -0.8701
vn 0.9730 0.0201 0.2300
vn 0.9729 0.0221 0.2302
vn 0.9724 0.0219 0.2322
vn 0.9725 0.0199 0.2320
vn 0.5358 -0.8267 0.1717
vn 0.7523 0.3866 0.5335
vn -0.5841 -0.0701 0.8086
vn 0.7773 -0.2899 0.5584
vn 0.4245 0.8948 0.1382
vn -0.5489 -0.0521 0.8343
vn 0.1579 -0.8744 -0.4587
vn -0.9889 -0.1483 0.0080
vn 0.0186 0.3510 -0.9362
vn -0.0103 0.8937 -0.4486
vn -0.0066 -0.2632 -0.9647
vn -0.9861 -0.1562 0.0562
vn -0.0034 -0.8947 0.4466
vn 0.9885 0.1462 -0.0379
vn -0.0062 0.2657 0.9640
vn -0.1579 0.8744 0.4587
vn -0.0184 -0.3510 0.9362
vn 0.9889 0.1484 -0.0082
vn -0.4146 -0.8981 -0.1468
vn -0.7696 0.2767 -0.5755
vn 0.5681 0.0614 -0.8206
vn -0.5478 0.8229 -0.1510
vn 0.5495 0.0808 -0.8316
vn -0.7636 -0.3998 -0.5071
vn 0.2675 -0.8832 -0.3852
vn 0.2681 -0.8838 -0.3834
vn -0.9312 -0.3406 0.1295
vn -0.9317 -0.3401 0.1276
vn 0.8821 0.0719 0.4656
vn 0.8821 0.0724 0.4655
vn -0.4677 0.0519 0.8823
vn -0.4677 0.0485 0.8826
vn 0.2767 0.9506 0.1406
vn 0.2775 0.9507 0.1383
vn -0.8979 0.2071 0.3884
vn -0.8974 0.2058 0.3904
vn 0.0873 -0.0245 -0.9959
vn 0.0880 -0.0266 -0.9958
vn -0.9934 -0.0738 -0.0877
vn -0.9936 -0.0719 -0.0872
vn -0.1122 -0.9216 -0.3716
vn -0.1140 -0.9217 -0.3709
vn -0.4574 0.3776 -0.8052
vn -0.4553 0.3791 -0.8056
vn -0.3342 0.8848 -0.3246
vn -0.3322 0.8854 -0.3252
vn -0.3977 -0.4429 -0.8036
vn -0.3997 -0.4426 -0.8027
vn 0.4676 -0.0485 -0.8826
vn 0.4677 -0.0504 -0.8824
vn -0.8820 -0.0739 -0.4654
vn -0.8821 -0.0720 -0.4655
vn -0.2816 -0.9497 -0.1374
vn -0.2817 -0.9493 -0.1398
vn 0.8957 -0.2098 -0.3920
vn 0.8960 -0.2113 -0.3904
vn -0.2629 0.8854 0.3834
vn -0.2627 0.8846 0.3854
vn 0.9333 0.3352 -0.1290
vn 0.9327 0.3361 -0.1309
vn -0.0865 0.0266 0.9959
vn -0.0864 0.0246 0.9960
vn 0.9937 0.0717 0.0863
vn 0.9936 0.0736 0.0862
vn 0.3380 -0.8818 0.3289
vn 0.3390 -0.8824 0.3263
vn 0.4002 0.4492 0.7988
vn 0.3992 0.4472 0.8004
vn 0.1195 0.9194 0.3747
vn 0.1181 0.9189 0.3764
vn 0.4574 -0.3842 0.8019
vn 0.4591 -0.3850 0.8006
vn -0.0013 -0.9482 -0.3176
vn 0.0005 -0.9480 -0.3183
vn 0.0013 -0.9486 -0.3166
vn -0.0005 -0.9488 -0.3159
vn -0.9725 0.0199 0.2320
vn -0.9724 0.0219 0.2322
vn -0.9729 0.0221 0.2302
vn -0.9730 0.0201 0.2300
vn 0.4864 0.0781 0.8702
vn 0.4863 0.0801 0.8701
vn 0.4845 0.0800 0.8711
vn 0.4847 0.0780 0.8712
vn 0.0005 0.9488 0.3159
vn -0.0012 0.9486 0.3166
vn -0.0005 0.9480 0.3183
vn 0.0013 0.9482 0.3176
vn -0.4863 -0.0801 -0.8701
vn -0.4864 -0.0781 -0.8702
vn -0.4847 -0.0780 -0.8712
vn -0.4846 -0.0800 -0.8711
vn 0.9724 -0.0219 -0.2322
vn 0.9725 -0.0199 -0.2320
vn 0.9730 -0.0201 -0.2300
vn 0.9729 -0.0221 -0.2302
vn -0.5045 -0.8564 -0.1100
vn -0.0042 -0.0469 0.9989
vn -0.8919 0.4507 0.0361
vn -0.0006 -0.2179 0.9760
vn -0.4009 0.9161 -0.0027
vn -0.9549 -0.2868 0.0776
vn -0.3370 -0.9069 0.2530
vn -0.6014 0.2629 0.7545
vn -0.7356 0.2972 -0.6087
vn -0.2539 0.8881 0.3831
vn -0.7790 0.0612 -0.6240
vn -0.5494 -0.4197 0.7226
vn 0.2444 -0.8894 -0.3863
vn 0.5498 0.4176 -0.7235
vn 0.7815 -0.0703 0.6199
vn 0.3313 0.9087 -0.2541
vn 0.7384 -0.2956 0.6061
vn 0.6025 -0.2598 -0.7547
vn 0.3999 -0.9165 -0.0061
vn -0.0145 0.2242 -0.9744
vn 0.9553 0.2818 -0.0897
vn 0.5052 0.8574 0.0980
vn 0.8950 -0.4430 -0.0511
vn -0.0201 0.0434 -0.9989
vn -0.5114 -0.8593 0.0016
vn -0.5092 -0.8606 0.0025
vn -0.7725 0.4584 0.4394
vn -0.7742 0.4572 0.4377
vn -0.0524 0.0154 0.9985
vn -0.0523 0.0174 0.9985
vn -0.9962 0.0706 -0.0515
vn -0.9963 0.0687 -0.0515
vn -0.3355 0.8873 0.3164
vn -0.3348 0.8885 0.3139
vn -0.8313 -0.4355 0.3455
vn -0.8310 -0.4340 0.3480
vn -0.8240 0.0450 -0.5648
vn -0.8241 0.0430 -0.5649
vn -0.5676 -0.0216 0.8231
vn -0.5675 -0.0196 0.8231
vn 0.0595 -0.9906 -0.1229
vn 0.0583 -0.9909 -0.1217
vn -0.6680 0.0497 -0.7425
vn -0.6664 0.0506 -0.7438
vn -0.0799 0.9487 0.3058
vn -0.0794 0.9493 0.3041
vn -0.7275 0.1548 -0.6684
vn -0.7291 0.1557 -0.6664
vn 0.9962 -0.0686 0.0528
vn 0.9962 -0.0703 0.0522
vn 0.0530 -0.0175 -0.9984
vn 0.0538 -0.0153 -0.9984
vn 0.3318 -0.8891 -0.3153
vn 0.3314 -0.8886 -0.3172
vn 0.8308 0.4323 -0.3507
vn 0.8314 0.4325 -0.3487
vn 0.5165 0.8563 -0.0026
vn 0.5157 0.8568 -0.0004
vn 0.7725 -0.4644 -0.4330
vn 0.7719 -0.4634 -0.4353
vn 0.8241 -0.0443 0.5648
vn 0.8240 -0.0464 0.5647
vn 0.5675 0.0209 -0.8231
vn 0.5675 0.0228 -0.8230
vn 0.0874 -0.9489 -0.3031
vn 0.0879 -0.9479 -0.3061
vn 0.7314 -0.1460 0.6661
vn 0.7309 -0.1506 0.6657
vn -0.0504 0.9908 0.1259
vn -0.0511 0.9904 0.1283
vn 0.6692 -0.0585 0.7408
vn 0.6706 -0.0590 0.7395
vn -0.0013 -0.9483 -0.3173
vn 0.0002 -0.9480 -0.3184
vn 0.0014 -0.9485 -0.3169
vn -0.0002 -0.9488 -0.3158
vn -0.9085 0.0366 0.4162
vn -0.9084 0.0386 0.4164
vn -0.9092 0.0388 0.4146
vn -0.9093 0.0368 0.4144
vn 0.7309 0.0609 0.6798
vn 0.7306 0.0629 0.6799
vn 0.7293 0.0627 0.6813
vn 0.7295 0.0607 0.6813
vn 0.0002 0.9488 0.3158
vn -0.0013 0.9485 0.3169
vn -0.0002 0.9480 0.3184
vn 0.0014 0.9483 0.3173
vn -0.7306 -0.0629 -0.6799
vn -0.7308 -0.0609 -0.6798
vn -0.7295 -0.0607 -0.6813
vn -0.7293 -0.0627 -0.6813
vn 0.9084 -0.0386 -0.4164
vn 0.9085 -0.0366 -0.4162
vn 0.9093 -0.0368 -0.4144
vn 0.9092 -0.0388 -0.4146
vn -0.2445 -0.8894 -0.3862
vn -0.7816 -0.0701 0.6199
vn -0.5497 0.4175 -0.7235
vn -0.7377 -0.2964 0.6067
vn -0.3327 0.9081 -0.2541
vn -0.6025 -0.2605 -0.7545
vn -0.4001 -0.9165 -0.0060
vn -0.9552 0.2819 -0.0898
vn 0.0146 0.2241 -0.9745
vn -0.5051 0.8575 0.0979
vn 0.0200 0.0432 -0.9989
vn -0.8951 -0.4430 -0.0511
vn 0.5045 -0.8563 -0.1101
vn 0.8919 0.4508 0.0362
vn 0.0042 -0.0470 0.9989
vn 0.4040 0.9148 0.0016
vn -0.0012 -0.2214 0.9752
vn 0.9541 -0.2896 0.0764
vn 0.3370 -0.9069 0.2528
vn 0.7356 0.2973 -0.6087
vn 0.6013 0.2628 0.7545
vn 0.2539 0.8881 0.3832
vn 0.5494 -0.4197 0.7225
vn 0.7790 0.0613 -0.6241
vn -0.3314 -0.8886 -0.3172
vn -0.3318 -0.8891 -0.3153
vn -0.8314 0.4325 -0.3488
vn -0.8308 0.4323 -0.3507
vn -0.8240 -0.0463 0.5647
vn -0.8241 -0.0442 0.5648
vn -0.5675 0.0228 -0.8230
vn -0.5675 0.0209 -0.8231
vn -0.5157 0.8568 -0.0004
vn -0.5165 0.8563 -0.0027
vn -0.7719 -0.4634 -0.4352
vn -0.7726 -0.4644 -0.4329
vn -0.0538 -0.0154 -0.9984
vn -0.0530 -0.0175 -0.9984
vn -0.9962 -0.0703 0.0522
vn -0.9962 -0.0686 0.0528
vn -0.0583 -0.9909 -0.1217
vn -0.0595 -0.9906 -0.1229
vn 0.6664 0.0506 -0.7438
vn 0.6681 0.0497 -0.7424
vn 0.0794 0.9493 0.3041
vn 0.0799 0.9487 0.3058
vn 0.7291 0.1557 -0.6664
vn 0.7275 0.1548 -0.6684
vn 0.5675 -0.0196 0.8231
vn 0.5676 -0.0215 0.8231
vn 0.8241 0.0431 -0.5649
vn 0.8240 0.0451 -0.5648
vn 0.5092 -0.8606 0.0025
vn 0.5114 -0.8593 0.0016
vn 0.7742 0.4572 0.4377
vn 0.7725 0.4584 0.4394
vn 0.3347 0.8885 0.3140
vn 0.3355 0.8873 0.3164
vn 0.8310 -0.4339 0.3479
vn 0.8313 -0.4354 0.3454
vn 0.0523 0.0173 0.9985
vn 0.0524 0.0153 0.9985
vn 0.9963 0.0687 -0.0515
vn 0.9962 0.0706 -0.0515
vn -0.0879 -0.9479 -0.3061
vn -0.0874 -0.9489 -0.3031
vn -0.7309 -0.1506 0.6657
vn -0.7314 -0.1460 0.6661
vn 0.0511 0.9904 0.1283
vn 0.0504 0.9908 0.1259
vn -0.6706 -0.0590 0.7395
vn -0.6692 -0.0585 0.7407
vn -0.0002 -0.9480 -0.3183
vn 0.0014 -0.9483 -0.3173
vn 0.0002 -0.9488 -0.3158
vn -0.0014 -0.9485 -0.3169
vn -0.9092 -0.0388 -0.4146
vn -0.9094 -0.0368 -0.4144
vn -0.9085 -0.0366 -0.4162
vn -0.9084 -0.0386 -0.4164
vn -0.7295 0.0607 0.6813
vn -0.7293 0.0627 0.6813
vn -0.7306 0.0629 0.6798
vn -0.7309 0.0609 0.6798
vn 0.0013 0.9485 0.3169
vn -0.0002 0.9488 0.3158
vn -0.0014 0.9483 0.3173
vn 0.0002 0.9480 0.3184
vn 0.7293 -0.0627 -0.6813
vn 0.7295 -0.0607 -0.6813
vn 0.7309 -0.0609 -0.6798
vn 0.7307 -0.0629 -0.6798
vn 0.9094 0.0368 0.4144
vn 0.9092 0.0388 0.4145
vn 0.9084 0.0386 0.4164
vn 0.9085 0.0366 0.4162
vn 0.4134 -0.7230 0.5534
vn 0.5299 0.5230 0.6676
vn -0.8426 0.1093 0.5274
vn 0.5275 -0.3895 0.7550
vn 0.4160 0.8175 0.3983
vn -0.8410 0.0078 0.5410
vn 0.4175 -0.8196 -0.3925
vn -0.8405 -0.0116 -0.5417
vn 0.5264 0.3861 -0.7575
vn 0.4148 0.7234 -0.5519
vn 0.5305 -0.5227 -0.6673
vn -0.8416 -0.1092 -0.5290
vn -0.4134 -0.7231 0.5534
vn 0.8425 0.1094 0.5274
vn -0.5300 0.5229 0.6676
vn -0.4163 0.8174 0.3982
vn -0.5276 -0.3897 0.7548
vn 0.8408 0.0080 0.5412
vn -0.4176 -0.8195 -0.3925
vn -0.5263 0.3862 -0.7575
vn 0.8405 -0.0117 -0.5417
vn -0.4147 0.7235 -0.5519
vn 0.8415 -0.1093 -0.5290
vn -0.5305 -0.5227 -0.6673
vn 0.3907 -0.9187 -0.0572
vn 0.3906 -0.9189 -0.0542
vn -0.9192 -0.3912 -0.0459
vn -0.9191 -0.3910 -0.0489
vn 0.6519 0.0776 0.7543
vn 0.6517 0.0805 0.7542
vn -0.7565 0.0756 0.6496
vn -0.7564 0.0727 0.6501
vn 0.3936 0.9175 0.0572
vn 0.3935 0.9177 0.0542
vn -0.9179 0.3941 0.0461
vn -0.9179 0.3939 0.0491
vn 0.6522 -0.0775 -0.7541
vn 0.6522 -0.0800 -0.7538
vn -0.7561 -0.0761 -0.6500
vn -0.7561 -0.0727 -0.6504
vn 0.0015 -0.8772 -0.4802
vn -0.0015 -0.8772 -0.4802
vn -0.0015 0.4776 -0.8786
vn 0.0015 0.4776 -0.8786
vn -0.0015 0.7606 -0.6492
vn 0.0015 0.7606 -0.6492
vn 0.0015 -0.6470 -0.7625
vn -0.0015 -0.6470 -0.7625
vn 0.7561 -0.0727 -0.6504
vn 0.7561 -0.0762 -0.6500
vn -0.6522 -0.0800 -0.7538
vn -0.6522 -0.0775 -0.7541
vn -0.3906 -0.9189 -0.0543
vn -0.3907 -0.9187 -0.0572
vn 0.9191 -0.3910 -0.0488
vn 0.9192 -0.3912 -0.0459
vn -0.3935 0.9177 0.0542
vn -0.3936 0.9175 0.0571
vn 0.9179 0.3939 0.0491
vn 0.9179 0.3941 0.0461
vn -0.6517 0.0806 0.7542
vn -0.6519 0.0776 0.7543
vn 0.7564 0.0727 0.6501
vn 0.7565 0.0756 0.6496
vn -0.0015 -0.7602 0.6497
vn 0.0015 -0.7602 0.6497
vn 0.0015 0.6475 0.7621
vn -0.0015 0.6475 0.7621
vn 0.0015 0.8751 0.4839
vn -0.0015 0.8751 0.4839
vn -0.0015 -0.4813 0.8765
vn 0.0015 -0.4813 0.8765
vn -0.0015 -0.9968 -0.0800
vn 0.0015 -0.9968 -0.0799
vn 0.0015 -0.9970 -0.0770
vn -0.0015 -0.9970 -0.0770
vn -1.0000 0.0015 0.0015
vn 0.0015 0.1069 0.9943
vn 0.0015 0.1100 0.9939
vn -0.0015 0.1100 0.9939
vn -0.0015 0.1069 0.9943
vn 0.0015 0.9970 0.0770
vn -0.0015 0.9970 0.0770
vn -0.0015 0.9968 0.0800
vn 0.0015 0.9968 0.0800
vn -0.0015 -0.1099 -0.9939
vn -0.0015 -0.1070 -0.9943
vn 0.0015 -0.1069 -0.9943
vn 0.0015 -0.1100 -0.9939
vn 1.0000 -0.0015 -0.0015
vn 1.0000 0.0015 -0.0015
vn 0.4661 -0.6920 0.5512
vn 0.5484 0.5331 0.6442
vn -0.8326 0.0763 0.5486
vn 0.5449 -0.4079 0.7326
vn 0.4607 0.7842 0.4157
vn -0.8352 0.0328 0.5490
vn 0.4614 -0.7841 -0.4150
vn -0.8344 -0.0332 -0.5501
vn 0.5456 0.4082 -0.7319
vn 0.4605 0.6770 -0.5742
vn 0.5512 -0.5502 -0.6272
vn -0.8338 -0.0921 -0.5444
vn -0.4660 -0.6921 0.5512
vn 0.8326 0.0764 0.5486
vn -0.5485 0.5331 0.6442
vn -0.4606 0.7841 0.4159
vn -0.5446 -0.4079 0.7328
vn 0.8355 0.0328 0.5486
vn -0.4615 -0.7841 -0.4151
vn -0.5455 0.4083 -0.7319
vn 0.8344 -0.0333 -0.5501
vn -0.4604 0.6770 -0.5742
vn 0.8338 -0.0922 -0.5444
vn -0.5513 -0.5501 -0.6272
vn 0.4758 -0.8776 -0.0578
vn 0.4748 -0.8783 -0.0561
vn -0.8791 -0.4742 -0.0484
vn -0.8785 -0.4751 -0.0507
vn 0.6720 0.0772 0.7365
vn 0.6724 0.0792 0.7359
vn -0.7389 0.0762 0.6695
vn -0.7393 0.0742 0.6693
vn 0.4879 0.8710 0.0572
vn 0.4879 0.8712 0.0551
vn -0.8719 0.4873 0.0496
vn -0.8718 0.4871 0.0517
vn 0.6720 -0.0772 -0.7365
vn 0.6724 -0.0791 -0.7359
vn -0.7389 -0.0762 -0.6695
vn -0.7393 -0.0742 -0.6693
vn 0.0010 -0.8657 -0.5006
vn -0.0010 -0.8657 -0.5006
vn -0.0010 0.4990 -0.8666
vn 0.0010 0.4990 -0.8666
vn -0.0010 0.7390 -0.6737
vn 0.0010 0.7390 -0.6737
vn 0.0010 -0.6723 -0.7403
vn -0.0010 -0.6723 -0.7403
vn 0.7393 -0.0742 -0.6693
vn 0.7389 -0.0762 -0.6695
vn -0.6724 -0.0791 -0.7359
vn -0.6720 -0.0771 -0.7365
vn -0.4748 -0.8783 -0.0561
vn -0.4758 -0.8776 -0.0578
vn 0.8785 -0.4751 -0.0507
vn 0.8791 -0.4742 -0.0485
vn -0.4879 0.8712 0.0553
vn -0.4879 0.8710 0.0572
vn 0.8718 0.4871 0.0515
vn 0.8719 0.4873 0.0495
vn -0.6724 0.0791 0.7359
vn -0.6720 0.0771 0.7365
vn 0.7393 0.0742 0.6693
vn 0.7389 0.0762 0.6695
vn -0.0010 -0.7409 0.6716
vn 0.0010 -0.7409 0.6716
vn 0.0010 0.6702 0.7422
vn -0.0010 0.6702 0.7422
vn 0.0010 0.8657 0.5006
vn -0.0010 0.8657 0.5006
vn -0.0010 -0.4990 0.8666
vn 0.0010 -0.4990 0.8666
vn -0.0009 -0.9968 -0.0794
vn 0.0010 -0.9968 -0.0794
vn 0.0010 -0.9970 -0.0775
vn -0.0010 -0.9970 -0.0775
vn -1.0000 -0.0010 0.0010
vn -1.0000 0.0010 0.0010
vn -1.0000 0.0010 -0.0010
vn -1.0000 -0.0010 -0.0010
vn 0.0010 0.1074 0.9942
vn 0.0010 0.1095 0.9940
vn -0.0010 0.1095 0.9940
vn -0.0010 0.1074 0.9942
vn 0.0010 0.9970 0.0775
vn -0.0009 0.9970 0.0775
vn -0.0010 0.9968 0.0794
vn 0.0010 0.9968 0.0794
vn -0.0010 -0.1094 -0.9940
vn -0.0010 -0.1075 -0.9942
vn 0.0010 -0.1074 -0.9942
vn 0.0010 -0.1095 -0.9940
vn 1.0000 -0.0010 -0.0010
vn 1.0000 0.0010 -0.0010
vn 1.0000 0.0010 0.0010
vn 1.0000 -0.0010 0.0010
vn 0.4447 -0.7027 0.5554
vn 0.5409 0.5287 0.6542
vn -0.8386 0.0855 0.5379
vn 0.5368 -0.3909 0.7477
vn 0.4455 0.8010 0.3999
vn -0.8384 0.0333 0.5440
vn 0.4464 -0.8030 -0.3949
vn -0.8388 -0.0369 -0.5432
vn 0.5355 0.3864 -0.7509
vn 0.4456 0.7058 -0.5507
vn 0.5402 -0.5252 -0.6575
vn -0.8384 -0.0828 -0.5387
vn -0.4447 -0.7027 0.5554
vn 0.8386 0.0856 0.5379
vn -0.5410 0.5286 0.6542
vn -0.4455 0.8010 0.4000
vn -0.5367 -0.3910 0.7477
vn 0.8385 0.0334 0.5439
vn -0.4464 -0.8029 -0.3950
vn -0.5355 0.3865 -0.7509
vn 0.8388 -0.0370 -0.5432
vn -0.4456 0.7058 -0.5507
vn 0.8384 -0.0829 -0.5387
vn -0.5403 -0.5252 -0.6575
vn 0.4548 -0.8887 -0.0579
vn 0.4548 -0.8889 -0.0547
vn -0.8891 -0.4552 -0.0481
vn -0.8890 -0.4550 -0.0509
vn 0.6628 0.0772 0.7449
vn 0.6628 0.0801 0.7445
vn -0.7469 0.0762 0.6606
vn -0.7469 0.0732 0.6609
vn 0.4575 0.8873 0.0575
vn 0.4571 0.8877 0.0546
vn -0.8879 0.4575 0.0482
vn -0.8877 0.4576 0.0513
vn 0.6623 -0.0772 -0.7452
vn 0.6625 -0.0801 -0.7447
vn -0.7471 -0.0762 -0.6603
vn -0.7472 -0.0732 -0.6605
vn 0.0015 -0.8766 -0.4812
vn -0.0015 -0.8766 -0.4812
vn -0.0015 0.4786 -0.8780
vn 0.0015 0.4786 -0.8780
vn -0.0015 0.7580 -0.6522
vn 0.0015 0.7580 -0.6522
vn 0.0015 -0.6500 -0.7599
vn -0.0015 -0.6500 -0.7599
vn 0.7472 -0.0732 -0.6605
vn 0.7471 -0.0762 -0.6603
vn -0.6625 -0.0801 -0.7447
vn -0.6623 -0.0772 -0.7452
vn -0.4548 -0.8889 -0.0548
vn -0.4548 -0.8887 -0.0579
vn 0.8890 -0.4550 -0.0508
vn 0.8891 -0.4552 -0.0481
vn -0.4571 0.8877 0.0546
vn -0.4575 0.8873 0.0575
vn 0.8877 0.4576 0.0513
vn 0.8879 0.4575 0.0483
vn -0.6628 0.0801 0.7445
vn -0.6628 0.0771 0.7449
vn 0.7469 0.0732 0.6609
vn 0.7469 0.0762 0.6606
vn -0.0015 -0.7580 0.6522
vn 0.0015 -0.7580 0.6522
vn 0.0015 0.6500 0.7599
vn -0.0015 0.6500 0.7599
vn 0.0015 0.8762 0.4819
vn -0.0015 0.8762 0.4819
vn -0.0015 -0.4793 0.8776
vn 0.0015 -0.4793 0.8776
vn 0.0015 -0.9968 -0.0800
vn -0.0015 0.9970 0.0769
vn -0.0015 0.9968 0.0799
vn 0.0015 0.9968 0.0799
vn 0.4847 -0.6765 0.5544
vn 0.5523 0.5370 0.6376
vn -0.8321 0.0596 0.5514
vn 0.5538 -0.4167 0.7208
vn 0.4845 0.7660 0.4224
vn -0.8305 0.0487 0.5548
vn 0.4830 -0.7734 -0.4105
vn -0.8335 -0.0567 -0.5496
vn 0.5495 0.4032 -0.7317
vn 0.4866 0.6773 -0.5518
vn 0.5532 -0.5350 -0.6386
vn -0.8316 -0.0566 -0.5524
vn -0.4846 -0.6766 0.5544
vn 0.8321 0.0598 0.5514
vn -0.5524 0.5369 0.6376
vn -0.4850 0.7660 0.4220
vn -0.5541 -0.4170 0.7205
vn 0.8301 0.0490 0.5554
vn -0.4831 -0.7733 -0.4105
vn -0.5495 0.4033 -0.7318
vn 0.8335 -0.0568 -0.5496
vn -0.4866 0.6774 -0.5518
vn 0.8316 -0.0567 -0.5524
vn -0.5533 -0.5349 -0.6386
vn 0.5283 -0.8471 -0.0576
vn 0.5282 -0.8474 -0.0552
vn -0.8480 -0.5275 -0.0510
vn -0.8480 -0.5274 -0.0526
vn 0.6791 0.0769 0.7300
vn 0.6788 0.0790 0.7301
vn -0.7331 0.0765 0.6758
vn -0.7328 0.0745 0.6764
vn 0.5283 0.8471 0.0576
vn 0.5275 0.8477 0.0557
vn -0.8485 0.5268 0.0504
vn -0.8480 0.5274 0.0527
vn 0.6787 -0.0770 -0.7304
vn 0.6791 -0.0789 -0.7298
vn -0.7328 -0.0765 -0.6761
vn -0.7331 -0.0745 -0.6760
vn 0.0010 -0.8691 -0.4947
vn -0.0010 -0.8691 -0.4947
vn -0.0010 0.4931 -0.8700
vn 0.0010 0.4931 -0.8700
vn -0.0010 0.7424 -0.6699
vn 0.0010 0.7424 -0.6699
vn 0.0010 -0.6685 -0.7437
vn -0.0010 -0.6685 -0.7437
vn 0.7331 -0.0745 -0.6760
vn 0.7328 -0.0765 -0.6761
vn -0.6791 -0.0789 -0.7298
vn -0.6787 -0.0769 -0.7304
vn -0.5282 -0.8474 -0.0552
vn -0.5283 -0.8471 -0.0576
vn 0.8480 -0.5274 -0.0525
vn 0.8480 -0.5275 -0.0510
vn -0.5275 0.8477 0.0559
vn -0.5283 0.8471 0.0576
vn 0.8480 0.5275 0.0525
vn 0.8485 0.5268 0.0503
vn -0.6788 0.0789 0.7301
vn -0.6791 0.0768 0.7300
vn 0.7328 0.0745 0.6764
vn 0.7331 0.0765 0.6758
vn -0.0010 -0.7475 0.6642
vn 0.0010 -0.7475 0.6642
vn 0.0010 0.6628 0.7488
vn -0.0010 0.6628 0.7488
vn 0.0010 0.8600 0.5103
vn -0.0010 0.8600 0.5103
vn -0.0010 -0.5087 0.8610
vn 0.0010 -0.5087 0.8610
vn 0.0010 0.1075 0.9942
vn -0.0010 0.1075 0.9942
vn 0.0010 0.9970 0.0774
vn 0.4662 -0.6928 0.5502
vn 0.5460 0.5268 0.6515
vn -0.8365 0.0642 0.5441
vn 0.5417 -0.3845 0.7475
vn 0.4678 0.7921 0.3922
vn -0.8362 0.0576 0.5454
vn 0.4674 -0.7887 -0.3993
vn -0.8355 -0.0536 -0.5469
vn 0.5439 0.3913 -0.7424
vn 0.4680 0.6979 -0.5422
vn 0.5451 -0.5211 -0.6567
vn -0.8358 -0.0597 -0.5458
vn -0.4661 -0.6928 0.5502
vn 0.8365 0.0644 0.5441
vn -0.5460 0.5267 0.6515
vn -0.4680 0.7920 0.3921
vn -0.5417 -0.3846 0.7474
vn 0.8361 0.0577 0.5455
vn -0.4675 -0.7887 -0.3993
vn -0.5438 0.3914 -0.7424
vn 0.8355 -0.0537 -0.5469
vn -0.4679 0.6979 -0.5422
vn 0.8358 -0.0598 -0.5458
vn -0.5452 -0.5210 -0.6567
vn 0.4987 -0.8648 -0.0579
vn 0.4987 -0.8651 -0.0549
vn -0.8652 -0.4990 -0.0495
vn -0.8651 -0.4988 -0.0525
vn 0.6696 0.0769 0.7388
vn 0.6697 0.0799 0.7383
vn -0.7406 0.0765 0.6675
vn -0.7408 0.0736 0.6677
vn 0.4967 0.8659 0.0581
vn 0.4967 0.8662 0.0550
vn -0.8663 0.4970 0.0493
vn -0.8663 0.4968 0.0522
vn 0.6699 -0.0769 -0.7385
vn 0.6699 -0.0798 -0.7382
vn -0.7405 -0.0765 -0.6677
vn -0.7405 -0.0736 -0.6680
vn 0.0015 -0.8760 -0.4824
vn -0.0015 -0.8760 -0.4824
vn -0.0015 0.4798 -0.8774
vn 0.0015 0.4798 -0.8774
vn -0.0015 0.7587 -0.6515
vn 0.0015 0.7587 -0.6515
vn 0.0015 -0.6493 -0.7606
vn -0.0015 -0.6493 -0.7606
vn 0.7405 -0.0736 -0.6680
vn 0.7405 -0.0765 -0.6677
vn -0.6699 -0.0798 -0.7382
vn -0.6699 -0.0769 -0.7385
vn -0.4987 -0.8651 -0.0549
vn -0.4987 -0.8648 -0.0579
vn 0.8651 -0.4988 -0.0524
vn 0.8652 -0.4990 -0.0495
vn -0.4967 0.8662 0.0550
vn -0.4967 0.8659 0.0581
vn 0.8663 0.4968 0.0521
vn 0.8663 0.4970 0.0493
vn -0.6697 0.0799 0.7383
vn -0.6696 0.0769 0.7388
vn 0.7408 0.0735 0.6677
vn 0.7406 0.0765 0.6675
vn -0.0015 -0.7563 0.6542
vn 0.0015 -0.7563 0.6542
vn 0.0015 0.6520 0.7582
vn -0.0015 0.6520 0.7582
vn 0.0015 0.8760 0.4824
vn -0.0015 0.8760 0.4824
vn -0.0015 -0.4798 0.8774
vn 0.0015 -0.4798 0.8774
vn 0.5003 -0.6669 0.5522
vn 0.5559 0.5363 0.6351
vn -0.8309 0.0426 0.5547
vn 0.5572 -0.4110 0.7215
vn 0.4994 0.7591 0.4176
vn -0.8299 0.0688 0.5537
vn 0.5038 -0.7714 -0.3887
vn -0.8290 -0.0846 -0.5529
vn 0.5534 0.3872 -0.7374
vn 0.4971 0.6649 -0.5575
vn 0.5563 -0.5391 -0.6324
vn -0.8321 -0.0460 -0.5527
vn -0.5002 -0.6670 0.5522
vn 0.8309 0.0427 0.5547
vn -0.5560 0.5362 0.6351
vn -0.4996 0.7590 0.4175
vn -0.5572 -0.4111 0.7215
vn 0.8298 0.0690 0.5538
vn -0.5039 -0.7713 -0.3887
vn -0.5533 0.3873 -0.7375
vn 0.8290 -0.0847 -0.5528
vn -0.4970 0.6650 -0.5575
vn 0.8321 -0.0461 -0.5527
vn -0.5563 -0.5390 -0.6324
vn 0.5602 -0.8264 -0.0573
vn 0.5602 -0.8265 -0.0553
vn -0.8272 -0.5595 -0.0518
vn -0.8272 -0.5593 -0.0537
vn 0.6835 0.0768 0.7259
vn 0.6832 0.0788 0.7259
vn -0.7289 0.0767 0.6803
vn -0.7286 0.0747 0.6808
vn 0.5575 0.8282 0.0575
vn 0.5582 0.8278 0.0556
vn -0.8286 0.5575 0.0514
vn -0.8290 0.5566 0.0537
vn 0.6835 -0.0768 -0.7259
vn 0.6832 -0.0787 -0.7260
vn -0.7290 -0.0767 -0.6802
vn -0.7287 -0.0747 -0.6808
vn 0.0010 -0.8683 -0.4960
vn -0.0010 -0.8683 -0.4960
vn -0.0010 0.4943 -0.8693
vn 0.0010 0.4943 -0.8693
vn -0.0010 0.7519 -0.6593
vn 0.0010 0.7519 -0.6593
vn 0.0010 -0.6579 -0.7531
vn -0.0010 -0.6579 -0.7531
vn 0.7287 -0.0747 -0.6808
vn 0.7290 -0.0767 -0.6802
vn -0.6832 -0.0787 -0.7260
vn -0.6835 -0.0767 -0.7259
vn -0.5602 -0.8265 -0.0553
vn -0.5602 -0.8264 -0.0572
vn 0.8272 -0.5593 -0.0537
vn 0.8272 -0.5595 -0.0518
vn -0.5582 0.8278 0.0557
vn -0.5575 0.8282 0.0574
vn 0.8290 0.5566 0.0536
vn 0.8286 0.5575 0.0513
vn -0.6832 0.0787 0.7259
vn -0.6835 0.0767 0.7259
vn 0.7286 0.0747 0.6808
vn 0.7289 0.0767 0.6803
vn -0.0010 -0.7494 0.6621
vn 0.0010 -0.7494 0.6621
vn 0.0010 0.6607 0.7506
vn -0.0010 0.6607 0.7506
vn 0.0010 0.8683 0.4960
vn -0.0010 0.8683 0.4960
vn -0.0010 -0.4943 0.8693
vn 0.0010 -0.4943 0.8693
vn 0.0010 0.9970 0.0776
vn -0.0009 0.9970 0.0776
vn -0.0010 0.9968 0.0795
vn 0.0010 0.9968 0.0795
vn 0.0010 -0.1075 -0.9942
vn 0.4573 -0.6965 0.5529
vn 0.5445 0.5279 0.6517
vn -0.8373 0.0729 0.5419
vn 0.5412 -0.3938 0.7430
vn 0.4578 0.7922 0.4036
vn -0.8374 0.0435 0.5449
vn 0.4591 -0.7957 -0.3950
vn -0.8371 -0.0481 -0.5449
vn 0.5399 0.3868 -0.7476
vn 0.4573 0.6965 -0.5529
vn 0.5445 -0.5279 -0.6517
vn -0.8373 -0.0729 -0.5419
vn -0.4572 -0.6966 0.5529
vn 0.8373 0.0730 0.5419
vn -0.5446 0.5278 0.6517
vn -0.4578 0.7921 0.4037
vn -0.5410 -0.3938 0.7431
vn 0.8375 0.0436 0.5447
vn -0.4592 -0.7957 -0.3950
vn -0.5398 0.3869 -0.7476
vn 0.8371 -0.0482 -0.5449
vn -0.4572 0.6966 -0.5529
vn 0.8373 -0.0730 -0.5419
vn -0.5446 -0.5278 -0.6517
vn 0.4799 -0.8754 -0.0579
vn 0.4799 -0.8756 -0.0551
vn -0.8758 -0.4802 -0.0487
vn -0.8758 -0.4800 -0.0518
vn 0.6670 0.0770 0.7411
vn 0.6670 0.0799 0.7407
vn -0.7431 0.0764 0.6648
vn -0.7431 0.0735 0.6652
vn 0.4778 0.8766 0.0580
vn 0.4777 0.8768 0.0552
vn -0.8770 0.4781 0.0485
vn -0.8769 0.4779 0.0517
vn 0.6671 -0.0770 -0.7410
vn 0.6671 -0.0799 -0.7407
vn -0.7430 -0.0764 -0.6649
vn -0.7430 -0.0735 -0.6652
vn 0.0015 -0.8762 -0.4819
vn -0.0015 -0.8762 -0.4819
vn -0.0015 0.4793 -0.8776
vn 0.0015 0.4793 -0.8776
vn -0.0015 0.7577 -0.6526
vn 0.0015 0.7577 -0.6526
vn 0.0015 -0.6504 -0.7596
vn -0.0015 -0.6504 -0.7596
vn 0.7430 -0.0734 -0.6652
vn 0.7430 -0.0764 -0.6649
vn -0.6671 -0.0800 -0.7407
vn -0.6671 -0.0770 -0.7410
vn -0.4799 -0.8756 -0.0551
vn -0.4799 -0.8754 -0.0579
vn 0.8758 -0.4800 -0.0518
vn 0.8758 -0.4802 -0.0487
vn -0.4777 0.8768 0.0552
vn -0.4778 0.8766 0.0580
vn 0.8769 0.4779 0.0516
vn 0.8770 0.4781 0.0485
vn -0.6670 0.0800 0.7407
vn -0.6670 0.0770 0.7411
vn 0.7431 0.0734 0.6652
vn 0.7431 0.0764 0.6648
vn -0.0015 -0.7577 0.6526
vn 0.0015 -0.7577 0.6526
vn 0.0015 0.6504 0.7596
vn -0.0015 0.6504 0.7596
vn 0.0015 0.8744 0.4851
vn -0.0015 0.8744 0.4851
vn -0.0015 -0.4826 0.8759
vn 0.0015 -0.4826 0.8759
vn 0.4951 -0.6693 0.5540
vn 0.5569 0.5392 0.6317
vn -0.8292 0.0523 0.5565
vn 0.5536 -0.4035 0.7285
vn 0.4937 0.7678 0.4083
vn -0.8305 0.0666 0.5531
vn 0.4935 -0.7679 -0.4084
vn -0.8307 -0.0665 -0.5528
vn 0.5534 0.4035 -0.7287
vn 0.4951 0.6700 -0.5531
vn 0.5558 -0.5371 -0.6346
vn -0.8307 -0.0493 -0.5546
vn -0.4950 -0.6694 0.5540
vn 0.8292 0.0524 0.5565
vn -0.5570 0.5391 0.6317
vn -0.4936 0.7678 0.4085
vn -0.5533 -0.4035 0.7287
vn 0.8307 0.0666 0.5528
vn -0.4936 -0.7678 -0.4085
vn -0.5533 0.4035 -0.7287
vn 0.8307 -0.0666 -0.5528
vn -0.4950 0.6701 -0.5531
vn 0.8307 -0.0495 -0.5546
vn -0.5559 -0.5370 -0.6346
vn 0.5462 -0.8356 -0.0576
vn 0.5462 -0.8358 -0.0556
vn -0.8365 -0.5455 -0.0511
vn -0.8365 -0.5454 -0.0530
vn 0.6814 0.0769 0.7279
vn 0.6817 0.0789 0.7273
vn -0.7303 0.0766 0.6788
vn -0.7306 0.0746 0.6787
vn 0.5462 0.8356 0.0576
vn 0.5455 0.8363 0.0557
vn -0.8370 0.5448 0.0509
vn -0.8365 0.5454 0.0532
vn 0.6814 -0.0769 -0.7279
vn 0.6817 -0.0788 -0.7273
vn -0.7303 -0.0766 -0.6788
vn -0.7306 -0.0746 -0.6787
vn 0.0010 -0.8694 -0.4940
vn -0.0010 -0.8694 -0.4940
vn -0.0010 0.4924 -0.8704
vn 0.0010 0.4924 -0.8704
vn -0.0010 0.7480 -0.6636
vn 0.0010 0.7480 -0.6636
vn 0.0010 -0.6622 -0.7493
vn -0.0010 -0.6622 -0.7493
vn 0.7306 -0.0746 -0.6787
vn 0.7303 -0.0766 -0.6788
vn -0.6817 -0.0788 -0.7273
vn -0.6814 -0.0768 -0.7279
vn -0.5462 -0.8358 -0.0556
vn -0.5462 -0.8356 -0.0576
vn 0.8365 -0.5454 -0.0530
vn 0.8365 -0.5455 -0.0511
vn -0.5455 0.8362 0.0559
vn -0.5462 0.8356 0.0576
vn 0.8365 0.5454 0.0530
vn 0.8370 0.5448 0.0508
vn -0.6817 0.0788 0.7273
vn -0.6814 0.0768 0.7279
vn 0.7306 0.0746 0.6787
vn 0.7303 0.0766 0.6788
vn -0.0010 -0.7460 0.6659
vn 0.0010 -0.7460 0.6659
vn 0.0010 0.6645 0.7473
vn -0.0010 0.6645 0.7473
vn 0.0010 0.8650 0.5018
vn -0.0010 0.8650 0.5018
vn -0.0010 -0.5002 0.8659
vn 0.0010 -0.5002 0.8659
vn 0.4344 -0.7090 0.5556
vn 0.5378 0.5277 0.6575
vn -0.8396 0.0945 0.5349
vn 0.5318 -0.3829 0.7554
vn 0.4369 0.8104 0.3902
vn -0.8395 0.0300 0.5426
vn 0.4355 -0.8062 -0.4005
vn -0.8395 -0.0244 -0.5428
vn 0.5339 0.3912 -0.7496
vn 0.4344 0.7090 -0.5556
vn 0.5378 -0.5277 -0.6575
vn -0.8396 -0.0945 -0.5349
vn -0.4343 -0.7090 0.5556
vn 0.8396 0.0946 0.5349
vn -0.5379 0.5276 0.6575
vn -0.4372 0.8104 0.3901
vn -0.5319 -0.3830 0.7552
vn 0.8393 0.0302 0.5428
vn -0.4356 -0.8061 -0.4006
vn -0.5338 0.3913 -0.7496
vn 0.8395 -0.0245 -0.5428
vn -0.4343 0.7090 -0.5556
vn 0.8396 -0.0946 -0.5349
vn -0.5379 -0.5276 -0.6575
vn 0.4364 -0.8979 -0.0575
vn 0.4364 -0.8981 -0.0545
vn -0.8983 -0.4368 -0.0476
vn -0.8982 -0.4366 -0.0506
vn 0.6588 0.0773 0.7483
vn 0.6590 0.0803 0.7479
vn -0.7502 0.0760 0.6568
vn -0.7504 0.0730 0.6570
vn 0.4365 0.8979 0.0577
vn 0.4364 0.8981 0.0545
vn -0.8983 0.4368 0.0476
vn -0.8982 0.4367 0.0504
vn 0.6592 -0.0773 -0.7480
vn 0.6592 -0.0802 -0.7477
vn -0.7500 -0.0760 -0.6570
vn -0.7500 -0.0731 -0.6574
vn 0.0015 -0.8759 -0.4825
vn -0.0015 -0.8759 -0.4825
vn -0.0015 0.4800 -0.8773
vn 0.0015 0.4800 -0.8773
vn -0.0015 0.7586 -0.6516
vn 0.0015 0.7586 -0.6516
vn 0.0015 -0.6494 -0.7605
vn -0.0015 -0.6494 -0.7605
vn 0.7500 -0.0730 -0.6574
vn 0.7500 -0.0760 -0.6570
vn -0.6592 -0.0802 -0.7477
vn -0.6592 -0.0773 -0.7480
vn -0.4364 -0.8981 -0.0545
vn -0.4364 -0.8979 -0.0574
vn 0.8982 -0.4366 -0.0506
vn 0.8983 -0.4368 -0.0476
vn -0.4364 0.8981 0.0545
vn -0.4365 0.8979 0.0576
vn 0.8982 0.4367 0.0504
vn 0.8983 0.4368 0.0476
vn -0.6590 0.0803 0.7479
vn -0.6588 0.0773 0.7483
vn 0.7504 0.0730 0.6570
vn 0.7502 0.0760 0.6568
vn -0.0015 -0.7586 0.6516
vn 0.0015 -0.7586 0.6516
vn 0.0015 0.6494 0.7605
vn -0.0015 0.6494 0.7605
vn 0.0015 0.8759 0.4825
vn -0.0015 0.8759 0.4825
vn -0.0015 -0.4800 0.8773
vn 0.0015 -0.4800 0.8773
vn 0.4774 -0.6795 0.5571
vn 0.5503 0.5373 0.6391
vn -0.8339 0.0656 0.5480
vn 0.5512 -0.4089 0.7273
vn 0.4772 0.7751 0.4142
vn -0.8316 0.0471 0.5534
vn 0.4801 -0.7830 -0.3955
vn -0.8310 -0.0573 -0.5533
vn 0.5485 0.3938 -0.7376
vn 0.4751 0.6778 -0.5611
vn 0.5521 -0.5404 -0.6350
vn -0.8334 -0.0691 -0.5483
vn -0.4773 -0.6796 0.5571
vn 0.8339 0.0658 0.5480
vn -0.5504 0.5372 0.6391
vn -0.4772 0.7750 0.4143
vn -0.5510 -0.4090 0.7274
vn 0.8317 0.0472 0.5532
vn -0.4802 -0.7830 -0.3955
vn -0.5484 0.3939 -0.7376
vn 0.8310 -0.0574 -0.5533
vn -0.4750 0.6779 -0.5611
vn 0.8334 -0.0693 -0.5483
vn -0.5522 -0.5403 -0.6350
vn 0.5166 -0.8543 -0.0569
vn 0.5157 -0.8550 -0.0552
vn -0.8556 -0.5151 -0.0507
vn -0.8551 -0.5158 -0.0529
vn 0.6768 0.0770 0.7321
vn 0.6764 0.0791 0.7322
vn -0.7352 0.0763 0.6735
vn -0.7349 0.0744 0.6741
vn 0.5061 0.8606 0.0574
vn 0.5061 0.8606 0.0558
vn -0.8614 0.5055 0.0496
vn -0.8614 0.5053 0.0522
vn 0.6769 -0.0770 -0.7321
vn 0.6765 -0.0790 -0.7322
vn -0.7352 -0.0763 -0.6736
vn -0.7348 -0.0744 -0.6742
vn 0.0010 -0.8655 -0.5008
vn -0.0010 -0.8655 -0.5008
vn -0.0010 0.4992 -0.8665
vn 0.0010 0.4992 -0.8665
vn -0.0010 0.7504 -0.6610
vn 0.0010 0.7504 -0.6610
vn 0.0010 -0.6596 -0.7517
vn -0.0010 -0.6596 -0.7517
vn 0.7348 -0.0744 -0.6742
vn 0.7352 -0.0764 -0.6736
vn -0.6765 -0.0790 -0.7322
vn -0.6769 -0.0769 -0.7321
vn -0.5157 -0.8550 -0.0552
vn -0.5166 -0.8543 -0.0569
vn 0.8551 -0.5158 -0.0529
vn 0.8556 -0.5151 -0.0507
vn -0.5061 0.8606 0.0559
vn -0.5061 0.8606 0.0574
vn 0.8614 0.5053 0.0520
vn 0.8614 0.5055 0.0495
vn -0.6764 0.0790 0.7323
vn -0.6768 0.0769 0.7321
vn 0.7349 0.0744 0.6741
vn 0.7352 0.0763 0.6735
vn -0.0010 -0.7462 0.6657
vn 0.0010 -0.7462 0.6657
vn 0.0010 0.6643 0.7475
vn -0.0010 0.6643 0.7475
vn 0.0010 0.8655 0.5008
vn -0.0010 0.8655 0.5008
vn -0.0010 -0.4992 0.8665
vn 0.0010 -0.4992 0.8665
vn 0.0010 -0.9970 -0.0774
vn -0.0010 -0.9970 -0.0774
vn -0.0049 -0.9631 -0.2691
vn -0.8685 -0.4895 -0.0786
vn -0.7208 -0.5309 -0.4456
vn -0.9969 0.0060 0.0786
vn -0.8497 0.4841 0.2088
vn -0.7855 0.5913 -0.1826
vn -0.9044 -0.0292 -0.4256
vn 0.0048 0.9631 0.2690
vn -0.1004 0.7490 -0.6549
vn -0.1226 0.0280 -0.9921
vn -0.1015 -0.5699 -0.8154
vn 0.6285 -0.5381 -0.5616
vn 0.7032 0.6298 -0.3300
vn 0.7969 -0.0310 -0.6033
vn 0.8497 -0.4841 -0.2089
vn 0.8682 0.4899 0.0787
vn 0.9969 -0.0060 -0.0786
vn 0.7855 -0.5913 0.1826
vn 0.7208 0.5309 0.4456
vn 0.9044 0.0293 0.4258
vn 0.1009 -0.7490 0.6548
vn 0.1015 0.5698 0.8155
vn 0.1225 -0.0281 0.9921
vn -0.6284 0.5382 0.5617
vn -0.7029 -0.6300 0.3302
vn -0.7969 0.0311 0.6033
vn 0.0092 -0.9633 -0.2684
vn -0.8345 -0.4844 -0.2627
vn -0.5791 -0.5411 -0.6098
vn -0.9893 -0.0110 -0.1458
vn -0.8687 0.4949 0.0216
vn -0.6528 0.6468 -0.3944
vn -0.7343 -0.0295 -0.6782
vn -0.0094 0.9633 0.2684
vn 0.2261 0.0246 -0.9738
vn 0.1863 -0.5693 -0.8008
vn 0.1867 0.7448 -0.6406
vn 0.8078 0.5766 -0.1225
vn 0.9357 -0.0267 -0.3518
vn 0.7515 -0.5281 -0.3954
vn 0.8686 -0.4951 -0.0216
vn 0.8343 0.4846 0.2628
vn 0.9893 0.0110 0.1458
vn 0.6524 -0.6471 0.3945
vn 0.5797 0.5409 0.6095
vn 0.7342 0.0295 0.6782
vn -0.1868 -0.7449 0.6405
vn -0.1860 0.5693 0.8008
vn -0.2261 -0.0246 0.9738
vn -0.8076 -0.5769 0.1226
vn -0.7516 0.5279 0.3954
vn -0.9357 0.0267 0.3518
vn -0.4938 -0.0340 -0.8689
vn -0.4514 0.6441 -0.6176
vn 0.2888 0.6939 -0.6596
vn 0.3541 -0.0095 -0.9352
vn -0.3762 -0.5239 -0.7642
vn 0.2496 -0.5460 -0.7997
vn -0.0195 0.9714 0.2365
vn 0.0194 -0.9714 -0.2365
vn 0.9494 -0.0152 -0.3138
vn 0.7476 -0.5561 -0.3632
vn 0.7914 0.6024 -0.1037
vn 0.9277 0.0174 0.3729
vn 0.8074 -0.5634 0.1753
vn 0.7317 0.5235 0.4366
vn 0.3762 0.5238 0.7643
vn 0.4937 0.0340 0.8690
vn 0.4513 -0.6442 0.6176
vn -0.2889 -0.6939 0.6596
vn -0.2495 0.5461 0.7997
vn -0.3542 0.0095 0.9351
vn -0.7914 -0.6024 0.1036
vn -0.7476 0.5561 0.3632
vn -0.9494 0.0151 0.3138
vn -0.7318 -0.5234 -0.4366
vn -0.8074 0.5633 -0.1752
vn -0.9277 -0.0174 -0.3728
vn -0.8098 -0.4869 -0.3273
vn -0.9734 -0.0169 -0.2286
vn -0.6429 -0.0255 -0.7655
vn -0.5107 -0.5440 -0.6658
vn -0.8619 0.5046 -0.0494
vn -0.0143 0.9637 0.2667
vn -0.5777 0.6667 -0.4710
vn 0.0143 -0.9637 -0.2667
vn 0.3504 0.0184 -0.9364
vn 0.2848 -0.5682 -0.7721
vn 0.2905 0.7364 -0.6109
vn 0.9643 -0.0225 -0.2638
vn 0.7827 -0.5253 -0.3338
vn 0.8263 0.5609 -0.0516
vn 0.9734 0.0169 0.2286
vn 0.8619 -0.5047 0.0493
vn 0.8098 0.4869 0.3273
vn 0.5105 0.5441 0.6658
vn 0.6429 0.0255 0.7655
vn 0.5776 -0.6668 0.4709
vn -0.2905 -0.7364 0.6110
vn -0.2848 0.5682 0.7720
vn -0.3504 -0.0184 0.9364
vn -0.8262 -0.5609 0.0516
vn -0.7826 0.5254 0.3338
vn -0.9643 0.0225 0.2638
vn -0.5606 -0.0354 -0.8273
vn -0.5124 0.6336 -0.5797
vn 0.2201 0.7007 -0.6787
vn 0.2780 -0.0070 -0.9606
vn -0.4283 -0.5218 -0.7378
vn 0.1898 -0.5470 -0.8153
vn -0.0219 0.9709 0.2385
vn 0.0216 -0.9709 -0.2386
vn 0.9301 -0.0165 -0.3670
vn 0.7290 -0.5566 -0.3985
vn 0.7772 0.6120 -0.1462
vn 0.9463 0.0149 0.3228
vn 0.8212 -0.5552 0.1321
vn 0.7524 0.5222 0.4014
vn 0.4281 0.5219 0.7378
vn 0.5606 0.0354 0.8273
vn 0.5124 -0.6336 0.5796
vn -0.2200 -0.7008 0.6786
vn -0.1899 0.5470 0.8153
vn -0.2781 0.0069 0.9605
vn -0.7773 -0.6119 0.1462
vn -0.7290 0.5566 0.3984
vn -0.9301 0.0165 0.3669
vn -0.7527 -0.5220 -0.4013
vn -0.8212 0.5551 -0.1321
vn -0.9463 -0.0149 -0.3229
vn -0.8669 -0.4985 0.0074
vn -0.9836 0.0135 0.1797
vn -0.9487 -0.0250 -0.3152
vn -0.7651 -0.5269 -0.3702
vn -0.8249 0.4854 0.2896
vn 0.0114 0.9634 0.2678
vn -0.8165 0.5698 -0.0929
vn -0.0115 -0.9634 -0.2678
vn -0.2277 -0.5688 -0.7903
vn -0.2296 0.7419 -0.6300
vn -0.2777 0.0224 -0.9604
vn 0.6238 0.6551 -0.4262
vn 0.5519 -0.5425 -0.6333
vn 0.6987 -0.0281 -0.7149
vn 0.9836 -0.0135 -0.1797
vn 0.8251 -0.4853 -0.2894
vn 0.8667 0.4987 -0.0074
vn 0.9487 0.0250 0.3153
vn 0.8164 -0.5700 0.0930
vn 0.7652 0.5268 0.3701
vn 0.2778 -0.0224 0.9604
vn 0.2300 -0.7418 0.6300
vn 0.2275 0.5688 0.7904
vn -0.6986 0.0280 0.7150
vn -0.6233 -0.6555 0.4264
vn -0.5521 0.5424 0.6332
vn -0.2516 -0.0286 -0.9674
vn -0.2295 0.6686 -0.7073
vn 0.4880 0.6643 -0.5663
vn 0.5706 -0.0181 -0.8210
vn -0.1914 -0.5280 -0.8274
vn 0.4195 -0.5418 -0.7283
vn -0.0104 0.9727 0.2317
vn 0.0101 -0.9728 -0.2316
vn 0.9887 -0.0082 -0.1496
vn 0.7917 -0.5575 -0.2499
vn 0.8154 0.5783 0.0259
vn 0.8454 0.0228 0.5336
vn 0.7393 -0.5949 0.3156
vn 0.6497 0.5295 0.5454
vn 0.1915 0.5280 0.8274
vn 0.2518 0.0286 0.9674
vn 0.2297 -0.6686 0.7073
vn -0.4881 -0.6641 0.5663
vn -0.4195 0.5418 0.7284
vn -0.5704 0.0181 0.8211
vn -0.8156 -0.5780 -0.0258
vn -0.7920 0.5571 0.2498
vn -0.9887 0.0083 0.1496
vn -0.6499 -0.5294 -0.5453
vn -0.7392 0.5950 -0.3155
vn -0.8454 -0.0228 -0.5336
vn -0.8662 -0.4995 0.0150
vn -0.9820 0.0142 0.1886
vn -0.9518 -0.0246 -0.3058
vn -0.7687 -0.5263 -0.3634
vn -0.8224 0.4856 0.2964
vn 0.0119 0.9634 0.2677
vn -0.8185 0.5681 -0.0854
vn -0.0120 -0.9635 -0.2676
vn -0.2408 0.7410 -0.6269
vn -0.2381 -0.5688 -0.7873
vn -0.2911 0.0217 -0.9564
vn 0.6889 -0.0277 -0.7243
vn 0.5451 -0.5426 -0.6391
vn 0.6157 0.6574 -0.4344
vn 0.9819 -0.0142 -0.1886
vn 0.8223 -0.4857 -0.2964
vn 0.8661 0.4996 -0.0150
vn 0.9518 0.0246 0.3058
vn 0.8183 -0.5684 0.0855
vn 0.7684 0.5267 0.3636
vn 0.2911 -0.0216 0.9565
vn 0.2411 -0.7409 0.6269
vn 0.2380 0.5688 0.7873
vn -0.6889 0.0277 0.7243
vn -0.6152 -0.6577 0.4346
vn -0.5450 0.5426 0.6391
vn 0.0267 -0.9676 -0.2511
vn -0.6314 -0.5081 -0.5857
vn -0.1170 -0.5491 -0.8275
vn -0.8056 -0.0355 -0.5914
vn -0.7314 0.5749 -0.3668
vn -0.1257 0.7139 -0.6889
vn -0.1136 -0.0035 -0.9935
vn -0.0268 0.9676 0.2511
vn 0.6045 -0.5614 -0.5652
vn 0.6541 0.6663 -0.3581
vn 0.7781 -0.0134 -0.6279
vn 0.8459 -0.5294 -0.0653
vn 0.8216 0.5232 0.2262
vn 0.9962 0.0002 0.0875
vn 0.7314 -0.5749 0.3668
vn 0.6314 0.5081 0.5858
vn 0.8056 0.0355 0.5914
vn 0.1256 -0.7139 0.6889
vn 0.1172 0.5492 0.8275
vn 0.1136 0.0035 0.9935
vn -0.6043 0.5615 0.5652
vn -0.6541 -0.6662 0.3581
vn -0.7781 0.0135 0.6280
vn -0.9962 -0.0002 -0.0875
vn -0.8216 -0.5233 -0.2262
vn -0.8460 0.5292 0.0653
vn -0.6968 -0.5012 -0.5131
vn -0.8746 -0.0317 -0.4838
vn -0.2835 -0.0080 -0.9590
vn -0.2463 -0.5488 -0.7989
vn -0.7896 0.5503 -0.2716
vn -0.0253 0.9661 0.2568
vn -0.2721 0.7082 -0.6514
vn 0.0253 -0.9661 -0.2568
vn 0.6771 -0.0063 -0.7359
vn 0.5294 -0.5637 -0.6341
vn 0.5686 0.6905 -0.4472
vn 0.9999 -0.0066 -0.0129
vn 0.8388 -0.5246 -0.1457
vn 0.8354 0.5294 0.1479
vn 0.8746 0.0318 0.4838
vn 0.7895 -0.5504 0.2716
vn 0.6970 0.5010 0.5130
vn 0.2463 0.5488 0.7989
vn 0.2834 0.0080 0.9590
vn 0.2722 -0.7083 0.6514
vn -0.5685 -0.6906 0.4471
vn -0.5294 0.5637 0.6341
vn -0.6771 0.0062 0.7359
vn -0.8354 -0.5294 -0.1479
vn -0.8388 0.5246 0.1457
vn -0.9999 0.0067 0.0129
vn -0.4469 -0.5209 -0.7272
vn -0.5844 -0.0358 -0.8107
vn 0.2487 -0.0061 -0.9686
vn 0.1666 -0.5473 -0.8202
vn -0.5340 0.6295 -0.5645
vn -0.0224 0.9707 0.2394
vn 0.1935 0.7031 -0.6843
vn 0.0225 -0.9707 -0.2394
vn 0.7214 -0.5569 -0.4117
vn 0.7710 0.6157 -0.1624
vn 0.9219 -0.0169 -0.3872
vn 0.7599 0.5217 0.3879
vn 0.8255 -0.5523 0.1160
vn 0.9525 0.0139 0.3041
vn 0.5844 0.0358 0.8107
vn 0.5341 -0.6295 0.5644
vn 0.4469 0.5210 0.7272
vn -0.2487 0.0061 0.9686
vn -0.1936 -0.7030 0.6843
vn -0.1668 0.5473 0.8201
vn -0.9219 0.0169 0.3872
vn -0.7710 -0.6157 0.1624
vn -0.7215 0.5568 0.4116
vn -0.9525 -0.0139 -0.3041
vn -0.7598 -0.5217 -0.3879
vn -0.8255 0.5524 -0.1160
vn -0.0103 -0.9633 -0.2681
vn -0.8680 -0.4966 -0.0090
vn -0.7576 -0.5276 -0.3843
vn -0.9869 0.0121 0.1606
vn -0.8304 0.4849 0.2744
vn -0.8117 0.5737 -0.1096
vn -0.9416 -0.0260 -0.3358
vn 0.0103 0.9633 0.2681
vn -0.2055 0.7437 -0.6362
vn -0.2488 0.0238 -0.9683
vn -0.2044 -0.5691 -0.7964
vn 0.5676 -0.5417 -0.6200
vn 0.6403 0.6505 -0.4084
vn 0.7190 -0.0289 -0.6944
vn 0.8304 -0.4849 -0.2744
vn 0.8679 0.4966 0.0090
vn 0.9869 -0.0121 -0.1606
vn 0.8115 -0.5739 0.1095
vn 0.7577 0.5275 0.3843
vn 0.9416 0.0260 0.3358
vn 0.2056 -0.7437 0.6361
vn 0.2045 0.5691 0.7964
vn 0.2488 -0.0237 0.9683
vn -0.5675 0.5417 0.6201
vn -0.6401 -0.6508 0.4083
vn -0.7190 0.0289 0.6944
vn -0.8670 -0.4982 0.0042
vn -0.9843 0.0132 0.1759
vn -0.9473 -0.0252 -0.3193
vn -0.7636 -0.5271 -0.3730
vn -0.8261 0.4852 0.2865
vn 0.0112 0.9634 0.2678
vn -0.8155 0.5706 -0.0963
vn -0.0111 -0.9634 -0.2678
vn -0.2719 0.0226 -0.9620
vn -0.2230 -0.5689 -0.7916
vn -0.2248 0.7422 -0.6314
vn 0.7028 -0.0282 -0.7108
vn 0.5552 -0.5423 -0.6306
vn 0.6271 0.6543 -0.4227
vn 0.9843 -0.0132 -0.1760
vn 0.8261 -0.4852 -0.2865
vn 0.8670 0.4982 -0.0042
vn 0.9473 0.0252 0.3193
vn 0.8154 -0.5708 0.0963
vn 0.7638 0.5269 0.3729
vn 0.2230 0.5689 0.7916
vn 0.2720 -0.0227 0.9620
vn 0.2249 -0.7422 0.6313
vn -0.6267 -0.6546 0.4228
vn -0.5555 0.5422 0.6305
vn -0.7028 0.0283 0.7109
vn -0.8324 -0.5271 0.1710
vn -0.9291 0.0259 0.3689
vn -0.9924 -0.0141 -0.1225
vn -0.8207 -0.5230 -0.2301
vn -0.7547 0.4939 0.4319
vn 0.0216 0.9648 0.2621
vn -0.8392 0.5404 0.0612
vn -0.0214 -0.9648 -0.2620
vn -0.5438 0.0045 -0.8392
vn -0.4315 -0.5659 -0.7026
vn -0.4546 0.7142 -0.5323
vn 0.4563 -0.0157 -0.8897
vn 0.3741 -0.5474 -0.7486
vn 0.4204 0.6942 -0.5843
vn 0.9291 -0.0259 -0.3689
vn 0.7547 -0.4938 -0.4319
vn 0.8324 0.5271 -0.1710
vn 0.9924 0.0140 0.1225
vn 0.8392 -0.5403 -0.0612
vn 0.8206 0.5231 0.2302
vn 0.4316 0.5658 0.7025
vn 0.5438 -0.0046 0.8392
vn 0.4547 -0.7142 0.5322
vn -0.4202 -0.6943 0.5843
vn -0.3739 0.5474 0.7487
vn -0.4562 0.0157 0.8897
vn -0.5064 0.5178 0.6895
vn 0.0246 0.9698 0.2425
vn -0.7819 0.5209 0.3425
vn -0.0247 -0.9698 -0.2425
vn -0.6012 -0.6145 0.5108
vn -0.8369 -0.5438 0.0627
vn -0.6586 0.0369 0.7516
vn -0.9703 0.0103 0.2416
vn -0.6934 -0.5579 -0.4560
vn -0.7461 0.6293 -0.2176
vn -0.8900 -0.0174 -0.4557
vn -0.0871 -0.5482 -0.8318
vn -0.1034 0.7092 -0.6974
vn -0.1476 -0.0038 -0.9890
vn 0.6012 0.6146 -0.5108
vn 0.5062 -0.5179 -0.6896
vn 0.6586 -0.0369 -0.7516
vn 0.9703 -0.0103 -0.2416
vn 0.7820 -0.5208 -0.3425
vn 0.8369 0.5438 -0.0628
vn 0.8900 0.0174 0.4556
vn 0.7461 -0.6293 0.2176
vn 0.6935 0.5579 0.4559
vn 0.1476 0.0038 0.9890
vn 0.1033 -0.7092 0.6974
vn 0.0871 0.5482 0.8318
vn 0.0054 -0.9631 -0.2689
vn -0.8486 -0.4842 -0.2131
vn -0.6244 -0.5386 -0.5656
vn -0.9965 -0.0064 -0.0839
vn -0.8687 0.4898 0.0742
vn -0.6992 0.6314 -0.3353
vn -0.7923 -0.0309 -0.6093
vn -0.0056 0.9631 0.2691
vn 0.1307 0.0279 -0.9910
vn 0.1086 -0.5698 -0.8146
vn 0.1079 0.7489 -0.6539
vn 0.7874 0.5903 -0.1777
vn 0.9072 -0.0291 -0.4198
vn 0.7235 -0.5307 -0.4415
vn 0.8686 -0.4899 -0.0741
vn 0.8487 0.4840 0.2131
vn 0.9965 0.0064 0.0839
vn 0.6994 -0.6312 0.3353
vn 0.6246 0.5385 0.5655
vn 0.7924 0.0309 0.6092
vn -0.1080 -0.7488 0.6539
vn -0.1085 0.5698 0.8146
vn -0.1307 -0.0280 0.9910
vn -0.7878 -0.5898 0.1777
vn -0.7235 0.5307 0.4416
vn -0.9072 0.0291 0.4197
vn -0.3907 -0.5233 -0.7573
vn -0.5124 -0.0344 -0.8581
vn 0.3338 -0.0088 -0.9426
vn 0.2336 -0.5463 -0.8044
vn -0.4682 0.6415 -0.6077
vn -0.0201 0.9713 0.2370
vn 0.2705 0.6959 -0.6653
vn 0.0202 -0.9713 -0.2370
vn 0.9445 -0.0156 -0.3281
vn 0.7428 -0.5561 -0.3727
vn 0.7878 0.6050 -0.1151
vn 0.9331 0.0168 0.3592
vn 0.8115 -0.5610 0.1635
vn 0.7377 0.5230 0.4270
vn 0.5124 0.0344 0.8581
vn 0.4685 -0.6413 0.6076
vn 0.3907 0.5233 0.7573
vn -0.3338 0.0088 0.9426
vn -0.2703 -0.6959 0.6654
vn -0.2337 0.5463 0.8043
vn -0.9445 0.0156 0.3281
vn -0.7880 -0.6049 0.1151
vn -0.7428 0.5561 0.3727
vn -0.8115 0.5610 -0.1634
vn -0.9331 -0.0168 -0.3592
vn -0.7376 -0.5231 -0.4270
vn 0.0068 -0.9632 -0.2687
vn -0.8428 -0.4840 -0.2352
vn -0.6050 -0.5397 -0.5853
vn -0.9937 -0.0084 -0.1114
vn -0.8692 0.4919 0.0508
vn -0.6794 0.6385 -0.3616
vn -0.7675 -0.0304 -0.6403
vn -0.0070 0.9632 0.2688
vn 0.1435 -0.5697 -0.8092
vn 0.1431 0.7474 -0.6488
vn 0.1735 0.0267 -0.9845
vn 0.7364 -0.5295 -0.4211
vn 0.7972 0.5840 -0.1530
vn 0.9207 -0.0281 -0.3893
vn 0.8689 -0.4924 -0.0510
vn 0.8429 0.4839 0.2352
vn 0.9937 0.0085 0.1115
vn 0.6053 0.5396 0.5852
vn 0.6792 -0.6387 0.3616
vn 0.7675 0.0304 0.6403
vn -0.1736 -0.0266 0.9845
vn -0.1431 -0.7474 0.6488
vn -0.1432 0.5696 0.8093
vn -0.9207 0.0281 0.3893
vn -0.7970 -0.5842 0.1530
vn -0.7363 0.5297 0.4211
vn -0.8613 -0.0327 -0.5070
vn -0.7786 0.5554 -0.2921
vn -0.2411 0.7101 -0.6615
vn -0.2472 -0.0068 -0.9689
vn -0.6838 -0.5026 -0.5290
vn -0.2189 -0.5489 -0.8067
vn -0.0258 0.9664 0.2556
vn 0.0258 -0.9665 -0.2555
vn 0.7009 -0.0081 -0.7133
vn 0.5469 -0.5632 -0.6194
vn 0.5887 0.6854 -0.4285
vn 0.9999 -0.0052 0.0088
vn 0.8411 -0.5254 -0.1285
vn 0.8332 0.5278 0.1650
vn 0.6839 0.5026 0.5289
vn 0.8613 0.0327 0.5070
vn 0.7786 -0.5554 0.2921
vn 0.2411 -0.7101 0.6616
vn 0.2190 0.5490 0.8066
vn 0.2473 0.0067 0.9689
vn -0.5887 -0.6854 0.4285
vn -0.5469 0.5632 0.6195
vn -0.7008 0.0081 0.7133
vn -0.8332 -0.5277 -0.1650
vn -0.8411 0.5253 0.1285
vn -0.9999 0.0052 -0.0088
vn -0.4444 -0.5211 -0.7287
vn -0.5812 -0.0358 -0.8130
vn 0.2528 -0.0062 -0.9675
vn 0.1698 -0.5473 -0.8195
vn -0.5310 0.6301 -0.5665
vn -0.0223 0.9707 0.2393
vn 0.1972 0.7027 -0.6836
vn 0.0224 -0.9707 -0.2393
vn 0.7719 0.6152 -0.1602
vn 0.7225 -0.5568 -0.4099
vn 0.9230 -0.0168 -0.3844
vn 0.9517 0.0141 0.3067
vn 0.8249 -0.5528 0.1182
vn 0.7589 0.5217 0.3897
vn 0.5811 0.0358 0.8130
vn 0.5310 -0.6301 0.5665
vn 0.4444 0.5210 0.7287
vn -0.2528 0.0062 0.9675
vn -0.1971 -0.7027 0.6836
vn -0.1699 0.5473 0.8195
vn -0.9230 0.0168 0.3844
vn -0.7718 -0.6153 0.1601
vn -0.7225 0.5567 0.4098
vn -0.9517 -0.0141 -0.3067
vn -0.7588 -0.5218 -0.3898
vn -0.8250 0.5526 -0.1182
vn -0.8654 -0.5006 0.0219
vn -0.9804 0.0147 0.1966
vn -0.9545 -0.0241 -0.2973
vn -0.7716 -0.5261 -0.3575
vn -0.8201 0.4857 0.3026
vn 0.0125 0.9635 0.2675
vn -0.8201 0.5668 -0.0786
vn -0.0125 -0.9635 -0.2674
vn -0.2509 0.7401 -0.6239
vn -0.2475 -0.5687 -0.7844
vn -0.3030 0.0211 -0.9528
vn 0.6801 -0.0273 -0.7327
vn 0.5384 -0.5429 -0.6445
vn 0.6082 0.6595 -0.4418
vn 0.9804 -0.0147 -0.1966
vn 0.8201 -0.4858 -0.3026
vn 0.8655 0.5004 -0.0219
vn 0.9545 0.0241 0.2973
vn 0.8202 -0.5667 0.0786
vn 0.7715 0.5262 0.3575
vn 0.3030 -0.0211 0.9528
vn 0.2505 -0.7402 0.6240
vn 0.2477 0.5686 0.7844
vn -0.6800 0.0273 0.7327
vn -0.6087 -0.6591 0.4418
vn -0.5382 0.5429 0.6446
vn -0.8686 -0.4951 -0.0217
vn -0.9893 0.0110 0.1458
vn -0.9357 -0.0267 -0.3518
vn -0.7513 -0.5283 -0.3955
vn -0.8344 0.4845 0.2627
vn 0.0091 0.9633 0.2683
vn -0.8078 0.5765 -0.1225
vn -0.0094 -0.9633 -0.2684
vn -0.1869 0.7448 -0.6406
vn -0.1862 -0.5693 -0.8008
vn -0.2262 0.0247 -0.9738
vn 0.7342 -0.0295 -0.6782
vn 0.5791 -0.5412 -0.6097
vn 0.6526 0.6470 -0.3943
vn 0.9893 -0.0111 -0.1458
vn 0.8343 -0.4847 -0.2628
vn 0.8685 0.4953 0.0216
vn 0.9357 0.0266 0.3518
vn 0.8077 -0.5768 0.1225
vn 0.7515 0.5281 0.3954
vn 0.2261 -0.0247 0.9738
vn 0.1867 -0.7449 0.6405
vn 0.1862 0.5693 0.8008
vn -0.7343 0.0295 0.6782
vn -0.6527 -0.6469 0.3942
vn -0.5793 0.5411 0.6097
vn -0.0227 -0.9651 -0.2609
vn -0.8235 -0.5324 0.1959
vn -0.8262 -0.5232 -0.2092
vn -0.9172 0.0275 0.3975
vn -0.7414 0.4955 0.4524
vn -0.8393 0.5373 0.0832
vn -0.9954 -0.0122 -0.0949
vn 0.0226 0.9651 0.2609
vn -0.4575 -0.5654 -0.6863
vn -0.4851 0.7086 -0.5124
vn -0.5793 0.0017 -0.8151
vn 0.3436 -0.5479 -0.7628
vn 0.3845 0.6986 -0.6034
vn 0.4146 -0.0136 -0.9099
vn 0.7413 -0.4956 -0.4525
vn 0.8234 0.5325 -0.1959
vn 0.9172 -0.0276 -0.3975
vn 0.8394 -0.5372 -0.0832
vn 0.8261 0.5232 0.2092
vn 0.9954 0.0122 0.0949
vn 0.4578 0.5653 0.6862
vn 0.4850 -0.7086 0.5125
vn 0.5793 -0.0016 0.8151
vn -0.4146 0.0137 0.9099
vn -0.3846 -0.6984 0.6035
vn -0.3434 0.5479 0.7628
vn -0.6552 -0.6001 0.4590
vn -0.7187 0.0370 0.6943
vn -0.9827 0.0067 0.1848
vn -0.8432 -0.5374 0.0150
vn -0.5558 0.5146 0.6529
vn 0.0261 0.9690 0.2455
vn -0.7990 0.5210 0.3004
vn -0.0261 -0.9691 -0.2455
vn -0.8547 -0.0170 -0.5189
vn -0.6642 -0.5591 -0.4962
vn -0.7175 0.6425 -0.2689
vn -0.0528 -0.0027 -0.9986
vn -0.0126 -0.5488 -0.8358
vn -0.0195 0.7127 -0.7012
vn 0.7187 -0.0370 -0.6943
vn 0.5559 -0.5145 -0.6529
vn 0.6552 0.6000 -0.4590
vn 0.8431 0.5375 -0.0150
vn 0.9827 -0.0067 -0.1849
vn 0.7990 -0.5210 -0.3004
vn 0.7176 -0.6424 0.2690
vn 0.6641 0.5592 0.4963
vn 0.8546 0.0170 0.5189
vn 0.0195 -0.7126 0.7013
vn 0.0126 0.5488 0.8358
vn 0.0527 0.0027 0.9986
vn -0.1996 -0.5279 -0.8255
vn -0.2625 -0.0287 -0.9645
vn 0.5624 -0.0178 -0.8267
vn 0.4132 -0.5420 -0.7318
vn -0.2396 0.6679 -0.7046
vn -0.0108 0.9727 0.2318
vn 0.4805 0.6657 -0.5710
vn 0.0107 -0.9727 -0.2318
vn 0.7905 -0.5571 -0.2546
vn 0.8151 0.5790 0.0205
vn 0.9877 -0.0086 -0.1563
vn 0.6536 0.5294 0.5409
vn 0.7428 -0.5936 0.3096
vn 0.8497 0.0227 0.5269
vn 0.2624 0.0288 0.9645
vn 0.2395 -0.6679 0.7047
vn 0.1995 0.5280 0.8255
vn -0.5624 0.0178 0.8266
vn -0.4804 -0.6657 0.5710
vn -0.4132 0.5419 0.7318
vn -0.9877 0.0086 0.1563
vn -0.8151 -0.5789 -0.0205
vn -0.7904 0.5571 0.2547
vn -0.8496 -0.0226 -0.5269
vn -0.6537 -0.5293 -0.5409
vn -0.7428 0.5936 -0.3096
vn 0.0091 -0.9728 -0.2314
vn -0.1695 -0.5284 -0.8319
vn 0.4361 -0.5412 -0.7189
vn -0.2230 -0.0280 -0.9744
vn -0.2033 0.6704 -0.7136
vn 0.5075 0.6605 -0.5534
vn 0.5915 -0.0189 -0.8061
vn -0.0092 0.9728 0.2314
vn 0.8164 0.5761 0.0396
vn 0.9912 -0.0073 -0.1319
vn 0.7954 -0.5577 -0.2372
vn 0.7292 -0.5990 0.3310
vn 0.6392 0.5303 0.5569
vn 0.8340 0.0231 0.5513
vn 0.2032 -0.6704 0.7136
vn 0.1694 0.5283 0.8320
vn 0.2229 0.0281 0.9744
vn -0.5076 -0.6603 0.5535
vn -0.4364 0.5412 0.7188
vn -0.5916 0.0190 0.8060
vn -0.8164 -0.5761 -0.0396
vn -0.7954 0.5577 0.2372
vn -0.9912 0.0073 0.1318
vn -0.7292 0.5988 -0.3310
vn -0.6390 -0.5305 -0.5570
vn -0.8340 -0.0231 -0.5513
vn -0.0832 -0.5290 -0.8445
vn -0.1092 -0.0266 -0.9937
vn 0.6671 -0.0217 -0.7446
vn 0.4968 -0.5388 -0.6804
vn -0.0997 0.6750 -0.7310
vn -0.0046 0.9731 0.2304
vn 0.5775 0.6450 -0.5005
vn 0.0045 -0.9731 -0.2304
vn 0.9980 -0.0037 -0.0638
vn 0.8068 -0.5602 -0.1878
vn 0.8171 0.5691 0.0920
vn 0.7844 0.0236 0.6198
vn 0.6851 -0.6146 0.3912
vn 0.5949 0.5334 0.6013
vn 0.1092 0.0266 0.9937
vn 0.0994 -0.6750 0.7310
vn 0.0831 0.5290 0.8445
vn -0.6671 0.0216 0.7447
vn -0.5777 -0.6448 0.5004
vn -0.4967 0.5387 0.6805
vn -0.8066 0.5604 0.1879
vn -0.9980 0.0036 0.0638
vn -0.8170 -0.5692 -0.0921
vn -0.5950 -0.5334 -0.6013
vn -0.6850 0.6146 -0.3912
vn -0.7844 -0.0236 -0.6197
vn -0.8401 0.5221 -0.1474
vn -0.0204 0.9645 0.2632
vn -0.4532 0.6897 -0.5648
vn 0.0203 -0.9645 -0.2631
vn -0.7666 -0.4923 -0.4122
vn -0.4020 -0.5470 -0.7343
vn -0.9395 -0.0243 -0.3418
vn -0.4949 -0.0177 -0.8688
vn 0.4056 -0.5663 -0.7175
vn 0.4247 0.7191 -0.5500
vn 0.5088 0.0073 -0.8608
vn 0.8145 -0.5235 -0.2502
vn 0.8382 0.5439 0.0401
vn 0.9887 -0.0157 -0.1490
vn 0.7665 0.4924 0.4123
vn 0.8401 -0.5220 0.1474
vn 0.9394 0.0244 0.3418
vn 0.4949 0.0178 0.8688
vn 0.4530 -0.6897 0.5648
vn 0.4022 0.5469 0.7342
vn -0.5088 -0.0073 0.8609
vn -0.4248 -0.7191 0.5500
vn -0.4055 0.5663 0.7175
vn -0.9887 0.0157 0.1491
vn -0.8382 -0.5438 -0.0401
vn -0.8146 0.5234 0.2501
vn 0.0049 -0.9631 -0.2691
vn -0.8504 -0.4843 -0.2056
vn -0.6312 -0.5380 -0.5587
vn -0.9972 -0.0056 -0.0744
vn -0.8682 0.4894 0.0821
vn -0.7057 0.6289 -0.3262
vn -0.8004 -0.0311 -0.5987
vn -0.0048 0.9631 0.2691
vn 0.1161 0.0281 -0.9928
vn 0.0962 -0.5699 -0.8161
vn 0.0955 0.7493 -0.6553
vn 0.7838 0.5924 -0.1863
vn 0.9022 -0.0294 -0.4303
vn 0.7187 -0.5312 -0.4487
vn 0.8683 -0.4893 -0.0821
vn 0.8505 0.4842 0.2055
vn 0.9972 0.0057 0.0745
vn 0.7057 -0.6289 0.3262
vn 0.6310 0.5382 0.5588
vn 0.8004 0.0311 0.5987
vn -0.0956 -0.7492 0.6554
vn -0.0964 0.5700 0.8160
vn -0.1162 -0.0282 0.9928
vn -0.7838 -0.5924 0.1863
vn -0.7185 0.5313 0.4488
vn -0.9022 0.0294 0.4303
vn -0.6639 -0.5048 -0.5517
vn -0.8406 -0.0340 -0.5405
vn -0.1945 -0.0052 -0.9809
vn -0.1791 -0.5491 -0.8164
vn -0.7613 0.5630 -0.3217
vn -0.0263 0.9669 0.2538
vn -0.1958 0.7120 -0.6744
vn 0.0264 -0.9669 -0.2538
vn 0.7332 -0.0104 -0.6799
vn 0.5708 -0.5625 -0.5982
vn 0.6162 0.6779 -0.4010
vn 0.9992 -0.0030 0.0401
vn 0.8438 -0.5266 -0.1035
vn 0.8294 0.5256 0.1894
vn 0.8406 0.0340 0.5406
vn 0.7613 -0.5630 0.3216
vn 0.6639 0.5048 0.5518
vn 0.1945 0.0052 0.9809
vn 0.1957 -0.7121 0.6742
vn 0.1789 0.5491 0.8164
vn -0.7332 0.0105 0.6799
vn -0.6161 -0.6780 0.4009
vn -0.5708 0.5624 0.5982
vn -0.8437 0.5268 0.1037
vn -0.9992 0.0030 -0.0401
vn -0.8293 -0.5258 -0.1895
vn -0.0041 -0.9631 -0.2692
vn -0.8676 -0.4885 -0.0927
vn -0.7122 -0.5318 -0.4581
vn -0.9981 0.0047 0.0618
vn -0.8529 0.4842 0.1952
vn -0.7787 0.5954 -0.1979
vn -0.8953 -0.0297 -0.4444
vn 0.0040 0.9631 0.2692
vn -0.0802 -0.5700 -0.8177
vn -0.0794 0.7497 -0.6570
vn -0.0966 0.0286 -0.9949
vn 0.6395 -0.5376 -0.5496
vn 0.7140 0.6258 -0.3141
vn 0.8108 -0.0312 -0.5844
vn 0.8529 -0.4843 -0.1952
vn 0.8676 0.4886 0.0928
vn 0.9981 -0.0047 -0.0618
vn 0.7123 0.5318 0.4581
vn 0.7787 -0.5953 0.1979
vn 0.8953 0.0297 0.4444
vn 0.0965 -0.0286 0.9949
vn 0.0794 -0.7497 0.6570
vn 0.0803 0.5700 0.8177
vn -0.8108 0.0312 0.5844
vn -0.7140 -0.6257 0.3142
vn -0.6394 0.5377 0.5496
vn -0.0922 0.0265 0.9954
vn -0.0701 0.5292 0.8456
vn -0.5880 0.5339 0.6077
vn -0.7764 0.0237 0.6298
vn -0.0841 -0.6754 0.7327
vn -0.6778 -0.6170 0.4000
vn 0.0038 0.9731 0.2303
vn -0.0039 -0.9731 -0.2303
vn -0.9985 -0.0031 -0.0538
vn -0.8080 -0.5608 -0.1805
vn -0.8169 0.5681 0.0997
vn -0.6775 -0.0219 -0.7352
vn -0.5053 -0.5383 -0.6744
vn -0.5872 0.6425 -0.4923
vn 0.0839 0.6754 -0.7326
vn 0.0921 -0.0265 -0.9954
vn 0.0701 -0.5290 -0.8457
vn 0.5880 -0.5338 -0.6077
vn 0.6777 0.6169 -0.4001
vn 0.7764 -0.0236 -0.6298
vn 0.8168 -0.5683 -0.0996
vn 0.8081 0.5607 0.1805
vn 0.9985 0.0031 0.0538
vn 0.5871 -0.6426 0.4923
vn 0.5053 0.5383 0.6745
vn 0.6775 0.0220 0.7352
vn -0.4819 -0.5192 -0.7059
vn -0.6284 -0.0366 -0.7770
vn 0.1906 -0.0046 -0.9817
vn 0.1211 -0.5479 -0.8278
vn -0.5741 0.6209 -0.5338
vn -0.0239 0.9702 0.2411
vn 0.1415 0.7068 -0.6931
vn 0.0239 -0.9702 -0.2412
vn 0.7574 0.6234 -0.1941
vn 0.7058 -0.5574 -0.4373
vn 0.9042 -0.0174 -0.4267
vn 0.9634 0.0118 0.2679
vn 0.8327 -0.5472 0.0851
vn 0.7731 0.5210 0.3618
vn 0.6283 0.0365 0.7771
vn 0.5739 -0.6210 0.5339
vn 0.4819 0.5193 0.7058
vn -0.1907 0.0046 0.9816
vn -0.1416 -0.7068 0.6931
vn -0.1210 0.5478 0.8278
vn -0.9042 0.0174 0.4267
vn -0.7573 -0.6235 0.1942
vn -0.7057 0.5574 0.4373
vn -0.9634 -0.0119 -0.2679
vn -0.7730 -0.5211 -0.3618
vn -0.8328 0.5470 -0.0851
vn 0.0265 -0.9683 -0.2482
vn -0.5952 -0.5114 -0.6198
vn -0.0525 -0.5491 -0.8341
vn -0.7647 -0.0365 -0.6434
vn -0.6958 0.5875 -0.4132
vn -0.0533 0.7140 -0.6981
vn -0.0301 -0.0026 -0.9995
vn -0.0265 0.9683 0.2482
vn 0.6358 -0.5603 -0.5310
vn 0.6881 0.6543 -0.3136
vn 0.8190 -0.0157 -0.5736
vn 0.8458 -0.5329 -0.0255
vn 0.8115 0.5216 0.2634
vn 0.9907 0.0036 0.1361
vn 0.6957 -0.5876 0.4132
vn 0.5954 0.5114 0.6197
vn 0.7647 0.0365 0.6433
vn 0.0532 -0.7141 0.6981
vn 0.0523 0.5490 0.8342
vn 0.0302 0.0027 0.9995
vn -0.6359 0.5602 0.5309
vn -0.6882 -0.6542 0.3137
vn -0.8189 0.0157 0.5737
vn -0.9907 -0.0035 -0.1361
vn -0.8115 -0.5216 -0.2635
vn -0.8458 0.5329 0.0255
vn -0.6097 -0.6124 0.5032
vn -0.6681 0.0369 0.7432
vn -0.9724 0.0098 0.2331
vn -0.8380 -0.5428 0.0555
vn -0.5141 0.5173 0.6842
vn 0.0249 0.9697 0.2429
vn -0.7846 0.5209 0.3363
vn -0.0248 -0.9697 -0.2429
vn -0.8851 -0.0175 -0.4651
vn -0.6893 -0.5580 -0.4620
vn -0.7424 0.6310 -0.2252
vn -0.1335 -0.0035 -0.9910
vn -0.0761 -0.5484 -0.8328
vn -0.0909 0.7098 -0.6985
vn 0.6681 -0.0369 -0.7432
vn 0.5140 -0.5174 -0.6842
vn 0.6100 0.6123 -0.5030
vn 0.8380 0.5428 -0.0555
vn 0.9724 -0.0098 -0.2331
vn 0.7847 -0.5208 -0.3362
vn 0.7422 -0.6312 0.2252
vn 0.6893 0.5581 0.4620
vn 0.8851 0.0175 0.4651
vn 0.0909 -0.7098 0.6985
vn 0.0760 0.5483 0.8328
vn 0.1335 0.0036 0.9910
vn -0.1240 -0.0268 -0.9919
vn -0.1131 0.6745 -0.7296
vn 0.5690 0.6470 -0.5076
vn 0.6579 -0.0213 -0.7528
vn -0.0943 -0.5290 -0.8434
vn 0.4894 -0.5390 -0.6855
vn -0.0052 0.9731 0.2305
vn 0.0051 -0.9731 -0.2304
vn 0.9974 -0.0041 -0.0726
vn 0.8054 -0.5600 -0.1943
vn 0.8172 0.5700 0.0853
vn 0.7912 0.0237 0.6110
vn 0.6911 -0.6126 0.3836
vn 0.6009 0.5331 0.5956
vn 0.0942 0.5289 0.8434
vn 0.1240 0.0268 0.9919
vn 0.1131 -0.6745 0.7295
vn -0.5690 -0.6470 0.5076
vn -0.4895 0.5390 0.6855
vn -0.6579 0.0214 0.7528
vn -0.8173 -0.5699 -0.0853
vn -0.8054 0.5600 0.1942
vn -0.9974 0.0041 0.0726
vn -0.6010 -0.5330 -0.5956
vn -0.6912 0.6125 -0.3835
vn -0.7912 -0.0237 -0.6111
vn -0.2116 -0.0885 -0.9733
vn -0.9618 0.2679 -0.0563
vn -0.0351 0.9966 0.0750
vn 0.4637 0.3828 -0.7990
vn 0.3364 0.3411 0.8777
vn 0.9786 -0.0338 -0.2028
vn 0.2116 0.0886 0.9733
vn 0.9618 -0.2679 0.0563
vn -0.4637 -0.3828 0.7990
vn 0.0352 -0.9966 -0.0751
vn -0.9786 0.0338 0.2028
vn -0.3365 -0.3411 -0.8777
vn 0.2116 -0.0885 -0.9733
vn 0.9618 0.2679 -0.0563
vn 0.9786 0.0338 0.2028
vn 0.3365 -0.3411 -0.8777
vn 0.4637 -0.3828 0.7990
vn -0.0352 -0.9966 -0.0751
vn -0.2116 0.0886 0.9733
vn -0.9618 -0.2679 0.0563
vn -0.3365 0.3411 0.8777
vn -0.9786 -0.0338 -0.2028
vn 0.0351 0.9966 0.0750
vn -0.4637 0.3828 -0.7990
vn -0.0000 -0.0706 -0.9975
vn -0.0000 0.3186 -0.9479
vn 0.8071 0.2474 -0.5361
vn 0.8017 -0.0499 -0.5957
vn -0.0000 -0.3264 -0.9452
vn 0.7387 -0.2883 -0.6092
vn -0.0000 0.9996 0.0290
vn -0.0000 -0.9996 -0.0289
vn 1.0000 -0.0000 -0.0000
vn 0.9715 -0.2279 -0.0655
vn 0.9715 0.2279 0.0655
vn 0.8017 0.0499 0.5957
vn 0.8070 -0.2475 0.5361
vn 0.7387 0.2883 0.6092
vn -0.0000 0.3264 0.9452
vn -0.0000 0.0706 0.9975
vn -0.0000 -0.3186 0.9479
vn -0.8070 -0.2475 0.5361
vn -0.7387 0.2883 0.6092
vn -0.8017 0.0499 0.5957
vn -0.9715 -0.2279 -0.0655
vn -0.9715 0.2279 0.0655
vn -1.0000 -0.0000 -0.0000
vn -0.7387 -0.2883 -0.6092
vn -0.8071 0.2475 -0.5361
vn -0.8017 -0.0499 -0.5957
vn 0.8071 0.2475 -0.5361
vn -0.8071 0.2474 -0.5361
vn -0.0000 -0.9997 0.0252
vn -0.0000 -0.2278 -0.9737
vn 0.8807 -0.1809 -0.4377
vn -0.0000 0.1804 -0.9836
vn 0.9143 0.1286 -0.3841
vn -0.0000 0.9997 -0.0253
vn 0.9143 -0.1286 0.3841
vn 0.8807 0.1809 0.4378
vn -0.0000 -0.1804 0.9836
vn -0.0000 0.2278 0.9737
vn -0.9143 -0.1286 0.3841
vn -0.8807 0.1809 0.4378
vn -0.8807 -0.1809 -0.4377
vn -0.9143 0.1286 -0.3841
vn -0.1661 -0.0989 -0.9811
vn -0.9832 0.1816 -0.0163
vn -0.1206 0.9897 0.0772
vn 0.3681 0.4556 -0.8105
vn 0.2733 0.3813 0.8831
vn 0.9874 0.0154 -0.1574
vn 0.1661 0.0989 0.9811
vn 0.9832 -0.1816 0.0162
vn -0.3681 -0.4557 0.8105
vn 0.1207 -0.9897 -0.0773
vn -0.9874 -0.0154 0.1574
vn -0.2733 -0.3813 -0.8831
vn 0.1661 -0.0989 -0.9811
vn 0.9832 0.1817 -0.0163
vn 0.9874 -0.0154 0.1574
vn 0.2733 -0.3813 -0.8831
vn 0.3681 -0.4557 0.8105
vn -0.1207 -0.9897 -0.0773
vn -0.1661 0.0989 0.9811
vn -0.9832 -0.1817 0.0162
vn -0.2733 0.3813 0.8831
vn -0.9874 0.0154 -0.1574
vn 0.1206 0.9897 0.0772
vn -0.3681 0.4556 -0.8105
vn -0.4390 -0.0203 -0.8983
vn -0.9241 0.1782 0.3380
vn -0.0937 0.9471 0.3070
vn 0.1631 0.6750 -0.7196
vn 0.4674 0.2571 0.8458
vn 0.9140 0.0183 -0.4052
vn 0.4390 0.0204 0.8983
vn 0.9241 -0.1782 -0.3380
vn -0.1631 -0.6750 0.7195
vn 0.0938 -0.9471 -0.3070
vn -0.9140 -0.0183 0.4053
vn -0.4674 -0.2571 -0.8458
vn 0.4390 -0.0203 -0.8983
vn 0.9241 0.1782 0.3380
vn 0.9140 -0.0183 0.4053
vn 0.4674 -0.2572 -0.8458
vn 0.1631 -0.6750 0.7195
vn -0.0938 -0.9471 -0.3070
vn -0.4390 0.0204 0.8982
vn -0.9241 -0.1782 -0.3380
vn -0.4674 0.2571 0.8458
vn -0.9140 0.0183 -0.4052
vn 0.0937 0.9471 0.3070
vn -0.1631 0.6750 -0.7196
vn 0.2208 -0.0155 -0.9752
vn -0.9212 -0.1190 -0.3704
vn -0.9548 0.2536 -0.1549
vn 0.0435 0.7453 -0.6653
vn -0.4255 0.3891 0.8171
vn 0.4090 0.8705 0.2738
vn -0.2208 0.0155 0.9752
vn 0.9212 0.1190 0.3704
vn -0.0435 -0.7453 0.6653
vn 0.9548 -0.2536 0.1549
vn -0.4091 -0.8705 -0.2738
vn 0.4255 -0.3890 -0.8171
vn -0.2208 -0.0155 -0.9752
vn 0.9212 -0.1190 -0.3704
vn 0.4091 -0.8705 -0.2738
vn -0.4255 -0.3891 -0.8171
vn 0.0435 -0.7453 0.6653
vn -0.9548 -0.2536 0.1549
vn 0.2208 0.0155 0.9752
vn -0.9212 0.1190 0.3704
vn 0.4255 0.3891 0.8171
vn -0.4090 0.8705 0.2738
vn 0.9548 0.2536 -0.1549
vn -0.0435 0.7453 -0.6653
vn -0.9548 0.2536 -0.1548
vn 0.4091 0.8705 0.2738
vn -0.4091 -0.8704 -0.2738
vn 0.4091 -0.8704 -0.2738
vn -0.4255 -0.3890 -0.8171
vn 0.0435 -0.7454 0.6653
vn -0.4091 0.8705 0.2738
vn 0.9548 0.2536 -0.1548
vn -0.9548 0.2535 -0.1549
vn -0.4255 0.3891 0.8170
vn -0.2208 0.0154 0.9752
vn -0.4090 -0.8705 -0.2738
vn 0.4255 -0.3891 -0.8171
vn 0.4090 -0.8705 -0.2738
vn 0.2208 0.0154 0.9752
vn 0.4255 0.3891 0.8170
vn 0.9548 0.2535 -0.1549
vn 0.0435 0.7454 -0.6652
vn 0.4091 0.8704 0.2738
vn -0.4091 0.8704 0.2738
vn -0.0435 0.7454 -0.6652
vn 0.4318 -0.7840 0.4460
vn 0.5184 0.4054 0.7529
vn -0.8592 -0.0052 0.5117
vn 0.5124 -0.3525 0.7830
vn 0.4382 0.8228 0.3620
vn -0.8535 0.0816 0.5147
vn 0.4424 -0.8291 -0.3419
vn -0.8531 -0.0943 -0.5132
vn 0.5091 0.3364 -0.7923
vn 0.4308 0.7848 -0.4455
vn 0.5172 -0.4035 -0.7548
vn -0.8599 0.0028 -0.5104
vn -0.4317 -0.7840 0.4460
vn 0.8591 -0.0051 0.5117
vn -0.5184 0.4053 0.7529
vn -0.4385 0.8227 0.3618
vn -0.5126 -0.3528 0.7828
vn 0.8533 0.0818 0.5150
vn -0.4425 -0.8290 -0.3419
vn -0.5090 0.3365 -0.7923
vn 0.8531 -0.0944 -0.5132
vn -0.4307 0.7849 -0.4455
vn 0.8599 0.0026 -0.5104
vn -0.5173 -0.4034 -0.7547
vn 0.4861 -0.8370 -0.2511
vn 0.4862 -0.8375 -0.2494
vn -0.8721 -0.4547 -0.1805
vn -0.8721 -0.4539 -0.1827
vn 0.6386 0.0596 0.7672
vn 0.6387 0.0616 0.7670
vn -0.7682 0.0679 0.6366
vn -0.7682 0.0659 0.6368
vn 0.4867 0.8367 0.2510
vn 0.4866 0.8374 0.2490
vn -0.8719 0.4551 0.1809
vn -0.8718 0.4545 0.1829
vn 0.6391 -0.0590 -0.7669
vn 0.6394 -0.0609 -0.7665
vn -0.7676 -0.0685 -0.6373
vn -0.7678 -0.0666 -0.6372
vn 0.0010 -0.9046 -0.4262
vn -0.0010 -0.9046 -0.4262
vn -0.0010 0.4245 -0.9054
vn 0.0010 0.4245 -0.9054
vn -0.0010 0.8517 -0.5240
vn 0.0010 0.8517 -0.5240
vn 0.0010 -0.5224 -0.8527
vn -0.0010 -0.5224 -0.8527
vn 0.7678 -0.0666 -0.6372
vn 0.7676 -0.0685 -0.6373
vn -0.6394 -0.0609 -0.7665
vn -0.6391 -0.0588 -0.7669
vn -0.4862 -0.8375 -0.2494
vn -0.4861 -0.8370 -0.2511
vn 0.8721 -0.4539 -0.1826
vn 0.8721 -0.4547 -0.1806
vn -0.4866 0.8373 0.2491
vn -0.4867 0.8367 0.2510
vn 0.8718 0.4545 0.1828
vn 0.8719 0.4552 0.1808
vn -0.6387 0.0616 0.7670
vn -0.6386 0.0595 0.7672
vn 0.7682 0.0659 0.6368
vn 0.7682 0.0679 0.6366
vn -0.0010 -0.8512 0.5249
vn 0.0010 -0.8512 0.5249
vn 0.0010 0.5233 0.8522
vn -0.0010 0.5233 0.8522
vn 0.0010 0.9050 0.4254
vn -0.0010 0.9050 0.4254
vn -0.0010 -0.4237 0.9058
vn 0.0010 -0.4237 0.9058
vn -0.0009 -0.9481 -0.3180
vn 0.0010 -0.9481 -0.3180
vn 0.0010 -0.9487 -0.3162
vn -0.0010 -0.9487 -0.3162
vn -1.0000 -0.0011 0.0009
vn -1.0000 0.0009 0.0011
vn -1.0000 0.0011 -0.0009
vn -1.0000 -0.0009 -0.0011
vn 0.0010 0.0894 0.9960
vn 0.0010 0.0914 0.9958
vn -0.0010 0.0914 0.9958
vn -0.0010 0.0894 0.9960
vn 0.0010 0.9487 0.3162
vn -0.0009 0.9487 0.3162
vn -0.0010 0.9481 0.3180
vn 0.0010 0.9481 0.3180
vn -0.0010 -0.0914 -0.9958
vn -0.0010 -0.0895 -0.9960
vn 0.0010 -0.0894 -0.9960
vn 0.0010 -0.0914 -0.9958
vn 1.0000 -0.0009 -0.0011
vn 1.0000 0.0011 -0.0009
vn 1.0000 0.0009 0.0011
vn 1.0000 -0.0011 0.0009
vn -0.3711 -0.9157 0.1544
vn -0.2208 0.2506 0.9426
vn -0.8725 0.4600 -0.1648
vn -0.2184 -0.3811 0.8984
vn -0.3187 0.9394 0.1262
vn -0.9529 -0.2702 -0.1377
vn -0.3073 -0.9402 -0.1467
vn -0.9592 0.2754 0.0632
vn -0.1523 0.3758 -0.9141
vn -0.3610 0.9150 -0.1800
vn -0.1492 -0.2551 -0.9553
vn -0.8823 -0.4605 0.0975
vn 0.3600 -0.9161 0.1763
vn 0.8824 0.4604 -0.0972
vn 0.1514 0.2513 0.9560
vn 0.3027 0.9422 0.1439
vn 0.1505 -0.3716 0.9161
vn 0.9602 -0.2732 -0.0580
vn 0.3231 -0.9378 -0.1275
vn 0.2179 0.3815 -0.8983
vn 0.9511 0.2751 0.1403
vn 0.3777 0.9125 -0.1569
vn 0.8686 -0.4662 0.1680
vn 0.2204 -0.2517 -0.9424
vn -0.4512 -0.8689 -0.2037
vn -0.4514 -0.8694 -0.2008
vn -0.8912 0.4527 0.0289
vn -0.8910 0.4533 0.0260
vn -0.2147 0.0049 0.9767
vn -0.2146 0.0066 0.9767
vn -0.9751 0.0659 -0.2117
vn -0.9754 0.0616 -0.2118
vn -0.4648 0.8661 0.1837
vn -0.4651 0.8667 0.1805
vn -0.8866 -0.4553 -0.0818
vn -0.8866 -0.4556 -0.0792
vn -0.1366 -0.0100 -0.9906
vn -0.1365 -0.0116 -0.9906
vn -0.9886 -0.0691 0.1340
vn -0.9889 -0.0647 0.1341
vn 0.0128 -0.9384 -0.3453
vn 0.0098 -0.9384 -0.3453
vn 0.0592 0.3425 -0.9377
vn 0.0621 0.3427 -0.9374
vn 0.0430 0.9204 -0.3886
vn 0.0460 0.9204 -0.3882
vn 0.0561 -0.3879 -0.9200
vn 0.0531 -0.3876 -0.9203
vn 0.9753 -0.0629 0.2117
vn 0.9752 -0.0645 0.2118
vn 0.2146 -0.0079 -0.9767
vn 0.2148 -0.0036 -0.9767
vn 0.4633 -0.8676 -0.1806
vn 0.4632 -0.8669 -0.1839
vn 0.8875 0.4540 0.0788
vn 0.8875 0.4536 0.0814
vn 0.4515 0.8695 0.2004
vn 0.4512 0.8689 0.2037
vn 0.8910 -0.4533 -0.0260
vn 0.8912 -0.4528 -0.0286
vn 0.1379 0.0130 0.9904
vn 0.1377 0.0088 0.9904
vn 0.9886 0.0658 -0.1351
vn 0.9885 0.0676 -0.1356
vn -0.0456 -0.9218 0.3850
vn -0.0427 -0.9216 0.3857
vn -0.0530 0.3848 0.9215
vn -0.0561 0.3846 0.9214
vn -0.0096 0.9384 0.3455
vn -0.0126 0.9385 0.3451
vn -0.0620 -0.3424 0.9375
vn -0.0590 -0.3427 0.9376
vn -0.0014 -0.9479 -0.3186
vn 0.0016 -0.9479 -0.3184
vn 0.0014 -0.9489 -0.3156
vn -0.0015 -0.9488 -0.3157
vn -0.9997 -0.0041 -0.0260
vn -0.9997 -0.0011 -0.0257
vn -0.9996 -0.0008 -0.0287
vn -0.9996 -0.0038 -0.0290
vn -0.0623 0.0887 0.9941
vn -0.0623 0.0918 0.9938
vn -0.0653 0.0918 0.9936
vn -0.0654 0.0887 0.9939
vn 0.0016 0.9488 0.3157
vn -0.0015 0.9489 0.3156
vn -0.0016 0.9479 0.3184
vn 0.0014 0.9479 0.3186
vn 0.0623 -0.0917 -0.9938
vn 0.0624 -0.0887 -0.9941
vn 0.0654 -0.0887 -0.9939
vn 0.0653 -0.0918 -0.9936
vn 0.9997 0.0011 0.0257
vn 0.9997 0.0042 0.0260
vn 0.9996 0.0038 0.0290
vn 0.9996 0.0008 0.0287
vn -0.3702 -0.9149 0.1612
vn -0.1999 0.2503 0.9473
vn -0.8748 0.4620 -0.1456
vn -0.2004 -0.3793 0.9033
vn -0.3183 0.9388 0.1315
vn -0.9543 -0.2740 -0.1191
vn -0.3147 -0.9385 -0.1418
vn -0.9567 0.2780 0.0860
vn -0.1706 0.3778 -0.9100
vn -0.3647 0.9149 -0.1733
vn -0.1652 -0.2529 -0.9533
vn -0.8800 -0.4614 0.1127
vn 0.3595 -0.9172 0.1717
vn 0.8825 0.4580 -0.1067
vn 0.1626 0.2504 0.9544
vn 0.3059 0.9416 0.1406
vn 0.1644 -0.3755 0.9121
vn 0.9600 -0.2698 -0.0746
vn 0.3184 -0.9387 -0.1322
vn 0.2031 0.3813 -0.9019
vn 0.9543 0.2730 0.1218
vn 0.3698 0.9147 -0.1629
vn 0.8755 -0.4607 0.1458
vn 0.1993 -0.2534 -0.9466
vn -0.4552 -0.8680 -0.1985
vn -0.4553 -0.8686 -0.1956
vn -0.8901 0.4538 0.0422
vn -0.8900 0.4543 0.0393
vn -0.1965 0.0046 0.9805
vn -0.1962 0.0089 0.9805
vn -0.9789 0.0655 -0.1935
vn -0.9790 0.0639 -0.1935
vn -0.4608 0.8672 0.1887
vn -0.4609 0.8678 0.1858
vn -0.8884 -0.4539 -0.0685
vn -0.8884 -0.4544 -0.0656
vn -0.1579 -0.0078 -0.9874
vn -0.1577 -0.0108 -0.9874
vn -0.9856 -0.0678 0.1552
vn -0.9858 -0.0648 0.1552
vn 0.0071 -0.9378 -0.3471
vn 0.0042 -0.9377 -0.3474
vn 0.0288 0.3447 -0.9383
vn 0.0318 0.3444 -0.9383
vn 0.0206 0.9201 -0.3911
vn 0.0236 0.9202 -0.3906
vn 0.0286 -0.3885 -0.9210
vn 0.0256 -0.3889 -0.9209
vn 0.9792 -0.0626 0.1928
vn 0.9789 -0.0671 0.1932
vn 0.1960 -0.0074 -0.9806
vn 0.1957 -0.0060 -0.9807
vn 0.4617 -0.8673 -0.1861
vn 0.4617 -0.8668 -0.1886
vn 0.8879 0.4553 0.0658
vn 0.8880 0.4545 0.0691
vn 0.4553 0.8686 0.1956
vn 0.4554 0.8679 0.1986
vn 0.8899 -0.4545 -0.0394
vn 0.8901 -0.4538 -0.0423
vn 0.1561 0.0108 0.9877
vn 0.1568 0.0076 0.9876
vn 0.9859 0.0651 -0.1541
vn 0.9858 0.0679 -0.1536
vn -0.0237 -0.9196 0.3921
vn -0.0207 -0.9196 0.3922
vn -0.0256 0.3900 0.9205
vn -0.0286 0.3900 0.9204
vn -0.0041 0.9380 0.3467
vn -0.0071 0.9380 0.3466
vn -0.0318 -0.3439 0.9385
vn -0.0288 -0.3439 0.9386
vn -0.0015 -0.9479 -0.3186
vn 0.0016 -0.9479 -0.3185
vn 0.0015 -0.9489 -0.3156
vn -0.0016 -0.9489 -0.3157
vn -0.9999 -0.0029 -0.0123
vn -0.9999 0.0001 -0.0120
vn -0.9999 0.0005 -0.0150
vn -0.9999 -0.0026 -0.0154
vn -0.0304 0.0889 0.9956
vn -0.0304 0.0919 0.9953
vn -0.0335 0.0919 0.9952
vn -0.0335 0.0889 0.9955
vn 0.0015 0.9489 0.3157
vn -0.0016 0.9479 0.3185
vn 0.0015 0.9479 0.3186
vn 0.0304 -0.0919 -0.9953
vn 0.0304 -0.0889 -0.9956
vn 0.0335 -0.0889 -0.9955
vn 0.0335 -0.0919 -0.9952
vn 0.9999 -0.0001 0.0120
vn 0.9999 0.0029 0.0123
vn 0.9999 0.0026 0.0154
vn 0.9999 -0.0005 0.0150
vn -0.3667 -0.9150 0.1681
vn -0.1838 0.2525 0.9500
vn -0.8777 0.4611 -0.1303
vn -0.1853 -0.3771 0.9074
vn -0.3129 0.9400 0.1358
vn -0.9567 -0.2732 -0.1001
vn -0.3174 -0.9381 -0.1383
vn -0.9556 0.2766 0.1011
vn -0.1835 0.3801 -0.9066
vn -0.3660 0.9160 -0.1643
vn -0.1861 -0.2483 -0.9506
vn -0.8773 -0.4621 0.1297
vn 0.3668 -0.9150 0.1679
vn 0.8777 0.4612 -0.1302
vn 0.1837 0.2524 0.9500
vn 0.3118 0.9403 0.1362
vn 0.1841 -0.3773 0.9076
vn 0.9572 -0.2722 -0.0983
vn 0.3174 -0.9382 -0.1384
vn 0.1836 0.3802 -0.9065
vn 0.9557 0.2765 0.1012
vn 0.3661 0.9160 -0.1641
vn 0.8773 -0.4622 0.1297
vn 0.1861 -0.2481 -0.9507
vn -0.4575 -0.8679 -0.1935
vn -0.4579 -0.8683 -0.1907
vn -0.8895 0.4536 0.0551
vn -0.8895 0.4539 0.0521
vn -0.1764 0.0068 0.9843
vn -0.1762 0.0098 0.9843
vn -0.9825 0.0669 -0.1736
vn -0.9827 0.0639 -0.1736
vn -0.4585 0.8673 0.1938
vn -0.4585 0.8680 0.1909
vn -0.8892 -0.4541 -0.0556
vn -0.8890 -0.4549 -0.0528
vn -0.1761 -0.0054 -0.9844
vn -0.1759 -0.0098 -0.9844
vn -0.9826 -0.0669 0.1732
vn -0.9827 -0.0652 0.1732
vn 0.0015 -0.9384 -0.3456
vn -0.0015 -0.9384 -0.3456
vn -0.0015 0.3428 -0.9394
vn 0.0015 0.3428 -0.9394
vn -0.0015 0.9215 -0.3884
vn 0.0015 0.9215 -0.3884
vn 0.0015 -0.3857 -0.9226
vn -0.0015 -0.3857 -0.9226
vn 0.9827 -0.0653 0.1732
vn 0.9826 -0.0669 0.1732
vn 0.1759 -0.0097 -0.9844
vn 0.1761 -0.0054 -0.9844
vn 0.4579 -0.8683 -0.1906
vn 0.4575 -0.8679 -0.1935
vn 0.8895 0.4540 0.0521
vn 0.8895 0.4536 0.0551
vn 0.4585 0.8680 0.1908
vn 0.4585 0.8673 0.1938
vn 0.8890 -0.4549 -0.0528
vn 0.8892 -0.4541 -0.0556
vn 0.1762 0.0097 0.9843
vn 0.1764 0.0068 0.9843
vn 0.9827 0.0639 -0.1736
vn 0.9825 0.0668 -0.1736
vn -0.0015 -0.9208 0.3901
vn 0.0015 -0.9208 0.3901
vn 0.0015 0.3874 0.9219
vn -0.0015 0.3874 0.9219
vn 0.0015 0.9375 0.3479
vn -0.0015 0.9375 0.3479
vn -0.0015 -0.3452 0.9385
vn 0.0015 -0.3452 0.9385
vn -0.0015 -0.9479 -0.3185
vn 0.0015 -0.9479 -0.3185
vn 0.0015 -0.9489 -0.3157
vn -0.0015 -0.9489 -0.3157
vn -1.0000 -0.0017 0.0013
vn -1.0000 0.0013 0.0017
vn -1.0000 0.0017 -0.0013
vn -1.0000 -0.0013 -0.0017
vn 0.0015 0.0889 0.9960
vn 0.0015 0.0920 0.9958
vn -0.0015 0.0920 0.9958
vn -0.0015 0.0889 0.9960
vn -0.0015 0.9479 0.3185
vn 0.0015 0.9479 0.3185
vn -0.0015 -0.0919 -0.9958
vn -0.0015 -0.0889 -0.9960
vn 0.0015 -0.0889 -0.9960
vn 0.0015 -0.0920 -0.9958
vn 1.0000 -0.0013 -0.0017
vn 1.0000 0.0017 -0.0013
vn 1.0000 0.0013 0.0017
vn 1.0000 -0.0017 0.0013
vn -0.3595 -0.9172 0.1717
vn -0.1626 0.2505 0.9544
vn -0.8826 0.4579 -0.1068
vn -0.1649 -0.3754 0.9121
vn -0.3063 0.9415 0.1405
vn -0.9598 -0.2703 -0.0754
vn -0.3184 -0.9387 -0.1322
vn -0.9543 0.2731 0.1217
vn -0.2031 0.3813 -0.9019
vn -0.3698 0.9147 -0.1629
vn -0.1993 -0.2534 -0.9466
vn -0.8755 -0.4606 0.1459
vn 0.3702 -0.9149 0.1612
vn 0.8748 0.4621 -0.1455
vn 0.1999 0.2503 0.9473
vn 0.3172 0.9391 0.1318
vn 0.1990 -0.3795 0.9036
vn 0.9549 -0.2729 -0.1171
vn 0.3147 -0.9385 -0.1418
vn 0.1706 0.3778 -0.9100
vn 0.9567 0.2780 0.0861
vn 0.3647 0.9149 -0.1733
vn 0.8800 -0.4615 0.1126
vn 0.1652 -0.2529 -0.9533
vn -0.4617 -0.8668 -0.1886
vn -0.4617 -0.8673 -0.1861
vn -0.8880 0.4546 0.0691
vn -0.8879 0.4553 0.0658
vn -0.1568 0.0076 0.9876
vn -0.1561 0.0108 0.9877
vn -0.9858 0.0679 -0.1536
vn -0.9859 0.0651 -0.1541
vn -0.4554 0.8679 0.1985
vn -0.4553 0.8686 0.1956
vn -0.8901 -0.4538 -0.0422
vn -0.8899 -0.4545 -0.0394
vn -0.1957 -0.0059 -0.9807
vn -0.1960 -0.0074 -0.9806
vn -0.9789 -0.0672 0.1932
vn -0.9792 -0.0626 0.1928
vn -0.0042 -0.9377 -0.3474
vn -0.0071 -0.9378 -0.3471
vn -0.0318 0.3444 -0.9383
vn -0.0288 0.3447 -0.9383
vn -0.0236 0.9202 -0.3906
vn -0.0206 0.9201 -0.3911
vn -0.0256 -0.3889 -0.9209
vn -0.0286 -0.3885 -0.9210
vn 0.9858 -0.0648 0.1552
vn 0.9856 -0.0678 0.1552
vn 0.1577 -0.0108 -0.9874
vn 0.1579 -0.0078 -0.9874
vn 0.4553 -0.8686 -0.1956
vn 0.4552 -0.8680 -0.1985
vn 0.8900 0.4544 0.0393
vn 0.8901 0.4538 0.0422
vn 0.4609 0.8678 0.1858
vn 0.4608 0.8672 0.1887
vn 0.8884 -0.4544 -0.0655
vn 0.8884 -0.4539 -0.0685
vn 0.1962 0.0089 0.9805
vn 0.1965 0.0046 0.9805
vn 0.9790 0.0639 -0.1935
vn 0.9789 0.0655 -0.1935
vn 0.0207 -0.9196 0.3922
vn 0.0237 -0.9196 0.3921
vn 0.0286 0.3900 0.9204
vn 0.0256 0.3900 0.9205
vn 0.0071 0.9380 0.3466
vn 0.0042 0.9380 0.3467
vn 0.0288 -0.3439 0.9386
vn 0.0318 -0.3439 0.9385
vn -0.0016 -0.9479 -0.3185
vn 0.0015 -0.9479 -0.3186
vn 0.0016 -0.9489 -0.3157
vn -0.0015 -0.9489 -0.3156
vn -0.9999 -0.0005 0.0150
vn -0.9999 0.0026 0.0154
vn -0.9999 0.0029 0.0123
vn -0.9999 -0.0001 0.0120
vn 0.0335 0.0889 0.9955
vn 0.0335 0.0919 0.9952
vn 0.0304 0.0919 0.9953
vn 0.0304 0.0889 0.9956
vn 0.0015 0.9489 0.3156
vn -0.0015 0.9489 0.3157
vn -0.0015 0.9479 0.3186
vn 0.0016 0.9479 0.3185
vn -0.0335 -0.0919 -0.9952
vn -0.0335 -0.0889 -0.9955
vn -0.0304 -0.0889 -0.9956
vn -0.0304 -0.0919 -0.9953
vn 0.9999 -0.0026 -0.0154
vn 0.9999 0.0005 -0.0150
vn 0.9999 0.0001 -0.0120
vn 0.9999 -0.0029 -0.0123
vn -0.3599 -0.9161 0.1764
vn -0.1515 0.2514 0.9560
vn -0.8824 0.4604 -0.0973
vn -0.1520 -0.3713 0.9160
vn -0.3038 0.9419 0.1434
vn -0.9598 -0.2743 -0.0601
vn -0.3232 -0.9377 -0.1274
vn -0.9511 0.2752 0.1402
vn -0.2178 0.3814 -0.8984
vn -0.3777 0.9125 -0.1571
vn -0.2204 -0.2518 -0.9423
vn -0.8686 -0.4661 0.1681
vn 0.3712 -0.9157 0.1543
vn 0.8725 0.4601 -0.1647
vn 0.2207 0.2505 0.9426
vn 0.3196 0.9391 0.1260
vn 0.2200 -0.3811 0.8980
vn 0.9523 -0.2711 -0.1398
vn 0.3072 -0.9403 -0.1468
vn 0.1524 0.3759 -0.9140
vn 0.9593 0.2753 0.0632
vn 0.3611 0.9150 -0.1798
vn 0.8822 -0.4606 0.0974
vn 0.1492 -0.2549 -0.9554
vn -0.4632 -0.8670 -0.1839
vn -0.4633 -0.8676 -0.1806
vn -0.8875 0.4536 0.0813
vn -0.8875 0.4540 0.0788
vn -0.1377 0.0088 0.9904
vn -0.1379 0.0130 0.9904
vn -0.9885 0.0676 -0.1356
vn -0.9886 0.0658 -0.1351
vn -0.4512 0.8689 0.2037
vn -0.4515 0.8695 0.2004
vn -0.8912 -0.4528 -0.0285
vn -0.8910 -0.4533 -0.0260
vn -0.2148 -0.0036 -0.9766
vn -0.2146 -0.0079 -0.9767
vn -0.9752 -0.0646 0.2118
vn -0.9753 -0.0629 0.2117
vn -0.0098 -0.9384 -0.3453
vn -0.0128 -0.9384 -0.3453
vn -0.0621 0.3427 -0.9374
vn -0.0592 0.3425 -0.9377
vn -0.0460 0.9204 -0.3882
vn -0.0430 0.9204 -0.3886
vn -0.0531 -0.3876 -0.9203
vn -0.0561 -0.3879 -0.9200
vn 0.9889 -0.0648 0.1341
vn 0.9886 -0.0691 0.1340
vn 0.1365 -0.0116 -0.9906
vn 0.1366 -0.0101 -0.9906
vn 0.4514 -0.8694 -0.2008
vn 0.4512 -0.8689 -0.2037
vn 0.8910 0.4533 0.0260
vn 0.8912 0.4527 0.0289
vn 0.4651 0.8667 0.1805
vn 0.4648 0.8661 0.1838
vn 0.8866 -0.4557 -0.0791
vn 0.8866 -0.4553 -0.0818
vn 0.2146 0.0065 0.9767
vn 0.2147 0.0049 0.9767
vn 0.9754 0.0616 -0.2118
vn 0.9751 0.0659 -0.2117
vn 0.0427 -0.9216 0.3857
vn 0.0456 -0.9218 0.3850
vn 0.0561 0.3846 0.9214
vn 0.0531 0.3848 0.9215
vn 0.0126 0.9385 0.3451
vn 0.0097 0.9384 0.3455
vn 0.0590 -0.3427 0.9376
vn 0.0620 -0.3424 0.9375
vn 0.0014 -0.9479 -0.3186
vn 0.0015 -0.9488 -0.3157
vn -0.0014 -0.9489 -0.3156
vn -0.9996 0.0008 0.0287
vn -0.9996 0.0038 0.0290
vn -0.9997 0.0041 0.0260
vn -0.9997 0.0012 0.0257
vn 0.0654 0.0887 0.9939
vn 0.0653 0.0918 0.9936
vn 0.0623 0.0918 0.9938
vn 0.0623 0.0887 0.9941
vn 0.0014 0.9489 0.3156
vn -0.0016 0.9489 0.3157
vn -0.0014 0.9479 0.3186
vn 0.0016 0.9479 0.3184
vn -0.0653 -0.0917 -0.9936
vn -0.0653 -0.0888 -0.9939
vn -0.0623 -0.0887 -0.9941
vn -0.0623 -0.0918 -0.9938
vn 0.9996 -0.0038 -0.0290
vn 0.9996 -0.0008 -0.0287
vn 0.9997 -0.0012 -0.0257
vn 0.9997 -0.0041 -0.0260
vn -0.3652 -0.6969 -0.6172
vn -0.6133 -0.2962 0.7322
vn -0.6439 0.4912 -0.5866
vn -0.6093 -0.2086 0.7650
vn -0.4299 0.8095 -0.3998
vn -0.6934 -0.3484 -0.6308
vn -0.4960 -0.8011 0.3350
vn -0.7956 0.3632 0.4849
vn -0.4663 0.2027 -0.8611
vn -0.4822 0.6805 0.5517
vn -0.4640 0.2912 -0.8366
vn -0.7439 -0.5042 0.4386
vn 0.4872 -0.6764 -0.5524
vn 0.7361 0.5125 -0.4421
vn 0.4707 -0.2878 0.8340
vn 0.4870 0.8056 -0.3374
vn 0.4632 -0.1961 0.8643
vn 0.8048 -0.3548 -0.4759
vn 0.4231 -0.8113 0.4035
vn 0.6115 0.2045 -0.7643
vn 0.6970 0.3458 0.6281
vn 0.3745 0.6941 0.6148
vn 0.6425 -0.4957 0.5844
vn 0.6109 0.2923 -0.7358
vn -0.5024 -0.8359 -0.2208
vn -0.5043 -0.8357 -0.2172
vn -0.8563 0.5165 -0.0101
vn -0.8565 0.5160 -0.0106
vn -0.7331 -0.0367 0.6791
vn -0.7332 -0.0347 0.6792
vn -0.6814 0.0320 -0.7312
vn -0.6814 0.0300 -0.7313
vn -0.5492 0.8245 0.1362
vn -0.5491 0.8252 0.1323
vn -0.8347 -0.5277 -0.1575
vn -0.8346 -0.5278 -0.1574
vn -0.5973 0.0252 -0.8016
vn -0.5972 0.0224 -0.8017
vn -0.8029 -0.0432 0.5946
vn -0.8029 -0.0420 0.5946
vn -0.0901 -0.9631 0.2538
vn -0.0920 -0.9631 0.2531
vn 0.1546 -0.2670 -0.9512
vn 0.1566 -0.2668 -0.9509
vn -0.0893 0.6442 0.7597
vn -0.0873 0.6439 0.7601
vn 0.1645 0.7630 -0.6252
vn 0.1624 0.7632 -0.6254
vn 0.6813 -0.0300 0.7314
vn 0.6813 -0.0321 0.7313
vn 0.7333 0.0349 -0.6790
vn 0.7333 0.0367 -0.6789
vn 0.5491 -0.8253 -0.1321
vn 0.5492 -0.8248 -0.1341
vn 0.8347 0.5282 0.1559
vn 0.8346 0.5278 0.1579
vn 0.5031 0.8366 0.2167
vn 0.5021 0.8367 0.2186
vn 0.8569 -0.5153 0.0120
vn 0.8569 -0.5155 0.0097
vn 0.5972 -0.0224 0.8017
vn 0.5973 -0.0252 0.8016
vn 0.8029 0.0420 -0.5946
vn 0.8029 0.0431 -0.5946
vn 0.0883 -0.6440 -0.7599
vn 0.0904 -0.6438 -0.7598
vn -0.1617 -0.7632 0.6255
vn -0.1636 -0.7634 0.6249
vn 0.0928 0.9625 -0.2547
vn 0.0908 0.9626 -0.2553
vn -0.1557 0.2688 0.9505
vn -0.1536 0.2683 0.9510
vn -0.0008 -0.9480 -0.3182
vn 0.0011 -0.9481 -0.3179
vn 0.0008 -0.9488 -0.3160
vn -0.0012 -0.9487 -0.3163
vn -0.9959 -0.0094 -0.0905
vn -0.9959 -0.0074 -0.0902
vn -0.9957 -0.0072 -0.0922
vn -0.9957 -0.0092 -0.0925
vn -0.2088 0.0874 0.9741
vn -0.2087 0.0894 0.9739
vn -0.2106 0.0894 0.9735
vn -0.2107 0.0875 0.9736
vn 0.0011 0.9487 0.3163
vn -0.0008 0.9487 0.3161
vn -0.0011 0.9481 0.3178
vn 0.0008 0.9480 0.3181
vn 0.2087 -0.0894 -0.9739
vn 0.2088 -0.0874 -0.9741
vn 0.2107 -0.0875 -0.9736
vn 0.2106 -0.0894 -0.9735
vn 0.9959 0.0074 0.0902
vn 0.9959 0.0094 0.0905
vn 0.9957 0.0092 0.0925
vn 0.9957 0.0072 0.0922
vn -0.4871 -0.6764 -0.5524
vn -0.4707 -0.2877 0.8340
vn -0.7361 0.5125 -0.4421
vn -0.4619 -0.1965 0.8649
vn -0.4878 0.8054 -0.3367
vn -0.8053 -0.3548 -0.4750
vn -0.4231 -0.8112 0.4036
vn -0.6970 0.3460 0.6281
vn -0.6115 0.2044 -0.7644
vn -0.3745 0.6942 0.6147
vn -0.6109 0.2922 -0.7358
vn -0.6425 -0.4956 0.5844
vn 0.3652 -0.6968 -0.6173
vn 0.6439 0.4912 -0.5865
vn 0.6133 -0.2963 0.7322
vn 0.4332 0.8079 -0.3995
vn 0.6087 -0.2108 0.7649
vn 0.6914 -0.3508 -0.6316
vn 0.4960 -0.8012 0.3349
vn 0.4663 0.2028 -0.8611
vn 0.7956 0.3630 0.4850
vn 0.4822 0.6805 0.5518
vn 0.7439 -0.5043 0.4386
vn 0.4640 0.2913 -0.8366
vn -0.5492 -0.8249 -0.1340
vn -0.5491 -0.8253 -0.1320
vn -0.8346 0.5278 0.1578
vn -0.8347 0.5282 0.1558
vn -0.5973 -0.0252 0.8016
vn -0.5972 -0.0224 0.8017
vn -0.8029 0.0432 -0.5946
vn -0.8029 0.0420 -0.5946
vn -0.5021 0.8367 0.2185
vn -0.5031 0.8366 0.2166
vn -0.8568 -0.5155 0.0099
vn -0.8569 -0.5153 0.0121
vn -0.7333 0.0367 -0.6789
vn -0.7333 0.0349 -0.6790
vn -0.6813 -0.0321 0.7313
vn -0.6813 -0.0300 0.7314
vn 0.0919 -0.9631 0.2531
vn 0.0899 -0.9631 0.2538
vn -0.1565 -0.2668 -0.9509
vn -0.1544 -0.2670 -0.9512
vn 0.0883 0.6440 0.7599
vn 0.0904 0.6438 0.7599
vn -0.1617 0.7633 -0.6256
vn -0.1636 0.7634 -0.6249
vn 0.8029 -0.0420 0.5946
vn 0.8029 -0.0431 0.5946
vn 0.5972 0.0224 -0.8017
vn 0.5973 0.0252 -0.8016
vn 0.5043 -0.8357 -0.2172
vn 0.5024 -0.8359 -0.2210
vn 0.8565 0.5160 -0.0105
vn 0.8563 0.5164 -0.0100
vn 0.5491 0.8252 0.1323
vn 0.5492 0.8245 0.1363
vn 0.8346 -0.5278 -0.1575
vn 0.8347 -0.5277 -0.1576
vn 0.7332 -0.0347 0.6792
vn 0.7331 -0.0367 0.6791
vn 0.6814 0.0300 -0.7313
vn 0.6814 0.0319 -0.7312
vn -0.0893 -0.6442 -0.7597
vn -0.0873 -0.6439 -0.7601
vn 0.1645 -0.7630 0.6252
vn 0.1625 -0.7632 0.6254
vn -0.0910 0.9626 -0.2552
vn -0.0929 0.9625 -0.2547
vn 0.1538 0.2683 0.9510
vn 0.1558 0.2688 0.9505
vn -0.0011 -0.9481 -0.3179
vn 0.0008 -0.9480 -0.3182
vn 0.0012 -0.9487 -0.3163
vn -0.0008 -0.9488 -0.3160
vn -0.9957 0.0072 0.0922
vn -0.9957 0.0092 0.0925
vn -0.9959 0.0094 0.0905
vn -0.9959 0.0074 0.0902
vn 0.2107 0.0875 0.9736
vn 0.2106 0.0894 0.9735
vn 0.2087 0.0894 0.9739
vn 0.2088 0.0874 0.9741
vn 0.0008 0.9488 0.3160
vn -0.0011 0.9486 0.3163
vn -0.0008 0.9481 0.3181
vn 0.0011 0.9481 0.3179
vn -0.2106 -0.0894 -0.9735
vn -0.2107 -0.0875 -0.9736
vn -0.2088 -0.0874 -0.9741
vn -0.2087 -0.0894 -0.9739
vn 0.9957 -0.0092 -0.0925
vn 0.9957 -0.0072 -0.0922
vn 0.9959 -0.0074 -0.0902
vn 0.9959 -0.0094 -0.0905
vt 0.678571 0.000000
vt 0.714286 0.166667
vt 0.642857 0.166667
vt 0.714286 0.333333
vt 0.714286 0.500000
vt 0.642857 0.500000
vt 0.642857 0.333333
vt 0.714286 0.666667
vt 0.714286 0.833333
vt 0.642857 0.833333
vt 0.642857 0.666667
vt 0.678571 1.000000
vt 0.571429 0.833333
vt 0.571429 0.666667
vt 0.571429 0.333333
vt 0.571429 0.166667
vt 0.571429 0.500000
vt 0.607143 1.000000
vt 0.607143 0.000000
vt 0.500000 0.333333
vt 0.500000 0.166667
vt 0.500000 0.666667
vt 0.500000 0.500000
vt 0.535714 1.000000
vt 0.500000 0.833333
vt 0.535714 0.000000
vt 0.428571 0.333333
vt 0.428571 0.166667
vt 0.428571 0.666667
vt 0.428571 0.500000
vt 0.464286 1.000000
vt 0.428571 0.833333
vt 0.464286 0.000000
vt 0.357143 0.333333
vt 0.357143 0.166667
vt 0.357143 0.666667
vt 0.357143 0.500000
vt 0.392857 1.000000
vt 0.357143 0.833333
vt 0.392857 0.000000
vt 0.285714 0.333333
vt 0.285714 0.166667
vt 0.285714 0.666667
vt 0.285714 0.500000
vt 0.321429 1.000000
vt 0.285714 0.833333
vt 0.321429 0.000000
vt 0.214286 0.666667
vt 0.214286 0.500000
vt 0.250000 1.000000
vt 0.214286 0.833333
vt 0.250000 0.000000
vt 0.214286 0.166667
vt 0.214286 0.333333
vt 0.178571 1.000000
vt 0.142857 0.833333
vt 0.178571 0.000000
vt 0.142857 0.166667
vt 0.142857 0.500000
vt 0.142857 0.333333
vt 0.142857 0.666667
vt 0.107143 0.000000
vt 0.071429 0.166667
vt 0.071429 0.500000
vt 0.071429 0.333333
vt 0.071429 0.833333
vt 0.071429 0.666667
vt 0.107143 1.000000
vt 0.035714 0.000000
vt 0.000000 0.166667
vt 0.000000 0.500000
vt 0.000000 0.333333
vt 0.000000 0.833333
vt 0.000000 0.666667
vt 0.035714 1.000000
vt 0.964286 0.000000
vt 1.000000 0.166667
vt 0.928571 0.166667
vt 1.000000 0.333333
vt 1.000000 0.500000
vt 0.928571 0.500000
vt 0.928571 0.333333
vt 1.000000 0.666667
vt 1.000000 0.833333
vt 0.928571 0.833333
vt 0.928571 0.666667
vt 0.964286 1.000000
vt 0.857143 0.500000
vt 0.857143 0.333333
vt 0.857143 0.833333
vt 0.857143 0.666667
vt 0.857143 0.166667
vt 0.892857 1.000000
vt 0.892857 0.000000
vt 0.785714 0.833333
vt 0.785714 0.666667
vt 0.785714 0.333333
vt 0.785714 0.166667
vt 0.785714 0.500000
vt 0.821429 1.000000
vt 0.821429 0.000000
vt 0.750000 1.000000
vt 0.750000 0.000000
vt 0.708333 0.000000
vt 0.750000 0.200000
vt 0.666667 0.200000
vt 0.750000 0.400000
vt 0.750000 0.600000
vt 0.666667 0.600000
vt 0.666667 0.400000
vt 0.750000 0.800000
vt 0.708333 1.000000
vt 0.666667 0.800000
vt 0.625000 0.000000
vt 0.583333 0.200000
vt 0.583333 0.600000
vt 0.583333 0.400000
vt 0.625000 1.000000
vt 0.583333 0.800000
vt 0.541667 0.000000
vt 0.500000 0.200000
vt 0.500000 0.600000
vt 0.500000 0.400000
vt 0.541667 1.000000
vt 0.500000 0.800000
vt 0.458333 0.000000
vt 0.416667 0.200000
vt 0.416667 0.600000
vt 0.416667 0.400000
vt 0.458333 1.000000
vt 0.416667 0.800000
vt 0.375000 0.000000
vt 0.333333 0.200000
vt 0.333333 0.600000
vt 0.333333 0.400000
vt 0.375000 1.000000
vt 0.333333 0.800000
vt 0.291667 0.000000
vt 0.250000 0.200000
vt 0.250000 0.600000
vt 0.250000 0.400000
vt 0.291667 1.000000
vt 0.250000 0.800000
vt 0.208333 0.000000
vt 0.166667 0.200000
vt 0.166667 0.600000
vt 0.166667 0.400000
vt 0.208333 1.000000
vt 0.166667 0.800000
vt 0.125000 0.000000
vt 0.083333 0.200000
vt 0.083333 0.600000
vt 0.083333 0.400000
vt 0.125000 1.000000
vt 0.083333 0.800000
vt 0.041667 0.000000
vt 0.000000 0.200000
vt 0.000000 0.600000
vt 0.000000 0.400000
vt 0.041667 1.000000
vt 0.000000 0.800000
vt 0.958333 0.000000
vt 1.000000 0.200000
vt 0.916667 0.200000
vt 1.000000 0.400000
vt 1.000000 0.600000
vt 0.916667 0.600000
vt 0.916667 0.400000
vt 1.000000 0.800000
vt 0.958333 1.000000
vt 0.916667 0.800000
vt 0.875000 0.000000
vt 0.833333 0.200000
vt 0.833333 0.600000
vt 0.833333 0.400000
vt 0.875000 1.000000
vt 0.833333 0.800000
vt 0.791667 0.000000
vt 0.791667 1.000000
vt 0.125375 0.749625
vt 0.125375 0.750000
vt 0.125000 0.749625
vt 0.624625 0.999625
vt 0.625000 0.999625
vt 0.624625 1.000000
vt 0.125375 0.500375
vt 0.125000 0.500375
vt 0.125375 0.500000
vt 0.625000 0.250125
vt 0.624625 0.250375
vt 0.624625 0.249719
vt 0.374625 0.749625
vt 0.375281 0.749625
vt 0.375000 0.750188
vt 0.625188 0.750000
vt 0.624625 0.750375
vt 0.624625 0.749719
vt 0.374625 0.500375
vt 0.375000 0.499813
vt 0.375281 0.500375
vt 0.625188 0.500188
vt 0.624625 0.500375
vt 0.624625 0.499719
vt 0.375375 0.000000
vt 0.624625 0.000000
vt 0.624625 0.000375
vt 0.375375 0.000375
vt 0.625000 0.000375
vt 0.375375 0.250375
vt 0.375375 0.249625
vt 0.375375 0.999625
vt 0.874625 0.500375
vt 0.874625 0.749625
vt 0.650000 0.000000
vt 0.700000 0.250000
vt 0.600000 0.250000
vt 0.700000 0.500000
vt 0.700000 0.750000
vt 0.600000 0.750000
vt 0.600000 0.500000
vt 0.650000 1.000000
vt 0.500000 0.250000
vt 0.550000 1.000000
vt 0.500000 0.750000
vt 0.550000 0.000000
vt 0.400000 0.750000
vt 0.400000 0.500000
vt 0.400000 0.250000
vt 0.450000 1.000000
vt 0.450000 0.000000
vt 0.350000 0.000000
vt 0.300000 0.250000
vt 0.300000 0.750000
vt 0.300000 0.500000
vt 0.350000 1.000000
vt 0.200000 0.250000
vt 0.200000 0.750000
vt 0.200000 0.500000
vt 0.150000 0.000000
vt 0.100000 0.250000
vt 0.100000 0.750000
vt 0.100000 0.500000
vt 0.150000 1.000000
vt 0.050000 0.000000
vt 0.000000 0.250000
vt 0.000000 0.750000
vt 0.050000 1.000000
vt 1.000000 0.750000
vt 0.950000 1.000000
vt 0.900000 0.750000
vt 0.950000 0.000000
vt 1.000000 0.250000
vt 0.900000 0.250000
vt 1.000000 0.500000
vt 0.900000 0.500000
vt 0.800000 0.500000
vt 0.800000 0.250000
vt 0.850000 1.000000
vt 0.800000 0.750000
vt 0.850000 0.000000
vt 0.750000 1.000000
vt 0.750000 0.000000
vt 0.125250 0.749750
vt 0.125250 0.750000
vt 0.125000 0.749750
vt 0.624750 0.999750
vt 0.625000 0.999750
vt 0.624750 1.000000
vt 0.125250 0.500250
vt 0.125000 0.500250
vt 0.125250 0.500000
vt 0.625000 0.250083
vt 0.624750 0.250250
vt 0.624750 0.249812
vt 0.374750 0.749750
vt 0.375188 0.749750
vt 0.375000 0.750125
vt 0.625125 0.750000
vt 0.624750 0.750250
vt 0.624750 0.749813
vt 0.374750 0.500250
vt 0.375000 0.499875
vt 0.375188 0.500250
vt 0.625125 0.500125
vt 0.624750 0.500250
vt 0.624750 0.499813
vt 0.375250 0.000000
vt 0.624750 0.000000
vt 0.624750 0.000250
vt 0.375250 0.000250
vt 0.625000 0.000250
vt 0.375250 0.250250
vt 0.375250 0.249750
vt 0.375250 0.999750
vt 0.874750 0.500250
vt 0.874750 0.749750
vt 0.624750 0.249813
vt 0.374750 0.749750
vt 0.624750 0.749812
vt 0.624750 0.000250
vt 0.375250 0.000250
vt 0.625000 0.000250
vt 0.874750 0.749750
vt 0.624625 0.249719
vt 0.625188 0.750000
vt 0.375000 0.499812
vt 0.375281 0.500375
vt 0.375187 0.749750
vt 0.375187 0.500250
vt 0.687500 0.000000
vt 0.750000 0.250000
vt 0.625000 0.250000
vt 0.750000 0.500000
vt 0.750000 0.750000
vt 0.625000 0.750000
vt 0.625000 0.500000
vt 0.687500 1.000000
vt 0.562500 1.000000
vt 0.562500 0.000000
vt 0.437500 0.000000
vt 0.375000 0.250000
vt 0.375000 0.750000
vt 0.375000 0.500000
vt 0.437500 1.000000
vt 0.312500 0.000000
vt 0.250000 0.250000
vt 0.250000 0.750000
vt 0.250000 0.500000
vt 0.312500 1.000000
vt 0.187500 0.000000
vt 0.125000 0.250000
vt 0.125000 0.750000
vt 0.125000 0.500000
vt 0.187500 1.000000
vt 0.062500 0.000000
vt 0.062500 1.000000
vt 1.000000 0.750000
vt 0.937500 1.000000
vt 0.875000 0.750000
vt 0.937500 0.000000
vt 1.000000 0.250000
vt 0.875000 0.250000
vt 0.875000 0.500000
vt 0.812500 1.000000
vt 0.812500 0.000000
vt 1.000000 1.000000
vt 0.833333 1.000000
vt 0.833333 0.500000
vt 0.666667 1.000000
vt 0.666667 0.500000
vt 0.500000 1.000000
vt 0.500000 0.500000
vt 0.333333 1.000000
vt 0.333333 0.500000
vt 0.457846 0.370000
vt 0.250000 0.490000
vt 0.042154 0.370000
vt 0.042154 0.130000
vt 0.250000 0.010000
vt 0.457846 0.130000
vt 0.166667 1.000000
vt 0.166667 0.500000
vt -0.000000 1.000000
vt -0.000000 0.500000
vt 0.750000 0.490000
vt 0.957846 0.370000
vt 0.957846 0.130000
vt 0.750000 0.010000
vt 0.542154 0.130000
vt 0.542154 0.370000
vt 0.583333 0.000000
vt 0.666667 0.333333
vt 0.666667 0.666667
vt 0.500000 0.666667
vt 0.583333 1.000000
vt 0.416667 0.000000
vt 0.333333 0.333333
vt 0.333333 0.666667
vt 0.416667 1.000000
vt 0.166667 0.333333
vt 0.166667 0.666667
vt 0.083333 0.000000
vt 0.000000 0.666667
vt 0.083333 1.000000
vt 0.916667 0.000000
vt 1.000000 0.333333
vt 0.833333 0.333333
vt 1.000000 0.666667
vt 0.833333 0.666667
vt 0.916667 1.000000
vt 0.750000 0.000000
vt 0.250000 0.010000
vt 0.750000 0.010000
vt 0.624625 0.999625
vt 0.624625 0.000375
vt 0.375375 0.000375
vt 0.625000 0.000375
s 1
usemtl SnapBack_v11_BakedTexture
f 3/1/1 72/2/2 8/3/3
f 71/4/4 2/5/5 6/6/6 7/7/7
f 70/8/8 69/9/9 4/10/10 5/11/11
f 72/2/2 71/4/4 7/7/7 8/3/3
f 2/5/5 70/8/8 5/11/11 6/6/6
f 69/9/9 1/12/12 4/10/10
f 5/11/11 4/10/10 9/13/13 10/14/14
f 8/3/3 7/7/7 12/15/15 13/16/16
f 6/6/6 5/11/11 10/14/14 11/17/17
f 4/10/10 1/18/12 9/13/13
f 3/19/1 8/3/3 13/16/16
f 7/7/7 6/6/6 11/17/17 12/15/15
f 13/16/16 12/15/15 17/20/18 18/21/19
f 11/17/17 10/14/14 15/22/20 16/23/21
f 9/13/13 1/24/12 14/25/22
f 3/26/1 13/16/16 18/21/19
f 12/15/15 11/17/17 16/23/21 17/20/18
f 10/14/14 9/13/13 14/25/22 15/22/20
f 18/21/19 17/20/18 22/27/23 23/28/24
f 16/23/21 15/22/20 20/29/25 21/30/26
f 14/25/22 1/31/12 19/32/27
f 3/33/1 18/21/19 23/28/24
f 17/20/18 16/23/21 21/30/26 22/27/23
f 15/22/20 14/25/22 19/32/27 20/29/25
f 23/28/24 22/27/23 27/34/28 28/35/29
f 21/30/26 20/29/25 25/36/30 26/37/31
f 19/32/27 1/38/12 24/39/32
f 3/40/1 23/28/24 28/35/29
f 22/27/23 21/30/26 26/37/31 27/34/28
f 20/29/25 19/32/27 24/39/32 25/36/30
f 28/35/29 27/34/28 32/41/33 33/42/34
f 26/37/31 25/36/30 30/43/35 31/44/36
f 24/39/32 1/45/12 29/46/37
f 3/47/1 28/35/29 33/42/34
f 27/34/28 26/37/31 31/44/36 32/41/33
f 25/36/30 24/39/32 29/46/37 30/43/35
f 31/44/36 30/43/35 35/48/38 36/49/39
f 29/46/37 1/50/12 34/51/40
f 3/52/1 33/42/34 38/53/41
f 32/41/33 31/44/36 36/49/39 37/54/42
f 30/43/35 29/46/37 34/51/40 35/48/38
f 33/42/34 32/41/33 37/54/42 38/53/41
f 34/51/40 1/55/12 39/56/43
f 3/57/1 38/53/41 43/58/44
f 37/54/42 36/49/39 41/59/45 42/60/46
f 35/48/38 34/51/40 39/56/43 40/61/47
f 38/53/41 37/54/42 42/60/46 43/58/44
f 36/49/39 35/48/38 40/61/47 41/59/45
f 3/62/1 43/58/44 48/63/48
f 42/60/46 41/59/45 46/64/49 47/65/50
f 40/61/47 39/56/43 44/66/51 45/67/52
f 43/58/44 42/60/46 47/65/50 48/63/48
f 41/59/45 40/61/47 45/67/52 46/64/49
f 39/56/43 1/68/12 44/66/51
f 3/69/1 48/63/48 53/70/53
f 47/65/50 46/64/49 51/71/54 52/72/55
f 45/67/52 44/66/51 49/73/56 50/74/57
f 48/63/48 47/65/50 52/72/55 53/70/53
f 46/64/49 45/67/52 50/74/57 51/71/54
f 44/66/51 1/75/12 49/73/56
f 3/76/1 53/77/53 58/78/58
f 52/79/55 51/80/54 56/81/59 57/82/60
f 50/83/57 49/84/56 54/85/61 55/86/62
f 53/77/53 52/79/55 57/82/60 58/78/58
f 51/80/54 50/83/57 55/86/62 56/81/59
f 49/84/56 1/87/12 54/85/61
f 57/82/60 56/81/59 61/88/63 62/89/64
f 55/86/62 54/85/61 59/90/65 60/91/66
f 58/78/58 57/82/60 62/89/64 63/92/67
f 56/81/59 55/86/62 60/91/66 61/88/63
f 54/85/61 1/93/12 59/90/65
f 3/94/1 58/78/58 63/92/67
f 60/91/66 59/90/65 64/95/68 65/96/69
f 63/92/67 62/89/64 67/97/70 68/98/71
f 61/88/63 60/91/66 65/96/69 66/99/72
f 59/90/65 1/100/12 64/95/68
f 3/101/1 63/92/67 68/98/71
f 62/89/64 61/88/63 66/99/72 67/97/70
f 68/98/71 67/97/70 71/4/4 72/2/2
f 66/99/72 65/96/69 70/8/8 2/5/5
f 64/95/68 1/102/12 69/9/9
f 3/103/1 68/98/71 72/2/2
f 67/97/70 66/99/72 2/5/5 71/4/4
f 65/96/69 64/95/68 69/9/9 70/8/8
f 78/104/73 77/105/74 82/106/75
f 76/107/76 75/108/77 80/109/78 81/110/79
f 74/111/80 73/112/81 79/113/82
f 77/105/74 76/107/76 81/110/79 82/106/75
f 75/108/77 74/111/80 79/113/82 80/109/78
f 78/114/73 82/106/75 86/115/83
f 81/110/79 80/109/78 84/116/84 85/117/85
f 79/113/82 73/118/81 83/119/86
f 82/106/75 81/110/79 85/117/85 86/115/83
f 80/109/78 79/113/82 83/119/86 84/116/84
f 78/120/73 86/115/83 90/121/87
f 85/117/85 84/116/84 88/122/88 89/123/89
f 83/119/86 73/124/81 87/125/90
f 86/115/83 85/117/85 89/123/89 90/121/87
f 84/116/84 83/119/86 87/125/90 88/122/88
f 78/126/73 90/121/87 94/127/91
f 89/123/89 88/122/88 92/128/92 93/129/93
f 87/125/90 73/130/81 91/131/94
f 90/121/87 89/123/89 93/129/93 94/127/91
f 88/122/88 87/125/90 91/131/94 92/128/92
f 78/132/73 94/127/91 98/133/95
f 93/129/93 92/128/92 96/134/96 97/135/97
f 91/131/94 73/136/81 95/137/98
f 94/127/91 93/129/93 97/135/97 98/133/95
f 92/128/92 91/131/94 95/137/98 96/134/96
f 78/138/73 98/133/95 102/139/99
f 97/135/97 96/134/96 100/140/100 101/141/101
f 95/137/98 73/142/81 99/143/102
f 98/133/95 97/135/97 101/141/101 102/139/99
f 96/134/96 95/137/98 99/143/102 100/140/100
f 78/144/73 102/139/99 106/145/103
f 101/141/101 100/140/100 104/146/104 105/147/105
f 99/143/102 73/148/81 103/149/106
f 102/139/99 101/141/101 105/147/105 106/145/103
f 100/140/100 99/143/102 103/149/106 104/146/104
f 78/150/73 106/145/103 110/151/107
f 105/147/105 104/146/104 108/152/108 109/153/109
f 103/149/106 73/154/81 107/155/110
f 106/145/103 105/147/105 109/153/109 110/151/107
f 104/146/104 103/149/106 107/155/110 108/152/108
f 78/156/73 110/151/107 114/157/111
f 109/153/109 108/152/108 112/158/112 113/159/113
f 107/155/110 73/160/81 111/161/114
f 110/151/107 109/153/109 113/159/113 114/157/111
f 108/152/108 107/155/110 111/161/114 112/158/112
f 78/162/73 114/163/111 118/164/115
f 113/165/113 112/166/112 116/167/116 117/168/117
f 111/169/114 73/170/81 115/171/118
f 114/163/111 113/165/113 117/168/117 118/164/115
f 112/166/112 111/169/114 115/171/118 116/167/116
f 78/172/73 118/164/115 122/173/119
f 117/168/117 116/167/116 120/174/120 121/175/121
f 115/171/118 73/176/81 119/177/122
f 118/164/115 117/168/117 121/175/121 122/173/119
f 116/167/116 115/171/118 119/177/122 120/174/120
f 78/178/73 122/173/119 77/105/74
f 121/175/121 120/174/120 75/108/77 76/107/76
f 119/177/122 73/179/81 74/111/80
f 122/173/119 121/175/121 76/107/76 77/105/74
f 120/174/120 119/177/122 74/111/80 75/108/77
s 0
f 123/180/123 124/181/124 125/182/125
f 126/183/126 127/184/127 128/185/128
f 129/186/129 130/187/130 131/188/131
f 132/189/132 133/190/133 134/191/134
f 135/192/135 136/193/136 137/194/137
f 138/195/138 139/196/139 140/197/140
f 141/198/141 142/199/142 143/200/143
f 144/201/144 145/202/145 146/203/146
f 129/186/147 123/180/148 125/182/149 130/187/150
f 124/204/151 126/205/152 128/206/153 125/207/154
f 127/208/155 132/189/156 134/191/157 128/206/158
f 133/190/159 131/209/160 130/210/161 134/191/162
f 141/198/163 129/186/164 131/188/165 142/199/166
f 132/189/167 144/201/168 146/203/169 133/190/170
f 145/202/171 143/200/172 142/199/173 146/203/174
f 135/192/175 141/198/176 143/200/177 136/193/178
f 144/201/179 138/195/180 140/197/181 145/202/182
f 139/196/183 137/194/184 136/193/185 140/197/186
f 123/180/187 135/192/188 137/194/189 124/181/190
f 138/195/191 127/184/192 126/183/193 139/196/194
f 129/186/195 141/198/196 135/192/197 123/180/198
f 125/207/199 128/206/200 134/191/201 130/210/202
f 137/194/203 139/196/204 126/183/205 124/211/206
f 144/201/207 132/212/208 127/213/209 138/195/210
f 131/209/211 133/190/212 146/203/213 142/199/214
f 143/200/215 145/202/216 140/197/217 136/193/218
s 1
f 149/108/219 148/111/220 153/113/221 154/109/222
f 152/104/223 151/105/224 156/106/225
f 150/107/226 149/108/219 154/109/222 155/110/227
f 148/111/220 147/112/228 153/113/221
f 151/105/224 150/107/226 155/110/227 156/106/225
f 156/106/225 155/110/227 159/117/229 160/115/230
f 154/109/222 153/113/221 157/119/231 158/116/232
f 152/114/223 156/106/225 160/115/230
f 155/110/227 154/109/222 158/116/232 159/117/229
f 153/113/221 147/118/228 157/119/231
f 160/115/230 159/117/229 163/123/233 164/121/234
f 158/116/232 157/119/231 161/125/235 162/122/236
f 152/120/223 160/115/230 164/121/234
f 159/117/229 158/116/232 162/122/236 163/123/233
f 157/119/231 147/124/228 161/125/235
f 164/121/234 163/123/233 167/129/237 168/127/238
f 162/122/236 161/125/235 165/131/239 166/128/240
f 152/126/223 164/121/234 168/127/238
f 163/123/233 162/122/236 166/128/240 167/129/237
f 161/125/235 147/130/228 165/131/239
f 168/127/238 167/129/237 171/135/241 172/133/242
f 166/128/240 165/131/239 169/137/243 170/134/244
f 152/132/223 168/127/238 172/133/242
f 167/129/237 166/128/240 170/134/244 171/135/241
f 165/131/239 147/136/228 169/137/243
f 172/133/242 171/135/241 175/141/245 176/139/246
f 170/134/244 169/137/243 173/143/247 174/140/248
f 152/138/223 172/133/242 176/139/246
f 171/135/241 170/134/244 174/140/248 175/141/245
f 169/137/243 147/142/228 173/143/247
f 176/139/246 175/141/245 179/147/249 180/145/250
f 174/140/248 173/143/247 177/149/251 178/146/252
f 152/144/223 176/139/246 180/145/250
f 175/141/245 174/140/248 178/146/252 179/147/249
f 173/143/247 147/148/228 177/149/251
f 180/145/250 179/147/249 183/153/253 184/151/254
f 178/146/252 177/149/251 181/155/255 182/152/256
f 152/150/223 180/145/250 184/151/254
f 179/147/249 178/146/252 182/152/256 183/153/253
f 177/149/251 147/154/228 181/155/255
f 184/151/254 183/153/253 187/159/257 188/157/258
f 182/152/256 181/155/255 185/161/259 186/158/260
f 152/156/223 184/151/254 188/157/258
f 183/153/253 182/152/256 186/158/260 187/159/257
f 181/155/255 147/160/228 185/161/259
f 188/163/258 187/165/257 191/168/261 192/164/262
f 186/166/260 185/169/259 189/171/263 190/167/264
f 152/162/223 188/163/258 192/164/262
f 187/165/257 186/166/260 190/167/264 191/168/261
f 185/169/259 147/170/228 189/171/263
f 192/164/262 191/168/261 195/175/265 196/173/266
f 190/167/264 189/171/263 193/177/267 194/174/268
f 152/172/223 192/164/262 196/173/266
f 191/168/261 190/167/264 194/174/268 195/175/265
f 189/171/263 147/176/228 193/177/267
f 196/173/266 195/175/265 150/107/226 151/105/224
f 194/174/268 193/177/267 148/111/220 149/108/219
f 152/178/223 196/173/266 151/105/224
f 195/175/265 194/174/268 149/108/219 150/107/226
f 193/177/267 147/179/228 148/111/220
f 201/105/269 200/107/270 205/110/271 206/106/272
f 199/108/273 198/111/274 203/113/275 204/109/276
f 202/104/277 201/105/269 206/106/272
f 200/107/270 199/108/273 204/109/276 205/110/271
f 198/111/274 197/112/278 203/113/275
f 206/106/272 205/110/271 209/117/279 210/115/280
f 204/109/276 203/113/275 207/119/281 208/116/282
f 202/114/277 206/106/272 210/115/280
f 205/110/271 204/109/276 208/116/282 209/117/279
f 203/113/275 197/118/278 207/119/281
f 210/115/280 209/117/279 213/123/283 214/121/284
f 208/116/282 207/119/281 211/125/285 212/122/286
f 202/120/277 210/115/280 214/121/284
f 209/117/279 208/116/282 212/122/286 213/123/283
f 207/119/281 197/124/278 211/125/285
f 214/121/284 213/123/283 217/129/287 218/127/288
f 212/122/286 211/125/285 215/131/289 216/128/290
f 202/126/277 214/121/284 218/127/288
f 213/123/283 212/122/286 216/128/290 217/129/287
f 211/125/285 197/130/278 215/131/289
f 218/127/288 217/129/287 221/135/291 222/133/292
f 216/128/290 215/131/289 219/137/293 220/134/294
f 202/132/277 218/127/288 222/133/292
f 217/129/287 216/128/290 220/134/294 221/135/291
f 215/131/289 197/136/278 219/137/293
f 222/133/292 221/135/291 225/141/295 226/139/296
f 220/134/294 219/137/293 223/143/297 224/140/298
f 202/138/277 222/133/292 226/139/296
f 221/135/291 220/134/294 224/140/298 225/141/295
f 219/137/293 197/142/278 223/143/297
f 226/139/296 225/141/295 229/147/299 230/145/300
f 224/140/298 223/143/297 227/149/301 228/146/302
f 202/144/277 226/139/296 230/145/300
f 225/141/295 224/140/298 228/146/302 229/147/299
f 223/143/297 197/148/278 227/149/301
f 230/145/300 229/147/299 233/153/303 234/151/304
f 228/146/302 227/149/301 231/155/305 232/152/306
f 202/150/277 230/145/300 234/151/304
f 229/147/299 228/146/302 232/152/306 233/153/303
f 227/149/301 197/154/278 231/155/305
f 234/151/304 233/153/303 237/159/307 238/157/308
f 232/152/306 231/155/305 235/161/309 236/158/310
f 202/156/277 234/151/304 238/157/308
f 233/153/303 232/152/306 236/158/310 237/159/307
f 231/155/305 197/160/278 235/161/309
f 238/163/308 237/165/307 241/168/311 242/164/312
f 236/166/310 235/169/309 239/171/313 240/167/314
f 202/162/277 238/163/308 242/164/312
f 237/165/307 236/166/310 240/167/314 241/168/311
f 235/169/309 197/170/278 239/171/313
f 242/164/312 241/168/311 245/175/315 246/173/316
f 240/167/314 239/171/313 243/177/317 244/174/318
f 202/172/277 242/164/312 246/173/316
f 241/168/311 240/167/314 244/174/318 245/175/315
f 239/171/313 197/176/278 243/177/317
f 246/173/316 245/175/315 200/107/270 201/105/269
f 244/174/318 243/177/317 198/111/274 199/108/273
f 202/178/277 246/173/316 201/105/269
f 245/175/315 244/174/318 199/108/273 200/107/270
f 243/177/317 197/179/278 198/111/274
f 249/108/319 248/111/320 253/113/321 254/109/322
f 252/104/323 251/105/324 256/106/325
f 250/107/326 249/108/319 254/109/322 255/110/327
f 248/111/320 247/112/328 253/113/321
f 251/105/324 250/107/326 255/110/327 256/106/325
f 256/106/325 255/110/327 259/117/329 260/115/330
f 254/109/322 253/113/321 257/119/331 258/116/332
f 252/114/323 256/106/325 260/115/330
f 255/110/327 254/109/322 258/116/332 259/117/329
f 253/113/321 247/118/328 257/119/331
f 260/115/330 259/117/329 263/123/333 264/121/334
f 258/116/332 257/119/331 261/125/335 262/122/336
f 252/120/323 260/115/330 264/121/334
f 259/117/329 258/116/332 262/122/336 263/123/333
f 257/119/331 247/124/328 261/125/335
f 264/121/334 263/123/333 267/129/337 268/127/338
f 262/122/336 261/125/335 265/131/339 266/128/340
f 252/126/323 264/121/334 268/127/338
f 263/123/333 262/122/336 266/128/340 267/129/337
f 261/125/335 247/130/328 265/131/339
f 268/127/338 267/129/337 271/135/341 272/133/342
f 266/128/340 265/131/339 269/137/343 270/134/344
f 252/132/323 268/127/338 272/133/342
f 267/129/337 266/128/340 270/134/344 271/135/341
f 265/131/339 247/136/328 269/137/343
f 272/133/342 271/135/341 275/141/345 276/139/346
f 270/134/344 269/137/343 273/143/347 274/140/348
f 252/138/323 272/133/342 276/139/346
f 271/135/341 270/134/344 274/140/348 275/141/345
f 269/137/343 247/142/328 273/143/347
f 276/139/346 275/141/345 279/147/349 280/145/350
f 274/140/348 273/143/347 277/149/351 278/146/352
f 252/144/323 276/139/346 280/145/350
f 275/141/345 274/140/348 278/146/352 279/147/349
f 273/143/347 247/148/328 277/149/351
f 280/145/350 279/147/349 283/153/353 284/151/354
f 278/146/352 277/149/351 281/155/355 282/152/356
f 252/150/323 280/145/350 284/151/354
f 279/147/349 278/146/352 282/152/356 283/153/353
f 277/149/351 247/154/328 281/155/355
f 284/151/354 283/153/353 287/159/357 288/157/358
f 282/152/356 281/155/355 285/161/359 286/158/360
f 252/156/323 284/151/354 288/157/358
f 283/153/353 282/152/356 286/158/360 287/159/357
f 281/155/355 247/160/328 285/161/359
f 288/163/358 287/165/357 291/168/361 292/164/362
f 286/166/360 285/169/359 289/171/363 290/167/364
f 252/162/323 288/163/358 292/164/362
f 287/165/357 286/166/360 290/167/364 291/168/361
f 285/169/359 247/170/328 289/171/363
f 292/164/362 291/168/361 295/175/365 296/173/366
f 290/167/364 289/171/363 293/177/367 294/174/368
f 252/172/323 292/164/362 296/173/366
f 291/168/361 290/167/364 294/174/368 295/175/365
f 289/171/363 247/176/328 293/177/367
f 296/173/366 295/175/365 250/107/326 251/105/324
f 294/174/368 293/177/367 248/111/320 249/108/319
f 252/178/323 296/173/366 251/105/324
f 295/175/365 294/174/368 249/108/319 250/107/326
f 293/177/367 247/179/328 248/111/320
f 301/214/369 300/215/370 304/216/371
f 299/217/372 298/218/373 302/219/374 303/220/375
f 300/215/370 299/217/372 303/220/375 304/216/371
f 298/218/373 297/221/376 302/219/374
f 304/216/371 303/220/375 306/23/377 307/222/378
f 302/219/374 297/223/376 305/224/379
f 301/225/369 304/216/371 307/222/378
f 303/220/375 302/219/374 305/224/379 306/23/377
f 306/23/377 305/224/379 308/226/380 309/227/381
f 307/222/378 306/23/377 309/227/381 310/228/382
f 305/224/379 297/229/376 308/226/380
f 301/230/369 307/222/378 310/228/382
f 301/231/369 310/228/382 313/232/383
f 309/227/381 308/226/380 311/233/384 312/234/385
f 310/228/382 309/227/381 312/234/385 313/232/383
f 308/226/380 297/235/376 311/233/384
f 301/52/369 313/232/383 316/236/386
f 312/234/385 311/233/384 314/237/387 315/238/388
f 313/232/383 312/234/385 315/238/388 316/236/386
f 311/233/384 297/50/376 314/237/387
f 301/239/369 316/236/386 319/240/389
f 315/238/388 314/237/387 317/241/390 318/242/391
f 316/236/386 315/238/388 318/242/391 319/240/389
f 314/237/387 297/243/376 317/241/390
f 301/244/369 319/240/389 322/245/392
f 318/242/391 317/241/390 320/246/393 321/71/394
f 319/240/389 318/242/391 321/71/394 322/245/392
f 317/241/390 297/247/376 320/246/393
f 320/248/393 297/249/376 323/250/395
f 301/251/369 322/252/392 325/253/396
f 321/254/394 320/248/393 323/250/395 324/255/397
f 322/252/392 321/254/394 324/255/397 325/253/396
f 325/253/396 324/255/397 327/256/398 328/257/399
f 323/250/395 297/258/376 326/259/400
f 301/260/369 325/253/396 328/257/399
f 324/255/397 323/250/395 326/259/400 327/256/398
f 328/257/399 327/256/398 299/217/372 300/215/370
f 326/259/400 297/261/376 298/218/373
f 301/262/369 328/257/399 300/215/370
f 327/256/398 326/259/400 298/218/373 299/217/372
f 332/215/370 331/217/372 335/220/375 336/216/371
f 330/218/373 329/221/376 334/219/374
f 333/214/369 332/215/370 336/216/371
f 331/217/372 330/218/373 334/219/374 335/220/375
f 336/216/371 335/220/375 338/23/377 339/222/378
f 334/219/374 329/223/376 337/224/379
f 333/225/369 336/216/371 339/222/378
f 335/220/375 334/219/374 337/224/379 338/23/377
f 339/222/378 338/23/377 341/227/381 342/228/382
f 337/224/379 329/229/376 340/226/380
f 333/230/369 339/222/378 342/228/382
f 338/23/377 337/224/379 340/226/380 341/227/381
f 342/228/382 341/227/381 344/234/385 345/232/383
f 340/226/380 329/235/376 343/233/384
f 333/231/369 342/228/382 345/232/383
f 341/227/381 340/226/380 343/233/384 344/234/385
f 345/232/383 344/234/385 347/238/388 348/236/386
f 343/233/384 329/50/376 346/237/387
f 333/52/369 345/232/383 348/236/386
f 344/234/385 343/233/384 346/237/387 347/238/388
f 347/238/388 346/237/387 349/241/390 350/242/391
f 348/236/386 347/238/388 350/242/391 351/240/389
f 346/237/387 329/243/376 349/241/390
f 333/239/369 348/236/386 351/240/389
f 333/244/369 351/240/389 354/245/392
f 350/242/391 349/241/390 352/246/393 353/71/394
f 351/240/389 350/242/391 353/71/394 354/245/392
f 349/241/390 329/247/376 352/246/393
f 333/251/369 354/252/392 357/253/396
f 353/254/394 352/248/393 355/250/395 356/255/397
f 354/252/392 353/254/394 356/255/397 357/253/396
f 352/248/393 329/249/376 355/250/395
f 333/260/369 357/253/396 360/257/399
f 356/255/397 355/250/395 358/259/400 359/256/398
f 357/253/396 356/255/397 359/256/398 360/257/399
f 355/250/395 329/258/376 358/259/400
f 333/262/369 360/257/399 332/215/370
f 359/256/398 358/259/400 330/218/373 331/217/372
f 360/257/399 359/256/398 331/217/372 332/215/370
f 358/259/400 329/261/376 330/218/373
s 0
f 361/263/401 362/264/402 363/265/403
f 364/266/404 365/267/405 366/268/406
f 367/269/407 368/270/408 369/271/409
f 370/272/410 371/273/411 372/274/412
f 373/275/413 374/276/414 375/277/415
f 376/278/416 377/279/417 378/280/418
f 379/281/419 380/282/420 381/283/421
f 382/284/422 383/285/423 384/286/424
f 367/269/425 361/263/426 363/265/427 368/270/428
f 362/287/429 364/288/430 366/289/431 363/290/432
f 365/291/433 370/272/434 372/274/435 366/289/436
f 371/273/437 369/292/438 368/293/439 372/274/440
f 379/281/441 367/269/442 369/271/443 380/282/444
f 370/272/445 382/284/446 384/286/447 371/273/448
f 383/285/449 381/283/450 380/282/451 384/286/452
f 373/275/453 379/281/454 381/283/455 374/276/456
f 382/284/457 376/278/458 378/280/459 383/285/460
f 377/279/461 375/277/462 374/276/463 378/280/464
f 361/263/465 373/275/466 375/277/467 362/264/468
f 376/278/469 365/267/470 364/266/471 377/279/472
f 367/269/473 379/281/474 373/275/475 361/263/476
f 363/290/477 366/289/478 372/274/479 368/293/480
f 375/277/481 377/279/482 364/266/483 362/294/484
f 382/284/485 370/295/486 365/296/487 376/278/488
f 369/292/489 371/273/490 384/286/491 380/282/492
f 381/283/493 383/285/494 378/280/495 374/276/496
f 385/263/497 386/264/498 387/265/499
f 388/266/500 389/267/501 390/268/502
f 391/269/503 392/270/504 393/271/505
f 394/272/506 395/273/507 396/297/508
f 397/275/509 398/276/510 399/277/511
f 400/278/512 401/279/513 402/280/514
f 403/281/515 404/282/516 405/283/517
f 406/284/518 407/285/519 408/286/520
f 391/269/521 385/263/522 387/265/523 392/270/524
f 386/287/525 388/288/526 390/289/527 387/290/528
f 389/291/529 394/272/530 396/297/531 390/289/532
f 395/273/533 393/292/534 392/293/535 396/297/536
f 403/281/537 391/269/538 393/271/539 404/282/540
f 394/272/541 406/284/542 408/286/543 395/273/544
f 407/285/545 405/283/546 404/282/547 408/286/548
f 397/275/549 403/281/550 405/283/551 398/276/552
f 406/284/553 400/278/554 402/280/555 407/285/556
f 401/279/557 399/277/558 398/276/559 402/280/560
f 385/263/561 397/275/562 399/277/563 386/264/564
f 400/278/565 389/267/566 388/266/567 401/279/568
f 391/269/569 403/281/570 397/275/571 385/263/572
f 387/290/573 390/289/574 396/297/575 392/293/576
f 399/277/577 401/279/578 388/266/579 386/294/580
f 406/284/581 394/295/582 389/296/583 400/278/584
f 393/292/585 395/273/586 408/286/587 404/282/588
f 405/283/589 407/285/590 402/280/591 398/276/592
f 409/263/593 410/264/594 411/265/595
f 412/266/596 413/267/597 414/268/598
f 415/269/599 416/270/600 417/271/601
f 418/272/602 419/273/603 420/274/604
f 421/298/605 422/276/606 423/277/607
f 424/278/608 425/279/609 426/299/610
f 427/281/611 428/282/612 429/283/613
f 430/284/614 431/285/615 432/286/616
f 415/269/617 409/263/618 411/265/619 416/270/620
f 410/287/621 412/288/622 414/300/623 411/301/624
f 413/302/625 418/272/626 420/274/627 414/300/628
f 419/273/629 417/292/630 416/293/631 420/274/632
f 427/281/633 415/269/634 417/271/635 428/282/636
f 418/272/637 430/284/638 432/286/639 419/273/640
f 431/285/641 429/283/642 428/282/643 432/286/644
f 421/298/645 427/281/646 429/283/647 422/276/648
f 430/284/649 424/278/650 426/299/651 431/285/652
f 425/279/653 423/277/654 422/276/655 426/299/656
f 409/263/657 421/298/658 423/277/659 410/264/660
f 424/278/661 413/267/662 412/266/663 425/279/664
f 415/269/665 427/281/666 421/298/667 409/263/668
f 411/301/669 414/300/670 420/274/671 416/293/672
f 423/277/673 425/279/674 412/266/675 410/294/676
f 430/284/677 418/295/678 413/303/679 424/278/680
f 417/292/681 419/273/682 432/286/683 428/282/684
f 429/283/685 431/285/686 426/299/687 422/276/688
f 433/263/689 434/264/690 435/265/691
f 436/266/692 437/267/693 438/268/694
f 439/269/695 440/270/696 441/271/697
f 442/272/698 443/273/699 444/274/700
f 445/298/701 446/276/702 447/277/703
f 448/278/704 449/279/705 450/299/706
f 451/281/707 452/282/708 453/283/709
f 454/284/710 455/285/711 456/286/712
f 439/269/713 433/263/714 435/265/715 440/270/716
f 434/287/717 436/288/718 438/300/719 435/301/720
f 437/302/721 442/272/722 444/274/723 438/300/724
f 443/273/725 441/292/726 440/293/727 444/274/728
f 451/281/729 439/269/730 441/271/731 452/282/732
f 442/272/733 454/284/734 456/286/735 443/273/736
f 455/285/737 453/283/738 452/282/739 456/286/740
f 445/298/741 451/281/742 453/283/743 446/276/744
f 454/284/745 448/278/746 450/299/747 455/285/748
f 449/279/749 447/277/750 446/276/751 450/299/752
f 433/263/753 445/298/754 447/277/755 434/264/756
f 448/278/757 437/267/758 436/266/759 449/279/760
f 439/269/761 451/281/762 445/298/763 433/263/764
f 435/301/765 438/300/766 444/274/767 440/293/768
f 447/277/769 449/279/770 436/266/771 434/294/772
f 454/284/773 442/295/774 437/303/775 448/278/776
f 441/292/777 443/273/778 456/286/779 452/282/780
f 453/283/781 455/285/782 450/299/783 446/276/784
f 457/180/785 458/181/786 459/182/787
f 460/183/788 461/184/789 462/185/790
f 463/186/791 464/187/792 465/188/793
f 466/189/794 467/190/795 468/304/796
f 469/192/797 470/193/798 471/194/799
f 472/195/800 473/196/801 474/197/802
f 475/198/803 476/199/804 477/200/805
f 478/201/806 479/202/807 480/203/808
f 463/186/809 457/180/810 459/182/811 464/187/812
f 458/204/813 460/205/814 462/206/815 459/207/816
f 461/208/817 466/189/818 468/304/819 462/206/820
f 467/190/821 465/209/822 464/210/823 468/304/824
f 475/198/825 463/186/826 465/188/827 476/199/828
f 466/189/829 478/201/830 480/203/831 467/190/832
f 479/202/833 477/200/834 476/199/835 480/203/836
f 469/192/837 475/198/838 477/200/839 470/193/840
f 478/201/841 472/195/842 474/197/843 479/202/844
f 473/196/845 471/194/846 470/193/847 474/197/848
f 457/180/849 469/192/850 471/194/851 458/181/852
f 472/195/853 461/184/854 460/183/855 473/196/856
f 463/186/857 475/198/858 469/192/859 457/180/860
f 459/207/199 462/206/861 468/304/201 464/210/202
f 471/194/862 473/196/863 460/183/864 458/211/865
f 478/201/866 466/212/867 461/213/868 472/195/869
f 465/209/870 467/190/871 480/203/872 476/199/873
f 477/200/874 479/202/875 474/197/217 470/193/218
f 481/263/876 482/264/877 483/265/878
f 484/266/879 485/267/880 486/268/881
f 487/269/882 488/270/883 489/271/884
f 490/272/885 491/273/886 492/274/887
f 493/298/888 494/276/889 495/277/890
f 496/278/891 497/279/892 498/299/893
f 499/281/894 500/282/895 501/283/896
f 502/284/897 503/285/898 504/286/899
f 487/269/900 481/263/901 483/265/902 488/270/903
f 482/287/904 484/288/905 486/300/906 483/301/907
f 485/302/908 490/272/909 492/274/910 486/300/911
f 491/273/912 489/292/913 488/293/914 492/274/915
f 499/281/916 487/269/917 489/271/918 500/282/919
f 490/272/920 502/284/921 504/286/922 491/273/923
f 503/285/924 501/283/925 500/282/926 504/286/927
f 493/298/928 499/281/929 501/283/930 494/276/931
f 502/284/932 496/278/933 498/299/934 503/285/935
f 497/279/936 495/277/937 494/276/938 498/299/939
f 481/263/940 493/298/941 495/277/942 482/264/943
f 496/278/944 485/267/945 484/266/946 497/279/947
f 487/269/948 499/281/949 493/298/950 481/263/951
f 483/301/952 486/300/953 492/274/954 488/293/955
f 495/277/956 497/279/957 484/266/958 482/294/959
f 502/284/960 490/295/961 485/303/962 496/278/963
f 489/292/964 491/273/965 504/286/966 500/282/967
f 501/283/968 503/285/969 498/299/970 494/276/971
f 505/180/972 506/181/973 507/182/974
f 508/183/975 509/184/976 510/185/977
f 511/186/978 512/187/979 513/188/980
f 514/189/981 515/190/982 516/304/983
f 517/192/984 518/193/985 519/194/986
f 520/305/987 521/196/988 522/197/989
f 523/198/990 524/306/991 525/307/992
f 526/201/993 527/202/994 528/203/995
f 511/186/996 505/180/997 507/182/998 512/187/999
f 506/204/1000 508/205/1001 510/206/1002 507/207/1003
f 509/208/1004 514/189/1005 516/304/1006 510/206/1007
f 515/190/1008 513/209/1009 512/210/1010 516/304/1011
f 523/198/1012 511/186/1013 513/188/1014 524/306/1015
f 514/189/1016 526/201/1017 528/203/1018 515/190/1019
f 527/202/1020 525/307/1021 524/306/1022 528/203/1023
f 517/192/1024 523/198/1025 525/307/1026 518/193/1027
f 526/201/1028 520/305/1029 522/197/1030 527/202/1031
f 521/196/1032 519/194/1033 518/193/1034 522/197/1035
f 505/180/1036 517/192/1037 519/194/1038 506/181/1039
f 520/305/1040 509/184/1041 508/183/1042 521/196/1043
f 511/186/857 523/198/1044 517/192/859 505/180/860
f 507/207/199 510/206/861 516/304/201 512/210/202
f 519/194/862 521/196/863 508/183/864 506/211/865
f 526/201/866 514/212/1045 509/213/1046 520/305/1047
f 513/209/870 515/190/871 528/203/872 524/306/873
f 525/307/874 527/202/875 522/197/217 518/193/218
f 529/263/1048 530/264/1049 531/265/1050
f 532/266/1051 533/267/1052 534/268/1053
f 535/269/1054 536/270/1055 537/271/1056
f 538/272/1057 539/273/1058 540/297/1059
f 541/298/1060 542/308/1061 543/277/1062
f 544/278/1063 545/279/1064 546/299/1065
f 547/281/1066 548/282/1067 549/309/1068
f 550/284/1069 551/285/1070 552/286/1071
f 535/269/1072 529/263/1073 531/265/1074 536/270/1075
f 530/287/1076 532/288/1077 534/300/1078 531/301/1079
f 533/302/1080 538/272/1081 540/297/1082 534/300/1083
f 539/273/1084 537/292/1085 536/293/1086 540/297/1087
f 547/281/1088 535/269/1089 537/271/1090 548/282/1091
f 538/272/1092 550/284/1093 552/286/1094 539/273/1095
f 551/285/1096 549/309/1097 548/282/1098 552/286/1099
f 541/298/1100 547/281/1101 549/309/1102 542/308/1103
f 550/284/1104 544/278/1105 546/299/1106 551/285/1107
f 545/279/1108 543/277/1109 542/308/1110 546/299/1111
f 529/263/1112 541/298/1113 543/277/1114 530/264/1115
f 544/278/1116 533/267/1117 532/266/1118 545/279/1119
f 535/269/948 547/281/949 541/298/950 529/263/951
f 531/301/952 534/300/953 540/297/954 536/293/955
f 543/277/1120 545/279/957 532/266/958 530/294/1121
f 550/284/1122 538/295/961 533/303/962 544/278/963
f 537/292/964 539/273/965 552/286/966 548/282/967
f 549/309/968 551/285/969 546/299/970 542/308/971
f 553/180/1123 554/181/1124 555/182/1125
f 556/183/1126 557/184/1127 558/185/1128
f 559/186/1129 560/187/1130 561/188/1131
f 562/189/1132 563/190/1133 564/304/1134
f 565/192/1135 566/193/1136 567/194/1137
f 568/305/1138 569/196/1139 570/197/1140
f 571/198/1141 572/199/1142 573/307/1143
f 574/201/1144 575/202/1145 576/203/1146
f 559/186/1147 553/180/1148 555/182/1149 560/187/1150
f 554/204/1151 556/205/1152 558/206/1153 555/207/1154
f 557/208/1155 562/189/1156 564/304/1157 558/206/1158
f 563/190/1159 561/209/1160 560/210/1161 564/304/1162
f 571/198/1163 559/186/1164 561/188/1165 572/199/1166
f 562/189/1167 574/201/1168 576/203/1169 563/190/1170
f 575/202/1171 573/307/1172 572/199/1173 576/203/1174
f 565/192/1175 571/198/1176 573/307/1177 566/193/1178
f 574/201/1179 568/305/1180 570/197/1181 575/202/1182
f 569/196/1183 567/194/1184 566/193/1185 570/197/1186
f 553/180/1187 565/192/1188 567/194/1189 554/181/1190
f 568/305/1191 557/184/1192 556/183/1193 569/196/1194
f 559/186/857 571/198/1044 565/192/859 553/180/860
f 555/207/199 558/206/861 564/304/201 560/210/202
f 567/194/862 569/196/863 556/183/864 554/211/865
f 574/201/866 562/212/867 557/213/868 568/305/869
f 561/209/870 563/190/871 576/203/872 572/199/873
f 573/307/874 575/202/875 570/197/217 566/193/218
f 577/263/1195 578/264/1196 579/265/1197
f 580/266/1198 581/267/1199 582/268/1200
f 583/269/1201 584/270/1202 585/271/1203
f 586/272/1204 587/273/1205 588/297/1206
f 589/298/1207 590/308/1208 591/277/1209
f 592/278/1210 593/279/1211 594/299/1212
f 595/281/1213 596/282/1214 597/309/1215
f 598/284/1216 599/285/1217 600/286/1218
f 583/269/1219 577/263/1220 579/265/1221 584/270/1222
f 578/287/1223 580/288/1224 582/300/1225 579/301/1226
f 581/302/1227 586/272/1228 588/297/1229 582/300/1230
f 587/273/1231 585/292/1232 584/293/1233 588/297/1234
f 595/281/1235 583/269/1236 585/271/1237 596/282/1238
f 586/272/1239 598/284/1240 600/286/1241 587/273/1242
f 599/285/1243 597/309/1244 596/282/1245 600/286/1246
f 589/298/1247 595/281/1248 597/309/1249 590/308/1250
f 598/284/1251 592/278/1252 594/299/1253 599/285/1254
f 593/279/1255 591/277/1256 590/308/1257 594/299/1258
f 577/263/1259 589/298/1260 591/277/1261 578/264/1262
f 592/278/1263 581/267/1264 580/266/1265 593/279/1266
f 583/269/948 595/281/949 589/298/950 577/263/951
f 579/301/952 582/300/953 588/297/954 584/293/955
f 591/277/1120 593/279/957 580/266/958 578/294/1121
f 598/284/1267 586/295/1268 581/303/1269 592/278/1270
f 585/292/964 587/273/965 600/286/1271 596/282/967
f 597/309/968 599/285/969 594/299/970 590/308/971
f 601/180/1272 602/181/1273 603/182/1274
f 604/183/1275 605/184/1276 606/185/1277
f 607/186/1278 608/187/1279 609/188/1280
f 610/189/1281 611/190/1282 612/304/1283
f 613/192/1284 614/193/1285 615/194/1286
f 616/305/1287 617/196/1288 618/197/1289
f 619/198/1290 620/199/1291 621/307/1292
f 622/201/1293 623/202/1294 624/203/1295
f 607/186/1296 601/180/1297 603/182/1298 608/187/1299
f 602/204/1300 604/205/1301 606/206/1302 603/207/1303
f 605/208/1304 610/189/1305 612/304/1306 606/206/1307
f 611/190/1308 609/209/1309 608/210/1310 612/304/1311
f 619/198/1312 607/186/1313 609/188/1314 620/199/1315
f 610/189/1316 622/201/1317 624/203/1318 611/190/1319
f 623/202/1320 621/307/1321 620/199/1322 624/203/1323
f 613/192/1324 619/198/1325 621/307/1326 614/193/1327
f 622/201/1328 616/305/1329 618/197/1330 623/202/1331
f 617/196/1332 615/194/1333 614/193/1334 618/197/1335
f 601/180/1336 613/192/1337 615/194/1338 602/181/1339
f 616/305/1340 605/184/1341 604/183/1342 617/196/1343
f 607/186/857 619/198/1044 613/192/859 601/180/860
f 603/207/199 606/206/861 612/304/201 608/210/202
f 615/194/862 617/196/863 604/183/864 602/211/865
f 622/201/866 610/212/867 605/213/868 616/305/869
f 609/209/870 611/190/871 624/203/872 620/199/873
f 621/307/874 623/202/875 618/197/217 614/193/218
f 625/263/1344 626/264/1345 627/265/1346
f 628/266/1347 629/267/1348 630/268/1349
f 631/269/1350 632/270/1351 633/271/1352
f 634/272/1353 635/273/1354 636/297/1355
f 637/298/1356 638/308/1357 639/277/1358
f 640/278/1359 641/279/1360 642/299/1361
f 643/281/1362 644/282/1363 645/309/1364
f 646/284/1365 647/285/1366 648/286/1367
f 631/269/1368 625/263/1369 627/265/1370 632/270/1371
f 626/287/1372 628/288/1373 630/300/1374 627/301/1375
f 629/302/1376 634/272/1377 636/297/1378 630/300/1379
f 635/273/1380 633/292/1381 632/293/1382 636/297/1383
f 643/281/1384 631/269/1385 633/271/1386 644/282/1387
f 634/272/1388 646/284/1389 648/286/1390 635/273/1391
f 647/285/1392 645/309/1393 644/282/1394 648/286/1395
f 637/298/1396 643/281/1397 645/309/1398 638/308/1399
f 646/284/1400 640/278/1401 642/299/1402 647/285/1403
f 641/279/1404 639/277/1405 638/308/1406 642/299/1407
f 625/263/1408 637/298/1409 639/277/1410 626/264/1411
f 640/278/1412 629/267/1413 628/266/1414 641/279/1415
f 631/269/948 643/281/949 637/298/950 625/263/951
f 627/301/952 630/300/953 636/297/954 632/293/955
f 639/277/956 641/279/957 628/266/958 626/294/959
f 646/284/960 634/295/961 629/303/962 640/278/963
f 633/292/964 635/273/965 648/286/966 644/282/967
f 645/309/968 647/285/969 642/299/970 638/308/971
f 649/180/1416 650/181/1417 651/182/1418
f 652/183/1419 653/184/1420 654/185/1421
f 655/186/1422 656/187/1423 657/188/1424
f 658/189/1425 659/190/1426 660/304/1427
f 661/192/1428 662/193/1429 663/194/1430
f 664/305/1431 665/196/1432 666/197/1433
f 667/198/1434 668/199/1435 669/307/1436
f 670/201/1437 671/202/1438 672/203/1439
f 655/186/1440 649/180/1441 651/182/1442 656/187/1443
f 650/204/1444 652/205/1445 654/206/1446 651/207/1447
f 653/208/1448 658/189/1449 660/304/1450 654/206/1451
f 659/190/1452 657/209/1453 656/210/1454 660/304/1455
f 667/198/1456 655/186/1457 657/188/1458 668/199/1459
f 658/189/1460 670/201/1461 672/203/1462 659/190/1463
f 671/202/1464 669/307/1465 668/199/1466 672/203/1467
f 661/192/1468 667/198/1469 669/307/1470 662/193/1471
f 670/201/1472 664/305/1473 666/197/1474 671/202/1475
f 665/196/1476 663/194/1477 662/193/1478 666/197/1479
f 649/180/1480 661/192/1481 663/194/1482 650/181/1483
f 664/305/1484 653/184/1485 652/183/1486 665/196/1487
f 655/186/857 667/198/1044 661/192/859 649/180/860
f 651/207/199 654/206/861 660/304/201 656/210/202
f 663/194/862 665/196/863 652/183/864 650/211/865
f 670/201/866 658/212/867 653/213/868 664/305/869
f 657/209/870 659/190/871 672/203/872 668/199/873
f 669/307/874 671/202/875 666/197/217 662/193/218
f 673/263/1488 674/264/1489 675/265/1490
f 676/266/1491 677/267/1492 678/268/1493
f 679/269/1494 680/270/1495 681/271/1496
f 682/272/1497 683/273/1498 684/297/1499
f 685/298/1500 686/308/1501 687/277/1502
f 688/278/1503 689/279/1504 690/299/1505
f 691/281/1506 692/282/1507 693/309/1508
f 694/284/1509 695/285/1510 696/286/1511
f 679/269/1512 673/263/1513 675/265/1514 680/270/1515
f 674/287/1516 676/288/1517 678/300/1518 675/301/1519
f 677/302/1520 682/272/1521 684/297/1522 678/300/1523
f 683/273/1524 681/292/1525 680/293/1526 684/297/1527
f 691/281/1528 679/269/1529 681/271/1530 692/282/1531
f 682/272/1532 694/284/1533 696/286/1534 683/273/1535
f 695/285/1536 693/309/1537 692/282/1538 696/286/1539
f 685/298/1540 691/281/1541 693/309/1542 686/308/1543
f 694/284/1544 688/278/1545 690/299/1546 695/285/1547
f 689/279/1548 687/277/1549 686/308/1550 690/299/1551
f 673/263/1552 685/298/1553 687/277/1554 674/264/1555
f 688/278/1556 677/267/1557 676/266/1558 689/279/1559
f 679/269/948 691/281/949 685/298/1560 673/263/1561
f 675/301/952 678/300/953 684/297/954 680/293/955
f 687/277/1120 689/279/957 676/266/958 674/294/1121
f 694/284/960 682/295/961 677/303/962 688/278/963
f 681/292/964 683/273/965 696/286/1271 692/282/967
f 693/309/968 695/285/969 690/299/970 686/308/971
s 1
f 701/310/1562 700/311/1563 704/312/1564
f 699/313/1565 698/314/1566 702/315/1567 703/316/1568
f 700/311/1563 699/313/1565 703/316/1568 704/312/1564
f 698/314/1566 697/317/1569 702/315/1567
f 703/316/1568 702/315/1567 705/224/1570 706/23/1571
f 704/312/1564 703/316/1568 706/23/1571 707/222/1572
f 702/315/1567 697/318/1569 705/224/1570
f 701/319/1562 704/312/1564 707/222/1572
f 701/320/1562 707/222/1572 710/321/1573
f 706/23/1571 705/224/1570 708/322/1574 709/323/1575
f 707/222/1572 706/23/1571 709/323/1575 710/321/1573
f 705/224/1570 697/324/1569 708/322/1574
f 701/325/1562 710/321/1573 713/326/1576
f 709/323/1575 708/322/1574 711/327/1577 712/328/1578
f 710/321/1573 709/323/1575 712/328/1578 713/326/1576
f 708/322/1574 697/329/1569 711/327/1577
f 701/330/1562 713/326/1576 716/331/1579
f 712/328/1578 711/327/1577 714/332/1580 715/333/1581
f 713/326/1576 712/328/1578 715/333/1581 716/331/1579
f 711/327/1577 697/334/1569 714/332/1580
f 701/335/1562 716/331/1579 719/245/1582
f 715/333/1581 714/332/1580 717/246/1583 718/71/1584
f 716/331/1579 715/333/1581 718/71/1584 719/245/1582
f 714/332/1580 697/336/1569 717/246/1583
f 717/337/1583 697/338/1569 720/339/1585
f 701/340/1562 719/341/1582 722/342/1586
f 718/80/1584 717/337/1583 720/339/1585 721/343/1587
f 719/341/1582 718/80/1584 721/343/1587 722/342/1586
f 722/342/1586 721/343/1587 699/313/1565 700/311/1563
f 720/339/1585 697/344/1569 698/314/1566
f 701/345/1562 722/342/1586 700/311/1563
f 721/343/1587 720/339/1585 698/314/1566 699/313/1565
f 727/310/1588 726/311/1589 730/312/1590
f 725/313/1591 724/314/1592 728/315/1593 729/316/1594
f 726/311/1589 725/313/1591 729/316/1594 730/312/1590
f 724/314/1592 723/317/1595 728/315/1593
f 730/312/1590 729/316/1594 732/23/1596 733/222/1597
f 728/315/1593 723/318/1595 731/224/1598
f 727/319/1588 730/312/1590 733/222/1597
f 729/316/1594 728/315/1593 731/224/1598 732/23/1596
f 732/23/1596 731/224/1598 734/322/1599 735/323/1600
f 733/222/1597 732/23/1596 735/323/1600 736/321/1601
f 731/224/1598 723/324/1595 734/322/1599
f 727/320/1588 733/222/1597 736/321/1601
f 727/325/1588 736/321/1601 739/326/1602
f 735/323/1600 734/322/1599 737/327/1603 738/328/1604
f 736/321/1601 735/323/1600 738/328/1604 739/326/1602
f 734/322/1599 723/329/1595 737/327/1603
f 727/330/1588 739/326/1602 742/331/1605
f 738/328/1604 737/327/1603 740/332/1606 741/333/1607
f 739/326/1602 738/328/1604 741/333/1607 742/331/1605
f 737/327/1603 723/334/1595 740/332/1606
f 727/335/1588 742/331/1605 745/245/1608
f 741/333/1607 740/332/1606 743/246/1609 744/71/1610
f 742/331/1605 741/333/1607 744/71/1610 745/245/1608
f 740/332/1606 723/336/1595 743/246/1609
f 727/340/1588 745/341/1608 748/342/1611
f 744/80/1610 743/337/1609 746/339/1612 747/343/1613
f 745/341/1608 744/80/1610 747/343/1613 748/342/1611
f 743/337/1609 723/338/1595 746/339/1612
f 746/339/1612 723/344/1595 724/314/1592
f 727/345/1588 748/342/1611 726/311/1589
f 747/343/1613 746/339/1612 724/314/1592 725/313/1591
f 748/342/1611 747/343/1613 725/313/1591 726/311/1589
f 751/313/1614 750/314/1615 754/315/1616 755/316/1617
f 752/311/1618 751/313/1614 755/316/1617 756/312/1619
f 750/314/1615 749/317/1620 754/315/1616
f 753/310/1621 752/311/1618 756/312/1619
f 756/312/1619 755/316/1617 758/23/1622 759/222/1623
f 754/315/1616 749/318/1620 757/224/1624
f 753/319/1621 756/312/1619 759/222/1623
f 755/316/1617 754/315/1616 757/224/1624 758/23/1622
f 759/222/1623 758/23/1622 761/323/1625 762/321/1626
f 757/224/1624 749/324/1620 760/322/1627
f 753/320/1621 759/222/1623 762/321/1626
f 758/23/1622 757/224/1624 760/322/1627 761/323/1625
f 761/323/1625 760/322/1627 763/327/1628 764/328/1629
f 762/321/1626 761/323/1625 764/328/1629 765/326/1630
f 760/322/1627 749/329/1620 763/327/1628
f 753/325/1621 762/321/1626 765/326/1630
f 753/330/1621 765/326/1630 768/331/1631
f 764/328/1629 763/327/1628 766/332/1632 767/333/1633
f 765/326/1630 764/328/1629 767/333/1633 768/331/1631
f 763/327/1628 749/334/1620 766/332/1632
f 753/335/1621 768/331/1631 771/245/1634
f 767/333/1633 766/332/1632 769/246/1635 770/71/1636
f 768/331/1631 767/333/1633 770/71/1636 771/245/1634
f 766/332/1632 749/336/1620 769/246/1635
f 753/340/1621 771/341/1634 774/342/1637
f 770/80/1636 769/337/1635 772/339/1638 773/343/1639
f 771/341/1634 770/80/1636 773/343/1639 774/342/1637
f 769/337/1635 749/338/1620 772/339/1638
f 753/345/1621 774/342/1637 752/311/1618
f 773/343/1639 772/339/1638 750/314/1615 751/313/1614
f 774/342/1637 773/343/1639 751/313/1614 752/311/1618
f 772/339/1638 749/344/1620 750/314/1615
f 778/311/1640 777/313/1641 781/316/1642 782/312/1643
f 776/314/1644 775/317/1645 780/315/1646
f 779/310/1647 778/311/1640 782/312/1643
f 777/313/1641 776/314/1644 780/315/1646 781/316/1642
f 782/312/1643 781/316/1642 784/23/1648 785/222/1649
f 780/315/1646 775/318/1645 783/224/1650
f 779/319/1647 782/312/1643 785/222/1649
f 781/316/1642 780/315/1646 783/224/1650 784/23/1648
f 785/222/1649 784/23/1648 787/323/1651 788/321/1652
f 783/224/1650 775/324/1645 786/322/1653
f 779/320/1647 785/222/1649 788/321/1652
f 784/23/1648 783/224/1650 786/322/1653 787/323/1651
f 788/321/1652 787/323/1651 790/328/1654 791/326/1655
f 786/322/1653 775/329/1645 789/327/1656
f 779/325/1647 788/321/1652 791/326/1655
f 787/323/1651 786/322/1653 789/327/1656 790/328/1654
f 790/328/1654 789/327/1656 792/332/1657 793/333/1658
f 791/326/1655 790/328/1654 793/333/1658 794/331/1659
f 789/327/1656 775/334/1645 792/332/1657
f 779/330/1647 791/326/1655 794/331/1659
f 779/335/1647 794/331/1659 797/245/1660
f 793/333/1658 792/332/1657 795/246/1661 796/71/1662
f 794/331/1659 793/333/1658 796/71/1662 797/245/1660
f 792/332/1657 775/336/1645 795/246/1661
f 779/340/1647 797/341/1660 800/342/1663
f 796/80/1662 795/337/1661 798/339/1664 799/343/1665
f 797/341/1660 796/80/1662 799/343/1665 800/342/1663
f 795/337/1661 775/338/1645 798/339/1664
f 779/345/1647 800/342/1663 778/311/1640
f 799/343/1665 798/339/1664 776/314/1644 777/313/1641
f 800/342/1663 799/343/1665 777/313/1641 778/311/1640
f 798/339/1664 775/344/1645 776/314/1644
f 803/313/1666 802/314/1667 806/315/1668 807/316/1669
f 804/311/1670 803/313/1666 807/316/1669 808/312/1671
f 802/314/1667 801/317/1672 806/315/1668
f 805/310/1673 804/311/1670 808/312/1671
f 808/312/1671 807/316/1669 810/23/1674 811/222/1675
f 806/315/1668 801/318/1672 809/224/1676
f 805/319/1673 808/312/1671 811/222/1675
f 807/316/1669 806/315/1668 809/224/1676 810/23/1674
f 811/222/1675 810/23/1674 813/323/1677 814/321/1678
f 809/224/1676 801/324/1672 812/322/1679
f 805/320/1673 811/222/1675 814/321/1678
f 810/23/1674 809/224/1676 812/322/1679 813/323/1677
f 813/323/1677 812/322/1679 815/327/1680 816/328/1681
f 814/321/1678 813/323/1677 816/328/1681 817/326/1682
f 812/322/1679 801/329/1672 815/327/1680
f 805/325/1673 814/321/1678 817/326/1682
f 805/330/1673 817/326/1682 820/331/1683
f 816/328/1681 815/327/1680 818/332/1684 819/333/1685
f 817/326/1682 816/328/1681 819/333/1685 820/331/1683
f 815/327/1680 801/334/1672 818/332/1684
f 805/335/1673 820/331/1683 823/245/1686
f 819/333/1685 818/332/1684 821/246/1687 822/71/1688
f 820/331/1683 819/333/1685 822/71/1688 823/245/1686
f 818/332/1684 801/336/1672 821/246/1687
f 805/340/1673 823/341/1686 826/342/1689
f 822/80/1688 821/337/1687 824/339/1690 825/343/1691
f 823/341/1686 822/80/1688 825/343/1691 826/342/1689
f 821/337/1687 801/338/1672 824/339/1690
f 805/345/1673 826/342/1689 804/311/1670
f 825/343/1691 824/339/1690 802/314/1667 803/313/1666
f 826/342/1689 825/343/1691 803/313/1666 804/311/1670
f 824/339/1690 801/344/1672 802/314/1667
f 830/311/1692 829/313/1693 833/316/1694 834/312/1695
f 828/314/1696 827/317/1697 832/315/1698
f 831/310/1699 830/311/1692 834/312/1695
f 829/313/1693 828/314/1696 832/315/1698 833/316/1694
f 831/319/1699 834/312/1695 837/222/1700
f 833/316/1694 832/315/1698 835/224/1701 836/23/1702
f 834/312/1695 833/316/1694 836/23/1702 837/222/1700
f 832/315/1698 827/318/1697 835/224/1701
f 835/224/1701 827/324/1697 838/322/1703
f 831/320/1699 837/222/1700 840/321/1704
f 836/23/1702 835/224/1701 838/322/1703 839/323/1705
f 837/222/1700 836/23/1702 839/323/1705 840/321/1704
f 840/321/1704 839/323/1705 842/328/1706 843/326/1707
f 838/322/1703 827/329/1697 841/327/1708
f 831/325/1699 840/321/1704 843/326/1707
f 839/323/1705 838/322/1703 841/327/1708 842/328/1706
f 843/326/1707 842/328/1706 845/333/1709 846/331/1710
f 841/327/1708 827/334/1697 844/332/1711
f 831/330/1699 843/326/1707 846/331/1710
f 842/328/1706 841/327/1708 844/332/1711 845/333/1709
f 846/331/1710 845/333/1709 848/71/1712 849/245/1713
f 844/332/1711 827/336/1697 847/246/1714
f 831/335/1699 846/331/1710 849/245/1713
f 845/333/1709 844/332/1711 847/246/1714 848/71/1712
f 849/341/1713 848/80/1712 851/343/1715 852/342/1716
f 847/337/1714 827/338/1697 850/339/1717
f 831/340/1699 849/341/1713 852/342/1716
f 848/80/1712 847/337/1714 850/339/1717 851/343/1715
f 852/342/1716 851/343/1715 829/313/1693 830/311/1692
f 850/339/1717 827/344/1697 828/314/1696
f 831/345/1699 852/342/1716 830/311/1692
f 851/343/1715 850/339/1717 828/314/1696 829/313/1693
f 855/313/1718 854/314/1719 858/315/1720 859/316/1721
f 856/311/1722 855/313/1718 859/316/1721 860/312/1723
f 854/314/1719 853/317/1724 858/315/1720
f 857/310/1725 856/311/1722 860/312/1723
f 860/312/1723 859/316/1721 862/23/1726 863/222/1727
f 858/315/1720 853/318/1724 861/224/1728
f 857/319/1725 860/312/1723 863/222/1727
f 859/316/1721 858/315/1720 861/224/1728 862/23/1726
f 863/222/1727 862/23/1726 865/323/1729 866/321/1730
f 861/224/1728 853/324/1724 864/322/1731
f 857/320/1725 863/222/1727 866/321/1730
f 862/23/1726 861/224/1728 864/322/1731 865/323/1729
f 865/323/1729 864/322/1731 867/327/1732 868/328/1733
f 866/321/1730 865/323/1729 868/328/1733 869/326/1734
f 864/322/1731 853/329/1724 867/327/1732
f 857/325/1725 866/321/1730 869/326/1734
f 857/330/1725 869/326/1734 872/331/1735
f 868/328/1733 867/327/1732 870/332/1736 871/333/1737
f 869/326/1734 868/328/1733 871/333/1737 872/331/1735
f 867/327/1732 853/334/1724 870/332/1736
f 857/335/1725 872/331/1735 875/245/1738
f 871/333/1737 870/332/1736 873/246/1739 874/71/1740
f 872/331/1735 871/333/1737 874/71/1740 875/245/1738
f 870/332/1736 853/336/1724 873/246/1739
f 857/340/1725 875/341/1738 878/342/1741
f 874/80/1740 873/337/1739 876/339/1742 877/343/1743
f 875/341/1738 874/80/1740 877/343/1743 878/342/1741
f 873/337/1739 853/338/1724 876/339/1742
f 857/345/1725 878/342/1741 856/311/1722
f 877/343/1743 876/339/1742 854/314/1719 855/313/1718
f 878/342/1741 877/343/1743 855/313/1718 856/311/1722
f 876/339/1742 853/344/1724 854/314/1719
f 882/311/1744 881/313/1745 885/316/1746 886/312/1747
f 880/314/1748 879/317/1749 884/315/1750
f 883/310/1751 882/311/1744 886/312/1747
f 881/313/1745 880/314/1748 884/315/1750 885/316/1746
f 884/315/1750 879/318/1749 887/224/1752
f 883/319/1751 886/312/1747 889/222/1753
f 885/316/1746 884/315/1750 887/224/1752 888/23/1754
f 886/312/1747 885/316/1746 888/23/1754 889/222/1753
f 889/222/1753 888/23/1754 891/323/1755 892/321/1756
f 887/224/1752 879/324/1749 890/322/1757
f 883/320/1751 889/222/1753 892/321/1756
f 888/23/1754 887/224/1752 890/322/1757 891/323/1755
f 892/321/1756 891/323/1755 894/328/1758 895/326/1759
f 890/322/1757 879/329/1749 893/327/1760
f 883/325/1751 892/321/1756 895/326/1759
f 891/323/1755 890/322/1757 893/327/1760 894/328/1758
f 895/326/1759 894/328/1758 897/333/1761 898/331/1762
f 893/327/1760 879/334/1749 896/332/1763
f 883/330/1751 895/326/1759 898/331/1762
f 894/328/1758 893/327/1760 896/332/1763 897/333/1761
f 898/331/1762 897/333/1761 900/71/1764 901/245/1765
f 896/332/1763 879/336/1749 899/246/1766
f 883/335/1751 898/331/1762 901/245/1765
f 897/333/1761 896/332/1763 899/246/1766 900/71/1764
f 901/341/1765 900/80/1764 903/343/1767 904/342/1768
f 899/337/1766 879/338/1749 902/339/1769
f 883/340/1751 901/341/1765 904/342/1768
f 900/80/1764 899/337/1766 902/339/1769 903/343/1767
f 903/343/1767 902/339/1769 880/314/1748 881/313/1745
f 904/342/1768 903/343/1767 881/313/1745 882/311/1744
f 902/339/1769 879/344/1749 880/314/1748
f 883/345/1751 904/342/1768 882/311/1744
f 909/310/1770 908/311/1771 912/312/1772
f 907/313/1773 906/314/1774 910/315/1775 911/316/1776
f 908/311/1771 907/313/1773 911/316/1776 912/312/1772
f 906/314/1774 905/317/1777 910/315/1775
f 909/319/1770 912/312/1772 915/222/1778
f 911/316/1776 910/315/1775 913/224/1779 914/23/1780
f 912/312/1772 911/316/1776 914/23/1780 915/222/1778
f 910/315/1775 905/318/1777 913/224/1779
f 909/320/1770 915/222/1778 918/321/1781
f 914/23/1780 913/224/1779 916/322/1782 917/323/1783
f 915/222/1778 914/23/1780 917/323/1783 918/321/1781
f 913/224/1779 905/324/1777 916/322/1782
f 909/325/1770 918/321/1781 921/326/1784
f 917/323/1783 916/322/1782 919/327/1785 920/328/1786
f 918/321/1781 917/323/1783 920/328/1786 921/326/1784
f 916/322/1782 905/329/1777 919/327/1785
f 909/330/1770 921/326/1784 924/331/1787
f 920/328/1786 919/327/1785 922/332/1788 923/333/1789
f 921/326/1784 920/328/1786 923/333/1789 924/331/1787
f 919/327/1785 905/334/1777 922/332/1788
f 922/332/1788 905/336/1777 925/246/1790
f 909/335/1770 924/331/1787 927/245/1791
f 923/333/1789 922/332/1788 925/246/1790 926/71/1792
f 924/331/1787 923/333/1789 926/71/1792 927/245/1791
f 927/341/1791 926/80/1792 929/343/1793 930/342/1794
f 925/337/1790 905/338/1777 928/339/1795
f 909/340/1770 927/341/1791 930/342/1794
f 926/80/1792 925/337/1790 928/339/1795 929/343/1793
f 930/342/1794 929/343/1793 907/313/1773 908/311/1771
f 928/339/1795 905/344/1777 906/314/1774
f 909/345/1770 930/342/1794 908/311/1771
f 929/343/1793 928/339/1795 906/314/1774 907/313/1773
f 934/311/1796 933/313/1797 937/316/1798 938/312/1799
f 932/314/1800 931/317/1801 936/315/1802
f 935/310/1803 934/311/1796 938/312/1799
f 933/313/1797 932/314/1800 936/315/1802 937/316/1798
f 938/312/1799 937/316/1798 940/23/1804 941/222/1805
f 936/315/1802 931/318/1801 939/224/1806
f 935/319/1803 938/312/1799 941/222/1805
f 937/316/1798 936/315/1802 939/224/1806 940/23/1804
f 941/222/1805 940/23/1804 943/323/1807 944/321/1808
f 939/224/1806 931/324/1801 942/322/1809
f 935/320/1803 941/222/1805 944/321/1808
f 940/23/1804 939/224/1806 942/322/1809 943/323/1807
f 944/321/1808 943/323/1807 946/328/1810 947/326/1811
f 942/322/1809 931/329/1801 945/327/1812
f 935/325/1803 944/321/1808 947/326/1811
f 943/323/1807 942/322/1809 945/327/1812 946/328/1810
f 946/328/1810 945/327/1812 948/332/1813 949/333/1814
f 947/326/1811 946/328/1810 949/333/1814 950/331/1815
f 945/327/1812 931/334/1801 948/332/1813
f 935/330/1803 947/326/1811 950/331/1815
f 935/335/1803 950/331/1815 953/245/1816
f 949/333/1814 948/332/1813 951/246/1817 952/71/1818
f 950/331/1815 949/333/1814 952/71/1818 953/245/1816
f 948/332/1813 931/336/1801 951/246/1817
f 935/340/1803 953/341/1816 956/342/1819
f 952/80/1818 951/337/1817 954/339/1820 955/343/1821
f 953/341/1816 952/80/1818 955/343/1821 956/342/1819
f 951/337/1817 931/338/1801 954/339/1820
f 935/345/1803 956/342/1819 934/311/1796
f 955/343/1821 954/339/1820 932/314/1800 933/313/1797
f 956/342/1819 955/343/1821 933/313/1797 934/311/1796
f 954/339/1820 931/344/1801 932/314/1800
f 960/311/1822 959/313/1823 963/316/1824 964/312/1825
f 958/314/1826 957/317/1827 962/315/1828
f 961/310/1829 960/311/1822 964/312/1825
f 959/313/1823 958/314/1826 962/315/1828 963/316/1824
f 961/319/1829 964/312/1825 967/222/1830
f 963/316/1824 962/315/1828 965/224/1831 966/23/1832
f 964/312/1825 963/316/1824 966/23/1832 967/222/1830
f 962/315/1828 957/318/1827 965/224/1831
f 965/224/1831 957/324/1827 968/322/1833
f 961/320/1829 967/222/1830 970/321/1834
f 966/23/1832 965/224/1831 968/322/1833 969/323/1835
f 967/222/1830 966/23/1832 969/323/1835 970/321/1834
f 970/321/1834 969/323/1835 972/328/1836 973/326/1837
f 968/322/1833 957/329/1827 971/327/1838
f 961/325/1829 970/321/1834 973/326/1837
f 969/323/1835 968/322/1833 971/327/1838 972/328/1836
f 973/326/1837 972/328/1836 975/333/1839 976/331/1840
f 971/327/1838 957/334/1827 974/332/1841
f 961/330/1829 973/326/1837 976/331/1840
f 972/328/1836 971/327/1838 974/332/1841 975/333/1839
f 976/331/1840 975/333/1839 978/71/1842 979/245/1843
f 974/332/1841 957/336/1827 977/246/1844
f 961/335/1829 976/331/1840 979/245/1843
f 975/333/1839 974/332/1841 977/246/1844 978/71/1842
f 979/341/1843 978/80/1842 981/343/1845 982/342/1846
f 977/337/1844 957/338/1827 980/339/1847
f 961/340/1829 979/341/1843 982/342/1846
f 978/80/1842 977/337/1844 980/339/1847 981/343/1845
f 982/342/1846 981/343/1845 959/313/1823 960/311/1822
f 980/339/1847 957/344/1827 958/314/1826
f 961/345/1829 982/342/1846 960/311/1822
f 981/343/1845 980/339/1847 958/314/1826 959/313/1823
f 987/310/1848 986/311/1849 990/312/1850
f 985/313/1851 984/314/1852 988/315/1853 989/316/1854
f 986/311/1849 985/313/1851 989/316/1854 990/312/1850
f 984/314/1852 983/317/1855 988/315/1853
f 989/316/1854 988/315/1853 991/224/1856 992/23/1857
f 990/312/1850 989/316/1854 992/23/1857 993/222/1858
f 988/315/1853 983/318/1855 991/224/1856
f 987/319/1848 990/312/1850 993/222/1858
f 987/320/1848 993/222/1858 996/321/1859
f 992/23/1857 991/224/1856 994/322/1860 995/323/1861
f 993/222/1858 992/23/1857 995/323/1861 996/321/1859
f 991/224/1856 983/324/1855 994/322/1860
f 987/325/1848 996/321/1859 999/326/1862
f 995/323/1861 994/322/1860 997/327/1863 998/328/1864
f 996/321/1859 995/323/1861 998/328/1864 999/326/1862
f 994/322/1860 983/329/1855 997/327/1863
f 987/330/1848 999/326/1862 1002/331/1865
f 998/328/1864 997/327/1863 1000/332/1866 1001/333/1867
f 999/326/1862 998/328/1864 1001/333/1867 1002/331/1865
f 997/327/1863 983/334/1855 1000/332/1866
f 987/335/1848 1002/331/1865 1005/245/1868
f 1001/333/1867 1000/332/1866 1003/246/1869 1004/71/1870
f 1002/331/1865 1001/333/1867 1004/71/1870 1005/245/1868
f 1000/332/1866 983/336/1855 1003/246/1869
f 1003/337/1869 983/338/1855 1006/339/1871
f 987/340/1848 1005/341/1868 1008/342/1872
f 1004/80/1870 1003/337/1869 1006/339/1871 1007/343/1873
f 1005/341/1868 1004/80/1870 1007/343/1873 1008/342/1872
f 1008/342/1872 1007/343/1873 985/313/1851 986/311/1849
f 1006/339/1871 983/344/1855 984/314/1852
f 987/345/1848 1008/342/1872 986/311/1849
f 1007/343/1873 1006/339/1871 984/314/1852 985/313/1851
f 1012/311/1874 1011/313/1875 1015/316/1876 1016/312/1877
f 1010/314/1878 1009/317/1879 1014/315/1880
f 1013/310/1881 1012/311/1874 1016/312/1877
f 1011/313/1875 1010/314/1878 1014/315/1880 1015/316/1876
f 1016/312/1877 1015/316/1876 1018/23/1882 1019/222/1883
f 1014/315/1880 1009/318/1879 1017/224/1884
f 1013/319/1881 1016/312/1877 1019/222/1883
f 1015/316/1876 1014/315/1880 1017/224/1884 1018/23/1882
f 1019/222/1883 1018/23/1882 1021/323/1885 1022/321/1886
f 1017/224/1884 1009/324/1879 1020/322/1887
f 1013/320/1881 1019/222/1883 1022/321/1886
f 1018/23/1882 1017/224/1884 1020/322/1887 1021/323/1885
f 1022/321/1886 1021/323/1885 1024/328/1888 1025/326/1889
f 1020/322/1887 1009/329/1879 1023/327/1890
f 1013/325/1881 1022/321/1886 1025/326/1889
f 1021/323/1885 1020/322/1887 1023/327/1890 1024/328/1888
f 1025/326/1889 1024/328/1888 1027/333/1891 1028/331/1892
f 1023/327/1890 1009/334/1879 1026/332/1893
f 1013/330/1881 1025/326/1889 1028/331/1892
f 1024/328/1888 1023/327/1890 1026/332/1893 1027/333/1891
f 1027/333/1891 1026/332/1893 1029/246/1894 1030/71/1895
f 1028/331/1892 1027/333/1891 1030/71/1895 1031/245/1896
f 1026/332/1893 1009/336/1879 1029/246/1894
f 1013/335/1881 1028/331/1892 1031/245/1896
f 1013/340/1881 1031/341/1896 1034/342/1897
f 1030/80/1895 1029/337/1894 1032/339/1898 1033/343/1899
f 1031/341/1896 1030/80/1895 1033/343/1899 1034/342/1897
f 1029/337/1894 1009/338/1879 1032/339/1898
f 1013/345/1881 1034/342/1897 1012/311/1874
f 1033/343/1899 1032/339/1898 1010/314/1878 1011/313/1875
f 1034/342/1897 1033/343/1899 1011/313/1875 1012/311/1874
f 1032/339/1898 1009/344/1879 1010/314/1878
f 1038/311/1900 1037/313/1901 1041/316/1902 1042/312/1903
f 1036/314/1904 1035/317/1905 1040/315/1906
f 1039/310/1907 1038/311/1900 1042/312/1903
f 1037/313/1901 1036/314/1904 1040/315/1906 1041/316/1902
f 1042/312/1903 1041/316/1902 1044/23/1908 1045/222/1909
f 1040/315/1906 1035/318/1905 1043/224/1910
f 1039/319/1907 1042/312/1903 1045/222/1909
f 1041/316/1902 1040/315/1906 1043/224/1910 1044/23/1908
f 1045/222/1909 1044/23/1908 1047/323/1911 1048/321/1912
f 1043/224/1910 1035/324/1905 1046/322/1913
f 1039/320/1907 1045/222/1909 1048/321/1912
f 1044/23/1908 1043/224/1910 1046/322/1913 1047/323/1911
f 1048/321/1912 1047/323/1911 1050/328/1914 1051/326/1915
f 1046/322/1913 1035/329/1905 1049/327/1916
f 1039/325/1907 1048/321/1912 1051/326/1915
f 1047/323/1911 1046/322/1913 1049/327/1916 1050/328/1914
f 1051/326/1915 1050/328/1914 1053/333/1917 1054/331/1918
f 1049/327/1916 1035/334/1905 1052/332/1919
f 1039/330/1907 1051/326/1915 1054/331/1918
f 1050/328/1914 1049/327/1916 1052/332/1919 1053/333/1917
f 1053/333/1917 1052/332/1919 1055/246/1920 1056/71/1921
f 1054/331/1918 1053/333/1917 1056/71/1921 1057/245/1922
f 1052/332/1919 1035/336/1905 1055/246/1920
f 1039/335/1907 1054/331/1918 1057/245/1922
f 1039/340/1907 1057/341/1922 1060/342/1923
f 1056/80/1921 1055/337/1920 1058/339/1924 1059/343/1925
f 1057/341/1922 1056/80/1921 1059/343/1925 1060/342/1923
f 1055/337/1920 1035/338/1905 1058/339/1924
f 1039/345/1907 1060/342/1923 1038/311/1900
f 1059/343/1925 1058/339/1924 1036/314/1904 1037/313/1901
f 1060/342/1923 1059/343/1925 1037/313/1901 1038/311/1900
f 1058/339/1924 1035/344/1905 1036/314/1904
f 1062/314/1926 1061/317/1927 1066/315/1928
f 1065/310/1929 1064/311/1930 1068/312/1931
f 1063/313/1932 1062/314/1926 1066/315/1928 1067/316/1933
f 1064/311/1930 1063/313/1932 1067/316/1933 1068/312/1931
f 1065/319/1929 1068/312/1931 1071/222/1934
f 1067/316/1933 1066/315/1928 1069/224/1935 1070/23/1936
f 1068/312/1931 1067/316/1933 1070/23/1936 1071/222/1934
f 1066/315/1928 1061/318/1927 1069/224/1935
f 1065/320/1929 1071/222/1934 1074/321/1937
f 1070/23/1936 1069/224/1935 1072/322/1938 1073/323/1939
f 1071/222/1934 1070/23/1936 1073/323/1939 1074/321/1937
f 1069/224/1935 1061/324/1927 1072/322/1938
f 1072/322/1938 1061/329/1927 1075/327/1940
f 1065/325/1929 1074/321/1937 1077/326/1941
f 1073/323/1939 1072/322/1938 1075/327/1940 1076/328/1942
f 1074/321/1937 1073/323/1939 1076/328/1942 1077/326/1941
f 1077/326/1941 1076/328/1942 1079/333/1943 1080/331/1944
f 1075/327/1940 1061/334/1927 1078/332/1945
f 1065/330/1929 1077/326/1941 1080/331/1944
f 1076/328/1942 1075/327/1940 1078/332/1945 1079/333/1943
f 1080/331/1944 1079/333/1943 1082/71/1946 1083/245/1947
f 1078/332/1945 1061/336/1927 1081/246/1948
f 1065/335/1929 1080/331/1944 1083/245/1947
f 1079/333/1943 1078/332/1945 1081/246/1948 1082/71/1946
f 1083/341/1947 1082/80/1946 1085/343/1949 1086/342/1950
f 1081/337/1948 1061/338/1927 1084/339/1951
f 1065/340/1929 1083/341/1947 1086/342/1950
f 1082/80/1946 1081/337/1948 1084/339/1951 1085/343/1949
f 1086/342/1950 1085/343/1949 1063/313/1932 1064/311/1930
f 1084/339/1951 1061/344/1927 1062/314/1926
f 1065/345/1929 1086/342/1950 1064/311/1930
f 1085/343/1949 1084/339/1951 1062/314/1926 1063/313/1932
f 1091/310/1952 1090/311/1953 1094/312/1954
f 1089/313/1955 1088/314/1956 1092/315/1957 1093/316/1958
f 1090/311/1953 1089/313/1955 1093/316/1958 1094/312/1954
f 1088/314/1956 1087/317/1959 1092/315/1957
f 1094/312/1954 1093/316/1958 1096/23/1960 1097/222/1961
f 1092/315/1957 1087/318/1959 1095/224/1962
f 1091/319/1952 1094/312/1954 1097/222/1961
f 1093/316/1958 1092/315/1957 1095/224/1962 1096/23/1960
f 1096/23/1960 1095/224/1962 1098/322/1963 1099/323/1964
f 1097/222/1961 1096/23/1960 1099/323/1964 1100/321/1965
f 1095/224/1962 1087/324/1959 1098/322/1963
f 1091/320/1952 1097/222/1961 1100/321/1965
f 1091/325/1952 1100/321/1965 1103/326/1966
f 1099/323/1964 1098/322/1963 1101/327/1967 1102/328/1968
f 1100/321/1965 1099/323/1964 1102/328/1968 1103/326/1966
f 1098/322/1963 1087/329/1959 1101/327/1967
f 1091/330/1952 1103/326/1966 1106/331/1969
f 1102/328/1968 1101/327/1967 1104/332/1970 1105/333/1971
f 1103/326/1966 1102/328/1968 1105/333/1971 1106/331/1969
f 1101/327/1967 1087/334/1959 1104/332/1970
f 1091/335/1952 1106/331/1969 1109/245/1972
f 1105/333/1971 1104/332/1970 1107/246/1973 1108/71/1974
f 1106/331/1969 1105/333/1971 1108/71/1974 1109/245/1972
f 1104/332/1970 1087/336/1959 1107/246/1973
f 1091/340/1952 1109/341/1972 1112/342/1975
f 1108/80/1974 1107/337/1973 1110/339/1976 1111/343/1977
f 1109/341/1972 1108/80/1974 1111/343/1977 1112/342/1975
f 1107/337/1973 1087/338/1959 1110/339/1976
f 1110/339/1976 1087/344/1959 1088/314/1956
f 1091/345/1952 1112/342/1975 1090/311/1953
f 1111/343/1977 1110/339/1976 1088/314/1956 1089/313/1955
f 1112/342/1975 1111/343/1977 1089/313/1955 1090/311/1953
f 1116/311/1978 1115/313/1979 1119/316/1980 1120/312/1981
f 1114/314/1982 1113/317/1983 1118/315/1984
f 1117/310/1985 1116/311/1978 1120/312/1981
f 1115/313/1979 1114/314/1982 1118/315/1984 1119/316/1980
f 1120/312/1981 1119/316/1980 1122/23/1986 1123/222/1987
f 1118/315/1984 1113/318/1983 1121/224/1988
f 1117/319/1985 1120/312/1981 1123/222/1987
f 1119/316/1980 1118/315/1984 1121/224/1988 1122/23/1986
f 1123/222/1987 1122/23/1986 1125/323/1989 1126/321/1990
f 1121/224/1988 1113/324/1983 1124/322/1991
f 1117/320/1985 1123/222/1987 1126/321/1990
f 1122/23/1986 1121/224/1988 1124/322/1991 1125/323/1989
f 1126/321/1990 1125/323/1989 1128/328/1992 1129/326/1993
f 1124/322/1991 1113/329/1983 1127/327/1994
f 1117/325/1985 1126/321/1990 1129/326/1993
f 1125/323/1989 1124/322/1991 1127/327/1994 1128/328/1992
f 1129/326/1993 1128/328/1992 1131/333/1995 1132/331/1996
f 1127/327/1994 1113/334/1983 1130/332/1997
f 1117/330/1985 1129/326/1993 1132/331/1996
f 1128/328/1992 1127/327/1994 1130/332/1997 1131/333/1995
f 1132/331/1996 1131/333/1995 1134/71/1998 1135/245/1999
f 1130/332/1997 1113/336/1983 1133/246/2000
f 1117/335/1985 1132/331/1996 1135/245/1999
f 1131/333/1995 1130/332/1997 1133/246/2000 1134/71/1998
f 1134/80/1998 1133/337/2000 1136/339/2001 1137/343/2002
f 1135/341/1999 1134/80/1998 1137/343/2002 1138/342/2003
f 1133/337/2000 1113/338/1983 1136/339/2001
f 1117/340/1985 1135/341/1999 1138/342/2003
f 1117/345/1985 1138/342/2003 1116/311/1978
f 1137/343/2002 1136/339/2001 1114/314/1982 1115/313/1979
f 1138/342/2003 1137/343/2002 1115/313/1979 1116/311/1978
f 1136/339/2001 1113/344/1983 1114/314/1982
f 1143/310/2004 1142/311/2005 1146/312/2006
f 1141/313/2007 1140/314/2008 1144/315/2009 1145/316/2010
f 1142/311/2005 1141/313/2007 1145/316/2010 1146/312/2006
f 1140/314/2008 1139/317/2011 1144/315/2009
f 1143/319/2004 1146/312/2006 1149/222/2012
f 1145/316/2010 1144/315/2009 1147/224/2013 1148/23/2014
f 1146/312/2006 1145/316/2010 1148/23/2014 1149/222/2012
f 1144/315/2009 1139/318/2011 1147/224/2013
f 1143/320/2004 1149/222/2012 1152/321/2015
f 1148/23/2014 1147/224/2013 1150/322/2016 1151/323/2017
f 1149/222/2012 1148/23/2014 1151/323/2017 1152/321/2015
f 1147/224/2013 1139/324/2011 1150/322/2016
f 1143/325/2004 1152/321/2015 1155/326/2018
f 1151/323/2017 1150/322/2016 1153/327/2019 1154/328/2020
f 1152/321/2015 1151/323/2017 1154/328/2020 1155/326/2018
f 1150/322/2016 1139/329/2011 1153/327/2019
f 1153/327/2019 1139/334/2011 1156/332/2021
f 1143/330/2004 1155/326/2018 1158/331/2022
f 1154/328/2020 1153/327/2019 1156/332/2021 1157/333/2023
f 1155/326/2018 1154/328/2020 1157/333/2023 1158/331/2022
f 1158/331/2022 1157/333/2023 1160/71/2024 1161/245/2025
f 1156/332/2021 1139/336/2011 1159/246/2026
f 1143/335/2004 1158/331/2022 1161/245/2025
f 1157/333/2023 1156/332/2021 1159/246/2026 1160/71/2024
f 1161/341/2025 1160/80/2024 1163/343/2027 1164/342/2028
f 1159/337/2026 1139/338/2011 1162/339/2029
f 1143/340/2004 1161/341/2025 1164/342/2028
f 1160/80/2024 1159/337/2026 1162/339/2029 1163/343/2027
f 1164/342/2028 1163/343/2027 1141/313/2007 1142/311/2005
f 1162/339/2029 1139/344/2011 1140/314/2008
f 1143/345/2004 1164/342/2028 1142/311/2005
f 1163/343/2027 1162/339/2029 1140/314/2008 1141/313/2007
f 1167/313/2030 1166/314/2031 1170/315/2032 1171/316/2033
f 1168/311/2034 1167/313/2030 1171/316/2033 1172/312/2035
f 1166/314/2031 1165/317/2036 1170/315/2032
f 1169/310/2037 1168/311/2034 1172/312/2035
f 1172/312/2035 1171/316/2033 1174/23/2038 1175/222/2039
f 1170/315/2032 1165/318/2036 1173/224/2040
f 1169/319/2037 1172/312/2035 1175/222/2039
f 1171/316/2033 1170/315/2032 1173/224/2040 1174/23/2038
f 1175/222/2039 1174/23/2038 1177/323/2041 1178/321/2042
f 1173/224/2040 1165/324/2036 1176/322/2043
f 1169/320/2037 1175/222/2039 1178/321/2042
f 1174/23/2038 1173/224/2040 1176/322/2043 1177/323/2041
f 1177/323/2041 1176/322/2043 1179/327/2044 1180/328/2045
f 1178/321/2042 1177/323/2041 1180/328/2045 1181/326/2046
f 1176/322/2043 1165/329/2036 1179/327/2044
f 1169/325/2037 1178/321/2042 1181/326/2046
f 1169/330/2037 1181/326/2046 1184/331/2047
f 1180/328/2045 1179/327/2044 1182/332/2048 1183/333/2049
f 1181/326/2046 1180/328/2045 1183/333/2049 1184/331/2047
f 1179/327/2044 1165/334/2036 1182/332/2048
f 1169/335/2037 1184/331/2047 1187/245/2050
f 1183/333/2049 1182/332/2048 1185/246/2051 1186/71/2052
f 1184/331/2047 1183/333/2049 1186/71/2052 1187/245/2050
f 1182/332/2048 1165/336/2036 1185/246/2051
f 1169/340/2037 1187/341/2050 1190/342/2053
f 1186/80/2052 1185/337/2051 1188/339/2054 1189/343/2055
f 1187/341/2050 1186/80/2052 1189/343/2055 1190/342/2053
f 1185/337/2051 1165/338/2036 1188/339/2054
f 1169/345/2037 1190/342/2053 1168/311/2034
f 1189/343/2055 1188/339/2054 1166/314/2031 1167/313/2030
f 1190/342/2053 1189/343/2055 1167/313/2030 1168/311/2034
f 1188/339/2054 1165/344/2036 1166/314/2031
f 1194/311/2056 1193/313/2057 1197/316/2058 1198/312/2059
f 1192/314/2060 1191/317/2061 1196/315/2062
f 1195/310/2063 1194/311/2056 1198/312/2059
f 1193/313/2057 1192/314/2060 1196/315/2062 1197/316/2058
f 1196/315/2062 1191/318/2061 1199/224/2064
f 1195/319/2063 1198/312/2059 1201/222/2065
f 1197/316/2058 1196/315/2062 1199/224/2064 1200/23/2066
f 1198/312/2059 1197/316/2058 1200/23/2066 1201/222/2065
f 1201/222/2065 1200/23/2066 1203/323/2067 1204/321/2068
f 1199/224/2064 1191/324/2061 1202/322/2069
f 1195/320/2063 1201/222/2065 1204/321/2068
f 1200/23/2066 1199/224/2064 1202/322/2069 1203/323/2067
f 1204/321/2068 1203/323/2067 1206/328/2070 1207/326/2071
f 1202/322/2069 1191/329/2061 1205/327/2072
f 1195/325/2063 1204/321/2068 1207/326/2071
f 1203/323/2067 1202/322/2069 1205/327/2072 1206/328/2070
f 1207/326/2071 1206/328/2070 1209/333/2073 1210/331/2074
f 1205/327/2072 1191/334/2061 1208/332/2075
f 1195/330/2063 1207/326/2071 1210/331/2074
f 1206/328/2070 1205/327/2072 1208/332/2075 1209/333/2073
f 1210/331/2074 1209/333/2073 1212/71/2076 1213/245/2077
f 1208/332/2075 1191/336/2061 1211/246/2078
f 1195/335/2063 1210/331/2074 1213/245/2077
f 1209/333/2073 1208/332/2075 1211/246/2078 1212/71/2076
f 1213/341/2077 1212/80/2076 1215/343/2079 1216/342/2080
f 1211/337/2078 1191/338/2061 1214/339/2081
f 1195/340/2063 1213/341/2077 1216/342/2080
f 1212/80/2076 1211/337/2078 1214/339/2081 1215/343/2079
f 1215/343/2079 1214/339/2081 1192/314/2060 1193/313/2057
f 1216/342/2080 1215/343/2079 1193/313/2057 1194/311/2056
f 1214/339/2081 1191/344/2061 1192/314/2060
f 1195/345/2063 1216/342/2080 1194/311/2056
f 1220/311/2082 1219/313/2083 1223/316/2084 1224/312/2085
f 1218/314/2086 1217/317/2087 1222/315/2088
f 1221/310/2089 1220/311/2082 1224/312/2085
f 1219/313/2083 1218/314/2086 1222/315/2088 1223/316/2084
f 1222/315/2088 1217/318/2087 1225/224/2090
f 1221/319/2089 1224/312/2085 1227/222/2091
f 1223/316/2084 1222/315/2088 1225/224/2090 1226/23/2092
f 1224/312/2085 1223/316/2084 1226/23/2092 1227/222/2091
f 1227/222/2091 1226/23/2092 1229/323/2093 1230/321/2094
f 1225/224/2090 1217/324/2087 1228/322/2095
f 1221/320/2089 1227/222/2091 1230/321/2094
f 1226/23/2092 1225/224/2090 1228/322/2095 1229/323/2093
f 1230/321/2094 1229/323/2093 1232/328/2096 1233/326/2097
f 1228/322/2095 1217/329/2087 1231/327/2098
f 1221/325/2089 1230/321/2094 1233/326/2097
f 1229/323/2093 1228/322/2095 1231/327/2098 1232/328/2096
f 1233/326/2097 1232/328/2096 1235/333/2099 1236/331/2100
f 1231/327/2098 1217/334/2087 1234/332/2101
f 1221/330/2089 1233/326/2097 1236/331/2100
f 1232/328/2096 1231/327/2098 1234/332/2101 1235/333/2099
f 1236/331/2100 1235/333/2099 1238/71/2102 1239/245/2103
f 1234/332/2101 1217/336/2087 1237/246/2104
f 1221/335/2089 1236/331/2100 1239/245/2103
f 1235/333/2099 1234/332/2101 1237/246/2104 1238/71/2102
f 1239/341/2103 1238/80/2102 1241/343/2105 1242/342/2106
f 1237/337/2104 1217/338/2087 1240/339/2107
f 1221/340/2089 1239/341/2103 1242/342/2106
f 1238/80/2102 1237/337/2104 1240/339/2107 1241/343/2105
f 1241/343/2105 1240/339/2107 1218/314/2086 1219/313/2083
f 1242/342/2106 1241/343/2105 1219/313/2083 1220/311/2082
f 1240/339/2107 1217/344/2087 1218/314/2086
f 1221/345/2089 1242/342/2106 1220/311/2082
f 1246/311/2108 1245/313/2109 1249/316/2110 1250/312/2111
f 1244/314/2112 1243/317/2113 1248/315/2114
f 1247/310/2115 1246/311/2108 1250/312/2111
f 1245/313/2109 1244/314/2112 1248/315/2114 1249/316/2110
f 1248/315/2114 1243/318/2113 1251/224/2116
f 1247/319/2115 1250/312/2111 1253/222/2117
f 1249/316/2110 1248/315/2114 1251/224/2116 1252/23/2118
f 1250/312/2111 1249/316/2110 1252/23/2118 1253/222/2117
f 1253/222/2117 1252/23/2118 1255/323/2119 1256/321/2120
f 1251/224/2116 1243/324/2113 1254/322/2121
f 1247/320/2115 1253/222/2117 1256/321/2120
f 1252/23/2118 1251/224/2116 1254/322/2121 1255/323/2119
f 1256/321/2120 1255/323/2119 1258/328/2122 1259/326/2123
f 1254/322/2121 1243/329/2113 1257/327/2124
f 1247/325/2115 1256/321/2120 1259/326/2123
f 1255/323/2119 1254/322/2121 1257/327/2124 1258/328/2122
f 1259/326/2123 1258/328/2122 1261/333/2125 1262/331/2126
f 1257/327/2124 1243/334/2113 1260/332/2127
f 1247/330/2115 1259/326/2123 1262/331/2126
f 1258/328/2122 1257/327/2124 1260/332/2127 1261/333/2125
f 1262/331/2126 1261/333/2125 1264/71/2128 1265/245/2129
f 1260/332/2127 1243/336/2113 1263/246/2130
f 1247/335/2115 1262/331/2126 1265/245/2129
f 1261/333/2125 1260/332/2127 1263/246/2130 1264/71/2128
f 1265/341/2129 1264/80/2128 1267/343/2131 1268/342/2132
f 1263/337/2130 1243/338/2113 1266/339/2133
f 1247/340/2115 1265/341/2129 1268/342/2132
f 1264/80/2128 1263/337/2130 1266/339/2133 1267/343/2131
f 1267/343/2131 1266/339/2133 1244/314/2112 1245/313/2109
f 1268/342/2132 1267/343/2131 1245/313/2109 1246/311/2108
f 1266/339/2133 1243/344/2113 1244/314/2112
f 1247/345/2115 1268/342/2132 1246/311/2108
f 1273/310/2134 1272/311/2135 1276/312/2136
f 1271/313/2137 1270/314/2138 1274/315/2139 1275/316/2140
f 1272/311/2135 1271/313/2137 1275/316/2140 1276/312/2136
f 1270/314/2138 1269/317/2141 1274/315/2139
f 1273/319/2134 1276/312/2136 1279/222/2142
f 1275/316/2140 1274/315/2139 1277/224/2143 1278/23/2144
f 1276/312/2136 1275/316/2140 1278/23/2144 1279/222/2142
f 1274/315/2139 1269/318/2141 1277/224/2143
f 1273/320/2134 1279/222/2142 1282/321/2145
f 1278/23/2144 1277/224/2143 1280/322/2146 1281/323/2147
f 1279/222/2142 1278/23/2144 1281/323/2147 1282/321/2145
f 1277/224/2143 1269/324/2141 1280/322/2146
f 1273/325/2134 1282/321/2145 1285/326/2148
f 1281/323/2147 1280/322/2146 1283/327/2149 1284/328/2150
f 1282/321/2145 1281/323/2147 1284/328/2150 1285/326/2148
f 1280/322/2146 1269/329/2141 1283/327/2149
f 1273/330/2134 1285/326/2148 1288/331/2151
f 1284/328/2150 1283/327/2149 1286/332/2152 1287/333/2153
f 1285/326/2148 1284/328/2150 1287/333/2153 1288/331/2151
f 1283/327/2149 1269/334/2141 1286/332/2152
f 1286/332/2152 1269/336/2141 1289/246/2154
f 1273/335/2134 1288/331/2151 1291/245/2155
f 1287/333/2153 1286/332/2152 1289/246/2154 1290/71/2156
f 1288/331/2151 1287/333/2153 1290/71/2156 1291/245/2155
f 1291/341/2155 1290/80/2156 1293/343/2157 1294/342/2158
f 1289/337/2154 1269/338/2141 1292/339/2159
f 1273/340/2134 1291/341/2155 1294/342/2158
f 1290/80/2156 1289/337/2154 1292/339/2159 1293/343/2157
f 1294/342/2158 1293/343/2157 1271/313/2137 1272/311/2135
f 1292/339/2159 1269/344/2141 1270/314/2138
f 1273/345/2134 1294/342/2158 1272/311/2135
f 1293/343/2157 1292/339/2159 1270/314/2138 1271/313/2137
f 1298/311/2160 1297/313/2161 1301/316/2162 1302/312/2163
f 1296/314/2164 1295/317/2165 1300/315/2166
f 1299/310/2167 1298/311/2160 1302/312/2163
f 1297/313/2161 1296/314/2164 1300/315/2166 1301/316/2162
f 1302/312/2163 1301/316/2162 1304/23/2168 1305/222/2169
f 1300/315/2166 1295/318/2165 1303/224/2170
f 1299/319/2167 1302/312/2163 1305/222/2169
f 1301/316/2162 1300/315/2166 1303/224/2170 1304/23/2168
f 1305/222/2169 1304/23/2168 1307/323/2171 1308/321/2172
f 1303/224/2170 1295/324/2165 1306/322/2173
f 1299/320/2167 1305/222/2169 1308/321/2172
f 1304/23/2168 1303/224/2170 1306/322/2173 1307/323/2171
f 1308/321/2172 1307/323/2171 1310/328/2174 1311/326/2175
f 1306/322/2173 1295/329/2165 1309/327/2176
f 1299/325/2167 1308/321/2172 1311/326/2175
f 1307/323/2171 1306/322/2173 1309/327/2176 1310/328/2174
f 1310/328/2174 1309/327/2176 1312/332/2177 1313/333/2178
f 1311/326/2175 1310/328/2174 1313/333/2178 1314/331/2179
f 1309/327/2176 1295/334/2165 1312/332/2177
f 1299/330/2167 1311/326/2175 1314/331/2179
f 1299/335/2167 1314/331/2179 1317/245/2180
f 1313/333/2178 1312/332/2177 1315/246/2181 1316/71/2182
f 1314/331/2179 1313/333/2178 1316/71/2182 1317/245/2180
f 1312/332/2177 1295/336/2165 1315/246/2181
f 1299/340/2167 1317/341/2180 1320/342/2183
f 1316/80/2182 1315/337/2181 1318/339/2184 1319/343/2185
f 1317/341/2180 1316/80/2182 1319/343/2185 1320/342/2183
f 1315/337/2181 1295/338/2165 1318/339/2184
f 1299/345/2167 1320/342/2183 1298/311/2160
f 1319/343/2185 1318/339/2184 1296/314/2164 1297/313/2161
f 1320/342/2183 1319/343/2185 1297/313/2161 1298/311/2160
f 1318/339/2184 1295/344/2165 1296/314/2164
f 1324/311/2186 1323/313/2187 1327/316/2188 1328/312/2189
f 1322/314/2190 1321/317/2191 1326/315/2192
f 1325/310/2193 1324/311/2186 1328/312/2189
f 1323/313/2187 1322/314/2190 1326/315/2192 1327/316/2188
f 1325/319/2193 1328/312/2189 1331/222/2194
f 1327/316/2188 1326/315/2192 1329/224/2195 1330/23/2196
f 1328/312/2189 1327/316/2188 1330/23/2196 1331/222/2194
f 1326/315/2192 1321/318/2191 1329/224/2195
f 1329/224/2195 1321/324/2191 1332/322/2197
f 1325/320/2193 1331/222/2194 1334/321/2198
f 1330/23/2196 1329/224/2195 1332/322/2197 1333/323/2199
f 1331/222/2194 1330/23/2196 1333/323/2199 1334/321/2198
f 1334/321/2198 1333/323/2199 1336/328/2200 1337/326/2201
f 1332/322/2197 1321/329/2191 1335/327/2202
f 1325/325/2193 1334/321/2198 1337/326/2201
f 1333/323/2199 1332/322/2197 1335/327/2202 1336/328/2200
f 1337/326/2201 1336/328/2200 1339/333/2203 1340/331/2204
f 1335/327/2202 1321/334/2191 1338/332/2205
f 1325/330/2193 1337/326/2201 1340/331/2204
f 1336/328/2200 1335/327/2202 1338/332/2205 1339/333/2203
f 1340/331/2204 1339/333/2203 1342/71/2206 1343/245/2207
f 1338/332/2205 1321/336/2191 1341/246/2208
f 1325/335/2193 1340/331/2204 1343/245/2207
f 1339/333/2203 1338/332/2205 1341/246/2208 1342/71/2206
f 1343/341/2207 1342/80/2206 1345/343/2209 1346/342/2210
f 1341/337/2208 1321/338/2191 1344/339/2211
f 1325/340/2193 1343/341/2207 1346/342/2210
f 1342/80/2206 1341/337/2208 1344/339/2211 1345/343/2209
f 1346/342/2210 1345/343/2209 1323/313/2187 1324/311/2186
f 1344/339/2211 1321/344/2191 1322/314/2190
f 1325/345/2193 1346/342/2210 1324/311/2186
f 1345/343/2209 1344/339/2211 1322/314/2190 1323/313/2187
f 1351/310/2212 1350/311/2213 1354/312/2214
f 1349/313/2215 1348/314/2216 1352/315/2217 1353/316/2218
f 1350/311/2213 1349/313/2215 1353/316/2218 1354/312/2214
f 1348/314/2216 1347/317/2219 1352/315/2217
f 1353/316/2218 1352/315/2217 1355/224/2220 1356/23/2221
f 1354/312/2214 1353/316/2218 1356/23/2221 1357/222/2222
f 1352/315/2217 1347/318/2219 1355/224/2220
f 1351/319/2212 1354/312/2214 1357/222/2222
f 1351/320/2212 1357/222/2222 1360/321/2223
f 1356/23/2221 1355/224/2220 1358/322/2224 1359/323/2225
f 1357/222/2222 1356/23/2221 1359/323/2225 1360/321/2223
f 1355/224/2220 1347/324/2219 1358/322/2224
f 1351/325/2212 1360/321/2223 1363/326/2226
f 1359/323/2225 1358/322/2224 1361/327/2227 1362/328/2228
f 1360/321/2223 1359/323/2225 1362/328/2228 1363/326/2226
f 1358/322/2224 1347/329/2219 1361/327/2227
f 1351/330/2212 1363/326/2226 1366/331/2229
f 1362/328/2228 1361/327/2227 1364/332/2230 1365/333/2231
f 1363/326/2226 1362/328/2228 1365/333/2231 1366/331/2229
f 1361/327/2227 1347/334/2219 1364/332/2230
f 1351/335/2212 1366/331/2229 1369/245/2232
f 1365/333/2231 1364/332/2230 1367/246/2233 1368/71/2234
f 1366/331/2229 1365/333/2231 1368/71/2234 1369/245/2232
f 1364/332/2230 1347/336/2219 1367/246/2233
f 1367/337/2233 1347/338/2219 1370/339/2235
f 1351/340/2212 1369/341/2232 1372/342/2236
f 1368/80/2234 1367/337/2233 1370/339/2235 1371/343/2237
f 1369/341/2232 1368/80/2234 1371/343/2237 1372/342/2236
f 1372/342/2236 1371/343/2237 1349/313/2215 1350/311/2213
f 1370/339/2235 1347/344/2219 1348/314/2216
f 1351/345/2212 1372/342/2236 1350/311/2213
f 1371/343/2237 1370/339/2235 1348/314/2216 1349/313/2215
f 1376/311/2238 1375/313/2239 1379/316/2240 1380/312/2241
f 1374/314/2242 1373/317/2243 1378/315/2244
f 1377/310/2245 1376/311/2238 1380/312/2241
f 1375/313/2239 1374/314/2242 1378/315/2244 1379/316/2240
f 1380/312/2241 1379/316/2240 1382/23/2246 1383/222/2247
f 1378/315/2244 1373/318/2243 1381/224/2248
f 1377/319/2245 1380/312/2241 1383/222/2247
f 1379/316/2240 1378/315/2244 1381/224/2248 1382/23/2246
f 1383/222/2247 1382/23/2246 1385/323/2249 1386/321/2250
f 1381/224/2248 1373/324/2243 1384/322/2251
f 1377/320/2245 1383/222/2247 1386/321/2250
f 1382/23/2246 1381/224/2248 1384/322/2251 1385/323/2249
f 1386/321/2250 1385/323/2249 1388/328/2252 1389/326/2253
f 1384/322/2251 1373/329/2243 1387/327/2254
f 1377/325/2245 1386/321/2250 1389/326/2253
f 1385/323/2249 1384/322/2251 1387/327/2254 1388/328/2252
f 1389/326/2253 1388/328/2252 1391/333/2255 1392/331/2256
f 1387/327/2254 1373/334/2243 1390/332/2257
f 1377/330/2245 1389/326/2253 1392/331/2256
f 1388/328/2252 1387/327/2254 1390/332/2257 1391/333/2255
f 1391/333/2255 1390/332/2257 1393/246/2258 1394/71/2259
f 1392/331/2256 1391/333/2255 1394/71/2259 1395/245/2260
f 1390/332/2257 1373/336/2243 1393/246/2258
f 1377/335/2245 1392/331/2256 1395/245/2260
f 1377/340/2245 1395/341/2260 1398/342/2261
f 1394/80/2259 1393/337/2258 1396/339/2262 1397/343/2263
f 1395/341/2260 1394/80/2259 1397/343/2263 1398/342/2261
f 1393/337/2258 1373/338/2243 1396/339/2262
f 1377/345/2245 1398/342/2261 1376/311/2238
f 1397/343/2263 1396/339/2262 1374/314/2242 1375/313/2239
f 1398/342/2261 1397/343/2263 1375/313/2239 1376/311/2238
f 1396/339/2262 1373/344/2243 1374/314/2242
f 1400/314/2264 1399/317/2265 1404/315/2266
f 1403/310/2267 1402/311/2268 1406/312/2269
f 1401/313/2270 1400/314/2264 1404/315/2266 1405/316/2271
f 1402/311/2268 1401/313/2270 1405/316/2271 1406/312/2269
f 1403/319/2267 1406/312/2269 1409/222/2272
f 1405/316/2271 1404/315/2266 1407/224/2273 1408/23/2274
f 1406/312/2269 1405/316/2271 1408/23/2274 1409/222/2272
f 1404/315/2266 1399/318/2265 1407/224/2273
f 1403/320/2267 1409/222/2272 1412/321/2275
f 1408/23/2274 1407/224/2273 1410/322/2276 1411/323/2277
f 1409/222/2272 1408/23/2274 1411/323/2277 1412/321/2275
f 1407/224/2273 1399/324/2265 1410/322/2276
f 1410/322/2276 1399/329/2265 1413/327/2278
f 1403/325/2267 1412/321/2275 1415/326/2279
f 1411/323/2277 1410/322/2276 1413/327/2278 1414/328/2280
f 1412/321/2275 1411/323/2277 1414/328/2280 1415/326/2279
f 1415/326/2279 1414/328/2280 1417/333/2281 1418/331/2282
f 1413/327/2278 1399/334/2265 1416/332/2283
f 1403/330/2267 1415/326/2279 1418/331/2282
f 1414/328/2280 1413/327/2278 1416/332/2283 1417/333/2281
f 1418/331/2282 1417/333/2281 1420/71/2284 1421/245/2285
f 1416/332/2283 1399/336/2265 1419/246/2286
f 1403/335/2267 1418/331/2282 1421/245/2285
f 1417/333/2281 1416/332/2283 1419/246/2286 1420/71/2284
f 1421/341/2285 1420/80/2284 1423/343/2287 1424/342/2288
f 1419/337/2286 1399/338/2265 1422/339/2289
f 1403/340/2267 1421/341/2285 1424/342/2288
f 1420/80/2284 1419/337/2286 1422/339/2289 1423/343/2287
f 1424/342/2288 1423/343/2287 1401/313/2270 1402/311/2268
f 1422/339/2289 1399/344/2265 1400/314/2264
f 1403/345/2267 1424/342/2288 1402/311/2268
f 1423/343/2287 1422/339/2289 1400/314/2264 1401/313/2270
f 1429/310/2290 1428/311/2291 1432/312/2292
f 1427/313/2293 1426/314/2294 1430/315/2295 1431/316/2296
f 1428/311/2291 1427/313/2293 1431/316/2296 1432/312/2292
f 1426/314/2294 1425/317/2297 1430/315/2295
f 1432/312/2292 1431/316/2296 1434/23/2298 1435/222/2299
f 1430/315/2295 1425/318/2297 1433/224/2300
f 1429/319/2290 1432/312/2292 1435/222/2299
f 1431/316/2296 1430/315/2295 1433/224/2300 1434/23/2298
f 1434/23/2298 1433/224/2300 1436/322/2301 1437/323/2302
f 1435/222/2299 1434/23/2298 1437/323/2302 1438/321/2303
f 1433/224/2300 1425/324/2297 1436/322/2301
f 1429/320/2290 1435/222/2299 1438/321/2303
f 1429/325/2290 1438/321/2303 1441/326/2304
f 1437/323/2302 1436/322/2301 1439/327/2305 1440/328/2306
f 1438/321/2303 1437/323/2302 1440/328/2306 1441/326/2304
f 1436/322/2301 1425/329/2297 1439/327/2305
f 1429/330/2290 1441/326/2304 1444/331/2307
f 1440/328/2306 1439/327/2305 1442/332/2308 1443/333/2309
f 1441/326/2304 1440/328/2306 1443/333/2309 1444/331/2307
f 1439/327/2305 1425/334/2297 1442/332/2308
f 1429/335/2290 1444/331/2307 1447/245/2310
f 1443/333/2309 1442/332/2308 1445/246/2311 1446/71/2312
f 1444/331/2307 1443/333/2309 1446/71/2312 1447/245/2310
f 1442/332/2308 1425/336/2297 1445/246/2311
f 1429/340/2290 1447/341/2310 1450/342/2313
f 1446/80/2312 1445/337/2311 1448/339/2314 1449/343/2315
f 1447/341/2310 1446/80/2312 1449/343/2315 1450/342/2313
f 1445/337/2311 1425/338/2297 1448/339/2314
f 1448/339/2314 1425/344/2297 1426/314/2294
f 1429/345/2290 1450/342/2313 1428/311/2291
f 1449/343/2315 1448/339/2314 1426/314/2294 1427/313/2293
f 1450/342/2313 1449/343/2315 1427/313/2293 1428/311/2291
f 1454/311/2316 1453/313/2317 1457/316/2318 1458/312/2319
f 1452/314/2320 1451/317/2321 1456/315/2322
f 1455/310/2323 1454/311/2316 1458/312/2319
f 1453/313/2317 1452/314/2320 1456/315/2322 1457/316/2318
f 1458/312/2319 1457/316/2318 1460/23/2324 1461/222/2325
f 1456/315/2322 1451/318/2321 1459/224/2326
f 1455/319/2323 1458/312/2319 1461/222/2325
f 1457/316/2318 1456/315/2322 1459/224/2326 1460/23/2324
f 1461/222/2325 1460/23/2324 1463/323/2327 1464/321/2328
f 1459/224/2326 1451/324/2321 1462/322/2329
f 1455/320/2323 1461/222/2325 1464/321/2328
f 1460/23/2324 1459/224/2326 1462/322/2329 1463/323/2327
f 1464/321/2328 1463/323/2327 1466/328/2330 1467/326/2331
f 1462/322/2329 1451/329/2321 1465/327/2332
f 1455/325/2323 1464/321/2328 1467/326/2331
f 1463/323/2327 1462/322/2329 1465/327/2332 1466/328/2330
f 1467/326/2331 1466/328/2330 1469/333/2333 1470/331/2334
f 1465/327/2332 1451/334/2321 1468/332/2335
f 1455/330/2323 1467/326/2331 1470/331/2334
f 1466/328/2330 1465/327/2332 1468/332/2335 1469/333/2333
f 1470/331/2334 1469/333/2333 1472/71/2336 1473/245/2337
f 1468/332/2335 1451/336/2321 1471/246/2338
f 1455/335/2323 1470/331/2334 1473/245/2337
f 1469/333/2333 1468/332/2335 1471/246/2338 1472/71/2336
f 1472/80/2336 1471/337/2338 1474/339/2339 1475/343/2340
f 1473/341/2337 1472/80/2336 1475/343/2340 1476/342/2341
f 1471/337/2338 1451/338/2321 1474/339/2339
f 1455/340/2323 1473/341/2337 1476/342/2341
f 1455/345/2323 1476/342/2341 1454/311/2316
f 1475/343/2340 1474/339/2339 1452/314/2320 1453/313/2317
f 1476/342/2341 1475/343/2340 1453/313/2317 1454/311/2316
f 1474/339/2339 1451/344/2321 1452/314/2320
f 1481/310/2342 1480/311/2343 1484/312/2344
f 1479/313/2345 1478/314/2346 1482/315/2347 1483/316/2348
f 1480/311/2343 1479/313/2345 1483/316/2348 1484/312/2344
f 1478/314/2346 1477/317/2349 1482/315/2347
f 1481/319/2342 1484/312/2344 1487/222/2350
f 1483/316/2348 1482/315/2347 1485/224/2351 1486/23/2352
f 1484/312/2344 1483/316/2348 1486/23/2352 1487/222/2350
f 1482/315/2347 1477/318/2349 1485/224/2351
f 1481/320/2342 1487/222/2350 1490/321/2353
f 1486/23/2352 1485/224/2351 1488/322/2354 1489/323/2355
f 1487/222/2350 1486/23/2352 1489/323/2355 1490/321/2353
f 1485/224/2351 1477/324/2349 1488/322/2354
f 1481/325/2342 1490/321/2353 1493/326/2356
f 1489/323/2355 1488/322/2354 1491/327/2357 1492/328/2358
f 1490/321/2353 1489/323/2355 1492/328/2358 1493/326/2356
f 1488/322/2354 1477/329/2349 1491/327/2357
f 1491/327/2357 1477/334/2349 1494/332/2359
f 1481/330/2342 1493/326/2356 1496/331/2360
f 1492/328/2358 1491/327/2357 1494/332/2359 1495/333/2361
f 1493/326/2356 1492/328/2358 1495/333/2361 1496/331/2360
f 1496/331/2360 1495/333/2361 1498/71/2362 1499/245/2363
f 1494/332/2359 1477/336/2349 1497/246/2364
f 1481/335/2342 1496/331/2360 1499/245/2363
f 1495/333/2361 1494/332/2359 1497/246/2364 1498/71/2362
f 1499/341/2363 1498/80/2362 1501/343/2365 1502/342/2366
f 1497/337/2364 1477/338/2349 1500/339/2367
f 1481/340/2342 1499/341/2363 1502/342/2366
f 1498/80/2362 1497/337/2364 1500/339/2367 1501/343/2365
f 1502/342/2366 1501/343/2365 1479/313/2345 1480/311/2343
f 1500/339/2367 1477/344/2349 1478/314/2346
f 1481/345/2342 1502/342/2366 1480/311/2343
f 1501/343/2365 1500/339/2367 1478/314/2346 1479/313/2345
f 1505/313/2368 1504/314/2369 1508/315/2370 1509/316/2371
f 1506/311/2372 1505/313/2368 1509/316/2371 1510/312/2373
f 1504/314/2369 1503/317/2374 1508/315/2370
f 1507/310/2375 1506/311/2372 1510/312/2373
f 1510/312/2373 1509/316/2371 1512/23/2376 1513/222/2377
f 1508/315/2370 1503/318/2374 1511/224/2378
f 1507/319/2375 1510/312/2373 1513/222/2377
f 1509/316/2371 1508/315/2370 1511/224/2378 1512/23/2376
f 1513/222/2377 1512/23/2376 1515/323/2379 1516/321/2380
f 1511/224/2378 1503/324/2374 1514/322/2381
f 1507/320/2375 1513/222/2377 1516/321/2380
f 1512/23/2376 1511/224/2378 1514/322/2381 1515/323/2379
f 1515/323/2379 1514/322/2381 1517/327/2382 1518/328/2383
f 1516/321/2380 1515/323/2379 1518/328/2383 1519/326/2384
f 1514/322/2381 1503/329/2374 1517/327/2382
f 1507/325/2375 1516/321/2380 1519/326/2384
f 1507/330/2375 1519/326/2384 1522/331/2385
f 1518/328/2383 1517/327/2382 1520/332/2386 1521/333/2387
f 1519/326/2384 1518/328/2383 1521/333/2387 1522/331/2385
f 1517/327/2382 1503/334/2374 1520/332/2386
f 1507/335/2375 1522/331/2385 1525/245/2388
f 1521/333/2387 1520/332/2386 1523/246/2389 1524/71/2390
f 1522/331/2385 1521/333/2387 1524/71/2390 1525/245/2388
f 1520/332/2386 1503/336/2374 1523/246/2389
f 1507/340/2375 1525/341/2388 1528/342/2391
f 1524/80/2390 1523/337/2389 1526/339/2392 1527/343/2393
f 1525/341/2388 1524/80/2390 1527/343/2393 1528/342/2391
f 1523/337/2389 1503/338/2374 1526/339/2392
f 1507/345/2375 1528/342/2391 1506/311/2372
f 1527/343/2393 1526/339/2392 1504/314/2369 1505/313/2368
f 1528/342/2391 1527/343/2393 1505/313/2368 1506/311/2372
f 1526/339/2392 1503/344/2374 1504/314/2369
f 1532/311/2394 1531/313/2395 1535/316/2396 1536/312/2397
f 1530/314/2398 1529/317/2399 1534/315/2400
f 1533/310/2401 1532/311/2394 1536/312/2397
f 1531/313/2395 1530/314/2398 1534/315/2400 1535/316/2396
f 1534/315/2400 1529/318/2399 1537/224/2402
f 1533/319/2401 1536/312/2397 1539/222/2403
f 1535/316/2396 1534/315/2400 1537/224/2402 1538/23/2404
f 1536/312/2397 1535/316/2396 1538/23/2404 1539/222/2403
f 1539/222/2403 1538/23/2404 1541/323/2405 1542/321/2406
f 1537/224/2402 1529/324/2399 1540/322/2407
f 1533/320/2401 1539/222/2403 1542/321/2406
f 1538/23/2404 1537/224/2402 1540/322/2407 1541/323/2405
f 1542/321/2406 1541/323/2405 1544/328/2408 1545/326/2409
f 1540/322/2407 1529/329/2399 1543/327/2410
f 1533/325/2401 1542/321/2406 1545/326/2409
f 1541/323/2405 1540/322/2407 1543/327/2410 1544/328/2408
f 1545/326/2409 1544/328/2408 1547/333/2411 1548/331/2412
f 1543/327/2410 1529/334/2399 1546/332/2413
f 1533/330/2401 1545/326/2409 1548/331/2412
f 1544/328/2408 1543/327/2410 1546/332/2413 1547/333/2411
f 1548/331/2412 1547/333/2411 1550/71/2414 1551/245/2415
f 1546/332/2413 1529/336/2399 1549/246/2416
f 1533/335/2401 1548/331/2412 1551/245/2415
f 1547/333/2411 1546/332/2413 1549/246/2416 1550/71/2414
f 1551/341/2415 1550/80/2414 1553/343/2417 1554/342/2418
f 1549/337/2416 1529/338/2399 1552/339/2419
f 1533/340/2401 1551/341/2415 1554/342/2418
f 1550/80/2414 1549/337/2416 1552/339/2419 1553/343/2417
f 1553/343/2417 1552/339/2419 1530/314/2398 1531/313/2395
f 1554/342/2418 1553/343/2417 1531/313/2395 1532/311/2394
f 1552/339/2419 1529/344/2399 1530/314/2398
f 1533/345/2401 1554/342/2418 1532/311/2394
f 1559/310/2420 1558/311/2421 1562/312/2422
f 1557/313/2423 1556/314/2424 1560/315/2425 1561/316/2426
f 1558/311/2421 1557/313/2423 1561/316/2426 1562/312/2422
f 1556/314/2424 1555/317/2427 1560/315/2425
f 1559/319/2420 1562/312/2422 1565/222/2428
f 1561/316/2426 1560/315/2425 1563/224/2429 1564/23/2430
f 1562/312/2422 1561/316/2426 1564/23/2430 1565/222/2428
f 1560/315/2425 1555/318/2427 1563/224/2429
f 1559/320/2420 1565/222/2428 1568/321/2431
f 1564/23/2430 1563/224/2429 1566/322/2432 1567/323/2433
f 1565/222/2428 1564/23/2430 1567/323/2433 1568/321/2431
f 1563/224/2429 1555/324/2427 1566/322/2432
f 1559/325/2420 1568/321/2431 1571/326/2434
f 1567/323/2433 1566/322/2432 1569/327/2435 1570/328/2436
f 1568/321/2431 1567/323/2433 1570/328/2436 1571/326/2434
f 1566/322/2432 1555/329/2427 1569/327/2435
f 1559/330/2420 1571/326/2434 1574/331/2437
f 1570/328/2436 1569/327/2435 1572/332/2438 1573/333/2439
f 1571/326/2434 1570/328/2436 1573/333/2439 1574/331/2437
f 1569/327/2435 1555/334/2427 1572/332/2438
f 1572/332/2438 1555/336/2427 1575/246/2440
f 1559/335/2420 1574/331/2437 1577/245/2441
f 1573/333/2439 1572/332/2438 1575/246/2440 1576/71/2442
f 1574/331/2437 1573/333/2439 1576/71/2442 1577/245/2441
f 1577/341/2441 1576/80/2442 1579/343/2443 1580/342/2444
f 1575/337/2440 1555/338/2427 1578/339/2445
f 1559/340/2420 1577/341/2441 1580/342/2444
f 1576/80/2442 1575/337/2440 1578/339/2445 1579/343/2443
f 1580/342/2444 1579/343/2443 1557/313/2423 1558/311/2421
f 1578/339/2445 1555/344/2427 1556/314/2424
f 1559/345/2420 1580/342/2444 1558/311/2421
f 1579/343/2443 1578/339/2445 1556/314/2424 1557/313/2423
f 1584/311/2446 1583/313/2447 1587/316/2448 1588/312/2449
f 1582/314/2450 1581/317/2451 1586/315/2452
f 1585/310/2453 1584/311/2446 1588/312/2449
f 1583/313/2447 1582/314/2450 1586/315/2452 1587/316/2448
f 1588/312/2449 1587/316/2448 1590/23/2454 1591/222/2455
f 1586/315/2452 1581/318/2451 1589/224/2456
f 1585/319/2453 1588/312/2449 1591/222/2455
f 1587/316/2448 1586/315/2452 1589/224/2456 1590/23/2454
f 1591/222/2455 1590/23/2454 1593/323/2457 1594/321/2458
f 1589/224/2456 1581/324/2451 1592/322/2459
f 1585/320/2453 1591/222/2455 1594/321/2458
f 1590/23/2454 1589/224/2456 1592/322/2459 1593/323/2457
f 1594/321/2458 1593/323/2457 1596/328/2460 1597/326/2461
f 1592/322/2459 1581/329/2451 1595/327/2462
f 1585/325/2453 1594/321/2458 1597/326/2461
f 1593/323/2457 1592/322/2459 1595/327/2462 1596/328/2460
f 1596/328/2460 1595/327/2462 1598/332/2463 1599/333/2464
f 1597/326/2461 1596/328/2460 1599/333/2464 1600/331/2465
f 1595/327/2462 1581/334/2451 1598/332/2463
f 1585/330/2453 1597/326/2461 1600/331/2465
f 1585/335/2453 1600/331/2465 1603/245/2466
f 1599/333/2464 1598/332/2463 1601/246/2467 1602/71/2468
f 1600/331/2465 1599/333/2464 1602/71/2468 1603/245/2466
f 1598/332/2463 1581/336/2451 1601/246/2467
f 1585/340/2453 1603/341/2466 1606/342/2469
f 1602/80/2468 1601/337/2467 1604/339/2470 1605/343/2471
f 1603/341/2466 1602/80/2468 1605/343/2471 1606/342/2469
f 1601/337/2467 1581/338/2451 1604/339/2470
f 1585/345/2453 1606/342/2469 1584/311/2446
f 1605/343/2471 1604/339/2470 1582/314/2450 1583/313/2447
f 1606/342/2469 1605/343/2471 1583/313/2447 1584/311/2446
f 1604/339/2470 1581/344/2451 1582/314/2450
f 1609/313/2472 1608/314/2473 1612/315/2474 1613/316/2475
f 1610/311/2476 1609/313/2472 1613/316/2475 1614/312/2477
f 1608/314/2473 1607/317/2478 1612/315/2474
f 1611/310/2479 1610/311/2476 1614/312/2477
f 1614/312/2477 1613/316/2475 1616/23/2480 1617/222/2481
f 1612/315/2474 1607/318/2478 1615/224/2482
f 1611/319/2479 1614/312/2477 1617/222/2481
f 1613/316/2475 1612/315/2474 1615/224/2482 1616/23/2480
f 1617/222/2481 1616/23/2480 1619/323/2483 1620/321/2484
f 1615/224/2482 1607/324/2478 1618/322/2485
f 1611/320/2479 1617/222/2481 1620/321/2484
f 1616/23/2480 1615/224/2482 1618/322/2485 1619/323/2483
f 1619/323/2483 1618/322/2485 1621/327/2486 1622/328/2487
f 1620/321/2484 1619/323/2483 1622/328/2487 1623/326/2488
f 1618/322/2485 1607/329/2478 1621/327/2486
f 1611/325/2479 1620/321/2484 1623/326/2488
f 1611/330/2479 1623/326/2488 1626/331/2489
f 1622/328/2487 1621/327/2486 1624/332/2490 1625/333/2491
f 1623/326/2488 1622/328/2487 1625/333/2491 1626/331/2489
f 1621/327/2486 1607/334/2478 1624/332/2490
f 1611/335/2479 1626/331/2489 1629/245/2492
f 1625/333/2491 1624/332/2490 1627/246/2493 1628/71/2494
f 1626/331/2489 1625/333/2491 1628/71/2494 1629/245/2492
f 1624/332/2490 1607/336/2478 1627/246/2493
f 1611/340/2479 1629/341/2492 1632/342/2495
f 1628/80/2494 1627/337/2493 1630/339/2496 1631/343/2497
f 1629/341/2492 1628/80/2494 1631/343/2497 1632/342/2495
f 1627/337/2493 1607/338/2478 1630/339/2496
f 1611/345/2479 1632/342/2495 1610/311/2476
f 1631/343/2497 1630/339/2496 1608/314/2473 1609/313/2472
f 1632/342/2495 1631/343/2497 1609/313/2472 1610/311/2476
f 1630/339/2496 1607/344/2478 1608/314/2473
f 1633/80/2498 1634/346/2499 1636/347/2500 1635/348/2501
f 1635/348/2501 1636/347/2500 1638/349/2502 1637/350/2503
f 1637/350/2503 1638/349/2502 1640/351/2504 1639/352/2505
f 1639/352/2505 1640/351/2504 1642/353/2506 1641/354/2507
f 1636/355/2500 1634/356/2499 1644/357/2508 1642/358/2506 1640/359/2504 1638/360/2502
f 1641/354/2507 1642/353/2506 1644/361/2508 1643/362/2509
f 1643/362/2509 1644/361/2508 1634/363/2499 1633/364/2498
f 1633/365/2498 1635/366/2501 1637/367/2503 1639/368/2505 1641/369/2507 1643/370/2509
f 1645/80/2510 1646/346/2511 1648/347/2512 1647/348/2513
f 1647/348/2513 1648/347/2512 1650/349/2514 1649/350/2515
f 1649/350/2515 1650/349/2514 1652/351/2516 1651/352/2517
f 1651/352/2517 1652/351/2516 1654/353/2518 1653/354/2519
f 1648/355/2512 1646/356/2511 1656/357/2520 1654/358/2518 1652/359/2516 1650/360/2514
f 1653/354/2519 1654/353/2518 1656/361/2520 1655/362/2521
f 1655/362/2521 1656/361/2520 1646/363/2511 1645/364/2510
f 1645/365/2510 1647/366/2513 1649/367/2515 1651/368/2517 1653/369/2519 1655/370/2521
f 1659/313/2522 1658/314/2523 1662/315/2524 1663/316/2525
f 1660/311/2526 1659/313/2522 1663/316/2525 1664/312/2527
f 1658/314/2523 1657/317/2528 1662/315/2524
f 1661/310/2529 1660/311/2526 1664/312/2527
f 1664/312/2527 1663/316/2525 1666/23/2530 1667/222/2531
f 1662/315/2524 1657/318/2528 1665/224/2532
f 1661/319/2529 1664/312/2527 1667/222/2531
f 1663/316/2525 1662/315/2524 1665/224/2532 1666/23/2530
f 1667/222/2531 1666/23/2530 1669/323/2533 1670/321/2534
f 1665/224/2532 1657/324/2528 1668/322/2535
f 1661/320/2529 1667/222/2531 1670/321/2534
f 1666/23/2530 1665/224/2532 1668/322/2535 1669/323/2533
f 1669/323/2533 1668/322/2535 1671/327/2536 1672/328/2537
f 1670/321/2534 1669/323/2533 1672/328/2537 1673/326/2538
f 1668/322/2535 1657/329/2528 1671/327/2536
f 1661/325/2529 1670/321/2534 1673/326/2538
f 1661/330/2529 1673/326/2538 1676/331/2539
f 1672/328/2537 1671/327/2536 1674/332/2540 1675/333/2541
f 1673/326/2538 1672/328/2537 1675/333/2541 1676/331/2539
f 1671/327/2536 1657/334/2528 1674/332/2540
f 1661/335/2529 1676/331/2539 1679/245/2542
f 1675/333/2541 1674/332/2540 1677/246/2543 1678/71/2544
f 1676/331/2539 1675/333/2541 1678/71/2544 1679/245/2542
f 1674/332/2540 1657/336/2528 1677/246/2543
f 1661/340/2529 1679/341/2542 1682/342/2545
f 1678/80/2544 1677/337/2543 1680/339/2546 1681/343/2547
f 1679/341/2542 1678/80/2544 1681/343/2547 1682/342/2545
f 1677/337/2543 1657/338/2528 1680/339/2546
f 1661/345/2529 1682/342/2545 1660/311/2526
f 1681/343/2547 1680/339/2546 1658/314/2523 1659/313/2522
f 1682/342/2545 1681/343/2547 1659/313/2522 1660/311/2526
f 1680/339/2546 1657/344/2528 1658/314/2523
f 1686/311/2526 1685/313/2522 1689/316/2525 1690/312/2527
f 1684/314/2523 1683/317/2528 1688/315/2548
f 1687/310/2529 1686/311/2526 1690/312/2527
f 1685/313/2522 1684/314/2523 1688/315/2548 1689/316/2525
f 1687/319/2529 1690/312/2527 1693/222/2531
f 1689/316/2525 1688/315/2548 1691/224/2532 1692/23/2530
f 1690/312/2527 1689/316/2525 1692/23/2530 1693/222/2531
f 1688/315/2548 1683/318/2528 1691/224/2532
f 1691/224/2532 1683/324/2528 1694/322/2535
f 1687/320/2529 1693/222/2531 1696/321/2534
f 1692/23/2530 1691/224/2532 1694/322/2535 1695/323/2533
f 1693/222/2531 1692/23/2530 1695/323/2533 1696/321/2534
f 1696/321/2534 1695/323/2533 1698/328/2537 1699/326/2538
f 1694/322/2535 1683/329/2528 1697/327/2536
f 1687/325/2529 1696/321/2534 1699/326/2538
f 1695/323/2533 1694/322/2535 1697/327/2536 1698/328/2537
f 1699/326/2538 1698/328/2537 1701/333/2541 1702/331/2539
f 1697/327/2536 1683/334/2528 1700/332/2540
f 1687/330/2529 1699/326/2538 1702/331/2539
f 1698/328/2537 1697/327/2536 1700/332/2540 1701/333/2541
f 1702/331/2539 1701/333/2541 1704/71/2544 1705/245/2542
f 1700/332/2540 1683/336/2528 1703/246/2543
f 1687/335/2529 1702/331/2539 1705/245/2542
f 1701/333/2541 1700/332/2540 1703/246/2543 1704/71/2544
f 1705/341/2542 1704/80/2544 1707/343/2547 1708/342/2545
f 1703/337/2543 1683/338/2528 1706/339/2549
f 1687/340/2529 1705/341/2542 1708/342/2545
f 1704/80/2544 1703/337/2543 1706/339/2549 1707/343/2547
f 1708/342/2545 1707/343/2547 1685/313/2522 1686/311/2526
f 1706/339/2549 1683/344/2528 1684/314/2523
f 1687/345/2529 1708/342/2545 1686/311/2526
f 1707/343/2547 1706/339/2549 1684/314/2523 1685/313/2522
f 1711/371/2550 1710/372/2551 1713/20/2552
f 1710/372/2551 1722/373/2553 1712/374/2554 1713/20/2552
f 1722/373/2553 1709/375/2555 1712/374/2554
f 1711/376/2550 1713/20/2552 1715/377/2556
f 1713/20/2552 1712/374/2554 1714/378/2557 1715/377/2556
f 1712/374/2554 1709/379/2555 1714/378/2557
f 1711/52/2550 1715/377/2556 1717/380/2558
f 1715/377/2556 1714/378/2557 1716/381/2559 1717/380/2558
f 1714/378/2557 1709/50/2555 1716/381/2559
f 1711/382/2550 1717/380/2558 1719/72/2560
f 1717/380/2558 1716/381/2559 1718/383/2561 1719/72/2560
f 1716/381/2559 1709/384/2555 1718/383/2561
f 1711/385/2550 1719/386/2560 1721/387/2562
f 1719/386/2560 1718/388/2561 1720/389/2563 1721/387/2562
f 1718/388/2561 1709/390/2555 1720/389/2563
f 1711/391/2550 1721/387/2562 1710/372/2551
f 1721/387/2562 1720/389/2563 1722/373/2553 1710/372/2551
f 1720/389/2563 1709/261/2555 1722/373/2553
f 1725/371/2550 1724/372/2551 1727/20/2552
f 1724/372/2551 1736/373/2553 1726/374/2554 1727/20/2552
f 1736/373/2553 1723/375/2555 1726/374/2554
f 1725/376/2550 1727/20/2552 1729/377/2556
f 1727/20/2552 1726/374/2554 1728/378/2557 1729/377/2556
f 1726/374/2554 1723/379/2555 1728/378/2557
f 1725/52/2550 1729/377/2556 1731/380/2558
f 1729/377/2556 1728/378/2557 1730/381/2559 1731/380/2558
f 1728/378/2557 1723/50/2555 1730/381/2559
f 1725/382/2550 1731/380/2558 1733/72/2560
f 1731/380/2558 1730/381/2559 1732/383/2561 1733/72/2560
f 1730/381/2559 1723/384/2555 1732/383/2561
f 1725/385/2550 1733/386/2560 1735/387/2562
f 1733/386/2560 1732/388/2561 1734/389/2563 1735/387/2562
f 1732/388/2561 1723/390/2555 1734/389/2563
f 1725/391/2550 1735/387/2562 1724/372/2551
f 1735/387/2562 1734/389/2563 1736/373/2553 1724/372/2551
f 1734/389/2563 1723/261/2555 1736/373/2553
f 1737/80/2564 1738/346/2565 1740/347/2566 1739/348/2567
f 1739/348/2567 1740/347/2566 1742/349/2568 1741/350/2569
f 1741/350/2569 1742/349/2568 1744/351/2570 1743/352/2571
f 1743/352/2571 1744/351/2570 1746/353/2572 1745/354/2573
f 1740/355/2566 1738/356/2565 1748/357/2574 1746/358/2572 1744/359/2570 1742/360/2568
f 1745/354/2573 1746/353/2572 1748/361/2574 1747/362/2575
f 1747/362/2575 1748/361/2574 1738/363/2565 1737/364/2564
f 1737/365/2564 1739/366/2567 1741/367/2569 1743/368/2571 1745/369/2573 1747/370/2575
f 1749/80/2576 1750/346/2577 1752/347/2578 1751/348/2579
f 1751/348/2579 1752/347/2578 1754/349/2580 1753/350/2581
f 1753/350/2581 1754/349/2580 1756/351/2582 1755/352/2583
f 1755/352/2583 1756/351/2582 1758/353/2584 1757/354/2585
f 1752/355/2578 1750/356/2577 1760/357/2586 1758/358/2584 1756/359/2582 1754/360/2580
f 1757/354/2585 1758/353/2584 1760/361/2586 1759/362/2587
f 1759/362/2587 1760/361/2586 1750/363/2577 1749/364/2576
f 1749/365/2576 1751/366/2579 1753/367/2581 1755/368/2583 1757/369/2585 1759/370/2587
f 1761/80/2588 1762/346/2589 1764/347/2590 1763/348/2591
f 1763/348/2591 1764/347/2590 1766/349/2592 1765/350/2593
f 1765/350/2593 1766/349/2592 1768/351/2594 1767/352/2595
f 1767/352/2595 1768/351/2594 1770/353/2596 1769/354/2597
f 1764/355/2590 1762/356/2589 1772/357/2598 1770/358/2596 1768/359/2594 1766/360/2592
f 1769/354/2597 1770/353/2596 1772/361/2598 1771/362/2599
f 1771/362/2599 1772/361/2598 1762/363/2589 1761/364/2588
f 1761/365/2588 1763/366/2591 1765/367/2593 1767/368/2595 1769/369/2597 1771/370/2599
f 1773/80/2600 1774/346/2601 1776/347/2602 1775/348/2603
f 1775/348/2603 1776/347/2602 1778/349/2604 1777/350/2605
f 1777/350/2605 1778/349/2604 1780/351/2606 1779/352/2607
f 1779/352/2607 1780/351/2606 1782/353/2608 1781/354/2609
f 1776/355/2602 1774/356/2601 1784/357/2610 1782/358/2608 1780/359/2606 1778/360/2604
f 1781/354/2609 1782/353/2608 1784/361/2610 1783/362/2611
f 1783/362/2611 1784/361/2610 1774/363/2601 1773/364/2600
f 1773/365/2600 1775/366/2603 1777/367/2605 1779/368/2607 1781/369/2609 1783/370/2611
f 1785/80/2612 1786/346/2613 1788/347/2614 1787/348/2615
f 1787/348/2615 1788/347/2614 1790/349/2616 1789/350/2617
f 1789/350/2617 1790/349/2616 1792/351/2618 1791/352/2619
f 1791/352/2619 1792/351/2618 1794/353/2620 1793/354/2621
f 1788/355/2614 1786/356/2613 1796/357/2622 1794/358/2620 1792/392/2618 1790/360/2616
f 1793/354/2621 1794/353/2620 1796/361/2622 1795/362/2623
f 1795/362/2623 1796/361/2622 1786/363/2613 1785/364/2612
f 1785/365/2612 1787/366/2615 1789/367/2617 1791/393/2619 1793/369/2621 1795/370/2623
f 1797/80/2624 1798/346/2625 1800/347/2626 1799/348/2627
f 1799/348/2627 1800/347/2626 1802/349/2628 1801/350/2629
f 1801/350/2629 1802/349/2628 1804/351/2630 1803/352/2631
f 1803/352/2631 1804/351/2630 1806/353/2632 1805/354/2633
f 1800/355/2626 1798/356/2625 1808/357/2634 1806/358/2632 1804/392/2630 1802/360/2628
f 1805/354/2633 1806/353/2632 1808/361/2634 1807/362/2635
f 1807/362/2635 1808/361/2634 1798/363/2625 1797/364/2624
f 1797/365/2624 1799/366/2627 1801/367/2629 1803/393/2631 1805/369/2633 1807/370/2635
f 1809/80/2612 1810/346/2613 1812/347/2636 1811/348/2615
f 1811/348/2615 1812/347/2636 1814/349/2616 1813/350/2637
f 1813/350/2637 1814/349/2616 1816/351/2618 1815/352/2619
f 1815/352/2619 1816/351/2618 1818/353/2620 1817/354/2621
f 1812/355/2636 1810/356/2613 1820/357/2638 1818/358/2620 1816/392/2618 1814/360/2616
f 1817/354/2621 1818/353/2620 1820/361/2638 1819/362/2623
f 1819/362/2623 1820/361/2638 1810/363/2613 1809/364/2612
f 1809/365/2612 1811/366/2615 1813/367/2637 1815/393/2619 1817/369/2621 1819/370/2623
f 1821/80/2624 1822/346/2625 1824/347/2639 1823/348/2640
f 1823/348/2640 1824/347/2639 1826/349/2641 1825/350/2629
f 1825/350/2629 1826/349/2641 1828/351/2630 1827/352/2631
f 1827/352/2631 1828/351/2630 1830/353/2632 1829/354/2642
f 1824/355/2639 1822/356/2625 1832/357/2643 1830/358/2632 1828/392/2630 1826/360/2641
f 1829/354/2642 1830/353/2632 1832/361/2643 1831/362/2635
f 1831/362/2635 1832/361/2643 1822/363/2625 1821/364/2624
f 1821/365/2624 1823/366/2640 1825/367/2629 1827/393/2631 1829/369/2642 1831/370/2635
f 1833/80/2612 1834/346/2613 1836/347/2644 1835/348/2615
f 1835/348/2615 1836/347/2644 1838/349/2645 1837/350/2617
f 1837/350/2617 1838/349/2645 1840/351/2646 1839/352/2619
f 1839/352/2619 1840/351/2646 1842/353/2620 1841/354/2621
f 1836/355/2644 1834/356/2613 1844/357/2647 1842/358/2620 1840/392/2646 1838/360/2645
f 1841/354/2621 1842/353/2620 1844/361/2647 1843/362/2648
f 1843/362/2648 1844/361/2647 1834/363/2613 1833/364/2612
f 1833/365/2612 1835/366/2615 1837/367/2617 1839/393/2619 1841/369/2621 1843/370/2648
f 1845/80/2624 1846/346/2625 1848/347/2649 1847/348/2627
f 1847/348/2627 1848/347/2649 1850/349/2628 1849/350/2629
f 1849/350/2629 1850/349/2628 1852/351/2650 1851/352/2631
f 1851/352/2631 1852/351/2650 1854/353/2651 1853/354/2633
f 1848/355/2649 1846/356/2625 1856/357/2652 1854/358/2651 1852/392/2650 1850/360/2628
f 1853/354/2633 1854/353/2651 1856/361/2652 1855/362/2635
f 1855/362/2635 1856/361/2652 1846/363/2625 1845/364/2624
f 1845/365/2624 1847/366/2627 1849/367/2629 1851/393/2631 1853/369/2633 1855/370/2635
f 1857/80/2612 1858/346/2613 1860/347/2636 1859/348/2653
f 1859/348/2653 1860/347/2636 1862/349/2616 1861/350/2654
f 1861/350/2654 1862/349/2616 1864/351/2618 1863/352/2619
f 1863/352/2619 1864/351/2618 1866/353/2620 1865/354/2621
f 1860/355/2636 1858/356/2613 1868/357/2622 1866/358/2620 1864/392/2618 1862/360/2616
f 1865/354/2621 1866/353/2620 1868/361/2622 1867/362/2648
f 1867/362/2648 1868/361/2622 1858/363/2613 1857/364/2612
f 1857/365/2612 1859/366/2653 1861/367/2654 1863/393/2619 1865/369/2621 1867/370/2648
f 1869/80/2624 1870/346/2625 1872/347/2626 1871/348/2627
f 1871/348/2627 1872/347/2626 1874/349/2628 1873/350/2629
f 1873/350/2629 1874/349/2628 1876/351/2630 1875/352/2631
f 1875/352/2631 1876/351/2630 1878/353/2632 1877/354/2655
f 1872/355/2626 1870/356/2625 1880/357/2643 1878/358/2632 1876/392/2630 1874/360/2628
f 1877/354/2655 1878/353/2632 1880/361/2643 1879/362/2656
f 1879/362/2656 1880/361/2643 1870/363/2625 1869/364/2624
f 1869/365/2624 1871/366/2627 1873/367/2629 1875/393/2631 1877/369/2655 1879/370/2656
s 0
f 1881/263/2657 1882/264/2658 1883/265/2659
f 1884/266/2660 1885/267/2661 1886/268/2662
f 1887/269/2663 1888/270/2664 1889/271/2665
f 1890/272/2666 1891/273/2667 1892/297/2668
f 1893/298/2669 1894/308/2670 1895/277/2671
f 1896/278/2672 1897/279/2673 1898/299/2674
f 1899/281/2675 1900/282/2676 1901/309/2677
f 1902/284/2678 1903/285/2679 1904/286/2680
f 1887/269/2681 1881/263/2682 1883/265/2683 1888/270/2684
f 1882/287/2685 1884/288/2686 1886/300/2687 1883/301/2688
f 1885/302/2689 1890/272/2690 1892/297/2691 1886/300/2692
f 1891/273/2693 1889/292/2694 1888/293/2695 1892/297/2696
f 1899/281/2697 1887/269/2698 1889/271/2699 1900/282/2700
f 1890/272/2701 1902/284/2702 1904/286/2703 1891/273/2704
f 1903/285/2705 1901/309/2706 1900/282/2707 1904/286/2708
f 1893/298/2709 1899/281/2710 1901/309/2711 1894/308/2712
f 1902/284/2713 1896/278/2714 1898/299/2715 1903/285/2716
f 1897/279/2717 1895/277/2718 1894/308/2719 1898/299/2720
f 1881/263/2721 1893/298/2722 1895/277/2723 1882/264/2724
f 1896/278/2725 1885/267/2726 1884/266/2727 1897/279/2728
f 1887/269/2729 1899/281/2730 1893/298/2731 1881/263/2732
f 1883/301/2733 1886/300/2734 1892/297/2735 1888/293/2736
f 1895/277/2737 1897/279/2738 1884/266/2739 1882/294/2740
f 1902/284/2741 1890/295/2742 1885/303/2743 1896/278/2744
f 1889/292/2745 1891/273/2746 1904/286/2747 1900/282/2748
f 1901/309/2749 1903/285/2750 1898/299/2751 1894/308/2752
f 1905/180/2753 1906/181/2754 1907/182/2755
f 1908/183/2756 1909/184/2757 1910/185/2758
f 1911/186/2759 1912/187/2760 1913/188/2761
f 1914/189/2762 1915/190/2763 1916/304/2764
f 1917/192/2765 1918/193/2766 1919/194/2767
f 1920/305/2768 1921/196/2769 1922/197/2770
f 1923/198/2771 1924/199/2772 1925/307/2773
f 1926/201/2774 1927/202/2775 1928/203/2776
f 1911/186/2777 1905/180/2778 1907/182/2779 1912/187/2780
f 1906/204/2781 1908/205/2782 1910/206/2783 1907/207/2784
f 1909/208/2785 1914/189/2786 1916/304/2787 1910/206/2788
f 1915/190/2789 1913/209/2790 1912/210/2791 1916/304/2792
f 1923/198/2793 1911/186/2794 1913/188/2795 1924/199/2796
f 1914/189/2797 1926/201/2798 1928/203/2799 1915/190/2800
f 1927/202/2801 1925/307/2802 1924/199/2803 1928/203/2804
f 1917/192/2805 1923/198/2806 1925/307/2807 1918/193/2808
f 1926/201/2809 1920/305/2810 1922/197/2811 1927/202/2812
f 1921/196/2813 1919/194/2814 1918/193/2815 1922/197/2816
f 1905/180/2817 1917/192/2818 1919/194/2819 1906/181/2820
f 1920/305/2821 1909/184/2822 1908/183/2823 1921/196/2824
f 1911/186/2825 1923/198/2826 1917/192/2827 1905/180/2828
f 1907/207/2829 1910/206/2830 1916/304/2831 1912/210/2832
f 1919/194/2833 1921/196/2834 1908/183/2835 1906/211/2836
f 1926/201/2837 1914/212/2838 1909/213/2839 1920/305/2840
f 1913/209/2841 1915/190/2842 1928/203/2843 1924/199/2844
f 1925/307/2845 1927/202/2846 1922/197/2847 1918/193/2848
f 1929/180/2849 1930/181/2850 1931/182/2851
f 1932/394/2852 1933/184/2853 1934/185/2854
f 1935/186/2855 1936/187/2856 1937/188/2857
f 1938/189/2858 1939/190/2859 1940/304/2860
f 1941/192/2861 1942/193/2862 1943/194/2863
f 1944/305/2864 1945/196/2865 1946/197/2866
f 1947/198/2867 1948/306/2868 1949/307/2869
f 1950/201/2870 1951/202/2871 1952/203/2872
f 1935/186/2873 1929/180/2874 1931/182/2875 1936/187/2876
f 1930/204/2877 1932/205/2878 1934/395/2879 1931/396/2880
f 1933/397/2881 1938/189/2882 1940/304/2883 1934/395/2884
f 1939/190/2885 1937/209/2886 1936/210/2887 1940/304/2888
f 1947/198/2889 1935/186/2890 1937/188/2891 1948/306/2892
f 1938/189/2893 1950/201/2894 1952/203/2895 1939/190/2896
f 1951/202/2897 1949/307/2898 1948/306/2899 1952/203/2900
f 1941/192/2901 1947/198/2902 1949/307/2903 1942/193/2904
f 1950/201/2905 1944/305/2906 1946/197/2907 1951/202/2908
f 1945/196/2909 1943/194/2910 1942/193/2911 1946/197/2912
f 1929/180/2913 1941/192/2914 1943/194/2915 1930/181/2916
f 1944/305/2917 1933/184/2918 1932/394/2919 1945/196/2920
f 1935/186/2921 1947/198/2922 1941/192/2923 1929/180/2924
f 1931/396/2925 1934/395/2926 1940/304/2927 1936/210/2928
f 1943/194/2929 1945/196/2930 1932/394/2931 1930/211/2932
f 1950/201/2933 1938/212/2838 1933/213/2934 1944/305/2935
f 1937/209/2936 1939/190/2937 1952/203/2938 1948/306/2939
f 1949/307/2940 1951/202/2941 1946/197/2942 1942/193/2943
f 1953/180/2944 1954/181/2945 1955/182/2946
f 1956/183/2947 1957/184/2948 1958/185/2949
f 1959/186/2950 1960/187/2951 1961/188/2952
f 1962/189/2953 1963/190/2954 1964/304/2955
f 1965/192/2956 1966/193/2957 1967/194/2958
f 1968/305/2959 1969/196/2960 1970/197/2961
f 1971/198/2962 1972/199/2963 1973/307/2964
f 1974/201/2965 1975/202/2966 1976/203/2967
f 1959/186/2968 1953/180/2969 1955/182/2970 1960/187/2971
f 1954/204/2972 1956/205/2973 1958/206/2974 1955/207/2975
f 1957/208/2976 1962/189/2977 1964/304/2978 1958/206/2979
f 1963/190/2980 1961/209/2981 1960/210/2982 1964/304/2983
f 1971/198/2984 1959/186/2985 1961/188/2986 1972/199/2987
f 1962/189/2988 1974/201/2989 1976/203/2990 1963/190/2991
f 1975/202/2992 1973/307/2993 1972/199/2994 1976/203/2995
f 1965/192/2996 1971/198/2997 1973/307/2998 1966/193/2999
f 1974/201/3000 1968/305/3001 1970/197/3002 1975/202/3003
f 1969/196/3004 1967/194/3005 1966/193/3006 1970/197/3007
f 1953/180/3008 1965/192/3009 1967/194/3010 1954/181/3011
f 1968/305/3012 1957/184/3013 1956/183/3014 1969/196/3015
f 1959/186/3016 1971/198/3017 1965/192/3018 1953/180/3019
f 1955/207/3020 1958/206/3021 1964/304/3022 1960/210/3023
f 1967/194/3024 1969/196/3025 1956/183/3026 1954/211/3027
f 1974/201/2933 1962/212/2838 1957/213/3028 1968/305/3029
f 1961/209/3030 1963/190/3031 1976/203/3032 1972/199/3033
f 1973/307/3034 1975/202/3035 1970/197/3036 1966/193/3037
f 1977/180/3038 1978/181/3039 1979/182/3040
f 1980/394/3041 1981/184/3042 1982/185/3043
f 1983/186/3044 1984/187/3045 1985/188/3046
f 1986/189/3047 1987/190/3048 1988/304/3049
f 1989/192/3050 1990/193/3051 1991/194/3052
f 1992/305/3053 1993/196/3054 1994/197/3055
f 1995/198/3056 1996/199/3057 1997/307/3058
f 1998/201/3059 1999/202/3060 2000/203/3061
f 1983/186/3062 1977/180/3063 1979/182/3064 1984/187/3065
f 1978/204/3066 1980/205/3067 1982/395/3068 1979/396/3069
f 1981/397/3070 1986/189/3071 1988/304/3072 1982/395/3073
f 1987/190/3074 1985/209/3075 1984/210/3076 1988/304/3077
f 1995/198/3078 1983/186/3079 1985/188/3080 1996/199/3081
f 1986/189/3082 1998/201/3083 2000/203/3084 1987/190/3085
f 1999/202/3086 1997/307/3087 1996/199/3088 2000/203/3089
f 1989/192/3090 1995/198/3091 1997/307/3092 1990/193/3093
f 1998/201/3094 1992/305/3095 1994/197/3096 1999/202/3097
f 1993/196/3098 1991/194/3099 1990/193/3100 1994/197/3101
f 1977/180/3102 1989/192/3103 1991/194/3104 1978/181/3105
f 1992/305/3106 1981/184/3107 1980/394/3108 1993/196/3109
f 1983/186/3110 1995/198/3111 1989/192/3112 1977/180/3113
f 1979/396/3114 1982/395/3115 1988/304/3116 1984/210/3117
f 1991/194/3118 1993/196/3119 1980/394/3120 1978/211/3121
f 1998/201/3122 1986/212/3123 1981/213/3124 1992/305/3125
f 1985/209/3126 1987/190/3127 2000/203/3128 1996/199/3129
f 1997/307/3130 1999/202/3131 1994/197/3132 1990/193/3133
f 2001/180/3134 2002/181/3135 2003/182/3136
f 2004/183/3137 2005/184/3138 2006/185/3139
f 2007/186/3140 2008/187/3141 2009/188/3142
f 2010/189/3143 2011/190/3144 2012/304/3145
f 2013/192/3146 2014/193/3147 2015/194/3148
f 2016/305/3149 2017/196/3150 2018/197/3151
f 2019/198/3152 2020/306/3153 2021/307/3154
f 2022/201/3155 2023/202/3156 2024/203/3157
f 2007/186/3158 2001/180/3159 2003/182/3160 2008/187/3161
f 2002/204/3162 2004/205/3163 2006/206/3164 2003/207/3165
f 2005/208/3166 2010/189/3167 2012/304/3168 2006/206/3169
f 2011/190/3170 2009/209/3171 2008/210/3172 2012/304/3173
f 2019/198/3174 2007/186/3175 2009/188/3176 2020/306/3177
f 2010/189/3178 2022/201/3179 2024/203/3180 2011/190/3181
f 2023/202/3182 2021/307/3183 2020/306/3184 2024/203/3185
f 2013/192/3186 2019/198/3187 2021/307/3188 2014/193/3189
f 2022/201/3190 2016/305/3191 2018/197/3192 2023/202/3193
f 2017/196/3194 2015/194/3195 2014/193/3196 2018/197/3197
f 2001/180/3198 2013/192/3199 2015/194/3200 2002/181/3201
f 2016/305/3202 2005/184/3203 2004/183/3204 2017/196/3205
f 2007/186/3110 2019/198/3206 2013/192/3207 2001/180/3208
f 2003/207/3209 2006/206/3210 2012/304/3211 2008/210/3212
f 2015/194/3213 2017/196/3214 2004/183/3215 2002/211/3216
f 2022/201/3217 2010/212/3218 2005/213/3219 2016/305/3220
f 2009/209/3221 2011/190/3222 2024/203/3223 2020/306/3224
f 2021/307/3225 2023/202/3226 2018/197/3227 2014/193/3228
f 2025/263/3229 2026/264/3230 2027/265/3231
f 2028/266/3232 2029/267/3233 2030/268/3234
f 2031/269/3235 2032/270/3236 2033/271/3237
f 2034/272/3238 2035/273/3239 2036/297/3240
f 2037/275/3241 2038/308/3242 2039/277/3243
f 2040/278/3244 2041/279/3245 2042/280/3246
f 2043/281/3247 2044/282/3248 2045/309/3249
f 2046/284/3250 2047/285/3251 2048/286/3252
f 2031/269/3253 2025/263/3254 2027/265/3255 2032/270/3256
f 2026/287/3257 2028/288/3258 2030/289/3259 2027/290/3260
f 2029/291/3261 2034/272/3262 2036/297/3263 2030/289/3264
f 2035/273/3265 2033/292/3266 2032/293/3267 2036/297/3268
f 2043/281/3269 2031/269/3270 2033/271/3271 2044/282/3272
f 2034/272/3273 2046/284/3274 2048/286/3275 2035/273/3276
f 2047/285/3277 2045/309/3278 2044/282/3279 2048/286/3280
f 2037/275/3281 2043/281/3282 2045/309/3283 2038/308/3284
f 2046/284/3285 2040/278/3286 2042/280/3287 2047/285/3288
f 2041/279/3289 2039/277/3290 2038/308/3291 2042/280/3292
f 2025/263/3293 2037/275/3294 2039/277/3295 2026/264/3296
f 2040/278/3297 2029/267/3298 2028/266/3299 2041/279/3300
f 2031/269/3301 2043/281/3302 2037/275/3303 2025/263/3304
f 2027/290/3305 2030/289/3306 2036/297/3307 2032/293/3308
f 2039/277/3309 2041/279/3310 2028/266/3311 2026/294/3312
f 2046/284/3313 2034/295/3314 2029/296/3315 2040/278/3316
f 2033/292/3317 2035/273/3318 2048/286/3319 2044/282/3320
f 2045/309/3321 2047/285/3322 2042/280/3323 2038/308/3324
f 2049/263/3325 2050/264/3326 2051/265/3327
f 2052/266/3328 2053/267/3329 2054/268/3330
f 2055/269/3331 2056/270/3332 2057/271/3333
f 2058/272/3334 2059/273/3335 2060/297/3336
f 2061/275/3337 2062/308/3338 2063/277/3339
f 2064/278/3340 2065/279/3341 2066/280/3342
f 2067/281/3343 2068/282/3344 2069/309/3345
f 2070/284/3346 2071/285/3347 2072/286/3348
f 2055/269/3349 2049/263/3350 2051/265/3351 2056/270/3352
f 2050/287/3353 2052/288/3354 2054/289/3355 2051/290/3356
f 2053/291/3357 2058/272/3358 2060/297/3359 2054/289/3360
f 2059/273/3361 2057/292/3362 2056/293/3363 2060/297/3364
f 2067/281/3365 2055/269/3366 2057/271/3367 2068/282/3368
f 2058/272/3369 2070/284/3370 2072/286/3371 2059/273/3372
f 2071/285/3373 2069/309/3374 2068/282/3375 2072/286/3376
f 2061/275/3377 2067/281/3378 2069/309/3379 2062/308/3380
f 2070/284/3381 2064/278/3382 2066/280/3383 2071/285/3384
f 2065/279/3385 2063/277/3386 2062/308/3387 2066/280/3388
f 2049/263/3389 2061/275/3390 2063/277/3391 2050/264/3392
f 2064/278/3393 2053/267/3394 2052/266/3395 2065/279/3396
f 2055/269/3397 2067/281/3398 2061/275/3399 2049/263/3400
f 2051/290/3401 2054/289/3402 2060/297/3403 2056/293/3404
f 2063/277/3405 2065/279/3406 2052/266/3407 2050/294/3408
f 2070/284/3409 2058/295/3410 2053/296/3411 2064/278/3412
f 2057/292/3413 2059/273/3414 2072/286/3415 2068/282/3416
f 2069/309/3417 2071/285/3418 2066/280/3419 2062/308/3420
