# Blender 5.1.1
# www.blender.org
mtllib snap_back_v9_texture_baked.mtl
o SnapBack_v9_TextureBaked_Handle
v 0.000000 0.205371 0.079954
v 0.000000 0.205089 0.078811
v 0.000000 0.204905 0.078542
v 0.000000 0.204740 0.078563
v 0.000000 0.204586 0.079397
v 0.000000 0.204629 0.080046
v 0.000365 0.205261 0.079364
v 0.000658 0.205100 0.078899
v 0.000821 0.204918 0.078652
v 0.000821 0.204753 0.078673
v 0.000658 0.204637 0.078956
v 0.000365 0.204592 0.079446
v 0.000675 0.205279 0.079503
v 0.001216 0.205131 0.079151
v 0.001517 0.204957 0.078966
v 0.001517 0.204792 0.078987
v 0.001216 0.204668 0.079208
v 0.000675 0.204610 0.079586
v 0.000882 0.205304 0.079712
v 0.001589 0.205177 0.079527
v 0.001982 0.205015 0.079436
v 0.001982 0.204849 0.079456
v 0.001589 0.204714 0.079584
v 0.000882 0.204635 0.079795
v 0.000955 0.205334 0.079959
v 0.001720 0.205231 0.079972
v 0.002145 0.205083 0.079990
v 0.002145 0.204917 0.080010
v 0.001720 0.204769 0.080028
v 0.000955 0.204666 0.080041
v 0.000882 0.205365 0.080205
v 0.001589 0.205286 0.080416
v 0.001982 0.205151 0.080544
v 0.001982 0.204985 0.080564
v 0.001589 0.204823 0.080473
v 0.000882 0.204696 0.080288
v 0.000675 0.205390 0.080414
v 0.001216 0.205332 0.080792
v 0.001517 0.205208 0.081013
v 0.001517 0.205043 0.081034
v 0.001216 0.204869 0.080849
v 0.000675 0.204721 0.080497
v 0.000365 0.205408 0.080554
v 0.000658 0.205363 0.081044
v 0.000821 0.205247 0.081327
v 0.000821 0.205082 0.081348
v 0.000658 0.204900 0.081101
v 0.000365 0.204739 0.080636
v -0.000000 0.205414 0.080603
v -0.000000 0.205374 0.081132
v -0.000000 0.205260 0.081437
v -0.000000 0.205095 0.081458
v -0.000000 0.204911 0.081189
v -0.000000 0.204745 0.080685
v -0.000365 0.205408 0.080554
v -0.000658 0.205363 0.081044
v -0.000821 0.205247 0.081327
v -0.000821 0.205082 0.081348
v -0.000658 0.204900 0.081101
v -0.000365 0.204739 0.080636
v -0.000675 0.205390 0.080414
v -0.001216 0.205332 0.080792
v -0.001517 0.205208 0.081013
v -0.001517 0.205043 0.081034
v -0.001216 0.204869 0.080849
v -0.000675 0.204721 0.080497
v -0.000882 0.205365 0.080205
v -0.001589 0.205286 0.080416
v -0.001982 0.205151 0.080544
v -0.001982 0.204985 0.080564
v -0.001589 0.204823 0.080473
v -0.000882 0.204696 0.080288
v -0.000955 0.205334 0.079959
v -0.001720 0.205231 0.079972
v -0.002145 0.205083 0.079990
v -0.002145 0.204917 0.080010
v -0.001720 0.204769 0.080028
v -0.000955 0.204666 0.080041
v -0.000882 0.205304 0.079712
v -0.001589 0.205177 0.079527
v -0.001982 0.205015 0.079436
v -0.001982 0.204849 0.079456
v -0.001589 0.204714 0.079584
v -0.000882 0.204635 0.079795
v -0.000675 0.205279 0.079503
v -0.001216 0.205131 0.079151
v -0.001517 0.204957 0.078966
v -0.001517 0.204792 0.078987
v -0.001216 0.204668 0.079208
v -0.000675 0.204610 0.079586
v -0.000365 0.205261 0.079364
v -0.000658 0.205100 0.078899
v -0.000821 0.204918 0.078652
v -0.000821 0.204753 0.078673
v -0.000658 0.204637 0.078956
v -0.000365 0.204592 0.079446
v 0.000000 0.205255 0.079315
v 0.000000 0.204626 0.078868
v 0.000000 0.198308 -0.075016
v 0.000000 0.198224 -0.075478
v 0.000000 0.198056 -0.075757
v 0.000000 0.197866 -0.075747
v 0.000000 0.197727 -0.075452
v 0.000000 0.197692 -0.074984
v 0.000543 0.198228 -0.075416
v 0.000879 0.198061 -0.075656
v 0.000879 0.197871 -0.075646
v 0.000543 0.197730 -0.075390
v 0.000941 0.198237 -0.075245
v 0.001522 0.198075 -0.075381
v 0.001522 0.197885 -0.075371
v 0.000941 0.197739 -0.075219
v 0.001086 0.198249 -0.075013
v 0.001758 0.198095 -0.075005
v 0.001758 0.197905 -0.074995
v 0.001086 0.197751 -0.074987
v 0.000941 0.198261 -0.074781
v 0.001522 0.198115 -0.074629
v 0.001522 0.197925 -0.074619
v 0.000941 0.197763 -0.074755
v 0.000543 0.198270 -0.074610
v 0.000879 0.198129 -0.074354
v 0.000879 0.197939 -0.074344
v 0.000543 0.197772 -0.074584
v 0.000000 0.198273 -0.074548
v -0.000000 0.198134 -0.074253
v -0.000000 0.197944 -0.074243
v 0.000000 0.197776 -0.074522
v -0.000543 0.198270 -0.074610
v -0.000879 0.198129 -0.074354
v -0.000879 0.197939 -0.074344
v -0.000543 0.197772 -0.074584
v -0.000941 0.198261 -0.074781
v -0.001522 0.198115 -0.074629
v -0.001522 0.197925 -0.074619
v -0.000941 0.197763 -0.074755
v -0.001086 0.198249 -0.075013
v -0.001758 0.198095 -0.075005
v -0.001758 0.197905 -0.074995
v -0.001086 0.197751 -0.074987
v -0.000941 0.198237 -0.075245
v -0.001522 0.198075 -0.075381
v -0.001522 0.197885 -0.075371
v -0.000941 0.197739 -0.075219
v -0.000543 0.198228 -0.075416
v -0.000879 0.198061 -0.075656
v -0.000879 0.197871 -0.075646
v -0.000543 0.197730 -0.075390
v -0.001842 0.129968 0.051232
v -0.001842 0.129968 0.051235
v -0.001848 0.129968 0.051232
v -0.001842 0.130161 0.051225
v -0.001842 0.130161 0.051222
v -0.001848 0.130161 0.051222
v -0.001842 0.129839 0.048778
v -0.001848 0.129839 0.048778
v -0.001842 0.129839 0.048775
v -0.001842 0.130032 0.048768
v -0.001842 0.130032 0.048765
v -0.001848 0.130032 0.048768
v 0.001842 0.129968 0.051232
v 0.001848 0.129968 0.051232
v 0.001842 0.129968 0.051235
v 0.001842 0.130161 0.051222
v 0.001842 0.130161 0.051225
v 0.001848 0.130161 0.051222
v 0.001842 0.129839 0.048778
v 0.001842 0.129839 0.048775
v 0.001848 0.129839 0.048778
v 0.001842 0.130032 0.048768
v 0.001848 0.130032 0.048768
v 0.001842 0.130032 0.048765
v 0.000000 0.215303 0.339947
v 0.000000 0.215176 0.339562
v 0.000000 0.214981 0.339345
v 0.000000 0.214794 0.339378
v 0.000000 0.214685 0.339649
v 0.000000 0.214697 0.340054
v 0.000362 0.215185 0.339615
v 0.000586 0.214996 0.339430
v 0.000586 0.214809 0.339463
v 0.000362 0.214694 0.339701
v 0.000627 0.215211 0.339759
v 0.001015 0.215037 0.339664
v 0.001015 0.214850 0.339697
v 0.000627 0.214720 0.339846
v 0.000724 0.215245 0.339957
v 0.001172 0.215094 0.339983
v 0.001172 0.214906 0.340017
v 0.000724 0.214755 0.340043
v 0.000627 0.215280 0.340154
v 0.001015 0.215150 0.340303
v 0.001015 0.214963 0.340336
v 0.000627 0.214789 0.340241
v 0.000362 0.215306 0.340299
v 0.000586 0.215191 0.340537
v 0.000586 0.215004 0.340570
v 0.000362 0.214815 0.340385
v 0.000000 0.215315 0.340352
v -0.000000 0.215206 0.340622
v -0.000000 0.215019 0.340655
v 0.000000 0.214824 0.340438
v -0.000362 0.215306 0.340299
v -0.000586 0.215191 0.340537
v -0.000586 0.215004 0.340570
v -0.000362 0.214815 0.340385
v -0.000627 0.215280 0.340154
v -0.001015 0.215150 0.340303
v -0.001015 0.214963 0.340336
v -0.000627 0.214789 0.340241
v -0.000724 0.215245 0.339957
v -0.001172 0.215094 0.339983
v -0.001172 0.214906 0.340017
v -0.000724 0.214755 0.340043
v -0.000627 0.215211 0.339759
v -0.001015 0.215037 0.339664
v -0.001015 0.214850 0.339697
v -0.000627 0.214720 0.339846
v -0.000362 0.215185 0.339615
v -0.000586 0.214996 0.339430
v -0.000586 0.214809 0.339463
v -0.000362 0.214694 0.339701
v -0.180000 0.170202 0.540000
v -0.179804 0.170164 0.539397
v -0.179683 0.170063 0.539025
v -0.179683 0.169937 0.539025
v -0.179804 0.169836 0.539397
v -0.180000 0.169798 0.540000
v -0.179566 0.170164 0.539564
v -0.179298 0.170063 0.539295
v -0.179298 0.169937 0.539295
v -0.179566 0.169836 0.539564
v -0.179444 0.170164 0.539847
v -0.179101 0.170063 0.539753
v -0.179101 0.169937 0.539753
v -0.179444 0.169836 0.539847
v -0.179471 0.170164 0.540172
v -0.179144 0.170063 0.540278
v -0.179144 0.169937 0.540278
v -0.179471 0.169836 0.540172
v -0.179640 0.170164 0.540450
v -0.179417 0.170063 0.540728
v -0.179417 0.169937 0.540728
v -0.179640 0.169836 0.540450
v -0.179905 0.170164 0.540608
v -0.179847 0.170063 0.540983
v -0.179847 0.169937 0.540983
v -0.179905 0.169836 0.540608
v -0.180196 0.170164 0.540603
v -0.180317 0.170063 0.540975
v -0.180317 0.169937 0.540975
v -0.180196 0.169836 0.540603
v -0.180434 0.170164 0.540436
v -0.180702 0.170063 0.540705
v -0.180702 0.169937 0.540705
v -0.180434 0.169836 0.540436
v -0.180556 0.170164 0.540152
v -0.180899 0.170063 0.540247
v -0.180899 0.169937 0.540247
v -0.180556 0.169836 0.540152
v -0.180529 0.170164 0.539828
v -0.180856 0.170063 0.539722
v -0.180856 0.169937 0.539722
v -0.180529 0.169836 0.539828
v -0.180360 0.170164 0.539550
v -0.180583 0.170063 0.539272
v -0.180583 0.169937 0.539272
v -0.180360 0.169836 0.539550
v -0.180095 0.170164 0.539392
v -0.180153 0.170063 0.539017
v -0.180153 0.169937 0.539017
v -0.180095 0.169836 0.539392
v 0.180000 0.170202 0.540000
v 0.179804 0.170164 0.539397
v 0.179683 0.170063 0.539025
v 0.179683 0.169937 0.539025
v 0.179804 0.169836 0.539397
v 0.180000 0.169798 0.540000
v 0.180095 0.170164 0.539392
v 0.180153 0.170063 0.539017
v 0.180153 0.169937 0.539017
v 0.180095 0.169836 0.539392
v 0.180360 0.170164 0.539550
v 0.180583 0.170063 0.539272
v 0.180583 0.169937 0.539272
v 0.180360 0.169836 0.539550
v 0.180529 0.170164 0.539828
v 0.180856 0.170063 0.539722
v 0.180856 0.169937 0.539722
v 0.180529 0.169836 0.539828
v 0.180556 0.170164 0.540152
v 0.180899 0.170063 0.540247
v 0.180899 0.169937 0.540247
v 0.180556 0.169836 0.540152
v 0.180434 0.170164 0.540436
v 0.180702 0.170063 0.540705
v 0.180702 0.169937 0.540705
v 0.180434 0.169836 0.540436
v 0.180196 0.170164 0.540603
v 0.180317 0.170063 0.540975
v 0.180317 0.169937 0.540975
v 0.180196 0.169836 0.540603
v 0.179905 0.170164 0.540608
v 0.179847 0.170063 0.540983
v 0.179847 0.169937 0.540983
v 0.179905 0.169836 0.540608
v 0.179640 0.170164 0.540450
v 0.179417 0.170063 0.540728
v 0.179417 0.169937 0.540728
v 0.179640 0.169836 0.540450
v 0.179471 0.170164 0.540172
v 0.179144 0.170063 0.540278
v 0.179144 0.169937 0.540278
v 0.179471 0.169836 0.540172
v 0.179444 0.170164 0.539847
v 0.179101 0.170063 0.539753
v 0.179101 0.169937 0.539753
v 0.179444 0.169836 0.539847
v 0.179566 0.170164 0.539564
v 0.179298 0.170063 0.539295
v 0.179298 0.169937 0.539295
v 0.179566 0.169836 0.539564
v -0.315000 0.172114 0.690000
v -0.315000 0.172081 0.689714
v -0.315000 0.172000 0.689595
v -0.315000 0.171919 0.689714
v -0.315000 0.171886 0.690000
v -0.314868 0.172081 0.689768
v -0.314814 0.172000 0.689673
v -0.314868 0.171919 0.689768
v -0.314787 0.172081 0.689912
v -0.314699 0.172000 0.689875
v -0.314787 0.171919 0.689912
v -0.314787 0.172081 0.690088
v -0.314699 0.172000 0.690125
v -0.314787 0.171919 0.690088
v -0.314868 0.172081 0.690232
v -0.314814 0.172000 0.690327
v -0.314868 0.171919 0.690232
v -0.315000 0.172081 0.690286
v -0.315000 0.172000 0.690405
v -0.315000 0.171919 0.690286
v -0.315132 0.172081 0.690232
v -0.315186 0.172000 0.690327
v -0.315132 0.171919 0.690232
v -0.315213 0.172081 0.690088
v -0.315301 0.172000 0.690125
v -0.315213 0.171919 0.690088
v -0.315213 0.172081 0.689912
v -0.315301 0.172000 0.689875
v -0.315213 0.171919 0.689912
v -0.315132 0.172081 0.689768
v -0.315186 0.172000 0.689673
v -0.315132 0.171919 0.689768
v 0.315000 0.172114 0.690000
v 0.315000 0.172081 0.689714
v 0.315000 0.172000 0.689595
v 0.315000 0.171919 0.689714
v 0.315000 0.171886 0.690000
v 0.315132 0.172081 0.689768
v 0.315186 0.172000 0.689673
v 0.315132 0.171919 0.689768
v 0.315213 0.172081 0.689912
v 0.315301 0.172000 0.689875
v 0.315213 0.171919 0.689912
v 0.315213 0.172081 0.690088
v 0.315301 0.172000 0.690125
v 0.315213 0.171919 0.690088
v 0.315132 0.172081 0.690232
v 0.315186 0.172000 0.690327
v 0.315132 0.171919 0.690232
v 0.315000 0.172081 0.690286
v 0.315000 0.172000 0.690405
v 0.315000 0.171919 0.690286
v 0.314868 0.172081 0.690232
v 0.314814 0.172000 0.690327
v 0.314868 0.171919 0.690232
v 0.314787 0.172081 0.690088
v 0.314699 0.172000 0.690125
v 0.314787 0.171919 0.690088
v 0.314787 0.172081 0.689912
v 0.314699 0.172000 0.689875
v 0.314787 0.171919 0.689912
v 0.314868 0.172081 0.689768
v 0.314814 0.172000 0.689673
v 0.314868 0.171919 0.689768
v -0.205514 0.207947 0.564897
v -0.205514 0.207947 0.564897
v -0.205515 0.207947 0.564897
v -0.205514 0.208053 0.564897
v -0.205514 0.208053 0.564897
v -0.205515 0.208053 0.564897
v -0.205460 0.207947 0.564749
v -0.205461 0.207947 0.564748
v -0.205460 0.207947 0.564748
v -0.205460 0.208053 0.564749
v -0.205460 0.208053 0.564748
v -0.205461 0.208053 0.564748
v -0.204540 0.207947 0.565251
v -0.204539 0.207947 0.565252
v -0.204540 0.207947 0.565252
v -0.204540 0.208053 0.565252
v -0.204540 0.208053 0.565252
v -0.204539 0.208053 0.565252
v -0.204486 0.207947 0.565103
v -0.204486 0.207947 0.565103
v -0.204485 0.207947 0.565103
v -0.204486 0.208053 0.565103
v -0.204485 0.208053 0.565103
v -0.204486 0.208053 0.565103
v 0.204540 0.207947 0.565251
v 0.204540 0.207947 0.565252
v 0.204539 0.207947 0.565252
v 0.204540 0.208053 0.565252
v 0.204540 0.208053 0.565252
v 0.204539 0.208053 0.565252
v 0.204486 0.207947 0.565103
v 0.204485 0.207947 0.565103
v 0.204486 0.207947 0.565103
v 0.204486 0.208053 0.565103
v 0.204486 0.208053 0.565103
v 0.204485 0.208053 0.565103
v 0.205514 0.207947 0.564897
v 0.205515 0.207947 0.564897
v 0.205514 0.207947 0.564897
v 0.205514 0.208053 0.564897
v 0.205514 0.208053 0.564897
v 0.205515 0.208053 0.564897
v 0.205460 0.207947 0.564749
v 0.205460 0.207947 0.564748
v 0.205461 0.207947 0.564748
v 0.205460 0.208053 0.564749
v 0.205461 0.208053 0.564748
v 0.205460 0.208053 0.564748
v -0.059905 0.167930 0.650335
v -0.059904 0.167930 0.650336
v -0.059905 0.167930 0.650335
v -0.059904 0.168070 0.650336
v -0.059905 0.168070 0.650335
v -0.059905 0.168070 0.650335
v -0.060282 0.167930 0.649796
v -0.060283 0.167930 0.649796
v -0.060283 0.167930 0.649795
v -0.060282 0.168070 0.649796
v -0.060283 0.168070 0.649795
v -0.060283 0.168070 0.649796
v -0.059718 0.167930 0.650204
v -0.059717 0.167930 0.650204
v -0.059717 0.167930 0.650205
v -0.059718 0.168070 0.650204
v -0.059717 0.168070 0.650205
v -0.059717 0.168070 0.650204
v -0.060095 0.167930 0.649665
v -0.060096 0.167930 0.649664
v -0.060095 0.167930 0.649665
v -0.060095 0.168070 0.649665
v -0.060095 0.168070 0.649665
v -0.060096 0.168070 0.649664
v 0.059718 0.167930 0.650204
v 0.059717 0.167930 0.650205
v 0.059717 0.167930 0.650204
v 0.059717 0.168070 0.650205
v 0.059718 0.168070 0.650204
v 0.059717 0.168070 0.650204
v 0.060095 0.167930 0.649665
v 0.060095 0.167930 0.649665
v 0.060096 0.167930 0.649664
v 0.060095 0.168070 0.649665
v 0.060096 0.168070 0.649664
v 0.060095 0.168070 0.649665
v 0.059905 0.167930 0.650335
v 0.059905 0.167930 0.650335
v 0.059904 0.167930 0.650336
v 0.059905 0.168070 0.650335
v 0.059904 0.168070 0.650336
v 0.059905 0.168070 0.650335
v 0.060282 0.167930 0.649796
v 0.060283 0.167930 0.649795
v 0.060283 0.167930 0.649796
v 0.060282 0.168070 0.649796
v 0.060283 0.168070 0.649796
v 0.060283 0.168070 0.649795
v -0.001082 0.294804 0.205058
v -0.001082 0.294804 0.205058
v -0.001086 0.294804 0.205058
v -0.001082 0.294953 0.205047
v -0.001082 0.294953 0.205047
v -0.001086 0.294953 0.205047
v -0.001082 0.294797 0.204953
v -0.001086 0.294797 0.204953
v -0.001082 0.294797 0.204953
v -0.001082 0.294946 0.204942
v -0.001082 0.294946 0.204942
v -0.001086 0.294946 0.204942
v 0.001082 0.294804 0.205058
v 0.001086 0.294804 0.205058
v 0.001082 0.294804 0.205058
v 0.001082 0.294953 0.205047
v 0.001082 0.294953 0.205047
v 0.001086 0.294953 0.205047
v 0.001082 0.294797 0.204953
v 0.001082 0.294797 0.204953
v 0.001086 0.294797 0.204953
v 0.001082 0.294946 0.204942
v 0.001086 0.294946 0.204942
v 0.001082 0.294946 0.204942
v -0.000704 0.312841 0.191024
v -0.000704 0.312841 0.191024
v -0.000706 0.312841 0.191024
v -0.000704 0.312912 0.191020
v -0.000704 0.312912 0.191019
v -0.000706 0.312912 0.191019
v -0.000704 0.312838 0.190981
v -0.000706 0.312838 0.190981
v -0.000704 0.312838 0.190981
v -0.000704 0.312909 0.190976
v -0.000704 0.312909 0.190976
v -0.000706 0.312909 0.190976
v 0.000704 0.312841 0.191024
v 0.000706 0.312841 0.191024
v 0.000704 0.312841 0.191024
v 0.000704 0.312912 0.191019
v 0.000704 0.312912 0.191020
v 0.000706 0.312912 0.191019
v 0.000704 0.312838 0.190981
v 0.000704 0.312838 0.190981
v 0.000706 0.312838 0.190981
v 0.000704 0.312909 0.190976
v 0.000706 0.312909 0.190976
v 0.000704 0.312909 0.190976
v -0.001339 0.297054 0.115058
v -0.001339 0.297054 0.115058
v -0.001343 0.297054 0.115058
v -0.001339 0.297203 0.115047
v -0.001339 0.297203 0.115047
v -0.001343 0.297203 0.115047
v -0.001339 0.297047 0.114953
v -0.001343 0.297047 0.114953
v -0.001339 0.297047 0.114953
v -0.001339 0.297196 0.114942
v -0.001339 0.297196 0.114942
v -0.001343 0.297196 0.114942
v 0.001339 0.297054 0.115058
v 0.001343 0.297054 0.115058
v 0.001339 0.297054 0.115058
v 0.001339 0.297203 0.115047
v 0.001339 0.297203 0.115047
v 0.001343 0.297203 0.115047
v 0.001339 0.297047 0.114953
v 0.001339 0.297047 0.114953
v 0.001343 0.297047 0.114953
v 0.001339 0.297196 0.114942
v 0.001343 0.297196 0.114942
v 0.001339 0.297196 0.114942
v -0.000871 0.315091 0.101024
v -0.000871 0.315091 0.101024
v -0.000873 0.315091 0.101024
v -0.000871 0.315162 0.101020
v -0.000871 0.315162 0.101019
v -0.000873 0.315162 0.101019
v -0.000871 0.315088 0.100981
v -0.000873 0.315088 0.100981
v -0.000871 0.315088 0.100981
v -0.000871 0.315159 0.100976
v -0.000871 0.315158 0.100976
v -0.000873 0.315158 0.100976
v 0.000871 0.315091 0.101024
v 0.000873 0.315091 0.101024
v 0.000871 0.315091 0.101024
v 0.000871 0.315162 0.101019
v 0.000871 0.315162 0.101020
v 0.000873 0.315162 0.101019
v 0.000871 0.315088 0.100981
v 0.000871 0.315088 0.100981
v 0.000873 0.315088 0.100981
v 0.000871 0.315159 0.100976
v 0.000873 0.315158 0.100976
v 0.000871 0.315158 0.100976
v -0.001596 0.299304 0.025058
v -0.001596 0.299304 0.025058
v -0.001601 0.299304 0.025058
v -0.001596 0.299453 0.025047
v -0.001596 0.299453 0.025047
v -0.001601 0.299453 0.025047
v -0.001596 0.299297 0.024953
v -0.001601 0.299297 0.024953
v -0.001596 0.299297 0.024953
v -0.001596 0.299446 0.024942
v -0.001596 0.299446 0.024942
v -0.001601 0.299446 0.024942
v 0.001596 0.299304 0.025058
v 0.001601 0.299304 0.025058
v 0.001596 0.299304 0.025058
v 0.001596 0.299453 0.025047
v 0.001596 0.299453 0.025047
v 0.001601 0.299453 0.025047
v 0.001596 0.299297 0.024953
v 0.001596 0.299297 0.024953
v 0.001601 0.299297 0.024953
v 0.001596 0.299446 0.024942
v 0.001601 0.299446 0.024942
v 0.001596 0.299446 0.024942
v -0.001038 0.317341 0.011024
v -0.001038 0.317341 0.011024
v -0.001040 0.317341 0.011024
v -0.001038 0.317412 0.011019
v -0.001038 0.317412 0.011019
v -0.001040 0.317412 0.011019
v -0.001038 0.317338 0.010981
v -0.001040 0.317338 0.010981
v -0.001038 0.317338 0.010981
v -0.001038 0.317409 0.010976
v -0.001038 0.317409 0.010976
v -0.001040 0.317409 0.010976
v 0.001038 0.317341 0.011024
v 0.001040 0.317341 0.011024
v 0.001038 0.317341 0.011024
v 0.001038 0.317412 0.011019
v 0.001038 0.317412 0.011019
v 0.001040 0.317412 0.011019
v 0.001038 0.317338 0.010981
v 0.001038 0.317338 0.010981
v 0.001040 0.317338 0.010981
v 0.001038 0.317409 0.010976
v 0.001040 0.317409 0.010976
v 0.001038 0.317409 0.010976
v -0.001482 0.298304 -0.064942
v -0.001482 0.298304 -0.064942
v -0.001486 0.298304 -0.064942
v -0.001482 0.298453 -0.064953
v -0.001482 0.298453 -0.064953
v -0.001486 0.298453 -0.064953
v -0.001482 0.298297 -0.065047
v -0.001486 0.298297 -0.065047
v -0.001482 0.298297 -0.065047
v -0.001482 0.298446 -0.065058
v -0.001482 0.298446 -0.065058
v -0.001486 0.298446 -0.065058
v 0.001482 0.298304 -0.064942
v 0.001486 0.298304 -0.064942
v 0.001482 0.298304 -0.064942
v 0.001482 0.298453 -0.064953
v 0.001482 0.298453 -0.064953
v 0.001486 0.298453 -0.064953
v 0.001482 0.298297 -0.065047
v 0.001482 0.298297 -0.065047
v 0.001486 0.298297 -0.065047
v 0.001482 0.298446 -0.065058
v 0.001486 0.298446 -0.065058
v 0.001482 0.298446 -0.065058
v -0.000964 0.316341 -0.078976
v -0.000964 0.316341 -0.078976
v -0.000966 0.316341 -0.078976
v -0.000964 0.316412 -0.078981
v -0.000964 0.316412 -0.078981
v -0.000966 0.316412 -0.078981
v -0.000964 0.316338 -0.079019
v -0.000966 0.316338 -0.079019
v -0.000964 0.316338 -0.079020
v -0.000964 0.316409 -0.079024
v -0.000964 0.316408 -0.079024
v -0.000966 0.316408 -0.079024
v 0.000964 0.316341 -0.078976
v 0.000966 0.316341 -0.078976
v 0.000964 0.316341 -0.078976
v 0.000964 0.316412 -0.078981
v 0.000964 0.316412 -0.078981
v 0.000966 0.316412 -0.078981
v 0.000964 0.316338 -0.079019
v 0.000964 0.316338 -0.079020
v 0.000966 0.316338 -0.079019
v 0.000964 0.316409 -0.079024
v 0.000966 0.316408 -0.079024
v 0.000964 0.316408 -0.079024
v -0.001239 0.296179 -0.149942
v -0.001239 0.296179 -0.149942
v -0.001243 0.296179 -0.149942
v -0.001239 0.296328 -0.149953
v -0.001239 0.296328 -0.149953
v -0.001243 0.296328 -0.149953
v -0.001239 0.296172 -0.150047
v -0.001243 0.296172 -0.150047
v -0.001239 0.296172 -0.150047
v -0.001239 0.296321 -0.150058
v -0.001239 0.296321 -0.150058
v -0.001243 0.296321 -0.150058
v 0.001239 0.296179 -0.149942
v 0.001243 0.296179 -0.149942
v 0.001239 0.296179 -0.149942
v 0.001239 0.296328 -0.149953
v 0.001239 0.296328 -0.149953
v 0.001243 0.296328 -0.149953
v 0.001239 0.296172 -0.150047
v 0.001239 0.296172 -0.150047
v 0.001243 0.296172 -0.150047
v 0.001239 0.296321 -0.150058
v 0.001243 0.296321 -0.150058
v 0.001239 0.296321 -0.150058
v -0.000806 0.314216 -0.163976
v -0.000806 0.314216 -0.163976
v -0.000808 0.314216 -0.163976
v -0.000806 0.314287 -0.163980
v -0.000806 0.314287 -0.163981
v -0.000808 0.314287 -0.163981
v -0.000806 0.314213 -0.164019
v -0.000808 0.314213 -0.164019
v -0.000806 0.314213 -0.164019
v -0.000806 0.314284 -0.164024
v -0.000806 0.314283 -0.164024
v -0.000808 0.314283 -0.164024
v 0.000806 0.314216 -0.163976
v 0.000808 0.314216 -0.163976
v 0.000806 0.314216 -0.163976
v 0.000806 0.314287 -0.163981
v 0.000806 0.314287 -0.163980
v 0.000808 0.314287 -0.163981
v 0.000806 0.314213 -0.164019
v 0.000806 0.314213 -0.164019
v 0.000808 0.314213 -0.164019
v 0.000806 0.314284 -0.164024
v 0.000808 0.314283 -0.164024
v 0.000806 0.314283 -0.164024
v 0.094810 0.327611 0.219996
v 0.094796 0.327608 0.220009
v 0.094790 0.327601 0.220014
v 0.094796 0.327593 0.220009
v 0.094810 0.327590 0.219996
v 0.094787 0.327608 0.219991
v 0.094778 0.327601 0.219989
v 0.094787 0.327593 0.219991
v 0.094792 0.327608 0.219976
v 0.094784 0.327600 0.219968
v 0.094792 0.327593 0.219976
v 0.094807 0.327608 0.219972
v 0.094806 0.327600 0.219963
v 0.094807 0.327593 0.219972
v 0.094825 0.327608 0.219983
v 0.094830 0.327601 0.219977
v 0.094825 0.327593 0.219983
v 0.094833 0.327608 0.220000
v 0.094843 0.327600 0.220002
v 0.094833 0.327593 0.220000
v 0.094828 0.327608 0.220016
v 0.094836 0.327601 0.220024
v 0.094828 0.327593 0.220016
v 0.094813 0.327608 0.220019
v 0.094814 0.327601 0.220029
v 0.094813 0.327593 0.220019
v 0.120156 0.328616 -0.126872
v 0.120153 0.328612 -0.126897
v 0.120152 0.328603 -0.126907
v 0.120153 0.328593 -0.126897
v 0.120156 0.328589 -0.126872
v 0.120178 0.328612 -0.126892
v 0.120188 0.328603 -0.126900
v 0.120178 0.328593 -0.126892
v 0.120190 0.328612 -0.126875
v 0.120204 0.328603 -0.126876
v 0.120190 0.328593 -0.126875
v 0.120182 0.328612 -0.126857
v 0.120192 0.328603 -0.126850
v 0.120182 0.328593 -0.126857
v 0.120158 0.328612 -0.126847
v 0.120159 0.328603 -0.126837
v 0.120158 0.328593 -0.126847
v 0.120133 0.328612 -0.126852
v 0.120124 0.328603 -0.126844
v 0.120133 0.328593 -0.126852
v 0.120121 0.328612 -0.126869
v 0.120107 0.328603 -0.126867
v 0.120121 0.328593 -0.126869
v 0.120130 0.328612 -0.126887
v 0.120119 0.328603 -0.126893
v 0.120130 0.328593 -0.126887
v -0.191326 0.331354 0.027858
v -0.191343 0.331351 0.027866
v -0.191350 0.331343 0.027870
v -0.191343 0.331336 0.027866
v -0.191326 0.331333 0.027858
v -0.191346 0.331351 0.027847
v -0.191355 0.331343 0.027843
v -0.191346 0.331336 0.027847
v -0.191338 0.331351 0.027835
v -0.191343 0.331343 0.027825
v -0.191338 0.331336 0.027835
v -0.191323 0.331351 0.027835
v -0.191321 0.331343 0.027826
v -0.191323 0.331336 0.027835
v -0.191309 0.331351 0.027849
v -0.191302 0.331343 0.027846
v -0.191309 0.331336 0.027849
v -0.191306 0.331351 0.027868
v -0.191298 0.331343 0.027873
v -0.191306 0.331336 0.027868
v -0.191314 0.331351 0.027881
v -0.191309 0.331343 0.027891
v -0.191314 0.331336 0.027881
v -0.191330 0.331351 0.027880
v -0.191331 0.331343 0.027890
v -0.191330 0.331336 0.027880
v 0.030560 0.334127 0.141824
v 0.030559 0.334121 0.141789
v 0.030559 0.334107 0.141774
v 0.030559 0.334094 0.141789
v 0.030560 0.334088 0.141824
v 0.030594 0.334121 0.141798
v 0.030608 0.334107 0.141788
v 0.030594 0.334094 0.141798
v 0.030609 0.334121 0.141823
v 0.030629 0.334107 0.141822
v 0.030609 0.334094 0.141823
v 0.030595 0.334121 0.141848
v 0.030610 0.334107 0.141858
v 0.030595 0.334094 0.141848
v 0.030561 0.334121 0.141859
v 0.030561 0.334107 0.141874
v 0.030561 0.334094 0.141859
v 0.030526 0.334121 0.141849
v 0.030512 0.334107 0.141860
v 0.030526 0.334094 0.141849
v 0.030511 0.334121 0.141825
v 0.030491 0.334107 0.141825
v 0.030511 0.334094 0.141825
v 0.030525 0.334121 0.141800
v 0.030511 0.334107 0.141790
v 0.030525 0.334094 0.141800
v 0.207957 0.334369 -0.049256
v 0.207955 0.334366 -0.049238
v 0.207954 0.334359 -0.049231
v 0.207955 0.334352 -0.049238
v 0.207957 0.334349 -0.049256
v 0.207938 0.334366 -0.049246
v 0.207930 0.334359 -0.049242
v 0.207938 0.334352 -0.049246
v 0.207933 0.334366 -0.049259
v 0.207923 0.334359 -0.049260
v 0.207933 0.334352 -0.049259
v 0.207942 0.334366 -0.049270
v 0.207935 0.334359 -0.049276
v 0.207942 0.334352 -0.049270
v 0.207959 0.334366 -0.049273
v 0.207960 0.334359 -0.049280
v 0.207959 0.334352 -0.049273
v 0.207976 0.334366 -0.049266
v 0.207984 0.334359 -0.049270
v 0.207976 0.334352 -0.049266
v 0.207981 0.334366 -0.049252
v 0.207991 0.334359 -0.049251
v 0.207981 0.334352 -0.049252
v 0.207973 0.334366 -0.049241
v 0.207979 0.334359 -0.049235
v 0.207973 0.334352 -0.049241
v -0.111116 0.326429 0.192902
v -0.111150 0.326423 0.192913
v -0.111164 0.326409 0.192918
v -0.111150 0.326395 0.192913
v -0.111116 0.326389 0.192902
v -0.111151 0.326423 0.192876
v -0.111166 0.326409 0.192866
v -0.111151 0.326395 0.192876
v -0.111132 0.326423 0.192854
v -0.111138 0.326409 0.192834
v -0.111132 0.326395 0.192854
v -0.111103 0.326423 0.192860
v -0.111097 0.326409 0.192842
v -0.111103 0.326395 0.192860
v -0.111081 0.326423 0.192890
v -0.111067 0.326409 0.192885
v -0.111081 0.326395 0.192890
v -0.111080 0.326423 0.192927
v -0.111065 0.326409 0.192938
v -0.111080 0.326395 0.192927
v -0.111100 0.326423 0.192949
v -0.111093 0.326409 0.192969
v -0.111100 0.326395 0.192949
v -0.111129 0.326423 0.192944
v -0.111134 0.326409 0.192961
v -0.111129 0.326395 0.192944
v 0.208847 0.336290 -0.061893
v 0.208810 0.336284 -0.061907
v 0.208795 0.336268 -0.061914
v 0.208810 0.336253 -0.061907
v 0.208847 0.336247 -0.061893
v 0.208836 0.336284 -0.061939
v 0.208831 0.336268 -0.061959
v 0.208836 0.336253 -0.061939
v 0.208868 0.336284 -0.061944
v 0.208876 0.336268 -0.061965
v 0.208868 0.336253 -0.061944
v 0.208888 0.336284 -0.061918
v 0.208904 0.336268 -0.061929
v 0.208888 0.336253 -0.061918
v 0.208884 0.336284 -0.061878
v 0.208899 0.336268 -0.061872
v 0.208884 0.336253 -0.061878
v 0.208859 0.336284 -0.061846
v 0.208863 0.336268 -0.061827
v 0.208859 0.336253 -0.061846
v 0.208827 0.336284 -0.061842
v 0.208818 0.336268 -0.061821
v 0.208827 0.336253 -0.061842
v 0.208807 0.336284 -0.061867
v 0.208790 0.336268 -0.061856
v 0.208807 0.336253 -0.061867
v 0.035388 0.335881 -0.101762
v 0.035352 0.335875 -0.101753
v 0.035337 0.335861 -0.101749
v 0.035352 0.335846 -0.101753
v 0.035388 0.335840 -0.101762
v 0.035354 0.335875 -0.101791
v 0.035340 0.335861 -0.101802
v 0.035354 0.335846 -0.101791
v 0.035375 0.335875 -0.101811
v 0.035370 0.335861 -0.101832
v 0.035375 0.335846 -0.101811
v 0.035404 0.335875 -0.101803
v 0.035411 0.335861 -0.101820
v 0.035404 0.335846 -0.101803
v 0.035423 0.335875 -0.101771
v 0.035438 0.335861 -0.101774
v 0.035423 0.335846 -0.101771
v 0.035421 0.335875 -0.101733
v 0.035435 0.335861 -0.101721
v 0.035421 0.335846 -0.101733
v 0.035400 0.335875 -0.101713
v 0.035405 0.335861 -0.101692
v 0.035400 0.335846 -0.101713
v 0.035371 0.335875 -0.101721
v 0.035364 0.335861 -0.101704
v 0.035371 0.335846 -0.101721
v 0.139109 0.327338 0.211670
v 0.139104 0.327335 0.211650
v 0.139101 0.327326 0.211641
v 0.139104 0.327318 0.211650
v 0.139109 0.327315 0.211670
v 0.139125 0.327335 0.211651
v 0.139132 0.327326 0.211642
v 0.139125 0.327318 0.211651
v 0.139137 0.327335 0.211663
v 0.139149 0.327326 0.211660
v 0.139137 0.327318 0.211663
v 0.139133 0.327335 0.211680
v 0.139143 0.327326 0.211683
v 0.139133 0.327318 0.211680
v 0.139114 0.327335 0.211691
v 0.139116 0.327326 0.211699
v 0.139114 0.327318 0.211691
v 0.139092 0.327335 0.211690
v 0.139086 0.327326 0.211698
v 0.139092 0.327318 0.211690
v 0.139080 0.327335 0.211678
v 0.139068 0.327326 0.211681
v 0.139080 0.327318 0.211678
v 0.139085 0.327335 0.211661
v 0.139075 0.327326 0.211657
v 0.139085 0.327318 0.211661
v -0.181702 0.328717 0.189599
v -0.181730 0.328712 0.189587
v -0.181742 0.328700 0.189582
v -0.181730 0.328688 0.189587
v -0.181702 0.328683 0.189599
v -0.181710 0.328712 0.189563
v -0.181713 0.328700 0.189548
v -0.181710 0.328688 0.189563
v -0.181685 0.328712 0.189561
v -0.181677 0.328700 0.189545
v -0.181685 0.328688 0.189561
v -0.181670 0.328712 0.189581
v -0.181657 0.328700 0.189573
v -0.181670 0.328688 0.189581
v -0.181674 0.328712 0.189612
v -0.181663 0.328700 0.189617
v -0.181674 0.328688 0.189612
v -0.181695 0.328712 0.189636
v -0.181692 0.328700 0.189651
v -0.181695 0.328688 0.189636
v -0.181720 0.328712 0.189638
v -0.181727 0.328700 0.189654
v -0.181720 0.328688 0.189638
v -0.181734 0.328712 0.189618
v -0.181747 0.328700 0.189626
v -0.181734 0.328688 0.189618
v -0.088277 0.330108 0.146197
v -0.088311 0.330102 0.146214
v -0.088326 0.330087 0.146222
v -0.088311 0.330072 0.146214
v -0.088277 0.330066 0.146197
v -0.088318 0.330102 0.146176
v -0.088336 0.330087 0.146167
v -0.088318 0.330072 0.146176
v -0.088301 0.330102 0.146149
v -0.088311 0.330087 0.146129
v -0.088301 0.330072 0.146149
v -0.088270 0.330102 0.146151
v -0.088266 0.330087 0.146132
v -0.088270 0.330072 0.146151
v -0.088242 0.330102 0.146180
v -0.088228 0.330087 0.146173
v -0.088242 0.330072 0.146180
v -0.088236 0.330102 0.146219
v -0.088218 0.330087 0.146228
v -0.088236 0.330072 0.146219
v -0.088253 0.330102 0.146245
v -0.088243 0.330087 0.146265
v -0.088253 0.330072 0.146245
v -0.088284 0.330102 0.146243
v -0.088287 0.330087 0.146262
v -0.088284 0.330072 0.146243
v 0.074209 0.335105 0.161545
v 0.074193 0.335102 0.161538
v 0.074186 0.335095 0.161535
v 0.074193 0.335089 0.161538
v 0.074209 0.335086 0.161545
v 0.074204 0.335102 0.161524
v 0.074202 0.335095 0.161515
v 0.074204 0.335089 0.161524
v 0.074218 0.335102 0.161522
v 0.074222 0.335095 0.161512
v 0.074218 0.335089 0.161522
v 0.074227 0.335102 0.161533
v 0.074235 0.335095 0.161528
v 0.074227 0.335088 0.161533
v 0.074226 0.335102 0.161551
v 0.074233 0.335095 0.161554
v 0.074226 0.335089 0.161551
v 0.074214 0.335102 0.161565
v 0.074216 0.335095 0.161574
v 0.074214 0.335089 0.161565
v 0.074200 0.335102 0.161568
v 0.074196 0.335095 0.161577
v 0.074200 0.335089 0.161568
v 0.074191 0.335102 0.161556
v 0.074183 0.335095 0.161561
v 0.074191 0.335089 0.161556
v 0.332876 0.337791 -0.026000
v 0.332861 0.337786 -0.025972
v 0.332855 0.337773 -0.025960
v 0.332861 0.337761 -0.025972
v 0.332876 0.337756 -0.026000
v 0.332838 0.337786 -0.025995
v 0.332822 0.337773 -0.025993
v 0.332838 0.337761 -0.025995
v 0.332837 0.337786 -0.026021
v 0.332821 0.337773 -0.026030
v 0.332837 0.337761 -0.026021
v 0.332859 0.337786 -0.026035
v 0.332852 0.337773 -0.026049
v 0.332859 0.337761 -0.026035
v 0.332891 0.337786 -0.026028
v 0.332897 0.337773 -0.026040
v 0.332891 0.337761 -0.026028
v 0.332914 0.337786 -0.026005
v 0.332930 0.337773 -0.026007
v 0.332914 0.337761 -0.026005
v 0.332915 0.337786 -0.025979
v 0.332931 0.337773 -0.025970
v 0.332915 0.337761 -0.025979
v 0.332893 0.337786 -0.025965
v 0.332900 0.337773 -0.025951
v 0.332893 0.337761 -0.025965
v 0.187680 0.327554 0.138381
v 0.187664 0.327550 0.138366
v 0.187657 0.327542 0.138360
v 0.187664 0.327533 0.138366
v 0.187680 0.327530 0.138381
v 0.187683 0.327550 0.138354
v 0.187684 0.327542 0.138343
v 0.187683 0.327533 0.138354
v 0.187700 0.327550 0.138358
v 0.187709 0.327542 0.138349
v 0.187700 0.327533 0.138358
v 0.187706 0.327550 0.138375
v 0.187717 0.327542 0.138373
v 0.187706 0.327533 0.138375
v 0.187696 0.327550 0.138395
v 0.187703 0.327542 0.138401
v 0.187696 0.327533 0.138395
v 0.187677 0.327550 0.138407
v 0.187676 0.327542 0.138418
v 0.187677 0.327533 0.138407
v 0.187660 0.327550 0.138403
v 0.187651 0.327542 0.138413
v 0.187660 0.327533 0.138403
v 0.187654 0.327550 0.138386
v 0.187643 0.327542 0.138389
v 0.187654 0.327533 0.138386
v -0.196532 0.337378 -0.147164
v -0.196551 0.337374 -0.147154
v -0.196559 0.337366 -0.147149
v -0.196551 0.337357 -0.147154
v -0.196532 0.337354 -0.147164
v -0.196555 0.337374 -0.147176
v -0.196565 0.337366 -0.147180
v -0.196555 0.337357 -0.147176
v -0.196546 0.337374 -0.147191
v -0.196552 0.337366 -0.147202
v -0.196546 0.337357 -0.147191
v -0.196528 0.337374 -0.147190
v -0.196527 0.337366 -0.147201
v -0.196528 0.337357 -0.147190
v -0.196512 0.337374 -0.147174
v -0.196504 0.337366 -0.147178
v -0.196512 0.337357 -0.147174
v -0.196508 0.337374 -0.147152
v -0.196498 0.337366 -0.147147
v -0.196508 0.337357 -0.147152
v -0.196517 0.337374 -0.147137
v -0.196511 0.337366 -0.147126
v -0.196517 0.337357 -0.147137
v -0.196535 0.337374 -0.147138
v -0.196537 0.337366 -0.147127
v -0.196535 0.337357 -0.147138
v -0.070970 0.332764 -0.135819
v -0.070985 0.332761 -0.135834
v -0.070991 0.332753 -0.135840
v -0.070985 0.332745 -0.135834
v -0.070970 0.332741 -0.135819
v -0.070966 0.332761 -0.135844
v -0.070964 0.332753 -0.135854
v -0.070966 0.332745 -0.135844
v -0.070950 0.332761 -0.135839
v -0.070941 0.332753 -0.135847
v -0.070950 0.332745 -0.135839
v -0.070946 0.332761 -0.135823
v -0.070936 0.332753 -0.135824
v -0.070946 0.332745 -0.135823
v -0.070956 0.332761 -0.135804
v -0.070950 0.332753 -0.135798
v -0.070956 0.332745 -0.135804
v -0.070975 0.332761 -0.135795
v -0.070976 0.332753 -0.135784
v -0.070975 0.332745 -0.135795
v -0.070991 0.332761 -0.135799
v -0.070999 0.332753 -0.135791
v -0.070991 0.332745 -0.135799
v -0.070995 0.332761 -0.135815
v -0.071005 0.332753 -0.135814
v -0.070995 0.332745 -0.135815
v 0.041730 0.334664 0.124903
v 0.041695 0.334658 0.124892
v 0.041680 0.334643 0.124887
v 0.041695 0.334629 0.124892
v 0.041730 0.334623 0.124903
v 0.041717 0.334658 0.124860
v 0.041711 0.334643 0.124842
v 0.041717 0.334629 0.124860
v 0.041747 0.334658 0.124854
v 0.041753 0.334643 0.124833
v 0.041747 0.334629 0.124854
v 0.041767 0.334658 0.124877
v 0.041782 0.334643 0.124865
v 0.041767 0.334629 0.124877
v 0.041766 0.334658 0.124915
v 0.041781 0.334643 0.124920
v 0.041766 0.334629 0.124915
v 0.041744 0.334658 0.124947
v 0.041750 0.334643 0.124965
v 0.041744 0.334629 0.124947
v 0.041714 0.334658 0.124953
v 0.041707 0.334643 0.124974
v 0.041714 0.334629 0.124953
v 0.041694 0.334658 0.124930
v 0.041678 0.334643 0.124941
v 0.041694 0.334629 0.124930
v -0.190862 0.332208 -0.169015
v -0.190864 0.332205 -0.169031
v -0.190865 0.332199 -0.169037
v -0.190864 0.332193 -0.169031
v -0.190862 0.332190 -0.169015
v -0.190848 0.332205 -0.169028
v -0.190842 0.332199 -0.169034
v -0.190848 0.332193 -0.169028
v -0.190840 0.332205 -0.169018
v -0.190831 0.332199 -0.169020
v -0.190840 0.332193 -0.169018
v -0.190845 0.332205 -0.169006
v -0.190838 0.332199 -0.169003
v -0.190845 0.332193 -0.169006
v -0.190860 0.332205 -0.168999
v -0.190859 0.332199 -0.168993
v -0.190860 0.332193 -0.168999
v -0.190876 0.332205 -0.169002
v -0.190881 0.332199 -0.168996
v -0.190876 0.332193 -0.169002
v -0.190884 0.332205 -0.169012
v -0.190893 0.332199 -0.169010
v -0.190884 0.332193 -0.169012
v -0.190879 0.332205 -0.169024
v -0.190886 0.332199 -0.169028
v -0.190879 0.332193 -0.169024
v -0.265439 0.340784 -0.020978
v -0.265444 0.340780 -0.021003
v -0.265446 0.340771 -0.021013
v -0.265444 0.340761 -0.021003
v -0.265439 0.340757 -0.020978
v -0.265418 0.340780 -0.021000
v -0.265410 0.340771 -0.021010
v -0.265418 0.340761 -0.021000
v -0.265405 0.340780 -0.020985
v -0.265391 0.340771 -0.020988
v -0.265405 0.340761 -0.020985
v -0.265411 0.340780 -0.020966
v -0.265400 0.340771 -0.020961
v -0.265411 0.340761 -0.020966
v -0.265434 0.340780 -0.020954
v -0.265432 0.340771 -0.020944
v -0.265434 0.340761 -0.020954
v -0.265459 0.340780 -0.020956
v -0.265467 0.340771 -0.020947
v -0.265459 0.340761 -0.020956
v -0.265472 0.340780 -0.020972
v -0.265486 0.340771 -0.020969
v -0.265472 0.340761 -0.020972
v -0.265466 0.340780 -0.020991
v -0.265477 0.340771 -0.020996
v -0.265466 0.340761 -0.020991
v -0.080499 0.332475 -0.168449
v -0.080516 0.332469 -0.168413
v -0.080523 0.332454 -0.168398
v -0.080516 0.332438 -0.168413
v -0.080499 0.332432 -0.168449
v -0.080546 0.332469 -0.168440
v -0.080565 0.332454 -0.168436
v -0.080546 0.332438 -0.168440
v -0.080549 0.332469 -0.168472
v -0.080569 0.332454 -0.168481
v -0.080549 0.332438 -0.168472
v -0.080522 0.332469 -0.168490
v -0.080532 0.332454 -0.168508
v -0.080522 0.332438 -0.168490
v -0.080482 0.332469 -0.168484
v -0.080475 0.332454 -0.168499
v -0.080482 0.332438 -0.168484
v -0.080452 0.332469 -0.168457
v -0.080432 0.332454 -0.168461
v -0.080452 0.332438 -0.168457
v -0.080449 0.332469 -0.168425
v -0.080429 0.332454 -0.168416
v -0.080449 0.332438 -0.168425
v -0.080476 0.332469 -0.168407
v -0.080466 0.332454 -0.168389
v -0.080476 0.332438 -0.168407
v -0.332193 0.338156 -0.058289
v -0.332214 0.338151 -0.058307
v -0.332222 0.338140 -0.058315
v -0.332214 0.338130 -0.058307
v -0.332193 0.338125 -0.058289
v -0.332189 0.338151 -0.058322
v -0.332188 0.338140 -0.058336
v -0.332189 0.338130 -0.058322
v -0.332167 0.338151 -0.058318
v -0.332156 0.338140 -0.058329
v -0.332167 0.338130 -0.058318
v -0.332160 0.338151 -0.058296
v -0.332146 0.338140 -0.058299
v -0.332160 0.338130 -0.058296
v -0.332172 0.338151 -0.058270
v -0.332164 0.338140 -0.058262
v -0.332172 0.338130 -0.058270
v -0.332197 0.338151 -0.058255
v -0.332198 0.338140 -0.058241
v -0.332197 0.338130 -0.058255
v -0.332219 0.338151 -0.058260
v -0.332230 0.338140 -0.058248
v -0.332219 0.338130 -0.058260
v -0.332226 0.338151 -0.058282
v -0.332240 0.338140 -0.058279
v -0.332226 0.338130 -0.058282
v 0.095854 0.330743 0.185379
v 0.095850 0.330739 0.185405
v 0.095849 0.330729 0.185415
v 0.095850 0.330719 0.185405
v 0.095854 0.330715 0.185379
v 0.095826 0.330739 0.185393
v 0.095815 0.330729 0.185399
v 0.095826 0.330719 0.185393
v 0.095819 0.330739 0.185374
v 0.095804 0.330729 0.185372
v 0.095819 0.330719 0.185374
v 0.095832 0.330739 0.185358
v 0.095822 0.330729 0.185349
v 0.095832 0.330719 0.185358
v 0.095858 0.330739 0.185354
v 0.095859 0.330729 0.185343
v 0.095858 0.330719 0.185354
v 0.095882 0.330739 0.185365
v 0.095893 0.330729 0.185359
v 0.095882 0.330719 0.185365
v 0.095889 0.330739 0.185384
v 0.095904 0.330729 0.185386
v 0.095889 0.330719 0.185384
v 0.095876 0.330739 0.185401
v 0.095886 0.330729 0.185410
v 0.095876 0.330719 0.185401
v 0.255580 0.333654 0.124644
v 0.255575 0.333652 0.124662
v 0.255573 0.333644 0.124669
v 0.255575 0.333637 0.124662
v 0.255580 0.333634 0.124644
v 0.255559 0.333652 0.124652
v 0.255551 0.333644 0.124655
v 0.255559 0.333637 0.124652
v 0.255556 0.333652 0.124638
v 0.255546 0.333644 0.124635
v 0.255556 0.333637 0.124638
v 0.255566 0.333652 0.124627
v 0.255561 0.333644 0.124620
v 0.255566 0.333637 0.124627
v 0.255585 0.333652 0.124627
v 0.255587 0.333644 0.124620
v 0.255585 0.333637 0.124627
v 0.255601 0.333652 0.124637
v 0.255609 0.333644 0.124634
v 0.255601 0.333637 0.124637
v 0.255604 0.333652 0.124651
v 0.255614 0.333644 0.124654
v 0.255604 0.333637 0.124651
v 0.255594 0.333652 0.124662
v 0.255599 0.333644 0.124669
v 0.255594 0.333637 0.124662
v 0.251953 0.335812 0.110622
v 0.251939 0.335807 0.110596
v 0.251933 0.335796 0.110585
v 0.251939 0.335784 0.110596
v 0.251953 0.335779 0.110622
v 0.251969 0.335807 0.110590
v 0.251976 0.335796 0.110577
v 0.251969 0.335784 0.110590
v 0.251989 0.335807 0.110603
v 0.252005 0.335796 0.110595
v 0.251989 0.335784 0.110603
v 0.251988 0.335807 0.110627
v 0.252003 0.335796 0.110629
v 0.251988 0.335784 0.110627
v 0.251966 0.335807 0.110649
v 0.251972 0.335796 0.110659
v 0.251966 0.335784 0.110649
v 0.251936 0.335807 0.110654
v 0.251930 0.335796 0.110668
v 0.251936 0.335784 0.110654
v 0.251916 0.335807 0.110641
v 0.251901 0.335796 0.110649
v 0.251916 0.335784 0.110641
v 0.251917 0.335807 0.110617
v 0.251902 0.335796 0.110615
v 0.251917 0.335784 0.110617
v 0.178507 0.340860 0.014248
v 0.178507 0.340856 0.014221
v 0.178507 0.340845 0.014209
v 0.178507 0.340834 0.014221
v 0.178507 0.340830 0.014248
v 0.178535 0.340856 0.014229
v 0.178546 0.340845 0.014221
v 0.178535 0.340834 0.014229
v 0.178546 0.340856 0.014248
v 0.178562 0.340845 0.014248
v 0.178546 0.340834 0.014248
v 0.178535 0.340856 0.014268
v 0.178546 0.340845 0.014276
v 0.178535 0.340834 0.014268
v 0.178507 0.340856 0.014276
v 0.178507 0.340845 0.014288
v 0.178507 0.340834 0.014276
v 0.178480 0.340856 0.014268
v 0.178469 0.340845 0.014276
v 0.178480 0.340834 0.014268
v 0.178469 0.340856 0.014248
v 0.178453 0.340845 0.014248
v 0.178469 0.340834 0.014248
v 0.178480 0.340856 0.014229
v 0.178469 0.340845 0.014221
v 0.178480 0.340834 0.014229
v -0.119574 0.335392 0.222209
v -0.119593 0.335386 0.222241
v -0.119600 0.335372 0.222255
v -0.119593 0.335357 0.222241
v -0.119574 0.335351 0.222209
v -0.119619 0.335386 0.222214
v -0.119637 0.335372 0.222215
v -0.119619 0.335357 0.222214
v -0.119618 0.335386 0.222183
v -0.119637 0.335372 0.222173
v -0.119618 0.335357 0.222183
v -0.119592 0.335386 0.222168
v -0.119600 0.335372 0.222151
v -0.119592 0.335357 0.222168
v -0.119555 0.335386 0.222177
v -0.119547 0.335372 0.222164
v -0.119555 0.335357 0.222177
v -0.119529 0.335386 0.222205
v -0.119511 0.335372 0.222203
v -0.119529 0.335357 0.222205
v -0.119529 0.335386 0.222235
v -0.119511 0.335372 0.222246
v -0.119529 0.335357 0.222235
v -0.119556 0.335386 0.222250
v -0.119548 0.335372 0.222267
v -0.119556 0.335357 0.222250
v -0.130890 0.335318 0.206830
v -0.130901 0.335312 0.206792
v -0.130905 0.335297 0.206777
v -0.130901 0.335282 0.206792
v -0.130890 0.335276 0.206830
v -0.130861 0.335312 0.206793
v -0.130849 0.335297 0.206778
v -0.130861 0.335282 0.206793
v -0.130838 0.335312 0.206816
v -0.130817 0.335297 0.206810
v -0.130838 0.335282 0.206816
v -0.130846 0.335312 0.206846
v -0.130828 0.335297 0.206853
v -0.130846 0.335282 0.206846
v -0.130880 0.335312 0.206867
v -0.130876 0.335297 0.206883
v -0.130880 0.335282 0.206867
v -0.130920 0.335312 0.206867
v -0.130932 0.335297 0.206882
v -0.130920 0.335282 0.206867
v -0.130942 0.335312 0.206844
v -0.130964 0.335297 0.206850
v -0.130942 0.335282 0.206844
v -0.130935 0.335312 0.206814
v -0.130953 0.335297 0.206807
v -0.130935 0.335282 0.206814
v -0.009526 0.334065 0.202315
v -0.009540 0.334059 0.202284
v -0.009545 0.334046 0.202271
v -0.009540 0.334033 0.202284
v -0.009526 0.334028 0.202315
v -0.009505 0.334059 0.202280
v -0.009496 0.334046 0.202265
v -0.009505 0.334033 0.202280
v -0.009483 0.334059 0.202296
v -0.009465 0.334046 0.202289
v -0.009483 0.334033 0.202296
v -0.009486 0.334059 0.202324
v -0.009470 0.334046 0.202328
v -0.009486 0.334033 0.202324
v -0.009513 0.334059 0.202346
v -0.009508 0.334046 0.202359
v -0.009513 0.334033 0.202346
v -0.009548 0.334059 0.202350
v -0.009557 0.334046 0.202365
v -0.009548 0.334033 0.202350
v -0.009570 0.334059 0.202334
v -0.009588 0.334046 0.202341
v -0.009570 0.334033 0.202334
v -0.009567 0.334059 0.202306
v -0.009583 0.334046 0.202302
v -0.009567 0.334033 0.202306
v -0.016808 0.334848 0.010079
v -0.016844 0.334842 0.010070
v -0.016859 0.334828 0.010066
v -0.016844 0.334814 0.010070
v -0.016808 0.334808 0.010079
v -0.016825 0.334842 0.010037
v -0.016832 0.334828 0.010020
v -0.016825 0.334814 0.010037
v -0.016796 0.334842 0.010029
v -0.016791 0.334828 0.010008
v -0.016796 0.334814 0.010029
v -0.016774 0.334842 0.010050
v -0.016760 0.334828 0.010038
v -0.016774 0.334814 0.010050
v -0.016772 0.334842 0.010087
v -0.016757 0.334828 0.010091
v -0.016772 0.334814 0.010087
v -0.016791 0.334842 0.010120
v -0.016784 0.334828 0.010137
v -0.016791 0.334814 0.010120
v -0.016820 0.334842 0.010128
v -0.016825 0.334828 0.010149
v -0.016820 0.334814 0.010128
v -0.016842 0.334842 0.010108
v -0.016856 0.334828 0.010120
v -0.016842 0.334814 0.010108
v -0.195977 0.340270 0.014282
v -0.195993 0.340267 0.014271
v -0.195999 0.340259 0.014267
v -0.195993 0.340252 0.014271
v -0.195977 0.340249 0.014282
v -0.195978 0.340267 0.014259
v -0.195978 0.340259 0.014249
v -0.195978 0.340252 0.014259
v -0.195963 0.340267 0.014260
v -0.195957 0.340259 0.014251
v -0.195963 0.340252 0.014260
v -0.195956 0.340267 0.014274
v -0.195947 0.340259 0.014270
v -0.195956 0.340252 0.014274
v -0.195962 0.340267 0.014292
v -0.195955 0.340259 0.014296
v -0.195962 0.340252 0.014292
v -0.195976 0.340267 0.014304
v -0.195976 0.340259 0.014314
v -0.195976 0.340252 0.014304
v -0.195992 0.340267 0.014303
v -0.195998 0.340259 0.014312
v -0.195992 0.340252 0.014303
v -0.195999 0.340267 0.014290
v -0.196007 0.340259 0.014293
v -0.195999 0.340252 0.014289
v 0.336702 0.336224 -0.029951
v 0.336691 0.336220 -0.029977
v 0.336687 0.336209 -0.029987
v 0.336691 0.336198 -0.029977
v 0.336702 0.336194 -0.029951
v 0.336719 0.336220 -0.029979
v 0.336727 0.336209 -0.029991
v 0.336719 0.336198 -0.029979
v 0.336737 0.336220 -0.029965
v 0.336751 0.336209 -0.029971
v 0.336737 0.336198 -0.029965
v 0.336734 0.336220 -0.029943
v 0.336747 0.336209 -0.029940
v 0.336734 0.336198 -0.029943
v 0.336712 0.336220 -0.029926
v 0.336716 0.336209 -0.029915
v 0.336712 0.336198 -0.029926
v 0.336684 0.336220 -0.029923
v 0.336676 0.336209 -0.029912
v 0.336684 0.336198 -0.029923
v 0.336666 0.336220 -0.029937
v 0.336652 0.336209 -0.029931
v 0.336666 0.336198 -0.029937
v 0.336669 0.336220 -0.029959
v 0.336656 0.336209 -0.029963
v 0.336669 0.336198 -0.029959
v -0.187206 0.335754 0.094766
v -0.187218 0.335751 0.094751
v -0.187224 0.335743 0.094744
v -0.187218 0.335735 0.094751
v -0.187206 0.335732 0.094766
v -0.187200 0.335751 0.094743
v -0.187197 0.335743 0.094733
v -0.187200 0.335735 0.094743
v -0.187185 0.335750 0.094748
v -0.187176 0.335743 0.094741
v -0.187185 0.335735 0.094748
v -0.187182 0.335751 0.094764
v -0.187172 0.335743 0.094763
v -0.187182 0.335735 0.094764
v -0.187193 0.335750 0.094781
v -0.187188 0.335743 0.094787
v -0.187193 0.335735 0.094781
v -0.187212 0.335751 0.094789
v -0.187214 0.335743 0.094798
v -0.187212 0.335735 0.094789
v -0.187227 0.335750 0.094783
v -0.187235 0.335743 0.094790
v -0.187227 0.335735 0.094783
v -0.187229 0.335751 0.094767
v -0.187239 0.335743 0.094768
v -0.187229 0.335735 0.094767
v -0.291725 0.333983 -0.022441
v -0.291741 0.333977 -0.022407
v -0.291748 0.333962 -0.022393
v -0.291741 0.333947 -0.022407
v -0.291725 0.333941 -0.022441
v -0.291770 0.333977 -0.022433
v -0.291788 0.333962 -0.022429
v -0.291770 0.333947 -0.022433
v -0.291772 0.333977 -0.022464
v -0.291792 0.333962 -0.022473
v -0.291772 0.333947 -0.022464
v -0.291747 0.333977 -0.022481
v -0.291756 0.333962 -0.022498
v -0.291747 0.333947 -0.022481
v -0.291709 0.333977 -0.022475
v -0.291702 0.333962 -0.022490
v -0.291709 0.333947 -0.022475
v -0.291680 0.333977 -0.022450
v -0.291661 0.333962 -0.022453
v -0.291680 0.333947 -0.022450
v -0.291677 0.333977 -0.022419
v -0.291658 0.333962 -0.022410
v -0.291677 0.333947 -0.022419
v -0.291703 0.333977 -0.022401
v -0.291693 0.333962 -0.022385
v -0.291703 0.333947 -0.022401
v -0.291817 0.335320 0.134798
v -0.291825 0.335317 0.134781
v -0.291828 0.335310 0.134773
v -0.291825 0.335302 0.134781
v -0.291817 0.335299 0.134798
v -0.291805 0.335317 0.134778
v -0.291800 0.335310 0.134770
v -0.291805 0.335302 0.134778
v -0.291793 0.335317 0.134787
v -0.291782 0.335310 0.134783
v -0.291793 0.335302 0.134787
v -0.291794 0.335317 0.134803
v -0.291785 0.335310 0.134805
v -0.291794 0.335302 0.134803
v -0.291809 0.335317 0.134816
v -0.291806 0.335310 0.134823
v -0.291809 0.335302 0.134816
v -0.291829 0.335317 0.134818
v -0.291834 0.335310 0.134826
v -0.291829 0.335302 0.134818
v -0.291841 0.335317 0.134809
v -0.291852 0.335310 0.134813
v -0.291841 0.335302 0.134809
v -0.291840 0.335317 0.134793
v -0.291849 0.335310 0.134791
v -0.291840 0.335302 0.134793
v 0.296150 0.337636 0.001583
v 0.296130 0.337630 0.001611
v 0.296122 0.337617 0.001623
v 0.296130 0.337603 0.001611
v 0.296150 0.337598 0.001583
v 0.296108 0.337630 0.001584
v 0.296091 0.337617 0.001584
v 0.296108 0.337603 0.001584
v 0.296110 0.337630 0.001555
v 0.296094 0.337617 0.001544
v 0.296110 0.337603 0.001555
v 0.296136 0.337630 0.001543
v 0.296130 0.337617 0.001527
v 0.296136 0.337603 0.001543
v 0.296169 0.337630 0.001554
v 0.296177 0.337617 0.001543
v 0.296169 0.337603 0.001554
v 0.296191 0.337630 0.001582
v 0.296209 0.337617 0.001582
v 0.296191 0.337603 0.001582
v 0.296189 0.337630 0.001610
v 0.296205 0.337617 0.001621
v 0.296189 0.337603 0.001610
v 0.296164 0.337630 0.001622
v 0.296169 0.337617 0.001638
v 0.296164 0.337603 0.001622
v -0.210521 0.330493 0.191228
v -0.210546 0.330489 0.191225
v -0.210556 0.330480 0.191224
v -0.210546 0.330470 0.191225
v -0.210521 0.330466 0.191228
v -0.210536 0.330489 0.191202
v -0.210542 0.330480 0.191191
v -0.210536 0.330470 0.191202
v -0.210518 0.330489 0.191193
v -0.210516 0.330480 0.191179
v -0.210518 0.330470 0.191193
v -0.210501 0.330489 0.191205
v -0.210493 0.330480 0.191196
v -0.210501 0.330470 0.191205
v -0.210497 0.330489 0.191230
v -0.210486 0.330480 0.191231
v -0.210497 0.330470 0.191230
v -0.210506 0.330489 0.191254
v -0.210500 0.330480 0.191265
v -0.210506 0.330470 0.191254
v -0.210525 0.330489 0.191262
v -0.210526 0.330480 0.191276
v -0.210525 0.330470 0.191262
v -0.210541 0.330489 0.191250
v -0.210550 0.330480 0.191259
v -0.210541 0.330470 0.191250
v 0.155772 0.342442 -0.039346
v 0.155756 0.342439 -0.039351
v 0.155750 0.342433 -0.039353
v 0.155756 0.342427 -0.039351
v 0.155772 0.342424 -0.039346
v 0.155765 0.342439 -0.039364
v 0.155763 0.342433 -0.039372
v 0.155765 0.342427 -0.039364
v 0.155778 0.342439 -0.039367
v 0.155781 0.342433 -0.039376
v 0.155778 0.342427 -0.039367
v 0.155787 0.342439 -0.039357
v 0.155794 0.342433 -0.039362
v 0.155787 0.342427 -0.039357
v 0.155787 0.342439 -0.039341
v 0.155793 0.342433 -0.039339
v 0.155787 0.342427 -0.039341
v 0.155778 0.342439 -0.039327
v 0.155780 0.342433 -0.039320
v 0.155778 0.342427 -0.039327
v 0.155765 0.342439 -0.039325
v 0.155762 0.342433 -0.039316
v 0.155765 0.342427 -0.039325
v 0.155756 0.342439 -0.039334
v 0.155750 0.342433 -0.039329
v 0.155756 0.342427 -0.039334
v -0.109274 0.330981 -0.114669
v -0.109293 0.330978 -0.114672
v -0.109300 0.330970 -0.114673
v -0.109293 0.330963 -0.114672
v -0.109274 0.330960 -0.114669
v -0.109284 0.330978 -0.114689
v -0.109288 0.330970 -0.114697
v -0.109284 0.330963 -0.114689
v -0.109270 0.330978 -0.114694
v -0.109268 0.330970 -0.114705
v -0.109270 0.330963 -0.114694
v -0.109258 0.330978 -0.114685
v -0.109252 0.330970 -0.114691
v -0.109258 0.330963 -0.114685
v -0.109256 0.330978 -0.114666
v -0.109248 0.330970 -0.114665
v -0.109256 0.330963 -0.114666
v -0.109264 0.330978 -0.114649
v -0.109260 0.330970 -0.114641
v -0.109264 0.330963 -0.114649
v -0.109278 0.330978 -0.114644
v -0.109280 0.330970 -0.114633
v -0.109278 0.330963 -0.114644
v -0.109290 0.330978 -0.114653
v -0.109297 0.330970 -0.114647
v -0.109290 0.330963 -0.114653
v -0.053120 0.330868 0.118582
v -0.053158 0.330862 0.118575
v -0.053174 0.330847 0.118572
v -0.053158 0.330832 0.118575
v -0.053120 0.330826 0.118582
v -0.053140 0.330862 0.118540
v -0.053149 0.330847 0.118523
v -0.053140 0.330832 0.118540
v -0.053111 0.330862 0.118530
v -0.053107 0.330847 0.118508
v -0.053111 0.330832 0.118530
v -0.053087 0.330862 0.118550
v -0.053073 0.330847 0.118536
v -0.053087 0.330832 0.118550
v -0.053083 0.330862 0.118589
v -0.053067 0.330847 0.118592
v -0.053083 0.330832 0.118589
v -0.053101 0.330862 0.118624
v -0.053092 0.330847 0.118641
v -0.053101 0.330832 0.118624
v -0.053130 0.330862 0.118634
v -0.053134 0.330847 0.118656
v -0.053130 0.330832 0.118634
v -0.053154 0.330862 0.118614
v -0.053168 0.330847 0.118627
v -0.053154 0.330832 0.118614
v 0.245717 0.332284 0.009870
v 0.245698 0.332277 0.009905
v 0.245689 0.332262 0.009919
v 0.245698 0.332246 0.009905
v 0.245717 0.332239 0.009870
v 0.245669 0.332277 0.009875
v 0.245649 0.332262 0.009877
v 0.245669 0.332246 0.009875
v 0.245669 0.332277 0.009842
v 0.245649 0.332262 0.009831
v 0.245669 0.332246 0.009842
v 0.245697 0.332277 0.009826
v 0.245689 0.332262 0.009807
v 0.245697 0.332246 0.009826
v 0.245737 0.332277 0.009835
v 0.245745 0.332262 0.009820
v 0.245737 0.332246 0.009835
v 0.245766 0.332277 0.009865
v 0.245786 0.332262 0.009862
v 0.245766 0.332246 0.009865
v 0.245766 0.332277 0.009897
v 0.245786 0.332262 0.009909
v 0.245766 0.332246 0.009897
v 0.245738 0.332277 0.009914
v 0.245746 0.332262 0.009933
v 0.245738 0.332246 0.009914
v 0.318917 0.337275 -0.140547
v 0.318900 0.337272 -0.140548
v 0.318892 0.337265 -0.140548
v 0.318900 0.337258 -0.140548
v 0.318917 0.337255 -0.140547
v 0.318906 0.337272 -0.140565
v 0.318901 0.337265 -0.140572
v 0.318906 0.337258 -0.140565
v 0.318919 0.337272 -0.140572
v 0.318919 0.337265 -0.140582
v 0.318919 0.337258 -0.140572
v 0.318931 0.337272 -0.140564
v 0.318936 0.337265 -0.140571
v 0.318931 0.337258 -0.140564
v 0.318935 0.337272 -0.140546
v 0.318943 0.337265 -0.140546
v 0.318935 0.337258 -0.140546
v 0.318929 0.337272 -0.140529
v 0.318934 0.337265 -0.140521
v 0.318929 0.337258 -0.140529
v 0.318916 0.337272 -0.140522
v 0.318916 0.337265 -0.140512
v 0.318916 0.337258 -0.140522
v 0.318904 0.337272 -0.140530
v 0.318898 0.337265 -0.140523
v 0.318904 0.337258 -0.140530
v -0.194652 0.330281 0.069584
v -0.194653 0.330277 0.069607
v -0.194653 0.330268 0.069617
v -0.194653 0.330259 0.069607
v -0.194652 0.330255 0.069584
v -0.194676 0.330277 0.069599
v -0.194686 0.330268 0.069606
v -0.194676 0.330259 0.069600
v -0.194685 0.330277 0.069582
v -0.194698 0.330268 0.069582
v -0.194685 0.330259 0.069582
v -0.194674 0.330277 0.069566
v -0.194684 0.330268 0.069559
v -0.194674 0.330259 0.069566
v -0.194651 0.330277 0.069560
v -0.194650 0.330268 0.069550
v -0.194651 0.330259 0.069560
v -0.194628 0.330277 0.069568
v -0.194618 0.330268 0.069562
v -0.194628 0.330259 0.069568
v -0.194619 0.330277 0.069585
v -0.194605 0.330268 0.069586
v -0.194619 0.330259 0.069585
v -0.194629 0.330277 0.069602
v -0.194620 0.330268 0.069609
v -0.194629 0.330259 0.069602
v -0.159662 0.334547 -0.083628
v -0.159665 0.334543 -0.083604
v -0.159667 0.334533 -0.083593
v -0.159665 0.334523 -0.083604
v -0.159662 0.334519 -0.083628
v -0.159688 0.334543 -0.083614
v -0.159699 0.334533 -0.083608
v -0.159688 0.334523 -0.083614
v -0.159696 0.334543 -0.083633
v -0.159710 0.334533 -0.083635
v -0.159696 0.334523 -0.083633
v -0.159684 0.334543 -0.083649
v -0.159693 0.334533 -0.083657
v -0.159684 0.334523 -0.083649
v -0.159659 0.334543 -0.083653
v -0.159657 0.334533 -0.083663
v -0.159659 0.334523 -0.083653
v -0.159635 0.334543 -0.083642
v -0.159624 0.334533 -0.083648
v -0.159635 0.334523 -0.083642
v -0.159628 0.334543 -0.083624
v -0.159614 0.334533 -0.083622
v -0.159628 0.334523 -0.083624
v -0.159640 0.334543 -0.083608
v -0.159631 0.334533 -0.083599
v -0.159640 0.334523 -0.083608
v 0.336887 0.340361 0.007693
v 0.336873 0.340358 0.007682
v 0.336867 0.340352 0.007678
v 0.336873 0.340345 0.007682
v 0.336887 0.340342 0.007693
v 0.336888 0.340358 0.007671
v 0.336888 0.340352 0.007663
v 0.336888 0.340345 0.007671
v 0.336902 0.340358 0.007673
v 0.336908 0.340352 0.007665
v 0.336902 0.340345 0.007673
v 0.336908 0.340358 0.007686
v 0.336916 0.340352 0.007684
v 0.336908 0.340345 0.007686
v 0.336902 0.340358 0.007703
v 0.336907 0.340352 0.007708
v 0.336902 0.340345 0.007703
v 0.336887 0.340358 0.007714
v 0.336887 0.340352 0.007723
v 0.336887 0.340345 0.007714
v 0.336873 0.340358 0.007712
v 0.336867 0.340352 0.007720
v 0.336873 0.340345 0.007712
v 0.336867 0.340358 0.007699
v 0.336859 0.340352 0.007702
v 0.336867 0.340345 0.007699
v 0.318722 0.338466 -0.001672
v 0.318716 0.338461 -0.001705
v 0.318714 0.338448 -0.001719
v 0.318716 0.338435 -0.001705
v 0.318722 0.338429 -0.001672
v 0.318751 0.338461 -0.001701
v 0.318762 0.338448 -0.001713
v 0.318751 0.338435 -0.001701
v 0.318768 0.338461 -0.001680
v 0.318787 0.338448 -0.001684
v 0.318768 0.338435 -0.001680
v 0.318759 0.338461 -0.001655
v 0.318774 0.338448 -0.001647
v 0.318759 0.338435 -0.001655
v 0.318728 0.338461 -0.001639
v 0.318731 0.338448 -0.001625
v 0.318728 0.338435 -0.001639
v 0.318694 0.338461 -0.001643
v 0.318683 0.338448 -0.001631
v 0.318694 0.338435 -0.001643
v 0.318677 0.338461 -0.001664
v 0.318658 0.338448 -0.001660
v 0.318677 0.338435 -0.001664
v 0.318686 0.338461 -0.001690
v 0.318671 0.338448 -0.001697
v 0.318686 0.338435 -0.001690
v 0.057241 0.341232 0.028860
v 0.057239 0.341229 0.028877
v 0.057238 0.341223 0.028885
v 0.057239 0.341216 0.028877
v 0.057241 0.341213 0.028860
v 0.057222 0.341229 0.028870
v 0.057214 0.341223 0.028874
v 0.057222 0.341216 0.028870
v 0.057216 0.341229 0.028857
v 0.057206 0.341223 0.028856
v 0.057216 0.341216 0.028857
v 0.057225 0.341229 0.028845
v 0.057219 0.341223 0.028839
v 0.057225 0.341216 0.028845
v 0.057243 0.341229 0.028842
v 0.057244 0.341223 0.028835
v 0.057243 0.341216 0.028842
v 0.057260 0.341229 0.028850
v 0.057267 0.341223 0.028845
v 0.057260 0.341216 0.028850
v 0.057265 0.341229 0.028863
v 0.057275 0.341223 0.028864
v 0.057265 0.341216 0.028863
v 0.057256 0.341229 0.028874
v 0.057263 0.341223 0.028880
v 0.057256 0.341216 0.028874
v -0.285524 0.333709 0.155670
v -0.285545 0.333704 0.155647
v -0.285554 0.333692 0.155637
v -0.285545 0.333680 0.155647
v -0.285524 0.333675 0.155670
v -0.285516 0.333704 0.155633
v -0.285513 0.333692 0.155617
v -0.285516 0.333680 0.155633
v -0.285492 0.333704 0.155640
v -0.285478 0.333692 0.155628
v -0.285492 0.333680 0.155640
v -0.285486 0.333704 0.155666
v -0.285470 0.333692 0.155664
v -0.285486 0.333680 0.155666
v -0.285503 0.333704 0.155693
v -0.285494 0.333692 0.155703
v -0.285503 0.333680 0.155693
v -0.285532 0.333704 0.155707
v -0.285535 0.333692 0.155723
v -0.285532 0.333680 0.155707
v -0.285557 0.333704 0.155700
v -0.285570 0.333692 0.155712
v -0.285557 0.333680 0.155700
v -0.285562 0.333704 0.155674
v -0.285578 0.333692 0.155676
v -0.285562 0.333680 0.155674
v -0.258477 0.330557 -0.126115
v -0.258504 0.330552 -0.126104
v -0.258516 0.330541 -0.126100
v -0.258504 0.330529 -0.126104
v -0.258477 0.330524 -0.126115
v -0.258507 0.330552 -0.126134
v -0.258519 0.330541 -0.126142
v -0.258507 0.330529 -0.126134
v -0.258492 0.330552 -0.126153
v -0.258498 0.330541 -0.126169
v -0.258492 0.330529 -0.126153
v -0.258468 0.330552 -0.126149
v -0.258465 0.330541 -0.126164
v -0.258468 0.330529 -0.126149
v -0.258450 0.330552 -0.126126
v -0.258438 0.330541 -0.126130
v -0.258450 0.330529 -0.126126
v -0.258447 0.330552 -0.126096
v -0.258435 0.330541 -0.126088
v -0.258447 0.330529 -0.126096
v -0.258462 0.330552 -0.126077
v -0.258456 0.330541 -0.126061
v -0.258462 0.330529 -0.126077
v -0.258486 0.330552 -0.126080
v -0.258489 0.330541 -0.126066
v -0.258486 0.330529 -0.126080
v -0.054927 0.338173 -0.003469
v -0.054950 0.338167 -0.003500
v -0.054960 0.338152 -0.003513
v -0.054950 0.338137 -0.003500
v -0.054927 0.338131 -0.003469
v -0.054913 0.338167 -0.003513
v -0.054907 0.338152 -0.003532
v -0.054913 0.338137 -0.003513
v -0.054884 0.338167 -0.003501
v -0.054866 0.338152 -0.003514
v -0.054884 0.338137 -0.003501
v -0.054880 0.338167 -0.003470
v -0.054861 0.338152 -0.003470
v -0.054880 0.338137 -0.003470
v -0.054904 0.338167 -0.003438
v -0.054894 0.338152 -0.003425
v -0.054904 0.338137 -0.003438
v -0.054941 0.338167 -0.003424
v -0.054947 0.338152 -0.003406
v -0.054941 0.338137 -0.003424
v -0.054970 0.338167 -0.003437
v -0.054988 0.338152 -0.003424
v -0.054970 0.338137 -0.003437
v -0.054974 0.338167 -0.003468
v -0.054993 0.338152 -0.003468
v -0.054974 0.338137 -0.003468
v 0.147010 0.332058 0.134526
v 0.146985 0.332053 0.134507
v 0.146974 0.332041 0.134499
v 0.146985 0.332029 0.134507
v 0.147010 0.332024 0.134526
v 0.147011 0.332053 0.134488
v 0.147011 0.332041 0.134472
v 0.147011 0.332029 0.134487
v 0.147036 0.332053 0.134490
v 0.147047 0.332041 0.134476
v 0.147036 0.332029 0.134490
v 0.147047 0.332053 0.134514
v 0.147062 0.332041 0.134509
v 0.147047 0.332029 0.134514
v 0.147036 0.332053 0.134544
v 0.147046 0.332041 0.134552
v 0.147036 0.332029 0.134544
v 0.147010 0.332053 0.134564
v 0.147010 0.332041 0.134580
v 0.147010 0.332029 0.134564
v 0.146985 0.332053 0.134561
v 0.146974 0.332041 0.134576
v 0.146985 0.332029 0.134561
v 0.146974 0.332053 0.134538
v 0.146959 0.332041 0.134542
v 0.146974 0.332029 0.134538
v -0.125000 0.330409 -0.070746
v -0.125000 0.330404 -0.070720
v -0.125000 0.330394 -0.070709
v -0.125000 0.330384 -0.070720
v -0.125000 0.330380 -0.070746
v -0.125025 0.330404 -0.070728
v -0.125035 0.330394 -0.070720
v -0.125025 0.330384 -0.070728
v -0.125035 0.330404 -0.070746
v -0.125050 0.330394 -0.070746
v -0.125035 0.330384 -0.070746
v -0.125025 0.330404 -0.070764
v -0.125035 0.330394 -0.070772
v -0.125025 0.330384 -0.070764
v -0.124999 0.330404 -0.070772
v -0.124999 0.330394 -0.070782
v -0.124999 0.330384 -0.070772
v -0.124974 0.330404 -0.070764
v -0.124964 0.330394 -0.070771
v -0.124974 0.330384 -0.070764
v -0.124964 0.330404 -0.070746
v -0.124949 0.330394 -0.070746
v -0.124964 0.330384 -0.070746
v -0.124974 0.330404 -0.070727
v -0.124964 0.330394 -0.070720
v -0.124974 0.330384 -0.070727
v 0.337346 0.327545 0.200696
v 0.337341 0.327542 0.200716
v 0.337340 0.327534 0.200724
v 0.337341 0.327526 0.200716
v 0.337346 0.327522 0.200696
v 0.337323 0.327542 0.200706
v 0.337313 0.327534 0.200710
v 0.337323 0.327526 0.200706
v 0.337318 0.327542 0.200690
v 0.337306 0.327534 0.200687
v 0.337318 0.327526 0.200690
v 0.337329 0.327542 0.200677
v 0.337322 0.327534 0.200670
v 0.337329 0.327526 0.200677
v 0.337350 0.327542 0.200676
v 0.337352 0.327534 0.200667
v 0.337350 0.327526 0.200676
v 0.337368 0.327542 0.200686
v 0.337378 0.327534 0.200682
v 0.337368 0.327525 0.200686
v 0.337374 0.327542 0.200702
v 0.337385 0.327534 0.200704
v 0.337374 0.327526 0.200702
v 0.337362 0.327542 0.200714
v 0.337369 0.327534 0.200722
v 0.337362 0.327526 0.200714
v 0.258988 0.332184 -0.121708
v 0.258979 0.332181 -0.121693
v 0.258975 0.332175 -0.121686
v 0.258979 0.332168 -0.121693
v 0.258988 0.332165 -0.121708
v 0.258966 0.332181 -0.121706
v 0.258958 0.332175 -0.121705
v 0.258966 0.332168 -0.121706
v 0.258966 0.332181 -0.121720
v 0.258958 0.332175 -0.121725
v 0.258966 0.332168 -0.121720
v 0.258979 0.332181 -0.121728
v 0.258975 0.332175 -0.121736
v 0.258979 0.332168 -0.121728
v 0.258996 0.332181 -0.121723
v 0.259000 0.332175 -0.121730
v 0.258996 0.332168 -0.121723
v 0.259009 0.332181 -0.121710
v 0.259018 0.332175 -0.121711
v 0.259009 0.332168 -0.121710
v 0.259009 0.332181 -0.121696
v 0.259018 0.332175 -0.121691
v 0.259009 0.332168 -0.121696
v 0.258996 0.332181 -0.121689
v 0.259000 0.332175 -0.121681
v 0.258996 0.332168 -0.121689
v 0.138407 0.343350 -0.014671
v 0.138406 0.343345 -0.014702
v 0.138406 0.343333 -0.014715
v 0.138406 0.343321 -0.014702
v 0.138407 0.343316 -0.014671
v 0.138437 0.343345 -0.014694
v 0.138449 0.343333 -0.014703
v 0.138437 0.343321 -0.014694
v 0.138450 0.343345 -0.014672
v 0.138468 0.343333 -0.014673
v 0.138450 0.343321 -0.014672
v 0.138438 0.343345 -0.014650
v 0.138451 0.343333 -0.014641
v 0.138438 0.343321 -0.014650
v 0.138408 0.343345 -0.014640
v 0.138408 0.343333 -0.014627
v 0.138408 0.343321 -0.014640
v 0.138377 0.343345 -0.014648
v 0.138365 0.343333 -0.014639
v 0.138377 0.343321 -0.014648
v 0.138364 0.343345 -0.014670
v 0.138346 0.343333 -0.014670
v 0.138364 0.343321 -0.014670
v 0.138376 0.343345 -0.014692
v 0.138363 0.343333 -0.014701
v 0.138376 0.343321 -0.014692
v -0.267079 0.212563 0.603118
v -0.267079 0.212558 0.603082
v -0.267079 0.212545 0.603067
v -0.267079 0.212533 0.603082
v -0.267079 0.212528 0.603118
v -0.267053 0.212558 0.603093
v -0.267043 0.212545 0.603082
v -0.267053 0.212533 0.603093
v -0.267043 0.212558 0.603118
v -0.267028 0.212545 0.603118
v -0.267043 0.212533 0.603118
v -0.267053 0.212558 0.603144
v -0.267043 0.212545 0.603154
v -0.267053 0.212533 0.603144
v -0.267079 0.212558 0.603154
v -0.267079 0.212545 0.603169
v -0.267079 0.212533 0.603154
v -0.267104 0.212558 0.603144
v -0.267115 0.212545 0.603154
v -0.267104 0.212533 0.603144
v -0.267115 0.212558 0.603118
v -0.267130 0.212545 0.603118
v -0.267115 0.212533 0.603118
v -0.267104 0.212558 0.603093
v -0.267115 0.212545 0.603082
v -0.267104 0.212533 0.603093
v 0.144172 0.191974 0.638069
v 0.144172 0.191970 0.638041
v 0.144172 0.191960 0.638030
v 0.144172 0.191951 0.638041
v 0.144172 0.191947 0.638069
v 0.144192 0.191970 0.638049
v 0.144200 0.191960 0.638041
v 0.144192 0.191951 0.638049
v 0.144200 0.191970 0.638069
v 0.144211 0.191960 0.638069
v 0.144200 0.191951 0.638069
v 0.144192 0.191970 0.638088
v 0.144200 0.191960 0.638096
v 0.144192 0.191951 0.638088
v 0.144172 0.191970 0.638096
v 0.144172 0.191960 0.638108
v 0.144172 0.191951 0.638096
v 0.144153 0.191970 0.638088
v 0.144145 0.191960 0.638096
v 0.144153 0.191951 0.638088
v 0.144145 0.191970 0.638069
v 0.144133 0.191960 0.638069
v 0.144145 0.191951 0.638069
v 0.144153 0.191970 0.638049
v 0.144145 0.191960 0.638041
v 0.144153 0.191951 0.638049
v -0.169023 0.214562 0.545082
v -0.169023 0.214559 0.545062
v -0.169023 0.214552 0.545054
v -0.169023 0.214545 0.545062
v -0.169023 0.214542 0.545082
v -0.169009 0.214559 0.545068
v -0.169003 0.214552 0.545062
v -0.169009 0.214545 0.545068
v -0.169003 0.214559 0.545082
v -0.168994 0.214552 0.545082
v -0.169003 0.214545 0.545082
v -0.169009 0.214559 0.545096
v -0.169003 0.214552 0.545102
v -0.169009 0.214545 0.545096
v -0.169023 0.214559 0.545102
v -0.169023 0.214552 0.545111
v -0.169023 0.214545 0.545102
v -0.169037 0.214559 0.545096
v -0.169043 0.214552 0.545102
v -0.169037 0.214545 0.545096
v -0.169043 0.214559 0.545082
v -0.169051 0.214552 0.545082
v -0.169043 0.214545 0.545082
v -0.169037 0.214559 0.545068
v -0.169043 0.214552 0.545062
v -0.169037 0.214545 0.545068
v 0.234163 0.206093 0.609843
v 0.234163 0.206088 0.609808
v 0.234163 0.206076 0.609793
v 0.234163 0.206063 0.609808
v 0.234163 0.206058 0.609843
v 0.234188 0.206088 0.609818
v 0.234198 0.206076 0.609808
v 0.234188 0.206063 0.609818
v 0.234198 0.206088 0.609843
v 0.234213 0.206076 0.609843
v 0.234198 0.206063 0.609843
v 0.234188 0.206088 0.609868
v 0.234198 0.206076 0.609878
v 0.234188 0.206063 0.609868
v 0.234163 0.206088 0.609878
v 0.234163 0.206076 0.609893
v 0.234163 0.206063 0.609878
v 0.234138 0.206088 0.609868
v 0.234128 0.206076 0.609878
v 0.234138 0.206063 0.609868
v 0.234128 0.206088 0.609843
v 0.234113 0.206076 0.609843
v 0.234128 0.206063 0.609843
v 0.234138 0.206088 0.609818
v 0.234128 0.206076 0.609808
v 0.234138 0.206063 0.609818
v -0.272299 0.203683 0.642463
v -0.272299 0.203680 0.642442
v -0.272299 0.203672 0.642433
v -0.272299 0.203665 0.642442
v -0.272299 0.203662 0.642463
v -0.272283 0.203680 0.642448
v -0.272277 0.203672 0.642442
v -0.272283 0.203665 0.642448
v -0.272277 0.203680 0.642463
v -0.272268 0.203672 0.642463
v -0.272277 0.203665 0.642463
v -0.272283 0.203680 0.642479
v -0.272277 0.203672 0.642485
v -0.272283 0.203665 0.642479
v -0.272299 0.203680 0.642485
v -0.272299 0.203672 0.642494
v -0.272299 0.203665 0.642485
v -0.272314 0.203680 0.642479
v -0.272320 0.203672 0.642485
v -0.272314 0.203665 0.642479
v -0.272320 0.203680 0.642463
v -0.272329 0.203672 0.642463
v -0.272320 0.203665 0.642463
v -0.272314 0.203680 0.642448
v -0.272320 0.203672 0.642442
v -0.272314 0.203665 0.642448
v 0.120638 0.211584 0.513487
v 0.120638 0.211581 0.513466
v 0.120638 0.211573 0.513457
v 0.120638 0.211566 0.513466
v 0.120638 0.211563 0.513487
v 0.120653 0.211581 0.513472
v 0.120659 0.211573 0.513466
v 0.120653 0.211566 0.513472
v 0.120659 0.211581 0.513487
v 0.120668 0.211573 0.513487
v 0.120659 0.211566 0.513487
v 0.120653 0.211581 0.513502
v 0.120659 0.211573 0.513509
v 0.120653 0.211566 0.513502
v 0.120638 0.211581 0.513509
v 0.120638 0.211573 0.513517
v 0.120638 0.211566 0.513509
v 0.120623 0.211581 0.513502
v 0.120617 0.211573 0.513509
v 0.120623 0.211566 0.513502
v 0.120617 0.211581 0.513487
v 0.120608 0.211573 0.513487
v 0.120617 0.211566 0.513487
v 0.120623 0.211581 0.513472
v 0.120617 0.211573 0.513466
v 0.120623 0.211566 0.513472
v -0.253422 0.203832 0.555181
v -0.253422 0.203830 0.555165
v -0.253422 0.203824 0.555158
v -0.253422 0.203819 0.555165
v -0.253422 0.203817 0.555181
v -0.253410 0.203830 0.555170
v -0.253406 0.203824 0.555165
v -0.253410 0.203819 0.555170
v -0.253406 0.203830 0.555181
v -0.253399 0.203824 0.555181
v -0.253406 0.203819 0.555181
v -0.253410 0.203830 0.555192
v -0.253406 0.203824 0.555197
v -0.253410 0.203819 0.555192
v -0.253422 0.203830 0.555196
v -0.253422 0.203824 0.555203
v -0.253422 0.203819 0.555197
v -0.253433 0.203830 0.555192
v -0.253437 0.203824 0.555197
v -0.253433 0.203819 0.555192
v -0.253437 0.203830 0.555181
v -0.253444 0.203824 0.555181
v -0.253437 0.203819 0.555181
v -0.253433 0.203830 0.555170
v -0.253437 0.203824 0.555165
v -0.253433 0.203819 0.555170
v 0.133544 0.221459 0.492210
v 0.133544 0.221455 0.492182
v 0.133544 0.221445 0.492171
v 0.133544 0.221436 0.492182
v 0.133544 0.221432 0.492210
v 0.133563 0.221455 0.492190
v 0.133571 0.221445 0.492182
v 0.133563 0.221436 0.492190
v 0.133571 0.221455 0.492210
v 0.133583 0.221445 0.492210
v 0.133571 0.221436 0.492210
v 0.133563 0.221455 0.492229
v 0.133571 0.221445 0.492237
v 0.133563 0.221436 0.492229
v 0.133544 0.221455 0.492237
v 0.133544 0.221445 0.492249
v 0.133544 0.221436 0.492237
v 0.133524 0.221455 0.492229
v 0.133516 0.221445 0.492237
v 0.133524 0.221436 0.492229
v 0.133516 0.221455 0.492210
v 0.133505 0.221445 0.492210
v 0.133516 0.221436 0.492210
v 0.133524 0.221455 0.492190
v 0.133516 0.221445 0.492182
v 0.133524 0.221436 0.492190
v -0.270227 0.193489 0.549323
v -0.270227 0.193486 0.549305
v -0.270227 0.193479 0.549297
v -0.270227 0.193473 0.549305
v -0.270227 0.193470 0.549323
v -0.270214 0.193486 0.549310
v -0.270209 0.193479 0.549305
v -0.270214 0.193473 0.549310
v -0.270209 0.193486 0.549323
v -0.270201 0.193479 0.549323
v -0.270209 0.193473 0.549323
v -0.270214 0.193486 0.549336
v -0.270209 0.193479 0.549341
v -0.270214 0.193473 0.549336
v -0.270227 0.193486 0.549341
v -0.270227 0.193479 0.549349
v -0.270227 0.193473 0.549342
v -0.270240 0.193486 0.549336
v -0.270245 0.193479 0.549341
v -0.270240 0.193473 0.549336
v -0.270245 0.193486 0.549323
v -0.270253 0.193479 0.549323
v -0.270245 0.193473 0.549323
v -0.270240 0.193486 0.549310
v -0.270245 0.193479 0.549305
v -0.270240 0.193473 0.549310
v 0.175487 0.217473 0.489194
v 0.175487 0.217469 0.489159
v 0.175487 0.217457 0.489145
v 0.175487 0.217445 0.489159
v 0.175487 0.217440 0.489194
v 0.175511 0.217469 0.489169
v 0.175521 0.217457 0.489159
v 0.175511 0.217445 0.489169
v 0.175521 0.217469 0.489194
v 0.175535 0.217457 0.489194
v 0.175521 0.217445 0.489194
v 0.175511 0.217469 0.489218
v 0.175521 0.217457 0.489228
v 0.175511 0.217445 0.489218
v 0.175487 0.217469 0.489228
v 0.175487 0.217457 0.489242
v 0.175487 0.217445 0.489228
v 0.175462 0.217469 0.489218
v 0.175452 0.217457 0.489228
v 0.175462 0.217445 0.489218
v 0.175452 0.217469 0.489194
v 0.175438 0.217457 0.489194
v 0.175452 0.217445 0.489194
v 0.175462 0.217469 0.489169
v 0.175452 0.217457 0.489159
v 0.175462 0.217445 0.489169
v -0.281806 0.197241 0.620085
v -0.281806 0.197239 0.620068
v -0.281806 0.197233 0.620060
v -0.281806 0.197226 0.620068
v -0.281806 0.197224 0.620085
v -0.281794 0.197239 0.620073
v -0.281789 0.197233 0.620068
v -0.281794 0.197226 0.620073
v -0.281789 0.197239 0.620085
v -0.281781 0.197233 0.620085
v -0.281789 0.197226 0.620085
v -0.281794 0.197239 0.620098
v -0.281789 0.197233 0.620103
v -0.281794 0.197226 0.620098
v -0.281806 0.197239 0.620103
v -0.281806 0.197233 0.620111
v -0.281806 0.197226 0.620103
v -0.281819 0.197239 0.620098
v -0.281824 0.197233 0.620103
v -0.281819 0.197226 0.620098
v -0.281824 0.197239 0.620085
v -0.281832 0.197233 0.620085
v -0.281824 0.197226 0.620085
v -0.281819 0.197239 0.620073
v -0.281824 0.197233 0.620068
v -0.281819 0.197226 0.620073
v 0.260421 0.203050 0.492014
v 0.260421 0.203046 0.491985
v 0.260421 0.203036 0.491973
v 0.260421 0.203026 0.491985
v 0.260421 0.203022 0.492014
v 0.260441 0.203046 0.491994
v 0.260450 0.203036 0.491985
v 0.260441 0.203026 0.491994
v 0.260450 0.203046 0.492014
v 0.260462 0.203036 0.492014
v 0.260450 0.203026 0.492014
v 0.260441 0.203046 0.492035
v 0.260450 0.203036 0.492043
v 0.260441 0.203026 0.492035
v 0.260421 0.203046 0.492043
v 0.260421 0.203036 0.492056
v 0.260421 0.203026 0.492043
v 0.260400 0.203046 0.492035
v 0.260392 0.203036 0.492043
v 0.260400 0.203026 0.492035
v 0.260392 0.203046 0.492014
v 0.260380 0.203036 0.492014
v 0.260392 0.203026 0.492014
v 0.260400 0.203046 0.491994
v 0.260392 0.203036 0.491985
v 0.260400 0.203026 0.491994
v -0.147820 0.220009 0.483323
v -0.147820 0.220003 0.483286
v -0.147820 0.219990 0.483271
v -0.147820 0.219978 0.483286
v -0.147820 0.219972 0.483323
v -0.147794 0.220003 0.483297
v -0.147783 0.219990 0.483286
v -0.147794 0.219978 0.483297
v -0.147783 0.220003 0.483323
v -0.147768 0.219990 0.483323
v -0.147783 0.219978 0.483323
v -0.147794 0.220003 0.483349
v -0.147783 0.219990 0.483359
v -0.147794 0.219978 0.483349
v -0.147820 0.220003 0.483359
v -0.147820 0.219990 0.483375
v -0.147820 0.219978 0.483359
v -0.147846 0.220003 0.483349
v -0.147856 0.219990 0.483359
v -0.147846 0.219978 0.483349
v -0.147856 0.220003 0.483323
v -0.147872 0.219990 0.483323
v -0.147856 0.219978 0.483323
v -0.147846 0.220003 0.483297
v -0.147856 0.219990 0.483286
v -0.147846 0.219978 0.483297
v 0.265939 0.188933 0.492531
v 0.265939 0.188928 0.492499
v 0.265939 0.188917 0.492486
v 0.265939 0.188906 0.492499
v 0.265939 0.188901 0.492531
v 0.265961 0.188928 0.492509
v 0.265970 0.188917 0.492499
v 0.265961 0.188906 0.492509
v 0.265970 0.188928 0.492531
v 0.265984 0.188917 0.492531
v 0.265970 0.188906 0.492531
v 0.265961 0.188928 0.492553
v 0.265970 0.188917 0.492563
v 0.265961 0.188906 0.492553
v 0.265939 0.188928 0.492562
v 0.265939 0.188917 0.492576
v 0.265939 0.188906 0.492563
v 0.265917 0.188928 0.492553
v 0.265907 0.188917 0.492563
v 0.265917 0.188906 0.492553
v 0.265907 0.188928 0.492531
v 0.265894 0.188917 0.492531
v 0.265907 0.188906 0.492531
v 0.265917 0.188928 0.492509
v 0.265907 0.188917 0.492499
v 0.265917 0.188906 0.492509
v -0.179793 0.217700 0.483145
v -0.179793 0.217695 0.483111
v -0.179793 0.217683 0.483096
v -0.179793 0.217671 0.483111
v -0.179793 0.217666 0.483145
v -0.179769 0.217695 0.483121
v -0.179759 0.217683 0.483111
v -0.179769 0.217671 0.483121
v -0.179759 0.217695 0.483145
v -0.179745 0.217683 0.483145
v -0.179759 0.217671 0.483145
v -0.179769 0.217695 0.483169
v -0.179759 0.217683 0.483179
v -0.179769 0.217671 0.483169
v -0.179793 0.217695 0.483179
v -0.179793 0.217683 0.483194
v -0.179793 0.217671 0.483179
v -0.179818 0.217695 0.483169
v -0.179828 0.217683 0.483179
v -0.179818 0.217671 0.483169
v -0.179828 0.217695 0.483145
v -0.179842 0.217683 0.483145
v -0.179828 0.217671 0.483145
v -0.179818 0.217695 0.483121
v -0.179828 0.217683 0.483111
v -0.179818 0.217671 0.483121
v 0.265935 0.217142 0.609307
v 0.265935 0.217139 0.609289
v 0.265935 0.217133 0.609282
v 0.265935 0.217127 0.609289
v 0.265935 0.217124 0.609307
v 0.265948 0.217139 0.609294
v 0.265953 0.217133 0.609289
v 0.265948 0.217127 0.609294
v 0.265953 0.217139 0.609307
v 0.265960 0.217133 0.609307
v 0.265953 0.217127 0.609307
v 0.265948 0.217139 0.609320
v 0.265953 0.217133 0.609325
v 0.265948 0.217127 0.609320
v 0.265935 0.217139 0.609325
v 0.265935 0.217133 0.609332
v 0.265935 0.217127 0.609325
v 0.265922 0.217139 0.609320
v 0.265917 0.217133 0.609325
v 0.265922 0.217127 0.609320
v 0.265917 0.217139 0.609307
v 0.265910 0.217133 0.609307
v 0.265917 0.217127 0.609307
v 0.265922 0.217139 0.609294
v 0.265917 0.217133 0.609289
v 0.265922 0.217127 0.609294
v -0.276990 0.196247 0.496867
v -0.276990 0.196242 0.496834
v -0.276990 0.196230 0.496820
v -0.276990 0.196218 0.496834
v -0.276990 0.196214 0.496867
v -0.276966 0.196242 0.496844
v -0.276957 0.196230 0.496834
v -0.276966 0.196218 0.496844
v -0.276957 0.196242 0.496867
v -0.276943 0.196230 0.496867
v -0.276957 0.196218 0.496867
v -0.276966 0.196242 0.496891
v -0.276957 0.196230 0.496901
v -0.276966 0.196218 0.496891
v -0.276990 0.196242 0.496901
v -0.276990 0.196230 0.496914
v -0.276990 0.196218 0.496901
v -0.277014 0.196242 0.496891
v -0.277023 0.196230 0.496901
v -0.277014 0.196218 0.496891
v -0.277023 0.196242 0.496867
v -0.277037 0.196230 0.496867
v -0.277023 0.196218 0.496867
v -0.277014 0.196242 0.496844
v -0.277023 0.196230 0.496834
v -0.277014 0.196218 0.496844
v 0.202855 0.217438 0.602014
v 0.202855 0.217435 0.601993
v 0.202855 0.217428 0.601985
v 0.202855 0.217421 0.601993
v 0.202855 0.217418 0.602014
v 0.202869 0.217435 0.601999
v 0.202875 0.217428 0.601993
v 0.202869 0.217421 0.601999
v 0.202875 0.217435 0.602014
v 0.202884 0.217428 0.602014
v 0.202875 0.217421 0.602014
v 0.202869 0.217435 0.602028
v 0.202875 0.217428 0.602034
v 0.202869 0.217421 0.602028
v 0.202855 0.217435 0.602034
v 0.202855 0.217428 0.602043
v 0.202855 0.217421 0.602034
v 0.202840 0.217435 0.602028
v 0.202834 0.217428 0.602034
v 0.202840 0.217421 0.602028
v 0.202834 0.217435 0.602014
v 0.202826 0.217428 0.602014
v 0.202834 0.217421 0.602014
v 0.202840 0.217435 0.601999
v 0.202834 0.217428 0.601993
v 0.202840 0.217421 0.601999
v -0.124260 0.200163 0.623305
v -0.124260 0.200158 0.623271
v -0.124260 0.200146 0.623257
v -0.124260 0.200134 0.623271
v -0.124260 0.200129 0.623305
v -0.124235 0.200158 0.623281
v -0.124225 0.200146 0.623271
v -0.124235 0.200134 0.623281
v -0.124225 0.200158 0.623305
v -0.124211 0.200146 0.623305
v -0.124225 0.200134 0.623305
v -0.124235 0.200158 0.623330
v -0.124225 0.200146 0.623340
v -0.124235 0.200134 0.623330
v -0.124260 0.200158 0.623340
v -0.124260 0.200146 0.623354
v -0.124260 0.200134 0.623340
v -0.124284 0.200158 0.623330
v -0.124294 0.200146 0.623340
v -0.124284 0.200134 0.623330
v -0.124294 0.200158 0.623305
v -0.124308 0.200146 0.623305
v -0.124294 0.200134 0.623305
v -0.124284 0.200158 0.623281
v -0.124294 0.200146 0.623271
v -0.124284 0.200134 0.623281
v 0.294040 0.211747 0.606966
v 0.294040 0.211743 0.606942
v 0.294040 0.211735 0.606932
v 0.294040 0.211726 0.606942
v 0.294040 0.211723 0.606966
v 0.294057 0.211743 0.606949
v 0.294064 0.211735 0.606942
v 0.294057 0.211726 0.606949
v 0.294064 0.211743 0.606966
v 0.294074 0.211735 0.606966
v 0.294064 0.211726 0.606966
v 0.294057 0.211743 0.606983
v 0.294064 0.211735 0.606991
v 0.294057 0.211726 0.606983
v 0.294040 0.211743 0.606991
v 0.294040 0.211735 0.607001
v 0.294040 0.211726 0.606991
v 0.294023 0.211743 0.606983
v 0.294016 0.211735 0.606991
v 0.294023 0.211726 0.606983
v 0.294016 0.211743 0.606966
v 0.294006 0.211735 0.606966
v 0.294016 0.211726 0.606966
v 0.294023 0.211743 0.606949
v 0.294016 0.211735 0.606942
v 0.294023 0.211726 0.606949
v -0.296607 0.222761 0.558119
v -0.296607 0.222758 0.558101
v -0.296607 0.222752 0.558093
v -0.296607 0.222745 0.558101
v -0.296607 0.222743 0.558119
v -0.296594 0.222758 0.558106
v -0.296589 0.222752 0.558101
v -0.296594 0.222745 0.558106
v -0.296589 0.222758 0.558119
v -0.296581 0.222752 0.558119
v -0.296589 0.222745 0.558119
v -0.296594 0.222758 0.558132
v -0.296589 0.222752 0.558137
v -0.296594 0.222745 0.558132
v -0.296607 0.222758 0.558137
v -0.296607 0.222752 0.558145
v -0.296607 0.222745 0.558137
v -0.296620 0.222758 0.558132
v -0.296625 0.222752 0.558137
v -0.296620 0.222745 0.558132
v -0.296625 0.222758 0.558119
v -0.296632 0.222752 0.558119
v -0.296625 0.222745 0.558119
v -0.296620 0.222758 0.558106
v -0.296625 0.222752 0.558101
v -0.296620 0.222745 0.558106
v 0.294672 0.223624 0.626072
v 0.294672 0.223621 0.626051
v 0.294672 0.223614 0.626042
v 0.294672 0.223606 0.626051
v 0.294672 0.223603 0.626072
v 0.294687 0.223621 0.626057
v 0.294693 0.223614 0.626051
v 0.294687 0.223606 0.626057
v 0.294693 0.223621 0.626072
v 0.294702 0.223614 0.626072
v 0.294693 0.223606 0.626072
v 0.294687 0.223621 0.626087
v 0.294693 0.223614 0.626093
v 0.294687 0.223606 0.626087
v 0.294672 0.223621 0.626093
v 0.294672 0.223614 0.626102
v 0.294672 0.223606 0.626093
v 0.294657 0.223621 0.626087
v 0.294651 0.223614 0.626093
v 0.294657 0.223606 0.626087
v 0.294651 0.223621 0.626072
v 0.294642 0.223614 0.626072
v 0.294651 0.223606 0.626072
v 0.294657 0.223621 0.626057
v 0.294651 0.223614 0.626051
v 0.294657 0.223606 0.626057
v -0.129821 0.314861 0.384673
v -0.130217 0.315169 0.385289
v -0.129799 0.314874 0.384680
v -0.130195 0.315182 0.385296
v -0.129779 0.314866 0.384696
v -0.130175 0.315174 0.385312
v -0.129777 0.314843 0.384709
v -0.130173 0.315151 0.385326
v -0.129793 0.314822 0.384709
v -0.130189 0.315130 0.385326
v -0.129816 0.314819 0.384696
v -0.130212 0.315127 0.385312
v -0.129829 0.314836 0.384680
v -0.130225 0.315144 0.385296
v 0.129821 0.314861 0.384673
v 0.130217 0.315169 0.385289
v 0.129829 0.314836 0.384680
v 0.130225 0.315144 0.385296
v 0.129816 0.314819 0.384696
v 0.130212 0.315127 0.385312
v 0.129793 0.314822 0.384709
v 0.130189 0.315130 0.385326
v 0.129777 0.314843 0.384709
v 0.130173 0.315151 0.385326
v 0.129779 0.314866 0.384696
v 0.130175 0.315174 0.385312
v 0.129799 0.314874 0.384680
v 0.130195 0.315182 0.385296
v -0.185000 0.357106 0.468000
v -0.185000 0.357075 0.467925
v -0.185000 0.357000 0.467894
v -0.185000 0.356925 0.467925
v -0.185000 0.356894 0.468000
v -0.184947 0.357075 0.467947
v -0.184925 0.357000 0.467925
v -0.184947 0.356925 0.467947
v -0.184925 0.357075 0.468000
v -0.184894 0.357000 0.468000
v -0.184925 0.356925 0.468000
v -0.184947 0.357075 0.468053
v -0.184925 0.357000 0.468075
v -0.184947 0.356925 0.468053
v -0.185000 0.357075 0.468075
v -0.185000 0.357000 0.468106
v -0.185000 0.356925 0.468075
v -0.185053 0.357075 0.468053
v -0.185075 0.357000 0.468075
v -0.185053 0.356925 0.468053
v -0.185075 0.357075 0.468000
v -0.185106 0.357000 0.468000
v -0.185075 0.356925 0.468000
v -0.185053 0.357075 0.467947
v -0.185075 0.357000 0.467925
v -0.185053 0.356925 0.467947
v 0.185000 0.357106 0.468000
v 0.185000 0.357075 0.467925
v 0.185000 0.357000 0.467894
v 0.185000 0.356925 0.467925
v 0.185000 0.356894 0.468000
v 0.185053 0.357075 0.467947
v 0.185075 0.357000 0.467925
v 0.185053 0.356925 0.467947
v 0.185075 0.357075 0.468000
v 0.185106 0.357000 0.468000
v 0.185075 0.356925 0.468000
v 0.185053 0.357075 0.468053
v 0.185075 0.357000 0.468075
v 0.185053 0.356925 0.468053
v 0.185000 0.357075 0.468075
v 0.185000 0.357000 0.468106
v 0.185000 0.356925 0.468075
v 0.184947 0.357075 0.468053
v 0.184925 0.357000 0.468075
v 0.184947 0.356925 0.468053
v 0.184925 0.357075 0.468000
v 0.184894 0.357000 0.468000
v 0.184925 0.356925 0.468000
v 0.184947 0.357075 0.467947
v 0.184925 0.357000 0.467925
v 0.184947 0.356925 0.467947
v -0.196000 0.368026 0.482000
v -0.196000 0.367987 0.481977
v -0.196000 0.367974 0.482000
v -0.195980 0.368013 0.481989
v -0.195980 0.367987 0.481989
v -0.195980 0.368013 0.482011
v -0.195980 0.367987 0.482011
v -0.196000 0.368013 0.482023
v -0.196000 0.367987 0.482023
v -0.196020 0.368013 0.482011
v -0.196020 0.367987 0.482011
v -0.196020 0.368013 0.481989
v -0.196020 0.367987 0.481989
v -0.196000 0.368013 0.481977
v 0.196000 0.368026 0.482000
v 0.196000 0.367987 0.481977
v 0.196000 0.367974 0.482000
v 0.196020 0.368013 0.481989
v 0.196020 0.367987 0.481989
v 0.196020 0.368013 0.482011
v 0.196020 0.367987 0.482011
v 0.196000 0.368013 0.482023
v 0.196000 0.367987 0.482023
v 0.195980 0.368013 0.482011
v 0.195980 0.367987 0.482011
v 0.195980 0.368013 0.481989
v 0.195980 0.367987 0.481989
v 0.196000 0.368013 0.481977
v -0.189488 0.387212 0.546769
v -0.190544 0.387806 0.548199
v -0.189470 0.387226 0.546777
v -0.190526 0.387820 0.548207
v -0.189454 0.387217 0.546793
v -0.190510 0.387811 0.548223
v -0.189456 0.387194 0.546801
v -0.190512 0.387788 0.548231
v -0.189474 0.387180 0.546793
v -0.190530 0.387774 0.548223
v -0.189490 0.387189 0.546777
v -0.190546 0.387783 0.548207
v 0.189488 0.387212 0.546769
v 0.190544 0.387806 0.548199
v 0.189490 0.387189 0.546777
v 0.190546 0.387783 0.548207
v 0.189474 0.387180 0.546793
v 0.190530 0.387774 0.548223
v 0.189456 0.387194 0.546801
v 0.190512 0.387788 0.548231
v 0.189454 0.387217 0.546793
v 0.190510 0.387811 0.548223
v 0.189470 0.387226 0.546777
v 0.190526 0.387820 0.548207
v -0.089750 0.334854 0.576734
v -0.090278 0.335162 0.578252
v -0.089735 0.334863 0.576738
v -0.090263 0.335171 0.578256
v -0.089721 0.334855 0.576744
v -0.090249 0.335163 0.578262
v -0.089722 0.334838 0.576748
v -0.090250 0.335146 0.578266
v -0.089737 0.334829 0.576744
v -0.090265 0.335137 0.578262
v -0.089751 0.334837 0.576738
v -0.090279 0.335145 0.578256
v 0.089750 0.334854 0.576734
v 0.090278 0.335162 0.578252
v 0.089751 0.334837 0.576738
v 0.090279 0.335145 0.578256
v 0.089737 0.334829 0.576744
v 0.090265 0.335137 0.578262
v 0.089722 0.334838 0.576748
v 0.090250 0.335146 0.578266
v 0.089721 0.334855 0.576744
v 0.090249 0.335163 0.578262
v 0.089735 0.334863 0.576738
v 0.090263 0.335171 0.578256
v -0.337281 0.149046 0.187356
v -0.337743 0.148949 0.187597
v -0.337280 0.149070 0.187367
v -0.337742 0.148973 0.187609
v -0.337268 0.149072 0.187391
v -0.337730 0.148975 0.187633
v -0.337257 0.149051 0.187402
v -0.337719 0.148954 0.187644
v -0.337258 0.149027 0.187391
v -0.337720 0.148930 0.187633
v -0.337270 0.149025 0.187367
v -0.337732 0.148928 0.187609
v 0.337281 0.149046 0.187356
v 0.337743 0.148949 0.187597
v 0.337270 0.149025 0.187367
v 0.337732 0.148928 0.187609
v 0.337258 0.149027 0.187391
v 0.337720 0.148930 0.187633
v 0.337257 0.149051 0.187402
v 0.337719 0.148954 0.187644
v 0.337268 0.149072 0.187391
v 0.337730 0.148975 0.187633
v 0.337280 0.149070 0.187367
v 0.337742 0.148973 0.187609
v -0.413906 0.128039 0.237386
v -0.414118 0.127951 0.237584
v -0.413907 0.128057 0.237394
v -0.414118 0.127969 0.237592
v -0.413895 0.128062 0.237408
v -0.414106 0.127974 0.237606
v -0.413882 0.128049 0.237416
v -0.414094 0.127961 0.237614
v -0.413882 0.128031 0.237408
v -0.414093 0.127943 0.237606
v -0.413894 0.128026 0.237394
v -0.414105 0.127938 0.237592
v 0.413906 0.128039 0.237386
v 0.414118 0.127951 0.237584
v 0.413894 0.128026 0.237394
v 0.414105 0.127938 0.237592
v 0.413882 0.128031 0.237408
v 0.414093 0.127943 0.237606
v 0.413882 0.128049 0.237416
v 0.414094 0.127961 0.237614
v 0.413895 0.128062 0.237408
v 0.414106 0.127974 0.237606
v 0.413907 0.128057 0.237394
v 0.414118 0.127969 0.237592
v -0.337281 0.157046 0.087356
v -0.337743 0.156949 0.087598
v -0.337280 0.157070 0.087367
v -0.337742 0.156973 0.087609
v -0.337268 0.157072 0.087391
v -0.337730 0.156975 0.087633
v -0.337257 0.157051 0.087402
v -0.337719 0.156954 0.087644
v -0.337258 0.157027 0.087391
v -0.337720 0.156930 0.087633
v -0.337270 0.157025 0.087367
v -0.337732 0.156928 0.087609
v 0.337281 0.157046 0.087356
v 0.337743 0.156949 0.087598
v 0.337270 0.157025 0.087367
v 0.337732 0.156928 0.087609
v 0.337258 0.157027 0.087391
v 0.337720 0.156930 0.087633
v 0.337257 0.157051 0.087402
v 0.337719 0.156954 0.087644
v 0.337268 0.157072 0.087391
v 0.337730 0.156975 0.087633
v 0.337280 0.157070 0.087367
v 0.337742 0.156973 0.087609
v -0.413906 0.136039 0.137386
v -0.414118 0.135951 0.137584
v -0.413907 0.136057 0.137394
v -0.414118 0.135969 0.137592
v -0.413895 0.136062 0.137408
v -0.414106 0.135974 0.137606
v -0.413882 0.136049 0.137416
v -0.414094 0.135961 0.137614
v -0.413882 0.136031 0.137408
v -0.414093 0.135943 0.137606
v -0.413894 0.136026 0.137394
v -0.414105 0.135938 0.137592
v 0.413906 0.136039 0.137386
v 0.414118 0.135951 0.137584
v 0.413894 0.136026 0.137394
v 0.414105 0.135938 0.137592
v 0.413882 0.136031 0.137408
v 0.414093 0.135943 0.137606
v 0.413882 0.136049 0.137416
v 0.414094 0.135961 0.137614
v 0.413895 0.136062 0.137408
v 0.414106 0.135974 0.137606
v 0.413907 0.136057 0.137394
v 0.414118 0.135969 0.137592
v -0.337281 0.149046 -0.017644
v -0.337743 0.148949 -0.017402
v -0.337280 0.149070 -0.017633
v -0.337742 0.148973 -0.017391
v -0.337268 0.149072 -0.017609
v -0.337730 0.148975 -0.017367
v -0.337257 0.149051 -0.017598
v -0.337719 0.148954 -0.017356
v -0.337258 0.149027 -0.017609
v -0.337720 0.148930 -0.017367
v -0.337270 0.149025 -0.017633
v -0.337732 0.148928 -0.017391
v 0.337281 0.149046 -0.017644
v 0.337743 0.148949 -0.017402
v 0.337270 0.149025 -0.017633
v 0.337732 0.148928 -0.017391
v 0.337258 0.149027 -0.017609
v 0.337720 0.148930 -0.017367
v 0.337257 0.149051 -0.017598
v 0.337719 0.148954 -0.017356
v 0.337268 0.149072 -0.017609
v 0.337730 0.148975 -0.017367
v 0.337280 0.149070 -0.017633
v 0.337742 0.148973 -0.017391
v -0.413906 0.128039 0.032386
v -0.414118 0.127951 0.032584
v -0.413907 0.128057 0.032394
v -0.414118 0.127969 0.032592
v -0.413895 0.128062 0.032408
v -0.414106 0.127974 0.032606
v -0.413882 0.128049 0.032416
v -0.414094 0.127961 0.032614
v -0.413882 0.128031 0.032408
v -0.414093 0.127943 0.032606
v -0.413894 0.128026 0.032394
v -0.414105 0.127938 0.032592
v 0.413906 0.128039 0.032386
v 0.414118 0.127951 0.032584
v 0.413894 0.128026 0.032394
v 0.414105 0.127938 0.032592
v 0.413882 0.128031 0.032408
v 0.414093 0.127943 0.032606
v 0.413882 0.128049 0.032416
v 0.414094 0.127961 0.032614
v 0.413895 0.128062 0.032408
v 0.414106 0.127974 0.032606
v 0.413907 0.128057 0.032394
v 0.414118 0.127969 0.032592
v -0.337281 0.157046 -0.107644
v -0.337743 0.156949 -0.107402
v -0.337280 0.157070 -0.107633
v -0.337742 0.156973 -0.107391
v -0.337268 0.157072 -0.107609
v -0.337730 0.156975 -0.107367
v -0.337257 0.157051 -0.107598
v -0.337719 0.156954 -0.107356
v -0.337258 0.157027 -0.107609
v -0.337720 0.156930 -0.107367
v -0.337270 0.157025 -0.107633
v -0.337732 0.156928 -0.107391
v 0.337281 0.157046 -0.107644
v 0.337743 0.156949 -0.107402
v 0.337270 0.157025 -0.107633
v 0.337732 0.156928 -0.107391
v 0.337258 0.157027 -0.107609
v 0.337720 0.156930 -0.107367
v 0.337257 0.157051 -0.107598
v 0.337719 0.156954 -0.107356
v 0.337268 0.157072 -0.107609
v 0.337730 0.156975 -0.107367
v 0.337280 0.157070 -0.107633
v 0.337742 0.156973 -0.107391
v -0.413906 0.136039 -0.057614
v -0.414118 0.135951 -0.057416
v -0.413907 0.136057 -0.057606
v -0.414118 0.135969 -0.057408
v -0.413895 0.136062 -0.057592
v -0.414106 0.135974 -0.057394
v -0.413882 0.136049 -0.057584
v -0.414094 0.135961 -0.057386
v -0.413882 0.136031 -0.057592
v -0.414093 0.135943 -0.057394
v -0.413894 0.136026 -0.057606
v -0.414105 0.135938 -0.057408
v 0.413906 0.136039 -0.057614
v 0.414118 0.135951 -0.057416
v 0.413894 0.136026 -0.057606
v 0.414105 0.135938 -0.057408
v 0.413882 0.136031 -0.057592
v 0.414093 0.135943 -0.057394
v 0.413882 0.136049 -0.057584
v 0.414094 0.135961 -0.057386
v 0.413895 0.136062 -0.057592
v 0.414106 0.135974 -0.057394
v 0.413907 0.136057 -0.057606
v 0.414118 0.135969 -0.057408
v -0.001317 0.149930 -0.289921
v -0.001317 0.149930 -0.289921
v -0.001320 0.149930 -0.289921
v -0.001317 0.150070 -0.289921
v -0.001317 0.150070 -0.289921
v -0.001320 0.150070 -0.289921
v -0.001317 0.149930 -0.290079
v -0.001320 0.149930 -0.290079
v -0.001317 0.149930 -0.290079
v -0.001317 0.150070 -0.290079
v -0.001317 0.150070 -0.290079
v -0.001320 0.150070 -0.290079
v 0.001317 0.149930 -0.289921
v 0.001320 0.149930 -0.289921
v 0.001317 0.149930 -0.289921
v 0.001317 0.150070 -0.289921
v 0.001317 0.150070 -0.289921
v 0.001320 0.150070 -0.289921
v 0.001317 0.149930 -0.290079
v 0.001317 0.149930 -0.290079
v 0.001320 0.149930 -0.290079
v 0.001317 0.150070 -0.290079
v 0.001320 0.150070 -0.290079
v 0.001317 0.150070 -0.290079
v -0.160205 0.165886 -0.249824
v -0.160205 0.165886 -0.249824
v -0.160206 0.165886 -0.249824
v -0.160205 0.166114 -0.249824
v -0.160205 0.166114 -0.249824
v -0.160206 0.166114 -0.249824
v -0.160190 0.165886 -0.250192
v -0.160190 0.165886 -0.250192
v -0.160189 0.165886 -0.250193
v -0.160190 0.166114 -0.250192
v -0.160189 0.166114 -0.250193
v -0.160190 0.166114 -0.250192
v -0.159810 0.165886 -0.249808
v -0.159810 0.165886 -0.249808
v -0.159810 0.165886 -0.249807
v -0.159810 0.166114 -0.249808
v -0.159810 0.166114 -0.249807
v -0.159810 0.166114 -0.249808
v -0.159795 0.165886 -0.250176
v -0.159795 0.165886 -0.250176
v -0.159794 0.165886 -0.250176
v -0.159795 0.166114 -0.250176
v -0.159794 0.166114 -0.250176
v -0.159795 0.166114 -0.250176
v -0.080201 0.165886 -0.249820
v -0.080201 0.165886 -0.249819
v -0.080202 0.165886 -0.249820
v -0.080201 0.166114 -0.249819
v -0.080201 0.166114 -0.249820
v -0.080202 0.166114 -0.249820
v -0.080194 0.165886 -0.250188
v -0.080194 0.165886 -0.250188
v -0.080193 0.165886 -0.250189
v -0.080194 0.166114 -0.250188
v -0.080193 0.166114 -0.250189
v -0.080194 0.166114 -0.250188
v -0.079806 0.165886 -0.249812
v -0.079806 0.165886 -0.249812
v -0.079807 0.165886 -0.249811
v -0.079806 0.166114 -0.249812
v -0.079807 0.166114 -0.249811
v -0.079806 0.166114 -0.249812
v -0.079799 0.165886 -0.250180
v -0.079799 0.165886 -0.250181
v -0.079798 0.165886 -0.250180
v -0.079799 0.166114 -0.250180
v -0.079798 0.166114 -0.250180
v -0.079799 0.166114 -0.250181
v -0.000197 0.165886 -0.249816
v -0.000197 0.165886 -0.249815
v -0.000198 0.165886 -0.249816
v -0.000197 0.166114 -0.249815
v -0.000197 0.166114 -0.249816
v -0.000198 0.166114 -0.249816
v -0.000197 0.165886 -0.250184
v -0.000198 0.165886 -0.250184
v -0.000197 0.165886 -0.250185
v -0.000197 0.166114 -0.250184
v -0.000197 0.166114 -0.250185
v -0.000198 0.166114 -0.250184
v 0.000197 0.165886 -0.249816
v 0.000198 0.165886 -0.249816
v 0.000197 0.165886 -0.249815
v 0.000197 0.166114 -0.249816
v 0.000197 0.166114 -0.249815
v 0.000198 0.166114 -0.249816
v 0.000197 0.165886 -0.250184
v 0.000197 0.165886 -0.250185
v 0.000198 0.165886 -0.250184
v 0.000197 0.166114 -0.250184
v 0.000198 0.166114 -0.250184
v 0.000197 0.166114 -0.250185
v 0.079806 0.165886 -0.249812
v 0.079807 0.165886 -0.249811
v 0.079806 0.165886 -0.249812
v 0.079807 0.166114 -0.249811
v 0.079806 0.166114 -0.249812
v 0.079806 0.166114 -0.249812
v 0.079799 0.165886 -0.250180
v 0.079798 0.165886 -0.250180
v 0.079799 0.165886 -0.250181
v 0.079799 0.166114 -0.250180
v 0.079799 0.166114 -0.250181
v 0.079798 0.166114 -0.250180
v 0.080201 0.165886 -0.249820
v 0.080202 0.165886 -0.249820
v 0.080201 0.165886 -0.249819
v 0.080201 0.166114 -0.249820
v 0.080201 0.166114 -0.249819
v 0.080202 0.166114 -0.249820
v 0.080194 0.165886 -0.250188
v 0.080193 0.165886 -0.250189
v 0.080194 0.165886 -0.250188
v 0.080194 0.166114 -0.250188
v 0.080194 0.166114 -0.250188
v 0.080193 0.166114 -0.250189
v 0.159810 0.165886 -0.249808
v 0.159810 0.165886 -0.249807
v 0.159810 0.165886 -0.249808
v 0.159810 0.166114 -0.249807
v 0.159810 0.166114 -0.249808
v 0.159810 0.166114 -0.249808
v 0.159795 0.165886 -0.250176
v 0.159794 0.165886 -0.250176
v 0.159795 0.165886 -0.250176
v 0.159795 0.166114 -0.250176
v 0.159795 0.166114 -0.250176
v 0.159794 0.166114 -0.250176
v 0.160205 0.165886 -0.249824
v 0.160206 0.165886 -0.249824
v 0.160205 0.165886 -0.249824
v 0.160205 0.166114 -0.249824
v 0.160205 0.166114 -0.249824
v 0.160206 0.166114 -0.249824
v 0.160190 0.165886 -0.250192
v 0.160189 0.165886 -0.250193
v 0.160190 0.165886 -0.250192
v 0.160190 0.166114 -0.250192
v 0.160190 0.166114 -0.250192
v 0.160189 0.166114 -0.250193
v -0.390117 0.244965 0.020516
v -0.390117 0.244965 0.020517
v -0.390117 0.244965 0.020516
v -0.390117 0.245035 0.020517
v -0.390117 0.245035 0.020516
v -0.390117 0.245035 0.020516
v -0.389970 0.244965 0.019472
v -0.389970 0.244965 0.019472
v -0.389970 0.244965 0.019471
v -0.389970 0.245035 0.019472
v -0.389970 0.245035 0.019471
v -0.389970 0.245035 0.019472
v -0.390030 0.244965 0.020528
v -0.390030 0.244965 0.020528
v -0.390030 0.244965 0.020529
v -0.390030 0.245035 0.020528
v -0.390030 0.245035 0.020529
v -0.390030 0.245035 0.020528
v -0.389883 0.244965 0.019484
v -0.389883 0.244965 0.019483
v -0.389883 0.244965 0.019484
v -0.389883 0.245035 0.019484
v -0.389883 0.245035 0.019484
v -0.389883 0.245035 0.019483
v 0.390030 0.244965 0.020528
v 0.390030 0.244965 0.020529
v 0.390030 0.244965 0.020528
v 0.390030 0.245035 0.020529
v 0.390030 0.245035 0.020528
v 0.390030 0.245035 0.020528
v 0.389883 0.244965 0.019484
v 0.389883 0.244965 0.019484
v 0.389883 0.244965 0.019483
v 0.389883 0.245035 0.019484
v 0.389883 0.245035 0.019483
v 0.389883 0.245035 0.019484
v 0.390117 0.244965 0.020516
v 0.390117 0.244965 0.020516
v 0.390117 0.244965 0.020517
v 0.390117 0.245035 0.020516
v 0.390117 0.245035 0.020517
v 0.390117 0.245035 0.020516
v 0.389970 0.244965 0.019472
v 0.389970 0.244965 0.019471
v 0.389970 0.244965 0.019472
v 0.389970 0.245035 0.019472
v 0.389970 0.245035 0.019472
v 0.389970 0.245035 0.019471
vn -0.0000 -0.6023 -0.7983
vn -0.0000 0.3913 -0.9203
vn 0.2434 0.4021 -0.8826
vn 0.2434 -0.6037 -0.7591
vn -0.0000 0.8910 -0.4540
vn -0.0000 0.9677 -0.2522
vn 0.0332 0.9693 -0.2437
vn 0.0876 0.8974 -0.4325
vn -0.0000 -0.9925 0.1219
vn -0.0000 -0.9999 -0.0106
vn 0.0332 -0.9994 -0.0020
vn -0.0000 -0.9744 -0.2250
vn 0.0876 -0.9753 -0.2026
vn -0.0000 0.9925 -0.1219
vn 0.1675 -0.9766 -0.1352
vn 0.0634 -0.9977 0.0241
vn 0.4957 0.4318 -0.7536
vn 0.4957 -0.6013 -0.6267
vn 0.0634 0.9739 -0.2180
vn 0.1674 0.9148 -0.3675
vn 0.7340 0.4753 -0.4851
vn 0.7340 -0.5785 -0.3557
vn 0.0862 0.9806 -0.1758
vn 0.2281 0.9385 -0.2592
vn 0.0863 -0.9940 0.0667
vn 0.2281 -0.9733 -0.0245
vn 0.0953 -0.9880 0.1213
vn 0.8459 -0.5294 0.0650
vn 0.2522 -0.9605 0.1179
vn 0.2521 0.9605 -0.1179
vn 0.8459 0.5294 -0.0650
vn 0.0953 0.9880 -0.1213
vn 0.0862 -0.9806 0.1758
vn 0.7340 -0.4753 0.4851
vn 0.2281 -0.9385 0.2592
vn 0.2281 0.9733 0.0245
vn 0.7340 0.5785 0.3557
vn 0.0862 0.9940 -0.0667
vn 0.1675 0.9766 0.1352
vn 0.4957 0.6013 0.6267
vn 0.0635 0.9977 -0.0241
vn 0.1675 -0.9148 0.3675
vn 0.0634 -0.9739 0.2180
vn 0.4957 -0.4318 0.7536
vn 0.0876 -0.8973 0.4325
vn 0.0332 -0.9693 0.2437
vn 0.2434 0.6037 0.7591
vn 0.2434 -0.4021 0.8826
vn 0.0332 0.9994 0.0020
vn 0.0876 0.9753 0.2026
vn -0.0000 -0.8910 0.4540
vn -0.0000 -0.9677 0.2522
vn -0.0000 0.6023 0.7983
vn -0.0000 -0.3913 0.9203
vn -0.0000 0.9999 0.0106
vn -0.0000 0.9744 0.2250
vn -0.0332 0.9994 0.0020
vn -0.0876 0.9753 0.2026
vn -0.0332 -0.9693 0.2437
vn -0.2434 -0.4021 0.8826
vn -0.0876 -0.8973 0.4325
vn -0.2434 0.6037 0.7591
vn -0.0634 -0.9739 0.2180
vn -0.4957 -0.4318 0.7536
vn -0.1675 -0.9148 0.3675
vn -0.1674 0.9766 0.1352
vn -0.4957 0.6013 0.6267
vn -0.0634 0.9977 -0.0241
vn -0.7340 -0.4753 0.4851
vn -0.2281 -0.9385 0.2592
vn -0.2281 0.9733 0.0245
vn -0.7340 0.5785 0.3557
vn -0.0862 0.9940 -0.0667
vn -0.0863 -0.9806 0.1758
vn -0.0953 0.9880 -0.1213
vn -0.2522 -0.9605 0.1179
vn -0.0953 -0.9880 0.1213
vn -0.8459 0.5294 -0.0650
vn -0.8459 -0.5294 0.0650
vn -0.2521 0.9605 -0.1179
vn -0.2281 -0.9733 -0.0245
vn -0.0862 -0.9940 0.0667
vn -0.7340 0.4753 -0.4851
vn -0.7340 -0.5785 -0.3557
vn -0.0862 0.9806 -0.1758
vn -0.2281 0.9385 -0.2592
vn -0.4957 0.4318 -0.7536
vn -0.4957 -0.6013 -0.6267
vn -0.0635 0.9739 -0.2180
vn -0.1675 0.9148 -0.3675
vn -0.0634 -0.9977 0.0241
vn -0.1675 -0.9766 -0.1352
vn -0.0332 -0.9994 -0.0020
vn -0.2434 -0.6037 -0.7591
vn -0.0876 -0.9753 -0.2026
vn -0.0876 0.8974 -0.4325
vn -0.2434 0.4021 -0.8826
vn -0.0332 0.9693 -0.2437
vn -0.0000 -0.9986 0.0523
vn -0.0000 -0.9641 -0.2655
vn 0.0628 -0.9693 -0.2378
vn -0.0000 -0.5427 -0.8399
vn -0.0000 0.4520 -0.8920
vn 0.2309 0.4767 -0.8482
vn 0.2309 -0.5627 -0.7937
vn -0.0000 0.9311 -0.3648
vn -0.0000 0.9986 -0.0523
vn 0.0628 0.9391 -0.3378
vn 0.1274 -0.9818 -0.1405
vn 0.5551 0.5153 -0.6529
vn 0.5551 -0.5807 -0.5955
vn 0.1274 0.9618 -0.2423
vn 0.1689 -0.9843 0.0516
vn 0.8437 0.5360 -0.0281
vn 0.8437 -0.5360 0.0280
vn 0.1689 0.9843 -0.0516
vn 0.1275 -0.9618 0.2423
vn 0.5551 0.5808 0.5955
vn 0.5551 -0.5153 0.6529
vn 0.1275 0.9818 0.1405
vn 0.0628 -0.9391 0.3378
vn 0.2309 0.5628 0.7937
vn 0.2309 -0.4767 0.8482
vn 0.0628 0.9693 0.2378
vn -0.0000 -0.9311 0.3648
vn -0.0000 0.5427 0.8399
vn -0.0000 -0.4520 0.8920
vn -0.0000 0.9641 0.2655
vn -0.0628 -0.9391 0.3378
vn -0.2309 0.5628 0.7937
vn -0.2309 -0.4767 0.8482
vn -0.0628 0.9693 0.2378
vn -0.1275 -0.9618 0.2423
vn -0.5551 0.5808 0.5955
vn -0.5551 -0.5153 0.6529
vn -0.1274 0.9819 0.1405
vn -0.1689 -0.9843 0.0516
vn -0.8437 0.5360 -0.0281
vn -0.8437 -0.5360 0.0280
vn -0.1689 0.9843 -0.0516
vn -0.1274 -0.9818 -0.1405
vn -0.5551 0.5153 -0.6529
vn -0.5551 -0.5807 -0.5955
vn -0.1274 0.9618 -0.2423
vn -0.0628 -0.9693 -0.2378
vn -0.2309 0.4767 -0.8482
vn -0.2309 -0.5627 -0.7937
vn -0.0628 0.9391 -0.3378
vn 0.5441 -0.6793 -0.4925
vn 0.3548 -0.4986 0.7909
vn -0.8105 -0.5634 -0.1606
vn 0.3550 0.5783 0.7345
vn 0.5455 0.6228 -0.5609
vn -0.8091 0.5450 -0.2201
vn 0.5457 -0.6220 0.5615
vn -0.8084 -0.5467 0.2180
vn 0.3567 -0.5771 -0.7346
vn 0.5424 0.6814 0.4915
vn 0.3523 0.5001 -0.7911
vn -0.8123 0.5601 0.1625
vn -0.5440 -0.6793 -0.4926
vn 0.8105 -0.5633 -0.1604
vn -0.3549 -0.4986 0.7908
vn -0.5447 0.6237 -0.5606
vn -0.3541 0.5789 0.7345
vn 0.8099 0.5435 -0.2204
vn -0.5458 -0.6220 0.5614
vn -0.3566 -0.5771 -0.7347
vn 0.8084 -0.5468 0.2181
vn -0.5423 0.6814 0.4916
vn 0.8124 0.5601 0.1624
vn -0.3524 0.5001 -0.7910
vn 0.6691 -0.7422 0.0376
vn 0.6691 -0.7421 0.0403
vn -0.7412 -0.6703 0.0367
vn -0.7412 -0.6704 0.0334
vn 0.1942 0.0500 0.9797
vn 0.1947 0.0527 0.9794
vn -0.9803 0.0119 0.1972
vn -0.9804 0.0087 0.1969
vn 0.6691 0.7422 -0.0370
vn 0.6691 0.7421 -0.0406
vn -0.7412 0.6703 -0.0364
vn -0.7412 0.6704 -0.0340
vn 0.1947 -0.0500 -0.9796
vn 0.1942 -0.0527 -0.9795
vn -0.9804 -0.0119 -0.1967
vn -0.9803 -0.0087 -0.1974
vn 0.0015 -0.7269 0.6867
vn -0.0015 -0.7269 0.6867
vn -0.0015 -0.6888 -0.7249
vn 0.0015 -0.6888 -0.7249
vn -0.0015 0.7950 0.6065
vn 0.0015 0.7950 0.6065
vn 0.0015 0.6089 -0.7933
vn -0.0015 0.6089 -0.7933
vn 0.9803 -0.0087 -0.1975
vn 0.9804 -0.0119 -0.1968
vn -0.1943 -0.0527 -0.9795
vn -0.1948 -0.0500 -0.9796
vn -0.6691 -0.7421 0.0403
vn -0.6691 -0.7422 0.0376
vn 0.7412 -0.6704 0.0334
vn 0.7412 -0.6703 0.0367
vn -0.6691 0.7421 -0.0406
vn -0.6691 0.7422 -0.0370
vn 0.7412 0.6704 -0.0340
vn 0.7412 0.6703 -0.0364
vn -0.1948 0.0527 0.9794
vn -0.1943 0.0500 0.9797
vn 0.9804 0.0087 0.1970
vn 0.9803 0.0119 0.1973
vn -0.0015 -0.7950 -0.6065
vn 0.0015 -0.7950 -0.6065
vn 0.0015 -0.6089 0.7933
vn -0.0015 -0.6089 0.7933
vn 0.0015 0.7271 -0.6866
vn -0.0015 0.7271 -0.6866
vn -0.0015 0.6887 0.7250
vn 0.0015 0.6887 0.7250
vn -0.0015 -0.9987 0.0508
vn 0.0015 -0.9987 0.0508
vn 0.0015 -0.9985 0.0538
vn -0.0015 -0.9985 0.0538
vn -1.0000 -0.0014 0.0016
vn -1.0000 0.0016 0.0014
vn -1.0000 0.0014 -0.0016
vn -1.0000 -0.0016 -0.0014
vn 0.0015 0.0508 0.9987
vn 0.0015 0.0538 0.9985
vn -0.0015 0.0538 0.9985
vn -0.0015 0.0508 0.9987
vn 0.0015 0.9985 -0.0538
vn -0.0015 0.9985 -0.0539
vn -0.0015 0.9987 -0.0508
vn 0.0015 0.9987 -0.0508
vn -0.0015 -0.0539 -0.9985
vn -0.0015 -0.0509 -0.9987
vn 0.0015 -0.0508 -0.9987
vn 0.0015 -0.0539 -0.9985
vn 1.0000 -0.0016 -0.0014
vn 1.0000 0.0014 -0.0016
vn 1.0000 0.0016 0.0014
vn 1.0000 -0.0014 0.0016
vn -0.0000 0.3069 -0.9518
vn -0.0000 0.8560 -0.5169
vn 0.0965 0.8695 -0.4845
vn 0.2909 0.3351 -0.8961
vn -0.0000 -0.9848 0.1736
vn -0.0000 -0.9812 -0.1929
vn 0.0965 -0.9827 -0.1579
vn -0.0000 -0.6140 -0.7893
vn 0.2909 -0.6216 -0.7273
vn -0.0000 0.9848 -0.1736
vn 0.6325 -0.6061 -0.4823
vn 0.1888 -0.9811 -0.0415
vn 0.1888 0.9078 -0.3746
vn 0.6325 0.4044 -0.6606
vn 0.8572 -0.5071 0.0895
vn 0.2385 -0.9564 0.1686
vn 0.2385 0.9564 -0.1686
vn 0.8573 0.5071 -0.0893
vn 0.6325 -0.4045 0.6606
vn 0.1888 -0.9078 0.3746
vn 0.1888 0.9811 0.0415
vn 0.6325 0.6060 0.4824
vn 0.2910 -0.3353 0.8961
vn 0.0965 -0.8695 0.4845
vn 0.0965 0.9827 0.1579
vn 0.2909 0.6215 0.7274
vn -0.0000 -0.3069 0.9517
vn -0.0000 -0.8561 0.5169
vn -0.0000 0.9812 0.1929
vn -0.0000 0.6139 0.7894
vn -0.2910 -0.3353 0.8961
vn -0.0965 -0.8695 0.4845
vn -0.0965 0.9827 0.1579
vn -0.2910 0.6215 0.7274
vn -0.6325 -0.4045 0.6606
vn -0.1888 -0.9078 0.3746
vn -0.1888 0.9811 0.0415
vn -0.6325 0.6060 0.4824
vn -0.8572 -0.5071 0.0895
vn -0.2385 -0.9564 0.1686
vn -0.2385 0.9564 -0.1687
vn -0.8572 0.5071 -0.0893
vn -0.6325 -0.6060 -0.4824
vn -0.1888 -0.9811 -0.0415
vn -0.1888 0.9078 -0.3746
vn -0.6325 0.4045 -0.6605
vn -0.2909 -0.6216 -0.7273
vn -0.0965 -0.9827 -0.1578
vn -0.0965 0.8695 -0.4845
vn -0.2909 0.3352 -0.8961
vn 0.0537 -0.9848 -0.1653
vn 0.2555 -0.5624 -0.7864
vn 0.6400 -0.5623 -0.5237
vn 0.1407 -0.9839 -0.1104
vn 0.2555 0.5624 -0.7864
vn 0.0537 0.9848 -0.1653
vn 0.1407 0.9839 -0.1104
vn 0.6399 0.5624 -0.5236
vn -0.0000 -1.0000 -0.0000
vn -0.0000 1.0000 -0.0000
vn 0.8165 -0.5612 -0.1351
vn 0.1861 -0.9822 -0.0274
vn 0.1861 0.9822 -0.0274
vn 0.8165 0.5613 -0.1351
vn 0.7878 -0.5603 0.2560
vn 0.1829 -0.9813 0.0594
vn 0.1829 0.9813 0.0594
vn 0.7878 0.5603 0.2559
vn 0.5811 -0.5613 0.5893
vn 0.1344 -0.9822 0.1315
vn 0.1344 0.9822 0.1315
vn 0.5812 0.5612 0.5892
vn 0.2099 -0.5625 0.7997
vn 0.0490 -0.9839 0.1720
vn 0.0489 0.9839 0.1720
vn 0.2100 0.5623 0.7999
vn -0.2555 -0.5624 0.7864
vn -0.0537 -0.9848 0.1653
vn -0.0537 0.9848 0.1653
vn -0.2555 0.5624 0.7864
vn -0.6400 -0.5623 0.5237
vn -0.1407 -0.9839 0.1104
vn -0.1407 0.9839 0.1104
vn -0.6399 0.5624 0.5236
vn -0.8165 -0.5613 0.1351
vn -0.1861 -0.9822 0.0274
vn -0.1861 0.9822 0.0274
vn -0.8165 0.5613 0.1351
vn -0.7878 -0.5602 -0.2560
vn -0.1829 -0.9813 -0.0594
vn -0.1829 0.9813 -0.0594
vn -0.7877 0.5603 -0.2559
vn -0.5812 -0.5612 -0.5893
vn -0.1344 -0.9822 -0.1315
vn -0.1344 0.9822 -0.1315
vn -0.5812 0.5613 -0.5892
vn -0.2099 -0.5624 -0.7998
vn -0.0489 -0.9839 -0.1720
vn -0.0490 0.9839 -0.1720
vn -0.2099 0.5623 -0.7998
vn -0.0537 -0.9848 -0.1653
vn -0.2555 -0.5624 -0.7864
vn 0.2099 -0.5624 -0.7998
vn 0.0489 -0.9839 -0.1720
vn -0.2555 0.5624 -0.7864
vn -0.0537 0.9848 -0.1653
vn 0.0489 0.9839 -0.1720
vn 0.2099 0.5623 -0.7998
vn 0.1344 0.9822 -0.1315
vn 0.5812 -0.5612 -0.5893
vn 0.1344 -0.9822 -0.1315
vn 0.5812 0.5613 -0.5892
vn 0.1829 0.9813 -0.0594
vn 0.7878 -0.5602 -0.2560
vn 0.1829 -0.9813 -0.0594
vn 0.7877 0.5603 -0.2559
vn 0.1861 0.9822 0.0274
vn 0.8165 -0.5613 0.1351
vn 0.1861 -0.9822 0.0274
vn 0.8165 0.5613 0.1351
vn 0.1407 0.9839 0.1104
vn 0.6400 -0.5623 0.5237
vn 0.1407 -0.9839 0.1104
vn 0.6399 0.5624 0.5236
vn 0.0537 0.9848 0.1653
vn 0.2555 -0.5624 0.7864
vn 0.0537 -0.9848 0.1653
vn 0.2555 0.5624 0.7864
vn -0.0489 0.9839 0.1720
vn -0.2099 -0.5625 0.7997
vn -0.0489 -0.9839 0.1720
vn -0.2100 0.5623 0.7999
vn -0.1344 0.9822 0.1315
vn -0.5811 -0.5613 0.5893
vn -0.1344 -0.9822 0.1315
vn -0.5812 0.5612 0.5892
vn -0.1829 0.9813 0.0594
vn -0.7877 -0.5603 0.2560
vn -0.1829 -0.9813 0.0594
vn -0.7878 0.5603 0.2559
vn -0.1861 0.9822 -0.0274
vn -0.8165 -0.5612 -0.1351
vn -0.1861 -0.9822 -0.0274
vn -0.8165 0.5613 -0.1351
vn -0.1407 0.9839 -0.1104
vn -0.6400 -0.5623 -0.5237
vn -0.1407 -0.9839 -0.1104
vn -0.6399 0.5624 -0.5236
vn -0.0000 -0.9164 -0.4002
vn 0.2906 -0.9065 -0.3064
vn -0.0000 -0.0000 -1.0000
vn -0.0000 0.9164 -0.4002
vn 0.2906 0.9065 -0.3063
vn 0.6412 0.0001 -0.7674
vn 0.4372 -0.8928 -0.1086
vn 0.4371 0.8928 -0.1087
vn 0.9630 0.0001 -0.2695
vn 0.4371 -0.8928 0.1086
vn 0.4371 0.8928 0.1086
vn 0.9630 -0.0000 0.2694
vn 0.2905 -0.9065 0.3063
vn 0.2906 0.9065 0.3064
vn 0.6411 -0.0000 0.7674
vn -0.0000 -0.9165 0.4001
vn -0.0000 0.9164 0.4002
vn -0.0000 -0.0000 1.0000
vn -0.2906 0.9065 0.3063
vn -0.2905 -0.9065 0.3063
vn -0.6411 -0.0000 0.7674
vn -0.9630 -0.0000 0.2694
vn -0.4371 -0.8928 0.1087
vn -0.4371 0.8928 0.1086
vn -0.9630 -0.0000 -0.2695
vn -0.4371 -0.8928 -0.1086
vn -0.4371 0.8928 -0.1087
vn -0.6411 -0.0000 -0.7675
vn -0.2906 -0.9065 -0.3064
vn -0.2906 0.9065 -0.3064
vn 0.6411 0.0001 -0.7674
vn 0.9630 0.0001 -0.2694
vn 0.4371 -0.8928 0.1087
vn 0.2906 0.9065 0.3063
vn -0.2906 0.9065 0.3064
vn -0.2906 -0.9065 0.3063
vn -0.4371 -0.8928 0.1086
vn -0.9630 -0.0000 -0.2694
vn -0.2906 0.9065 -0.3063
vn 0.5023 -0.8348 0.2254
vn 0.1625 0.0335 0.9861
vn -0.9160 -0.3971 0.0574
vn 0.1695 0.3643 0.9157
vn 0.5837 0.8009 -0.1334
vn -0.8655 0.4743 -0.1609
vn 0.4422 -0.8726 0.2073
vn -0.6755 -0.4060 -0.6156
vn 0.8010 -0.0498 -0.5965
vn 0.4546 0.8891 0.0536
vn 0.7776 -0.0598 -0.6259
vn -0.7083 0.3550 -0.6101
vn -0.4250 -0.8999 -0.0976
vn 0.7138 -0.3291 0.6182
vn -0.7913 -0.0176 0.6112
vn -0.3920 0.7388 -0.5482
vn -0.7015 0.4180 0.5772
vn 0.7511 0.5117 0.4171
vn -0.5247 -0.8384 -0.1473
vn -0.2009 -0.0184 -0.9794
vn 0.8963 -0.4401 -0.0549
vn -0.5816 0.8130 0.0295
vn 0.8674 0.4910 0.0812
vn -0.1703 0.2354 -0.9569
vn 0.5884 -0.7782 0.2195
vn 0.5887 -0.7777 0.2205
vn -0.7302 -0.6292 -0.2664
vn -0.7282 -0.6304 -0.2691
vn 0.2691 -0.0016 0.9631
vn 0.2808 0.0020 0.9598
vn -0.9592 -0.0007 0.2827
vn -0.9627 -0.0011 0.2707
vn 0.5990 0.7714 0.2149
vn 0.6004 0.7704 0.2144
vn -0.7230 0.6380 -0.2650
vn -0.7235 0.6388 -0.2618
vn 0.8381 -0.0003 -0.5455
vn 0.8303 -0.0006 -0.5573
vn -0.5555 -0.0004 -0.8315
vn -0.5442 0.0032 -0.8390
vn -0.0378 -0.9981 0.0489
vn -0.0412 -0.9978 0.0520
vn 0.3486 -0.0609 -0.9353
vn 0.3505 -0.0650 -0.9343
vn -0.0665 0.9843 0.1636
vn -0.0630 0.9851 0.1600
vn 0.3305 0.1783 -0.9268
vn 0.3288 0.1738 -0.9283
vn 0.9592 0.0025 -0.2826
vn 0.9626 -0.0010 -0.2709
vn -0.2689 -0.0005 -0.9632
vn -0.2809 -0.0002 -0.9597
vn -0.6004 -0.7704 -0.2145
vn -0.5990 -0.7714 -0.2149
vn 0.7235 -0.6387 0.2619
vn 0.7229 -0.6380 0.2651
vn -0.5863 0.7801 -0.2186
vn -0.5924 0.7788 -0.2063
vn 0.7331 0.6292 0.2583
vn 0.7318 0.6267 0.2678
vn -0.8386 0.0024 0.5447
vn -0.8312 -0.0013 0.5560
vn 0.5547 -0.0015 0.8320
vn 0.5429 -0.0012 0.8398
vn 0.0336 -0.9991 0.0271
vn 0.0389 -0.9991 0.0190
vn -0.3563 0.0115 0.9343
vn -0.3579 0.0020 0.9338
vn 0.1287 0.9493 -0.2868
vn 0.0885 0.9638 -0.2516
vn -0.3129 0.2739 0.9094
vn -0.3290 0.3102 0.8919
vn -0.0006 -1.0000 -0.0012
vn 0.0012 -1.0000 -0.0006
vn 0.0006 -1.0000 0.0013
vn -0.0013 -1.0000 0.0006
vn -0.9400 -0.0010 -0.3412
vn -0.9400 0.0010 -0.3412
vn -0.9393 0.0010 -0.3431
vn -0.9393 -0.0010 -0.3431
vn -0.3411 -0.0016 0.9400
vn -0.3411 0.0004 0.9400
vn -0.3429 0.0004 0.9394
vn -0.3429 -0.0016 0.9394
vn 0.0013 1.0000 -0.0006
vn -0.0005 1.0000 -0.0012
vn -0.0012 1.0000 0.0006
vn 0.0006 1.0000 0.0013
vn 0.3411 -0.0009 -0.9400
vn 0.3411 0.0010 -0.9400
vn 0.3429 0.0010 -0.9394
vn 0.3429 -0.0009 -0.9394
vn 0.9400 -0.0008 0.3411
vn 0.9400 0.0012 0.3411
vn 0.9393 0.0012 0.3430
vn 0.9393 -0.0008 0.3430
vn 0.4251 -0.8999 -0.0975
vn 0.7912 -0.0176 0.6112
vn -0.7139 -0.3292 0.6181
vn 0.7022 0.4088 0.5829
vn 0.3918 0.7482 -0.5355
vn -0.7526 0.5050 0.4225
vn 0.5247 -0.8385 -0.1472
vn -0.8963 -0.4401 -0.0550
vn 0.2011 -0.0184 -0.9794
vn 0.5816 0.8129 0.0294
vn 0.1702 0.2354 -0.9569
vn -0.8673 0.4910 0.0813
vn -0.5022 -0.8349 0.2253
vn 0.9160 -0.3970 0.0575
vn -0.1626 0.0335 0.9861
vn -0.5838 0.8009 -0.1333
vn -0.1694 0.3643 0.9158
vn 0.8655 0.4743 -0.1610
vn -0.4423 -0.8726 0.2072
vn -0.8010 -0.0497 -0.5966
vn 0.6755 -0.4061 -0.6155
vn -0.4545 0.8891 0.0536
vn 0.7083 0.3549 -0.6102
vn -0.7777 -0.0598 -0.6258
vn 0.5990 -0.7714 -0.2148
vn 0.6004 -0.7704 -0.2144
vn -0.7230 -0.6380 0.2650
vn -0.7235 -0.6387 0.2618
vn 0.8312 -0.0013 0.5560
vn 0.8386 0.0024 0.5447
vn -0.5429 -0.0012 0.8398
vn -0.5547 -0.0015 0.8320
vn 0.5923 0.7788 -0.2065
vn 0.5862 0.7801 -0.2187
vn -0.7317 0.6267 0.2679
vn -0.7331 0.6292 0.2583
vn 0.2809 -0.0002 -0.9597
vn 0.2689 -0.0005 -0.9632
vn -0.9626 -0.0010 -0.2709
vn -0.9592 0.0026 -0.2826
vn 0.0411 -0.9978 0.0521
vn 0.0378 -0.9981 0.0489
vn -0.3504 -0.0650 -0.9344
vn -0.3486 -0.0609 -0.9353
vn 0.0631 0.9851 0.1600
vn 0.0666 0.9843 0.1636
vn -0.3289 0.1738 -0.9282
vn -0.3306 0.1783 -0.9268
vn 0.5442 0.0032 -0.8390
vn 0.5555 -0.0004 -0.8315
vn -0.8303 -0.0006 -0.5573
vn -0.8381 -0.0003 -0.5455
vn -0.5887 -0.7777 0.2204
vn -0.5885 -0.7782 0.2194
vn 0.7282 -0.6304 -0.2690
vn 0.7302 -0.6292 -0.2663
vn -0.6004 0.7704 0.2145
vn -0.5989 0.7714 0.2150
vn 0.7235 0.6388 -0.2619
vn 0.7229 0.6380 -0.2651
vn -0.2808 0.0020 0.9598
vn -0.2691 -0.0016 0.9631
vn 0.9627 -0.0011 0.2707
vn 0.9592 -0.0007 0.2827
vn -0.0388 -0.9991 0.0190
vn -0.0335 -0.9991 0.0271
vn 0.3578 0.0020 0.9338
vn 0.3562 0.0115 0.9343
vn -0.0886 0.9638 -0.2516
vn -0.1289 0.9493 -0.2868
vn 0.3291 0.3102 0.8919
vn 0.3129 0.2739 0.9094
vn -0.0012 -1.0000 -0.0006
vn 0.0006 -1.0000 -0.0012
vn 0.0013 -1.0000 0.0006
vn -0.0006 -1.0000 0.0013
vn -0.9393 -0.0008 0.3431
vn -0.9393 0.0012 0.3431
vn -0.9400 0.0012 0.3412
vn -0.9400 -0.0008 0.3412
vn 0.3430 -0.0016 0.9394
vn 0.3430 0.0004 0.9394
vn 0.3411 0.0004 0.9400
vn 0.3411 -0.0016 0.9400
vn 0.0006 1.0000 -0.0012
vn -0.0012 1.0000 -0.0005
vn -0.0006 1.0000 0.0012
vn 0.0012 1.0000 0.0006
vn -0.3429 -0.0009 -0.9394
vn -0.3429 0.0010 -0.9394
vn -0.3411 0.0010 -0.9400
vn -0.3411 -0.0009 -0.9400
vn 0.9393 -0.0010 -0.3431
vn 0.9393 0.0010 -0.3431
vn 0.9400 0.0010 -0.3412
vn 0.9400 -0.0010 -0.3412
vn -0.4420 -0.8970 -0.0088
vn 0.2377 -0.2064 0.9492
vn -0.9686 0.2481 0.0137
vn 0.4036 0.3101 0.8608
vn -0.1612 0.9295 -0.3318
vn -0.9599 0.1567 0.2324
vn 0.4084 -0.8835 0.2295
vn -0.4874 -0.2316 0.8419
vn -0.6423 -0.4227 -0.6394
vn 0.3117 0.9071 0.2829
vn -0.6968 0.3895 -0.6023
vn -0.4923 0.1163 0.8626
vn -0.3830 -0.8899 -0.2480
vn 0.5074 -0.2125 -0.8351
vn 0.6606 -0.3962 0.6377
vn -0.1681 0.9533 -0.2508
vn 0.6767 0.2868 0.6781
vn 0.5232 0.1027 -0.8460
vn 0.3339 -0.9372 -0.1004
vn -0.4897 -0.0733 -0.8688
vn 0.9664 0.0891 -0.2412
vn 0.1800 0.9254 0.3335
vn 0.9850 0.0903 -0.1471
vn -0.3300 0.3615 -0.8720
vn 0.2342 -0.9558 -0.1779
vn 0.2702 -0.9512 -0.1492
vn -0.7854 -0.3015 0.5406
vn -0.7619 -0.3035 0.5721
vn 0.1401 -0.0018 0.9901
vn 0.1399 0.0003 0.9902
vn -0.9899 0.0009 0.1420
vn -0.9899 -0.0010 0.1418
vn 0.2329 0.9610 -0.1494
vn 0.2231 0.9640 -0.1449
vn -0.7753 0.2780 0.5671
vn -0.7766 0.2674 0.5704
vn -0.8721 0.0019 -0.4894
vn -0.8749 -0.0024 -0.4843
vn -0.4862 0.0012 0.8739
vn -0.4909 0.0008 0.8712
vn 0.3147 -0.8388 0.4442
vn 0.3118 -0.8412 0.4417
vn -0.4740 -0.5458 -0.6909
vn -0.4728 -0.5423 -0.6945
vn 0.3282 0.8284 0.4539
vn 0.3294 0.8277 0.4543
vn -0.4723 0.5594 -0.6812
vn -0.4727 0.5648 -0.6764
vn 0.9889 -0.0000 -0.1488
vn 0.9889 -0.0019 -0.1483
vn -0.1470 -0.0012 -0.9891
vn -0.1465 0.0009 -0.9892
vn -0.2064 -0.9679 0.1431
vn -0.2115 -0.9667 0.1444
vn 0.7849 -0.2529 -0.5656
vn 0.7850 -0.2578 -0.5633
vn -0.2700 0.9518 0.1459
vn -0.2323 0.9571 0.1733
vn 0.7609 0.3010 -0.5748
vn 0.7848 0.2975 -0.5437
vn 0.8696 0.0033 0.4937
vn 0.8671 -0.0011 0.4982
vn 0.5001 0.0001 -0.8659
vn 0.4949 -0.0003 -0.8689
vn -0.3204 -0.8347 -0.4480
vn -0.3205 -0.8339 -0.4492
vn 0.4798 -0.5545 0.6800
vn 0.4784 -0.5512 0.6836
vn -0.3168 0.8249 -0.4682
vn -0.3159 0.8268 -0.4654
vn 0.4726 0.5669 0.6747
vn 0.4763 0.5638 0.6747
vn -0.0013 -1.0000 -0.0003
vn 0.0002 -1.0000 -0.0014
vn 0.0014 -1.0000 0.0002
vn -0.0003 -1.0000 0.0013
vn -0.8186 -0.0009 0.5744
vn -0.8186 0.0011 0.5744
vn -0.8197 0.0011 0.5728
vn -0.8197 -0.0009 0.5728
vn 0.5744 -0.0014 0.8186
vn 0.5744 0.0006 0.8186
vn 0.5727 0.0006 0.8197
vn 0.5727 -0.0014 0.8197
vn 0.0002 1.0000 -0.0013
vn -0.0013 1.0000 -0.0002
vn -0.0003 1.0000 0.0014
vn 0.0014 1.0000 0.0003
vn -0.5744 -0.0010 -0.8186
vn -0.5744 0.0009 -0.8186
vn -0.5728 0.0010 -0.8197
vn -0.5728 -0.0011 -0.8197
vn 0.8186 -0.0011 -0.5744
vn 0.8186 0.0009 -0.5744
vn 0.8197 0.0009 -0.5728
vn 0.8197 -0.0011 -0.5728
vn 0.3830 -0.8899 -0.2479
vn -0.6606 -0.3962 0.6376
vn -0.5073 -0.2125 -0.8352
vn -0.6725 0.2533 0.6954
vn 0.1190 0.9616 -0.2475
vn -0.5339 0.0880 -0.8410
vn -0.3340 -0.9372 -0.1004
vn -0.9664 0.0891 -0.2413
vn 0.4898 -0.0734 -0.8688
vn -0.1798 0.9255 0.3334
vn 0.3299 0.3615 -0.8721
vn -0.9850 0.0904 -0.1471
vn 0.4420 -0.8970 -0.0088
vn 0.9686 0.2482 0.0138
vn -0.2377 -0.2065 0.9491
vn 0.1747 0.9265 -0.3334
vn -0.3820 0.3241 0.8655
vn 0.9673 0.1309 0.2172
vn -0.4085 -0.8835 0.2293
vn 0.6424 -0.4226 -0.6393
vn 0.4873 -0.2316 0.8420
vn -0.3117 0.9070 0.2831
vn 0.4923 0.1162 0.8626
vn 0.6967 0.3895 -0.6024
vn 0.2115 -0.9667 0.1444
vn 0.2064 -0.9679 0.1431
vn -0.7850 -0.2578 -0.5633
vn -0.7849 -0.2529 -0.5656
vn -0.8671 -0.0010 0.4982
vn -0.8696 0.0034 0.4937
vn -0.4949 -0.0003 -0.8689
vn -0.5001 0.0001 -0.8659
vn 0.2323 0.9571 0.1733
vn 0.2700 0.9518 0.1458
vn -0.7848 0.2975 -0.5436
vn -0.7610 0.3010 -0.5747
vn 0.1465 0.0008 -0.9892
vn 0.1470 -0.0012 -0.9891
vn -0.9889 -0.0019 -0.1483
vn -0.9889 -0.0000 -0.1488
vn -0.3118 -0.8412 0.4417
vn -0.3147 -0.8388 0.4443
vn 0.4728 -0.5423 -0.6945
vn 0.4740 -0.5458 -0.6909
vn -0.3294 0.8277 0.4543
vn -0.3282 0.8284 0.4539
vn 0.4727 0.5648 -0.6764
vn 0.4723 0.5594 -0.6812
vn 0.4909 0.0008 0.8712
vn 0.4862 0.0012 0.8739
vn 0.8749 -0.0024 -0.4843
vn 0.8721 0.0020 -0.4894
vn -0.2702 -0.9512 -0.1492
vn -0.2342 -0.9558 -0.1779
vn 0.7620 -0.3035 0.5721
vn 0.7854 -0.3015 0.5406
vn -0.2232 0.9640 -0.1448
vn -0.2328 0.9610 -0.1494
vn 0.7767 0.2674 0.5703
vn 0.7754 0.2780 0.5670
vn -0.1399 0.0002 0.9902
vn -0.1401 -0.0019 0.9901
vn 0.9899 -0.0010 0.1418
vn 0.9899 0.0009 0.1420
vn 0.3205 -0.8339 -0.4492
vn 0.3205 -0.8347 -0.4479
vn -0.4784 -0.5512 0.6836
vn -0.4798 -0.5545 0.6799
vn 0.3160 0.8268 -0.4654
vn 0.3168 0.8249 -0.4682
vn -0.4763 0.5638 0.6747
vn -0.4726 0.5669 0.6747
vn -0.0002 -1.0000 -0.0014
vn 0.0014 -1.0000 -0.0003
vn 0.0003 -1.0000 0.0013
vn -0.0014 -1.0000 0.0002
vn -0.8197 -0.0011 -0.5728
vn -0.8197 0.0009 -0.5727
vn -0.8186 0.0009 -0.5744
vn -0.8186 -0.0011 -0.5744
vn -0.5727 -0.0014 0.8197
vn -0.5727 0.0006 0.8197
vn -0.5744 0.0006 0.8186
vn -0.5744 -0.0014 0.8186
vn 0.0014 1.0000 -0.0002
vn -0.0002 1.0000 -0.0013
vn -0.0014 1.0000 0.0003
vn 0.0003 1.0000 0.0014
vn 0.5728 -0.0010 -0.8197
vn 0.5728 0.0009 -0.8197
vn 0.5744 0.0010 -0.8186
vn 0.5744 -0.0011 -0.8186
vn 0.8197 -0.0009 0.5727
vn 0.8197 0.0011 0.5727
vn 0.8186 0.0011 0.5744
vn 0.8186 -0.0009 0.5744
vn 0.5416 -0.8209 0.1814
vn 0.5507 0.1716 0.8169
vn -0.8314 -0.2953 0.4708
vn 0.5670 -0.1800 0.8038
vn 0.5262 0.8272 0.1971
vn -0.8323 0.2954 0.4692
vn 0.5173 -0.8209 -0.2421
vn -0.8399 -0.2605 -0.4761
vn 0.5606 0.2141 -0.8000
vn 0.5355 0.8110 -0.2357
vn 0.5482 -0.2215 -0.8065
vn -0.8349 0.2572 -0.4866
vn -0.5415 -0.8209 0.1813
vn 0.8314 -0.2952 0.4709
vn -0.5508 0.1715 0.8168
vn -0.5299 0.8256 0.1939
vn -0.5700 -0.1828 0.8011
vn 0.8281 0.2989 0.4742
vn -0.5174 -0.8208 -0.2421
vn -0.5605 0.2141 -0.8000
vn 0.8399 -0.2607 -0.4760
vn -0.5354 0.8111 -0.2357
vn 0.8349 0.2570 -0.4866
vn -0.5483 -0.2214 -0.8065
vn 0.6515 -0.7569 0.0513
vn 0.6498 -0.7582 0.0543
vn -0.7582 -0.6503 0.0473
vn -0.7567 -0.6523 0.0444
vn 0.6715 0.0508 0.7392
vn 0.6707 0.0538 0.7398
vn -0.7398 0.0479 0.6711
vn -0.7390 0.0449 0.6722
vn 0.6597 0.7498 -0.0505
vn 0.6615 0.7480 -0.0535
vn -0.7480 0.6620 -0.0478
vn -0.7496 0.6604 -0.0449
vn 0.6720 -0.0508 -0.7388
vn 0.6711 -0.0538 -0.7394
vn -0.7394 -0.0479 -0.6716
vn -0.7386 -0.0449 -0.6726
vn 0.0015 -0.9886 -0.1504
vn -0.0015 -0.9886 -0.1504
vn -0.0015 0.1475 -0.9891
vn 0.0015 0.1475 -0.9891
vn -0.0015 0.9726 -0.2325
vn 0.0015 0.9726 -0.2325
vn 0.0015 -0.2296 -0.9733
vn -0.0015 -0.2296 -0.9733
vn 0.7386 -0.0449 -0.6726
vn 0.7394 -0.0479 -0.6716
vn -0.6711 -0.0538 -0.7394
vn -0.6720 -0.0508 -0.7388
vn -0.6498 -0.7582 0.0543
vn -0.6515 -0.7569 0.0513
vn 0.7567 -0.6523 0.0444
vn 0.7582 -0.6503 0.0473
vn -0.6615 0.7480 -0.0535
vn -0.6597 0.7498 -0.0505
vn 0.7496 0.6604 -0.0449
vn 0.7480 0.6620 -0.0478
vn -0.6707 0.0538 0.7398
vn -0.6715 0.0508 0.7392
vn 0.7390 0.0449 0.6722
vn 0.7398 0.0479 0.6711
vn -0.0015 -0.9655 0.2603
vn 0.0015 -0.9655 0.2603
vn 0.0015 0.2575 0.9663
vn -0.0015 0.2575 0.9663
vn 0.0015 0.9958 0.0918
vn -0.0015 0.9958 0.0918
vn -0.0015 -0.0889 0.9960
vn 0.0015 -0.0889 0.9960
vn -0.0015 -0.9977 0.0685
vn 0.0015 -0.9976 0.0685
vn 0.0015 -0.9974 0.0715
vn -0.0015 -0.9974 0.0715
vn 0.0015 0.0683 0.9977
vn 0.0015 0.0713 0.9975
vn -0.0015 0.0713 0.9975
vn -0.0015 0.0683 0.9977
vn 0.0015 0.9975 -0.0709
vn -0.0015 0.9975 -0.0710
vn -0.0015 0.9977 -0.0679
vn 0.0015 0.9977 -0.0679
vn -0.0015 -0.0713 -0.9975
vn -0.0015 -0.0683 -0.9977
vn 0.0015 -0.0683 -0.9977
vn 0.0015 -0.0713 -0.9975
vn 0.5739 -0.7889 0.2196
vn 0.5453 0.2205 0.8087
vn -0.8246 -0.2489 0.5081
vn 0.5210 0.1108 0.8464
vn 0.5588 0.8247 -0.0867
vn -0.8407 0.4036 0.3609
vn 0.5583 -0.8118 -0.1712
vn -0.8310 -0.2712 -0.4856
vn 0.5442 0.1629 -0.8230
vn 0.5167 0.7942 -0.3198
vn 0.5755 -0.2881 -0.7654
vn -0.8373 0.2445 -0.4890
vn -0.5738 -0.7890 0.2195
vn 0.8246 -0.2488 0.5081
vn -0.5454 0.2204 0.8086
vn -0.5589 0.8247 -0.0867
vn -0.5209 0.1107 0.8464
vn 0.8407 0.4037 0.3608
vn -0.5584 -0.8117 -0.1713
vn -0.5441 0.1630 -0.8230
vn 0.8310 -0.2713 -0.4855
vn -0.5166 0.7942 -0.3198
vn 0.8373 0.2444 -0.4891
vn -0.5756 -0.2880 -0.7653
vn 0.6647 -0.7453 0.0517
vn 0.6606 -0.7488 0.0537
vn -0.7495 -0.6604 0.0465
vn -0.7459 -0.6646 0.0445
vn 0.6824 0.0502 0.7293
vn 0.6863 0.0523 0.7255
vn -0.7260 0.0483 0.6859
vn -0.7297 0.0464 0.6822
vn 0.6647 0.7454 -0.0517
vn 0.6606 0.7488 -0.0538
vn -0.7495 0.6604 -0.0465
vn -0.7459 0.6646 -0.0444
vn 0.6863 -0.0502 -0.7256
vn 0.6824 -0.0521 -0.7292
vn -0.7297 -0.0483 -0.6820
vn -0.7261 -0.0464 -0.6861
vn 0.0010 -0.8958 -0.4445
vn -0.0010 -0.8958 -0.4445
vn -0.0010 0.4429 -0.8966
vn 0.0010 0.4429 -0.8966
vn -0.0010 0.9951 -0.0985
vn 0.0010 0.9951 -0.0985
vn 0.0010 -0.0966 -0.9953
vn -0.0010 -0.0966 -0.9953
vn 0.7261 -0.0464 -0.6861
vn 0.7297 -0.0483 -0.6820
vn -0.6824 -0.0521 -0.7292
vn -0.6863 -0.0501 -0.7256
vn -0.6606 -0.7488 0.0537
vn -0.6647 -0.7453 0.0517
vn 0.7459 -0.6646 0.0445
vn 0.7495 -0.6604 0.0465
vn -0.6606 0.7488 -0.0537
vn -0.6647 0.7454 -0.0517
vn 0.7459 0.6646 -0.0445
vn 0.7495 0.6604 -0.0466
vn -0.6863 0.0522 0.7255
vn -0.6824 0.0501 0.7293
vn 0.7297 0.0464 0.6822
vn 0.7260 0.0483 0.6859
vn -0.0010 -0.9646 0.2636
vn 0.0010 -0.9646 0.2636
vn 0.0009 0.2618 0.9651
vn -0.0009 0.2618 0.9651
vn 0.0010 0.9986 0.0534
vn -0.0010 0.9986 0.0534
vn -0.0010 -0.0515 0.9987
vn 0.0010 -0.0515 0.9987
vn -0.0009 -0.9976 0.0689
vn 0.0010 -0.9976 0.0689
vn 0.0010 -0.9975 0.0708
vn -0.0010 -0.9975 0.0708
vn -1.0000 -0.0009 0.0010
vn -1.0000 0.0011 0.0009
vn -1.0000 0.0009 -0.0010
vn -1.0000 -0.0010 -0.0009
vn 0.0010 0.0684 0.9977
vn 0.0010 0.0705 0.9975
vn -0.0010 0.0705 0.9975
vn -0.0010 0.0684 0.9977
vn 0.0010 0.9975 -0.0708
vn -0.0009 0.9975 -0.0708
vn -0.0010 0.9976 -0.0688
vn 0.0010 0.9976 -0.0688
vn -0.0010 -0.0710 -0.9975
vn -0.0010 -0.0691 -0.9976
vn 0.0010 -0.0690 -0.9976
vn 0.0010 -0.0710 -0.9975
vn 1.0000 -0.0011 -0.0009
vn 1.0000 0.0009 -0.0011
vn 1.0000 0.0010 0.0009
vn 1.0000 -0.0009 0.0010
vn 0.5456 -0.8146 0.1971
vn 0.5580 0.1871 0.8085
vn -0.8287 -0.2913 0.4780
vn 0.5687 -0.1575 0.8073
vn 0.5256 0.8314 0.1802
vn -0.8347 0.3109 0.4546
vn 0.5245 -0.8222 -0.2211
vn -0.8343 -0.2828 -0.4733
vn 0.5684 0.1987 -0.7984
vn 0.5407 0.8032 -0.2501
vn 0.5559 -0.2363 -0.7970
vn -0.8316 0.2544 -0.4937
vn -0.5454 -0.8147 0.1970
vn 0.8287 -0.2912 0.4780
vn -0.5581 0.1870 0.8085
vn -0.5286 0.8300 0.1777
vn -0.5710 -0.1599 0.8052
vn 0.8314 0.3139 0.4586
vn -0.5246 -0.8221 -0.2211
vn -0.5683 0.1988 -0.7985
vn 0.8343 -0.2830 -0.4732
vn -0.5406 0.8033 -0.2501
vn 0.8316 0.2542 -0.4938
vn -0.5560 -0.2362 -0.7969
vn 0.6583 -0.7511 0.0510
vn 0.6568 -0.7521 0.0539
vn -0.7521 -0.6573 0.0478
vn -0.7509 -0.6589 0.0448
vn 0.6769 0.0504 0.7344
vn 0.6769 0.0534 0.7342
vn -0.7341 0.0484 0.6773
vn -0.7341 0.0454 0.6775
vn 0.6688 0.7418 -0.0500
vn 0.6702 0.7403 -0.0530
vn -0.7402 0.6706 -0.0484
vn -0.7415 0.6694 -0.0454
vn 0.6769 -0.0503 -0.7344
vn 0.6769 -0.0533 -0.7342
vn -0.7341 -0.0483 -0.6773
vn -0.7341 -0.0453 -0.6775
vn 0.0015 -0.9955 -0.0942
vn -0.0015 -0.9955 -0.0942
vn -0.0015 0.0913 -0.9958
vn 0.0015 0.0913 -0.9958
vn -0.0015 0.9699 -0.2434
vn 0.0015 0.9699 -0.2434
vn 0.0015 -0.2406 -0.9706
vn -0.0015 -0.2406 -0.9706
vn 0.7341 -0.0453 -0.6775
vn 0.7341 -0.0483 -0.6773
vn -0.6769 -0.0533 -0.7342
vn -0.6769 -0.0503 -0.7344
vn -0.6568 -0.7521 0.0539
vn -0.6583 -0.7511 0.0510
vn 0.7509 -0.6589 0.0448
vn 0.7521 -0.6573 0.0478
vn -0.6702 0.7403 -0.0530
vn -0.6688 0.7418 -0.0500
vn 0.7415 0.6694 -0.0454
vn 0.7402 0.6706 -0.0484
vn -0.6769 0.0534 0.7342
vn -0.6769 0.0504 0.7344
vn 0.7341 0.0454 0.6775
vn 0.7341 0.0484 0.6773
vn -0.0015 -0.9764 0.2159
vn 0.0015 -0.9764 0.2159
vn 0.0015 0.2131 0.9770
vn -0.0015 0.2131 0.9770
vn 0.0015 0.9995 0.0321
vn -0.0015 0.9995 0.0321
vn -0.0015 -0.0292 0.9996
vn 0.0015 -0.0292 0.9996
vn 0.0015 0.0682 0.9977
vn 0.0015 0.0712 0.9975
vn -0.0015 0.0712 0.9975
vn -0.0015 0.0682 0.9977
vn -0.0015 0.9977 -0.0680
vn 0.0015 0.9977 -0.0680
vn 0.5382 -0.7574 0.3698
vn 0.5840 0.3506 0.7321
vn -0.8252 -0.1985 0.5287
vn 0.5311 0.1951 0.8246
vn 0.5811 0.7944 -0.1766
vn -0.8294 0.4539 0.3256
vn 0.4895 -0.6044 -0.6286
vn -0.8253 -0.0549 -0.5620
vn 0.6242 0.5650 -0.5396
vn 0.5628 0.8245 -0.0583
vn 0.5499 -0.0486 -0.8338
vn -0.8284 0.3647 -0.4251
vn -0.5381 -0.7574 0.3698
vn 0.8252 -0.1984 0.5288
vn -0.5841 0.3505 0.7321
vn -0.5812 0.7944 -0.1765
vn -0.5310 0.1950 0.8246
vn 0.8294 0.4540 0.3255
vn -0.4896 -0.6043 -0.6286
vn -0.6241 0.5651 -0.5396
vn 0.8253 -0.0551 -0.5620
vn -0.5627 0.8246 -0.0582
vn 0.8284 0.3646 -0.4252
vn -0.5500 -0.0485 -0.8337
vn 0.6806 -0.7310 0.0486
vn 0.6807 -0.7309 0.0506
vn -0.7313 -0.6802 0.0502
vn -0.7313 -0.6803 0.0482
vn 0.6904 0.0497 0.7217
vn 0.6920 0.0517 0.7201
vn -0.7206 0.0490 0.6916
vn -0.7221 0.0471 0.6902
vn 0.6805 0.7310 -0.0506
vn 0.6805 0.7308 -0.0527
vn -0.7314 0.6802 -0.0482
vn -0.7314 0.6804 -0.0461
vn 0.6860 -0.0504 -0.7259
vn 0.6844 -0.0523 -0.7272
vn -0.7279 -0.0487 -0.6840
vn -0.7263 -0.0467 -0.6858
vn 0.0010 -0.9900 -0.1411
vn -0.0010 -0.9900 -0.1411
vn -0.0010 0.1393 -0.9903
vn 0.0010 0.1393 -0.9903
vn -0.0010 0.9986 -0.0520
vn 0.0010 0.9986 -0.0520
vn 0.0010 -0.0501 -0.9987
vn -0.0010 -0.0501 -0.9987
vn 0.7263 -0.0467 -0.6858
vn 0.7279 -0.0487 -0.6840
vn -0.6844 -0.0523 -0.7272
vn -0.6860 -0.0503 -0.7259
vn -0.6807 -0.7309 0.0506
vn -0.6806 -0.7310 0.0486
vn 0.7313 -0.6803 0.0482
vn 0.7313 -0.6802 0.0502
vn -0.6805 0.7308 -0.0526
vn -0.6805 0.7310 -0.0506
vn 0.7314 0.6803 -0.0462
vn 0.7314 0.6802 -0.0483
vn -0.6920 0.0516 0.7201
vn -0.6904 0.0496 0.7217
vn 0.7221 0.0471 0.6902
vn 0.7206 0.0490 0.6916
vn -0.0010 -0.9809 0.1944
vn 0.0010 -0.9809 0.1944
vn 0.0010 0.1925 0.9813
vn -0.0010 0.1925 0.9813
vn 0.0010 0.9981 0.0611
vn -0.0010 0.9981 0.0611
vn -0.0010 -0.0593 0.9982
vn 0.0010 -0.0593 0.9982
vn 0.0010 0.0688 0.9976
vn 0.0010 0.0708 0.9975
vn -0.0010 0.0708 0.9975
vn -0.0010 0.0688 0.9976
vn -0.0010 -0.0709 -0.9975
vn -0.0010 -0.0689 -0.9976
vn 0.0010 -0.0689 -0.9976
vn 0.0010 -0.0709 -0.9975
vn 0.5488 -0.7973 0.2514
vn 0.5570 0.2393 0.7953
vn -0.8293 -0.2522 0.4986
vn 0.5528 -0.0619 0.8310
vn 0.5503 0.8315 0.0757
vn -0.8310 0.3493 0.4329
vn 0.5457 -0.8353 -0.0675
vn -0.8327 -0.3602 -0.4206
vn 0.5568 0.0498 -0.8292
vn 0.5620 0.8120 -0.1577
vn 0.5582 -0.1579 -0.8145
vn -0.8213 0.3096 -0.4792
vn -0.5486 -0.7974 0.2514
vn 0.8293 -0.2521 0.4987
vn -0.5571 0.2392 0.7952
vn -0.5518 0.8306 0.0745
vn -0.5542 -0.0631 0.8300
vn 0.8292 0.3511 0.4348
vn -0.5458 -0.8352 -0.0676
vn -0.5567 0.0499 -0.8292
vn 0.8327 -0.3604 -0.4205
vn -0.5619 0.8121 -0.1577
vn 0.8213 0.3095 -0.4793
vn -0.5583 -0.1578 -0.8145
vn 0.6749 -0.7362 0.0498
vn 0.6761 -0.7349 0.0528
vn -0.7348 -0.6765 0.0486
vn -0.7359 -0.6755 0.0456
vn 0.6825 0.0499 0.7292
vn 0.6827 0.0529 0.7288
vn -0.7287 0.0488 0.6831
vn -0.7289 0.0459 0.6831
vn 0.6694 0.7411 -0.0505
vn 0.6682 0.7420 -0.0534
vn -0.7420 0.6687 -0.0483
vn -0.7409 0.6701 -0.0454
vn 0.6825 -0.0499 -0.7292
vn 0.6827 -0.0529 -0.7288
vn -0.7287 -0.0489 -0.6830
vn -0.7289 -0.0459 -0.6831
vn 0.0015 -0.9993 -0.0387
vn -0.0015 -0.9993 -0.0387
vn -0.0015 0.0357 -0.9994
vn 0.0015 0.0357 -0.9994
vn -0.0015 0.9702 -0.2425
vn 0.0015 0.9702 -0.2425
vn 0.0015 -0.2396 -0.9709
vn -0.0015 -0.2396 -0.9709
vn 0.7289 -0.0459 -0.6831
vn 0.7287 -0.0489 -0.6830
vn -0.6827 -0.0529 -0.7288
vn -0.6825 -0.0499 -0.7292
vn -0.6761 -0.7349 0.0528
vn -0.6749 -0.7362 0.0498
vn 0.7359 -0.6755 0.0456
vn 0.7348 -0.6765 0.0486
vn -0.6682 0.7420 -0.0534
vn -0.6694 0.7411 -0.0505
vn 0.7409 0.6701 -0.0454
vn 0.7420 0.6687 -0.0483
vn -0.6827 0.0529 0.7288
vn -0.6825 0.0499 0.7292
vn 0.7289 0.0459 0.6831
vn 0.7287 0.0488 0.6831
vn -0.0015 -0.9575 0.2883
vn 0.0015 -0.9575 0.2883
vn 0.0015 0.2855 0.9584
vn -0.0015 0.2855 0.9584
vn 0.0015 0.9931 0.1176
vn -0.0015 0.9931 0.1176
vn -0.0015 -0.1147 0.9934
vn 0.0015 -0.1147 0.9934
vn -0.0015 -0.9977 0.0679
vn 0.0015 -0.9977 0.0680
vn 0.0015 -0.9975 0.0709
vn -0.0015 -0.9975 0.0709
vn 0.0015 0.9974 -0.0715
vn -0.0015 0.9974 -0.0715
vn -0.0015 0.9976 -0.0685
vn 0.0015 0.9976 -0.0685
vn -0.0015 -0.0712 -0.9975
vn -0.0015 -0.0682 -0.9977
vn 0.0015 -0.0682 -0.9977
vn 0.0015 -0.0712 -0.9975
vn 0.5492 -0.7616 0.3440
vn 0.5589 0.3268 0.7621
vn -0.8321 -0.1891 0.5213
vn 0.5726 -0.1301 0.8094
vn 0.5463 0.8248 0.1456
vn -0.8282 0.3314 0.4520
vn 0.5528 -0.7930 -0.2560
vn -0.8174 -0.2581 -0.5151
vn 0.5790 0.2554 -0.7743
vn 0.5554 0.8074 -0.1991
vn 0.5599 -0.1831 -0.8081
vn -0.8303 0.2897 -0.4761
vn -0.5491 -0.7617 0.3440
vn 0.8321 -0.1890 0.5214
vn -0.5590 0.3267 0.7621
vn -0.5428 0.8265 0.1489
vn -0.5694 -0.1274 0.8122
vn 0.8324 0.3278 0.4469
vn -0.5529 -0.7929 -0.2561
vn -0.5789 0.2555 -0.7743
vn 0.8174 -0.2582 -0.5150
vn -0.5553 0.8075 -0.1990
vn 0.8303 0.2896 -0.4761
vn -0.5600 -0.1830 -0.8080
vn 0.6874 -0.7246 0.0498
vn 0.6874 -0.7244 0.0518
vn -0.7250 -0.6870 0.0490
vn -0.7250 -0.6871 0.0470
vn 0.6908 0.0497 0.7213
vn 0.6908 0.0518 0.7212
vn -0.7217 0.0490 0.6904
vn -0.7217 0.0471 0.6906
vn 0.6848 0.7270 -0.0498
vn 0.6848 0.7269 -0.0519
vn -0.7275 0.6844 -0.0490
vn -0.7275 0.6846 -0.0469
vn 0.6908 -0.0497 -0.7213
vn 0.6908 -0.0517 -0.7212
vn -0.7217 -0.0490 -0.6904
vn -0.7217 -0.0471 -0.6906
vn 0.0010 -0.9754 -0.2203
vn -0.0010 -0.9754 -0.2203
vn -0.0010 0.2185 -0.9758
vn 0.0010 0.2185 -0.9758
vn -0.0010 0.9763 -0.2166
vn 0.0010 0.9763 -0.2166
vn 0.0010 -0.2148 -0.9767
vn -0.0010 -0.2148 -0.9767
vn 0.7217 -0.0471 -0.6906
vn 0.7217 -0.0490 -0.6904
vn -0.6908 -0.0517 -0.7212
vn -0.6908 -0.0496 -0.7213
vn -0.6874 -0.7244 0.0518
vn -0.6874 -0.7246 0.0498
vn 0.7250 -0.6871 0.0470
vn 0.7250 -0.6870 0.0490
vn -0.6848 0.7269 -0.0518
vn -0.6848 0.7270 -0.0498
vn 0.7275 0.6845 -0.0470
vn 0.7275 0.6844 -0.0491
vn -0.6908 0.0517 0.7212
vn -0.6908 0.0496 0.7213
vn 0.7217 0.0471 0.6906
vn 0.7217 0.0490 0.6904
vn -0.0010 -0.9190 0.3943
vn 0.0010 -0.9190 0.3943
vn 0.0010 0.3926 0.9197
vn -0.0010 0.3926 0.9197
vn 0.0010 0.9953 0.0970
vn -0.0010 0.9953 0.0970
vn -0.0010 -0.0952 0.9955
vn 0.0010 -0.0952 0.9955
vn 0.0010 -0.9976 0.0688
vn -0.0010 0.9976 -0.0689
vn 0.0010 0.9976 -0.0689
vn -0.0010 -0.0708 -0.9975
vn -0.0010 -0.0688 -0.9976
vn 0.0010 -0.0688 -0.9976
vn 0.0010 -0.0708 -0.9975
vn 0.5431 -0.8214 0.1742
vn 0.5503 0.1537 0.8207
vn -0.8357 -0.2954 0.4629
vn 0.5521 -0.1137 0.8260
vn 0.5435 0.8288 0.1334
vn -0.8350 0.3164 0.4503
vn 0.5460 -0.8334 -0.0856
vn -0.8348 -0.3454 -0.4288
vn 0.5520 0.0654 -0.8313
vn 0.5480 0.8065 -0.2218
vn 0.5548 -0.2110 -0.8048
vn -0.8295 0.2697 -0.4890
vn -0.5430 -0.8215 0.1742
vn 0.8357 -0.2953 0.4630
vn -0.5504 0.1536 0.8207
vn -0.5420 0.8295 0.1350
vn -0.5505 -0.1125 0.8272
vn 0.8369 0.3147 0.4478
vn -0.5461 -0.8333 -0.0857
vn -0.5519 0.0655 -0.8313
vn 0.8348 -0.3455 -0.4287
vn -0.5479 0.8066 -0.2217
vn 0.8295 0.2696 -0.4891
vn -0.5549 -0.2109 -0.8047
vn 0.6653 -0.7449 0.0505
vn 0.6666 -0.7435 0.0534
vn -0.7435 -0.6670 0.0483
vn -0.7446 -0.6659 0.0454
vn 0.6814 0.0485 0.7303
vn 0.6807 0.0530 0.7307
vn -0.7306 0.0487 0.6811
vn -0.7299 0.0473 0.6819
vn 0.6665 0.7438 -0.0504
vn 0.6665 0.7436 -0.0533
vn -0.7435 0.6670 -0.0482
vn -0.7435 0.6672 -0.0453
vn 0.6810 -0.0501 -0.7306
vn 0.6804 -0.0531 -0.7310
vn -0.7309 -0.0487 -0.6808
vn -0.7303 -0.0457 -0.6816
vn 0.0015 -0.9950 -0.0996
vn -0.0015 -0.9950 -0.0996
vn -0.0015 0.0967 -0.9953
vn 0.0015 0.0967 -0.9953
vn -0.0015 0.9653 -0.2610
vn 0.0015 0.9653 -0.2610
vn 0.0015 -0.2582 -0.9661
vn -0.0015 -0.2582 -0.9661
vn 0.7303 -0.0457 -0.6816
vn 0.7309 -0.0487 -0.6808
vn -0.6804 -0.0531 -0.7310
vn -0.6810 -0.0501 -0.7306
vn -0.6666 -0.7435 0.0534
vn -0.6653 -0.7449 0.0505
vn 0.7446 -0.6659 0.0454
vn 0.7435 -0.6670 0.0483
vn -0.6665 0.7436 -0.0533
vn -0.6665 0.7438 -0.0504
vn 0.7435 0.6672 -0.0453
vn 0.7435 0.6670 -0.0482
vn -0.6807 0.0530 0.7307
vn -0.6814 0.0485 0.7303
vn 0.7299 0.0473 0.6819
vn 0.7306 0.0487 0.6811
vn -0.0015 -0.9803 0.1976
vn 0.0015 -0.9803 0.1976
vn 0.0015 0.1948 0.9809
vn -0.0015 0.1948 0.9809
vn 0.0015 0.9890 0.1480
vn -0.0015 0.9890 0.1480
vn -0.0015 -0.1451 0.9894
vn 0.0015 -0.1451 0.9894
vn -0.0015 -0.9977 0.0682
vn 0.0015 -0.9977 0.0682
vn 0.0015 -0.9975 0.0712
vn -0.0015 -0.9975 0.0712
vn 0.0015 0.0714 0.9974
vn -0.0015 0.0714 0.9974
vn 0.0015 0.9975 -0.0712
vn -0.0015 0.9975 -0.0712
vn -0.0015 0.9977 -0.0682
vn 0.0015 0.9977 -0.0682
vn -0.0015 -0.0684 -0.9977
vn 0.0015 -0.0714 -0.9974
vn 0.5624 -0.7966 0.2219
vn 0.5671 0.2197 0.7938
vn -0.8207 -0.2777 0.4994
vn 0.5584 -0.0130 0.8295
vn 0.5534 0.8324 0.0308
vn -0.8319 0.3788 0.4055
vn 0.5600 -0.8122 -0.1633
vn -0.8169 -0.3057 -0.4891
vn 0.5706 0.1683 -0.8038
vn 0.5599 0.7995 -0.2176
vn 0.5719 -0.2187 -0.7907
vn -0.8174 0.2712 -0.5083
vn -0.5623 -0.7966 0.2218
vn 0.8207 -0.2775 0.4994
vn -0.5672 0.2196 0.7938
vn -0.5535 0.8323 0.0309
vn -0.5583 -0.0131 0.8296
vn 0.8319 0.3789 0.4054
vn -0.5601 -0.8121 -0.1634
vn -0.5705 0.1684 -0.8038
vn 0.8169 -0.3058 -0.4890
vn -0.5598 0.7996 -0.2175
vn 0.8174 0.2711 -0.5083
vn -0.5720 -0.2186 -0.7906
vn 0.6859 -0.7259 0.0507
vn 0.6830 -0.7285 0.0526
vn -0.7291 -0.6827 0.0486
vn -0.7264 -0.6857 0.0467
vn 0.6896 0.0498 0.7225
vn 0.6896 0.0519 0.7223
vn -0.7229 0.0489 0.6892
vn -0.7229 0.0469 0.6894
vn 0.6732 0.7377 -0.0508
vn 0.6761 0.7349 -0.0529
vn -0.7355 0.6759 -0.0475
vn -0.7382 0.6730 -0.0454
vn 0.6905 -0.0461 -0.7219
vn 0.6903 -0.0517 -0.7216
vn -0.7222 -0.0489 -0.6900
vn -0.7220 -0.0506 -0.6900
vn 0.0010 -0.9812 -0.1928
vn -0.0010 -0.9812 -0.1928
vn -0.0010 0.1910 -0.9816
vn 0.0010 0.1910 -0.9816
vn -0.0010 0.9527 -0.3041
vn 0.0010 0.9527 -0.3041
vn 0.0010 -0.3023 -0.9532
vn -0.0010 -0.3023 -0.9532
vn 0.7220 -0.0506 -0.6900
vn 0.7222 -0.0489 -0.6900
vn -0.6903 -0.0517 -0.7216
vn -0.6905 -0.0460 -0.7219
vn -0.6830 -0.7285 0.0526
vn -0.6859 -0.7259 0.0507
vn 0.7264 -0.6857 0.0467
vn 0.7291 -0.6827 0.0486
vn -0.6761 0.7349 -0.0527
vn -0.6732 0.7377 -0.0508
vn 0.7382 0.6730 -0.0455
vn 0.7355 0.6759 -0.0476
vn -0.6896 0.0518 0.7223
vn -0.6896 0.0497 0.7225
vn 0.7229 0.0469 0.6894
vn 0.7229 0.0489 0.6892
vn -0.0010 -0.9671 0.2544
vn 0.0010 -0.9671 0.2544
vn 0.0010 0.2526 0.9676
vn -0.0010 0.2526 0.9676
vn 0.0010 0.9999 0.0129
vn -0.0010 0.9999 0.0129
vn -0.0010 -0.0110 0.9999
vn 0.0010 -0.0110 0.9999
vn -0.0009 -0.9976 0.0696
vn 0.0010 -0.9976 0.0695
vn 0.0010 -0.9974 0.0715
vn -0.0010 -0.9974 0.0715
vn 0.0010 0.0687 0.9976
vn 0.0010 0.0707 0.9975
vn -0.0010 0.0707 0.9975
vn -0.0010 0.0687 0.9976
vn 0.0010 0.9975 -0.0701
vn -0.0009 0.9975 -0.0701
vn -0.0010 0.9977 -0.0682
vn 0.0010 0.9977 -0.0682
vn -0.0010 -0.0707 -0.9975
vn -0.0010 -0.0687 -0.9976
vn 0.0010 -0.0687 -0.9976
vn 0.0010 -0.0707 -0.9975
vn 0.5324 -0.8054 0.2605
vn 0.5499 0.2375 0.8008
vn -0.8387 -0.2461 0.4857
vn 0.5464 -0.1016 0.8313
vn 0.5394 0.8331 0.1225
vn -0.8376 0.3170 0.4448
vn 0.5474 -0.8340 -0.0693
vn -0.8314 -0.3525 -0.4295
vn 0.5512 0.0565 -0.8325
vn 0.5448 0.8231 -0.1600
vn 0.5461 -0.1439 -0.8253
vn -0.8349 0.3045 -0.4585
vn -0.5323 -0.8055 0.2604
vn 0.8387 -0.2460 0.4858
vn -0.5500 0.2374 0.8007
vn -0.5370 0.8343 0.1250
vn -0.5438 -0.0998 0.8333
vn 0.8407 0.3143 0.4410
vn -0.5475 -0.8339 -0.0694
vn -0.5511 0.0566 -0.8325
vn 0.8314 -0.3526 -0.4294
vn -0.5447 0.8232 -0.1599
vn 0.8349 0.3043 -0.4585
vn -0.5462 -0.1438 -0.8252
vn 0.6657 -0.7445 0.0502
vn 0.6673 -0.7429 0.0532
vn -0.7429 -0.6677 0.0482
vn -0.7442 -0.6664 0.0452
vn 0.6764 0.0504 0.7348
vn 0.6756 0.0534 0.7353
vn -0.7353 0.0483 0.6761
vn -0.7346 0.0453 0.6770
vn 0.6586 0.7507 -0.0509
vn 0.6571 0.7519 -0.0539
vn -0.7519 0.6576 -0.0478
vn -0.7505 0.6593 -0.0448
vn 0.6760 -0.0505 -0.7352
vn 0.6752 -0.0535 -0.7357
vn -0.7356 -0.0483 -0.6757
vn -0.7349 -0.0453 -0.6766
vn 0.0015 -0.9979 -0.0649
vn -0.0015 -0.9979 -0.0649
vn -0.0015 0.0620 -0.9981
vn 0.0015 0.0620 -0.9981
vn -0.0015 0.9781 -0.2082
vn 0.0015 0.9781 -0.2082
vn 0.0015 -0.2053 -0.9787
vn -0.0015 -0.2053 -0.9787
vn 0.7349 -0.0453 -0.6766
vn 0.7356 -0.0483 -0.6757
vn -0.6752 -0.0535 -0.7357
vn -0.6760 -0.0505 -0.7352
vn -0.6673 -0.7429 0.0532
vn -0.6657 -0.7445 0.0502
vn 0.7442 -0.6664 0.0452
vn 0.7429 -0.6677 0.0482
vn -0.6571 0.7519 -0.0539
vn -0.6586 0.7507 -0.0509
vn 0.7505 0.6593 -0.0448
vn 0.7519 0.6576 -0.0478
vn -0.6756 0.0534 0.7353
vn -0.6764 0.0504 0.7348
vn 0.7346 0.0453 0.6770
vn 0.7353 0.0483 0.6761
vn -0.0015 -0.9625 0.2711
vn 0.0015 -0.9625 0.2711
vn 0.0015 0.2683 0.9633
vn -0.0015 0.2683 0.9633
vn 0.0015 0.9921 0.1252
vn -0.0015 0.9921 0.1252
vn -0.0015 -0.1223 0.9925
vn 0.0015 -0.1223 0.9925
vn 0.5513 -0.8222 0.1418
vn 0.5378 0.1146 0.8352
vn -0.8410 -0.2941 0.4542
vn 0.5683 -0.1214 0.8138
vn 0.5314 0.8340 0.1482
vn -0.8371 0.3276 0.4381
vn 0.5723 -0.8168 0.0730
vn -0.8206 -0.4256 -0.3815
vn 0.5536 -0.0734 -0.8295
vn 0.5156 0.7808 -0.3529
vn 0.5634 -0.3050 -0.7678
vn -0.8476 0.1933 -0.4943
vn -0.5511 -0.8223 0.1418
vn 0.8410 -0.2940 0.4542
vn -0.5379 0.1146 0.8352
vn -0.5315 0.8340 0.1482
vn -0.5682 -0.1215 0.8139
vn 0.8371 0.3277 0.4380
vn -0.5724 -0.8167 0.0730
vn -0.5535 -0.0733 -0.8296
vn 0.8206 -0.4257 -0.3813
vn -0.5155 0.7809 -0.3528
vn 0.8475 0.1932 -0.4943
vn -0.5635 -0.3050 -0.7678
vn 0.6784 -0.7329 0.0510
vn 0.6818 -0.7296 0.0530
vn -0.7302 -0.6815 0.0482
vn -0.7335 -0.6782 0.0463
vn 0.6864 0.0458 0.7258
vn 0.6863 0.0522 0.7255
vn -0.7261 0.0486 0.6859
vn -0.7259 0.0510 0.6859
vn 0.6900 0.7220 -0.0503
vn 0.6935 0.7186 -0.0523
vn -0.7192 0.6931 -0.0491
vn -0.7225 0.6898 -0.0470
vn 0.6864 -0.0457 -0.7258
vn 0.6862 -0.0520 -0.7255
vn -0.7261 -0.0485 -0.6859
vn -0.7259 -0.0509 -0.6859
vn 0.0010 -0.9999 -0.0151
vn -0.0010 -0.9999 -0.0151
vn -0.0010 0.0133 -0.9999
vn 0.0010 0.0133 -0.9999
vn -0.0010 0.9665 -0.2566
vn 0.0010 0.9665 -0.2566
vn 0.0010 -0.2548 -0.9670
vn -0.0010 -0.2548 -0.9670
vn 0.7259 -0.0509 -0.6859
vn 0.7261 -0.0485 -0.6859
vn -0.6862 -0.0520 -0.7255
vn -0.6864 -0.0456 -0.7258
vn -0.6818 -0.7296 0.0530
vn -0.6784 -0.7329 0.0510
vn 0.7335 -0.6782 0.0463
vn 0.7302 -0.6815 0.0482
vn -0.6935 0.7186 -0.0522
vn -0.6900 0.7220 -0.0503
vn 0.7225 0.6898 -0.0471
vn 0.7192 0.6931 -0.0492
vn -0.6863 0.0521 0.7255
vn -0.6864 0.0457 0.7258
vn 0.7259 0.0510 0.6859
vn 0.7261 0.0486 0.6859
vn -0.0010 -0.9665 0.2566
vn 0.0010 -0.9665 0.2566
vn 0.0010 0.2548 0.9670
vn -0.0010 0.2548 0.9670
vn 0.0010 0.9999 0.0151
vn -0.0010 0.9999 0.0151
vn -0.0010 -0.0133 0.9999
vn 0.0010 -0.0133 0.9999
vn -0.0000 -1.0000 -0.0002
vn -0.3556 -0.8759 0.3261
vn -0.4503 -0.8910 0.0575
vn -0.7361 0.0006 0.6769
vn -0.3549 0.8763 0.3258
vn -0.4486 0.8919 0.0582
vn -0.9995 0.0018 0.0328
vn -0.0000 1.0000 0.0001
vn -0.2783 0.9110 -0.3042
vn -0.6763 0.0006 -0.7366
vn -0.2791 -0.9110 -0.3037
vn 0.0959 -0.8918 -0.4422
vn 0.0963 0.8912 -0.4434
vn 0.1178 -0.0014 -0.9930
vn 0.3548 -0.8764 -0.3257
vn 0.3554 0.8760 -0.3261
vn 0.7358 -0.0006 -0.6772
vn 0.4483 -0.8920 -0.0581
vn 0.4498 0.8913 -0.0578
vn 0.9995 -0.0016 -0.0329
vn 0.2786 -0.9110 0.3041
vn 0.2793 0.9108 0.3039
vn 0.6767 -0.0010 0.7362
vn -0.0964 0.8917 0.4423
vn -0.0952 -0.8912 0.4434
vn -0.1170 0.0009 0.9931
vn -0.0454 -0.8759 -0.4804
vn 0.2249 -0.8916 -0.3930
vn -0.0940 -0.0003 -0.9956
vn -0.0460 0.8759 -0.4803
vn 0.2255 0.8911 -0.3937
vn 0.5779 0.0002 -0.8161
vn -0.0003 1.0000 -0.0000
vn 0.9956 0.0003 -0.0933
vn 0.4111 -0.9108 -0.0386
vn 0.4104 0.9111 -0.0382
vn 0.2944 0.8913 0.3450
vn 0.7194 0.0004 0.6946
vn 0.2942 -0.8914 0.3446
vn 0.0451 -0.8757 0.4807
vn 0.0453 0.8761 0.4800
vn 0.0942 0.0006 0.9956
vn -0.2249 -0.8915 0.3934
vn -0.2247 0.8914 0.3935
vn -0.5778 0.0004 0.8162
vn -0.4105 -0.9110 0.0386
vn -0.4108 0.9109 0.0380
vn -0.9957 -0.0002 0.0931
vn -0.2936 -0.8918 -0.3442
vn -0.2956 0.8907 -0.3454
vn -0.7196 -0.0009 -0.6944
vn -0.8911 -0.0009 0.4537
vn -0.4301 0.8757 0.2193
vn -0.4492 0.8911 -0.0646
vn -0.9715 -0.0001 -0.2369
vn -0.4296 -0.8763 0.2183
vn -0.4485 -0.8914 -0.0645
vn 0.0001 1.0000 -0.0000
vn -0.0006 -1.0000 -0.0000
vn -0.4536 -0.0005 -0.8912
vn -0.1879 -0.9111 -0.3670
vn -0.1877 0.9108 -0.3677
vn 0.3797 0.0008 -0.9251
vn 0.2120 -0.8914 -0.4006
vn 0.2115 0.8916 -0.4004
vn 0.4292 0.8764 -0.2185
vn 0.8909 0.0021 -0.4543
vn 0.4302 -0.8757 -0.2193
vn 0.4480 -0.8917 0.0646
vn 0.4487 0.8913 0.0645
vn 0.9715 0.0002 0.2369
vn 0.1870 -0.9109 0.3678
vn 0.1874 0.9111 0.3671
vn 0.4531 -0.0000 0.8914
vn -0.2116 -0.8916 0.4004
vn -0.2127 0.8914 0.4003
vn -0.3807 -0.0002 0.9247
vn -0.0099 -0.8758 -0.4826
vn -0.0206 0.0002 -0.9998
vn 0.6368 -0.0001 -0.7711
vn 0.2540 -0.8912 -0.3757
vn -0.0100 0.8759 -0.4825
vn -0.0003 1.0000 0.0001
vn 0.2535 0.8914 -0.3758
vn 0.0002 -1.0000 0.0002
vn 0.9998 -0.0001 -0.0203
vn 0.4131 -0.9106 -0.0083
vn 0.4125 0.9109 -0.0084
vn 0.6668 0.0002 0.7452
vn 0.2688 -0.8912 0.3654
vn 0.2684 0.8914 0.3652
vn 0.0203 0.0002 0.9998
vn 0.0098 -0.8756 0.4829
vn 0.0099 0.8759 0.4824
vn -0.2536 0.8912 0.3761
vn -0.6360 -0.0003 0.7717
vn -0.2532 -0.8913 0.3762
vn -0.4128 -0.9108 0.0086
vn -0.4125 0.9109 0.0085
vn -0.9998 0.0006 0.0206
vn -0.2691 -0.8911 -0.3655
vn -0.2688 0.8913 -0.3652
vn -0.6673 0.0004 -0.7448
vn 0.0004 -1.0000 -0.0002
vn -0.0646 -0.8760 0.4780
vn -0.3076 -0.8916 0.3323
vn -0.1341 0.0004 0.9910
vn -0.0646 0.8763 0.4774
vn -0.3087 0.8913 0.3321
vn -0.7478 -0.0012 0.6639
vn 0.0001 1.0000 -0.0003
vn -0.4084 0.9111 -0.0553
vn -0.9910 0.0013 -0.1340
vn -0.4089 -0.9109 -0.0551
vn -0.2092 -0.8912 -0.4025
vn -0.2084 0.8918 -0.4015
vn -0.5438 0.0021 -0.8392
vn 0.0646 -0.8758 -0.4784
vn 0.0648 0.8764 -0.4771
vn 0.1345 0.0012 -0.9909
vn 0.3088 -0.8912 -0.3323
vn 0.3081 0.8912 -0.3329
vn 0.7471 -0.0005 -0.6647
vn 0.4091 -0.9108 0.0551
vn 0.4087 0.9110 0.0549
vn 0.9911 0.0003 0.1334
vn 0.2092 0.8910 0.4028
vn 0.2091 -0.8912 0.4025
vn 0.5443 -0.0001 0.8389
vn -0.4568 -0.8761 0.1543
vn -0.9474 -0.0001 0.3200
vn -0.9272 0.0005 -0.3745
vn -0.4355 -0.8910 -0.1286
vn -0.4571 0.8759 0.1546
vn -0.4348 0.8913 -0.1284
vn 0.0002 -1.0000 -0.0000
vn -0.1322 -0.9110 -0.3907
vn -0.1321 0.9110 -0.3906
vn -0.3200 -0.0000 -0.9474
vn 0.2679 0.8913 -0.3659
vn 0.2681 -0.8912 -0.3660
vn 0.5100 0.0001 -0.8602
vn 0.9474 -0.0001 -0.3200
vn 0.4571 -0.8759 -0.1545
vn 0.4571 0.8759 -0.1544
vn 0.9272 -0.0000 0.3746
vn 0.4345 -0.8914 0.1288
vn 0.4348 0.8913 0.1285
vn 0.3206 -0.0000 0.9472
vn 0.1322 -0.9110 0.3906
vn 0.1319 0.9111 0.3905
vn -0.5099 -0.0006 0.8603
vn -0.2670 -0.8916 0.3658
vn -0.2682 0.8912 0.3660
vn -0.0000 -1.0000 0.0001
vn -0.4471 -0.8763 -0.1795
vn -0.2470 -0.8913 -0.3803
vn -0.9280 -0.0003 -0.3725
vn -0.4473 0.8761 -0.1797
vn -0.2464 0.8915 -0.3802
vn -0.4608 0.0002 -0.8875
vn 0.0001 1.0000 -0.0001
vn 0.1533 0.9110 -0.3829
vn 0.3726 0.0004 -0.9280
vn 0.1538 -0.9109 -0.3828
vn 0.4417 -0.8911 -0.1040
vn 0.4405 0.8916 -0.1044
vn 0.9466 0.0010 -0.3224
vn 0.4481 -0.8758 0.1796
vn 0.4471 0.8763 0.1796
vn 0.9281 0.0005 0.3724
vn 0.2465 -0.8914 0.3802
vn 0.2467 0.8914 0.3803
vn 0.4613 -0.0002 0.8873
vn -0.1538 -0.9109 0.3828
vn -0.1536 0.9110 0.3828
vn -0.3722 -0.0002 0.9282
vn -0.4413 0.8913 0.1040
vn -0.4406 -0.8916 0.1043
vn -0.9466 -0.0006 0.3225
vn -0.4678 -0.8761 0.1163
vn -0.9706 -0.0006 0.2407
vn -0.8932 0.0006 -0.4497
vn -0.4227 -0.8913 -0.1641
vn -0.4683 0.8759 0.1159
vn 0.0001 1.0000 0.0001
vn -0.4228 0.8913 -0.1640
vn -0.2414 0.0003 -0.9704
vn -0.0991 -0.9109 -0.4006
vn -0.0998 0.9110 -0.4002
vn 0.5793 0.0001 -0.8151
vn 0.2971 -0.8913 -0.3425
vn 0.2971 0.8913 -0.3425
vn 0.9706 -0.0005 -0.2406
vn 0.4680 -0.8761 -0.1162
vn 0.4685 0.8758 -0.1158
vn 0.8930 0.0001 0.4500
vn 0.4227 -0.8913 0.1641
vn 0.4224 0.8914 0.1643
vn 0.0991 0.9110 0.4004
vn 0.2406 -0.0002 0.9706
vn 0.0989 -0.9110 0.4003
vn -0.2972 -0.8913 0.3424
vn -0.2971 0.8913 0.3424
vn -0.5794 -0.0004 0.8150
vn -0.1197 0.8757 -0.4677
vn -0.0006 1.0000 -0.0001
vn 0.1604 0.8911 -0.4245
vn 0.0005 -1.0000 0.0003
vn -0.1192 -0.8755 -0.4682
vn 0.1611 -0.8910 -0.4244
vn -0.2482 0.0007 -0.9687
vn 0.4430 0.0002 -0.8965
vn 0.3988 -0.9114 -0.1018
vn 0.3996 0.9109 -0.1024
vn 0.9689 -0.0010 -0.2476
vn 0.3446 -0.8914 0.2944
vn 0.3455 0.8911 0.2943
vn 0.8195 -0.0009 0.5731
vn 0.1196 0.8758 0.4677
vn 0.1196 -0.8761 0.4670
vn 0.2488 -0.0006 0.9685
vn -0.4432 -0.0001 0.8964
vn -0.1606 -0.8914 0.4238
vn -0.1612 0.8912 0.4239
vn -0.9687 0.0003 0.2481
vn -0.3991 -0.9111 0.1026
vn -0.3995 0.9111 0.1018
vn -0.8193 0.0002 -0.5734
vn -0.3449 -0.8913 -0.2944
vn -0.3447 0.8913 -0.2945
vn 0.0004 -1.0000 0.0002
vn -0.4400 -0.8758 -0.1986
vn -0.2303 -0.8912 -0.3907
vn -0.9111 0.0006 -0.4121
vn -0.4393 0.8761 -0.1987
vn -0.2300 0.8914 -0.3905
vn -0.4224 0.0004 -0.9064
vn 0.0002 1.0000 -0.0000
vn 0.4115 0.0007 -0.9114
vn 0.1700 -0.9110 -0.3758
vn 0.1695 0.9112 -0.3756
vn 0.4450 0.8915 -0.0849
vn 0.9595 0.0008 -0.2817
vn 0.4457 -0.8911 -0.0850
vn 0.4403 -0.8756 0.1989
vn 0.4400 0.8757 0.1989
vn 0.9111 0.0004 0.4123
vn 0.2305 -0.8913 0.3905
vn 0.2302 0.8914 0.3904
vn 0.4225 -0.0000 0.9064
vn -0.1706 -0.9110 0.3756
vn -0.1703 0.9110 0.3755
vn -0.4127 0.0005 0.9109
vn -0.4462 -0.8908 0.0853
vn -0.4454 0.8913 0.0851
vn -0.9595 0.0009 0.2815
vn 0.0005 -1.0000 -0.0001
vn -0.4314 -0.8758 0.2165
vn -0.4487 -0.8911 -0.0674
vn -0.8938 -0.0000 0.4484
vn -0.4312 0.8760 0.2163
vn -0.4484 0.8913 -0.0673
vn -0.9701 0.0005 -0.2428
vn -0.0000 1.0000 -0.0002
vn -0.4482 0.0006 -0.8939
vn -0.1850 -0.9108 -0.3690
vn -0.1846 0.9111 -0.3686
vn 0.2144 0.8913 -0.3996
vn 0.3852 -0.0001 -0.9228
vn 0.2142 -0.8914 -0.3994
vn 0.4313 -0.8759 -0.2161
vn 0.4309 0.8760 -0.2167
vn 0.8938 -0.0003 -0.4485
vn 0.4488 -0.8911 0.0670
vn 0.4483 0.8914 0.0669
vn 0.9703 0.0001 0.2421
vn 0.1853 -0.9109 0.3687
vn 0.1852 0.9109 0.3688
vn 0.4489 -0.0000 0.8936
vn -0.2143 -0.8912 0.3997
vn -0.2142 0.8913 0.3996
vn -0.3853 0.0004 0.9228
vn -0.4486 -0.8758 -0.1784
vn -0.9290 0.0005 -0.3701
vn -0.4646 0.0004 -0.8855
vn -0.2488 -0.8909 -0.3799
vn -0.4481 0.8759 -0.1789
vn 0.0006 1.0000 -0.0003
vn -0.2478 0.8911 -0.3802
vn 0.0004 -1.0000 0.0003
vn 0.3690 -0.0004 -0.9294
vn 0.1520 -0.9109 -0.3835
vn 0.1524 0.9110 -0.3832
vn 0.9457 -0.0002 -0.3251
vn 0.4410 -0.8913 -0.1053
vn 0.4412 0.8912 -0.1053
vn 0.9287 0.0001 0.3708
vn 0.4487 -0.8756 0.1790
vn 0.4482 0.8759 0.1785
vn 0.4633 -0.0003 0.8862
vn 0.2473 -0.8913 0.3801
vn 0.2482 0.8911 0.3799
vn -0.3690 -0.0003 0.9294
vn -0.1527 -0.9111 0.3830
vn -0.1518 0.9110 0.3833
vn -0.4407 0.8914 0.1054
vn -0.9455 -0.0001 0.3256
vn -0.4409 -0.8913 0.1055
vn -0.0006 -1.0000 0.0002
vn -0.2291 -0.8759 0.4247
vn -0.4056 -0.8913 0.2028
vn -0.4742 0.0001 0.8804
vn -0.2289 0.8758 0.4248
vn -0.4050 0.8915 0.2029
vn -0.9332 0.0001 0.3593
vn -0.0002 1.0000 0.0002
vn -0.3634 -0.9110 -0.1950
vn -0.3632 0.9110 -0.1953
vn -0.8808 -0.0001 -0.4734
vn -0.0545 -0.8913 -0.4501
vn -0.0542 0.8915 -0.4498
vn -0.2145 0.0005 -0.9767
vn 0.2278 -0.8761 -0.4249
vn 0.2284 0.8760 -0.4249
vn 0.4735 -0.0002 -0.8808
vn 0.4054 0.8914 -0.2025
vn 0.4052 -0.8915 -0.2027
vn 0.9333 0.0002 -0.3591
vn 0.8807 0.0004 0.4737
vn 0.3638 -0.9107 0.1956
vn 0.3638 0.9107 0.1957
vn 0.2144 -0.0000 0.9768
vn 0.0540 -0.8914 0.4500
vn 0.0543 0.8914 0.4499
vn -0.7453 -0.0001 -0.6667
vn -0.3600 0.8759 -0.3212
vn -0.1017 0.8916 -0.4413
vn -0.1304 0.0001 -0.9915
vn -0.3596 -0.8760 -0.3215
vn -0.1015 -0.8913 -0.4420
vn -0.0010 1.0000 -0.0002
vn 0.6678 0.0005 -0.7443
vn 0.2758 -0.9108 -0.3072
vn 0.2751 0.9110 -0.3074
vn 0.9998 -0.0011 0.0195
vn 0.4500 -0.8915 0.0526
vn 0.4495 0.8917 0.0522
vn 0.3589 0.8763 0.3215
vn 0.7455 -0.0011 0.6665
vn 0.3595 -0.8761 0.3212
vn 0.1030 -0.8914 0.4414
vn 0.1022 0.8915 0.4414
vn 0.1314 -0.0000 0.9913
vn -0.2741 -0.9111 0.3077
vn -0.2747 0.9110 0.3075
vn -0.6661 -0.0003 0.7459
vn -0.4501 -0.8914 -0.0523
vn -0.4501 0.8915 -0.0521
vn -0.9998 -0.0006 -0.0195
vn -0.4251 -0.8764 0.2263
vn -0.8832 -0.0010 0.4691
vn -0.9756 -0.0000 -0.2194
vn -0.4509 -0.8908 -0.0567
vn -0.4259 0.8759 0.2265
vn -0.0001 1.0000 0.0002
vn -0.4509 0.8908 -0.0564
vn -0.0002 -1.0000 -0.0002
vn -0.1933 0.9111 -0.3641
vn -0.1943 -0.9106 -0.3647
vn -0.4694 0.0010 -0.8830
vn 0.3634 0.0001 -0.9316
vn 0.2055 -0.8909 -0.4051
vn 0.2055 0.8913 -0.4043
vn 0.8829 0.0003 -0.4696
vn 0.4252 -0.8763 -0.2266
vn 0.4256 0.8761 -0.2264
vn 0.9755 -0.0001 0.2201
vn 0.4500 -0.8912 0.0566
vn 0.4498 0.8913 0.0569
vn 0.4692 -0.0003 0.8831
vn 0.1935 -0.9110 0.3642
vn 0.1930 0.9109 0.3648
vn -0.3638 -0.0000 0.9315
vn -0.2053 -0.8913 0.4042
vn -0.2053 0.8911 0.4047
vn -0.0000 -1.0000 -0.0003
vn -0.3374 -0.8760 -0.3447
vn -0.0737 -0.8911 -0.4477
vn -0.6996 -0.0006 -0.7146
vn -0.3378 0.8758 -0.3447
vn -0.0735 0.8911 -0.4478
vn -0.0648 -0.0000 -0.9979
vn -0.0003 1.0000 0.0003
vn 0.2941 -0.9112 -0.2886
vn 0.2961 0.9106 -0.2883
vn 0.7150 -0.0013 -0.6992
vn 0.4461 -0.8912 0.0823
vn 0.4473 0.8906 0.0823
vn 0.9963 -0.0013 0.0861
vn 0.3385 -0.8756 0.3445
vn 0.3369 0.8762 0.3447
vn 0.6997 0.0006 0.7144
vn 0.0734 -0.8910 0.4480
vn 0.0731 0.8911 0.4478
vn 0.0653 0.0003 0.9979
vn -0.2936 0.9113 0.2887
vn -0.2965 -0.9105 0.2884
vn -0.7145 0.0013 0.6997
vn -0.9963 0.0010 -0.0864
vn -0.4471 -0.8907 -0.0825
vn -0.4459 0.8913 -0.0824
vn -0.4584 -0.8760 -0.1500
vn -0.9505 -0.0000 -0.3106
vn -0.5180 -0.0007 -0.8554
vn -0.2706 -0.8915 -0.3633
vn -0.4585 0.8759 -0.1500
vn -0.2719 0.8912 -0.3632
vn 0.0002 -1.0000 0.0001
vn 0.3108 0.0001 -0.9505
vn 0.1286 -0.9109 -0.3920
vn 0.1280 0.9110 -0.3920
vn 0.9234 -0.0000 -0.3838
vn 0.4333 -0.8914 -0.1328
vn 0.4336 0.8913 -0.1327
vn 0.9504 -0.0003 0.3110
vn 0.4582 -0.8761 0.1500
vn 0.4585 0.8760 0.1497
vn 0.2708 0.8915 0.3630
vn 0.5178 0.0003 0.8555
vn 0.2707 -0.8915 0.3633
vn -0.1281 -0.9110 0.3920
vn -0.1286 0.9109 0.3920
vn -0.3104 -0.0001 0.9506
vn -0.4334 -0.8913 0.1328
vn -0.4334 0.8914 0.1327
vn -0.9233 0.0002 0.3840
vn -0.0715 -0.8758 -0.4773
vn -0.1475 0.0012 -0.9891
vn 0.5335 0.0013 -0.8458
vn 0.2040 -0.8910 -0.4055
vn -0.0715 0.8761 -0.4768
vn 0.0003 1.0000 -0.0006
vn 0.2030 0.8915 -0.4050
vn -0.0004 -1.0000 0.0006
vn 0.4085 -0.9107 -0.0611
vn 0.4077 0.9111 -0.0605
vn 0.9892 0.0009 -0.1463
vn 0.3129 0.8913 0.3281
vn 0.3126 -0.8916 0.3276
vn 0.7560 0.0002 0.6546
vn 0.1473 -0.0010 0.9891
vn 0.0711 -0.8760 0.4770
vn 0.0712 0.8758 0.4774
vn -0.5334 -0.0003 0.8459
vn -0.2037 -0.8912 0.4053
vn -0.2029 0.8912 0.4058
vn -0.9892 -0.0000 0.1465
vn -0.4079 -0.9110 0.0605
vn -0.4075 0.9112 0.0612
vn -0.7555 -0.0001 -0.6551
vn -0.3126 -0.8914 -0.3281
vn -0.3129 0.8915 -0.3276
vn -0.0955 -0.8761 -0.4726
vn 0.1822 -0.8912 -0.4154
vn -0.1984 -0.0005 -0.9801
vn -0.0957 0.8758 -0.4731
vn 0.1818 0.8914 -0.4151
vn 0.4882 0.0009 -0.8728
vn 0.0002 1.0000 -0.0001
vn 0.4036 0.9113 -0.0814
vn 0.9802 0.0011 -0.1981
vn 0.4049 -0.9107 -0.0821
vn 0.3296 -0.8912 0.3117
vn 0.3293 0.8912 0.3119
vn 0.7884 -0.0004 0.6151
vn 0.0955 -0.8759 0.4729
vn 0.0959 0.8761 0.4726
vn 0.1981 0.0002 0.9802
vn -0.1817 -0.8915 0.4149
vn -0.1825 0.8912 0.4153
vn -0.4880 -0.0010 0.8729
vn -0.4038 -0.9112 0.0815
vn -0.4042 0.9110 0.0824
vn -0.9801 -0.0003 0.1986
vn -0.3291 0.8915 -0.3114
vn -0.3291 -0.8913 -0.3119
vn -0.7887 0.0010 -0.6148
vn -0.2045 -0.8759 0.4371
vn -0.4239 -0.0003 0.9057
vn -0.9116 -0.0004 0.4111
vn -0.3935 -0.8913 0.2253
vn -0.2045 0.8757 0.4375
vn 0.0001 1.0000 -0.0002
vn -0.3936 0.8912 0.2254
vn 0.0001 -1.0000 -0.0000
vn -0.9059 -0.0002 -0.4235
vn -0.3736 -0.9110 -0.1747
vn -0.3739 0.9108 -0.1750
vn -0.2691 -0.0000 -0.9631
vn -0.0797 -0.8912 -0.4465
vn -0.0794 0.8912 -0.4466
vn 0.4236 -0.0004 -0.9058
vn 0.2043 -0.8760 -0.4370
vn 0.2045 0.8758 -0.4372
vn 0.9116 0.0002 -0.4110
vn 0.3937 -0.8912 -0.2253
vn 0.3933 0.8914 -0.2252
vn 0.3735 0.9110 0.1747
vn 0.9060 0.0003 0.4233
vn 0.3741 -0.9108 0.1746
vn 0.0796 -0.8913 0.4464
vn 0.0794 0.8913 0.4463
vn 0.2694 0.0003 0.9630
vn -0.3585 -0.8759 -0.3229
vn -0.7438 0.0005 -0.6685
vn -0.1288 0.0008 -0.9917
vn -0.1014 -0.8909 -0.4428
vn -0.3585 0.8762 -0.3222
vn 0.0005 1.0000 -0.0000
vn -0.1005 0.8916 -0.4416
vn -0.0000 -1.0000 0.0002
vn 0.6685 0.0002 -0.7437
vn 0.2758 -0.9110 -0.3067
vn 0.2758 0.9109 -0.3068
vn 0.9997 0.0003 0.0225
vn 0.4503 -0.8912 0.0539
vn 0.4498 0.8915 0.0537
vn 0.7433 0.0002 0.6689
vn 0.3579 -0.8762 0.3227
vn 0.3587 0.8759 0.3228
vn 0.1282 0.0003 0.9917
vn 0.1015 -0.8912 0.4421
vn 0.1006 0.8916 0.4415
vn -0.2759 0.9111 0.3063
vn -0.6688 -0.0001 0.7434
vn -0.2753 -0.9111 0.3067
vn -0.4504 -0.8912 -0.0537
vn -0.4500 0.8914 -0.0536
vn -0.9997 -0.0001 -0.0225
vn -0.0700 -0.8761 0.4770
vn -0.1448 -0.0005 0.9895
vn -0.7542 -0.0009 0.6566
vn -0.3121 -0.8913 0.3289
vn -0.0701 0.8758 0.4776
vn -0.3122 0.8911 0.3294
vn 0.0001 -1.0000 -0.0002
vn -0.9895 -0.0004 -0.1447
vn -0.4085 -0.9108 -0.0598
vn -0.4083 0.9109 -0.0596
vn -0.5354 0.0004 -0.8446
vn -0.2054 -0.8911 -0.4047
vn -0.2046 0.8914 -0.4043
vn 0.1447 0.0005 -0.9895
vn 0.0702 -0.8758 -0.4775
vn 0.0698 0.8761 -0.4770
vn 0.7542 0.0003 -0.6566
vn 0.3124 -0.8911 -0.3291
vn 0.3117 0.8915 -0.3288
vn 0.4078 0.9111 0.0599
vn 0.9895 0.0005 0.1448
vn 0.4088 -0.9107 0.0595
vn 0.2053 -0.8913 0.4042
vn 0.2049 0.8913 0.4045
vn 0.5353 0.0003 0.8446
vn -0.1310 0.8762 0.4638
vn -0.0004 1.0000 -0.0004
vn -0.3526 0.8912 0.2853
vn 0.0003 -1.0000 -0.0001
vn -0.1312 -0.8758 0.4645
vn -0.3514 -0.8915 0.2861
vn -0.2722 0.0003 0.9622
vn -0.8328 -0.0007 0.5535
vn -0.3971 -0.9109 -0.1121
vn -0.3975 0.9107 -0.1119
vn -0.9625 -0.0003 -0.2714
vn -0.1507 -0.8912 -0.4279
vn -0.1512 0.8915 -0.4271
vn -0.4219 0.0002 -0.9066
vn 0.1299 0.8761 -0.4643
vn 0.1315 -0.8757 -0.4647
vn 0.2714 0.0009 -0.9625
vn 0.8328 0.0001 -0.5536
vn 0.3520 -0.8913 -0.2858
vn 0.3511 0.8918 -0.2855
vn 0.9624 -0.0008 0.2717
vn 0.3966 -0.9112 0.1116
vn 0.3967 0.9111 0.1122
vn 0.4213 -0.0003 0.9069
vn 0.1500 -0.8916 0.4273
vn 0.1507 0.8915 0.4272
vn -0.0002 -1.0000 0.0001
vn -0.2233 -0.8756 -0.4283
vn 0.0606 -0.8912 -0.4496
vn -0.4619 0.0004 -0.8869
vn -0.2228 0.8759 -0.4279
vn 0.0600 0.8914 -0.4492
vn 0.2268 0.0005 -0.9739
vn 0.8869 -0.0000 -0.4620
vn 0.3659 -0.9109 -0.1907
vn 0.3657 0.9111 -0.1902
vn 0.4024 0.8913 0.2091
vn 0.9283 -0.0003 0.3718
vn 0.4029 -0.8912 0.2083
vn 0.2234 -0.8760 0.4274
vn 0.2230 0.8756 0.4285
vn 0.4619 -0.0001 0.8869
vn -0.0597 -0.8915 0.4490
vn -0.0609 0.8912 0.4495
vn -0.2268 -0.0008 0.9739
vn -0.3655 -0.9111 0.1904
vn -0.3663 0.9108 0.1907
vn -0.8866 -0.0003 0.4625
vn -0.4030 -0.8911 -0.2088
vn -0.4026 0.8913 -0.2084
vn -0.9282 0.0006 -0.3722
vn -0.0008 -0.8758 -0.4826
vn -0.0020 0.0003 -1.0000
vn 0.6505 -0.0000 -0.7595
vn 0.2606 -0.8912 -0.3713
vn -0.0010 0.8761 -0.4822
vn 0.0004 1.0000 0.0001
vn 0.2607 0.8912 -0.3711
vn 0.0001 -1.0000 0.0002
vn 1.0000 -0.0001 -0.0019
vn 0.4126 -0.9109 -0.0008
vn 0.4126 0.9109 -0.0008
vn 0.6531 -0.0006 0.7573
vn 0.2615 -0.8913 0.3703
vn 0.2620 0.8913 0.3700
vn 0.0024 0.0007 1.0000
vn 0.0007 -0.8757 0.4829
vn 0.0014 0.8760 0.4823
vn -0.6502 -0.0004 0.7597
vn -0.2598 -0.8913 0.3717
vn -0.2604 0.8913 0.3712
vn -1.0000 -0.0006 0.0017
vn -0.4125 -0.9110 0.0010
vn -0.4129 0.9108 0.0005
vn -0.2620 0.8911 -0.3704
vn -0.6532 -0.0005 -0.7572
vn -0.2618 -0.8913 -0.3702
vn -0.0002 -1.0000 -0.0000
vn -0.2434 -0.8759 0.4166
vn -0.4127 -0.8912 0.1884
vn -0.5049 -0.0002 0.8632
vn -0.2439 0.8756 0.4170
vn -0.4127 0.8912 0.1884
vn -0.9453 -0.0004 0.3262
vn -0.3557 -0.9112 -0.2079
vn -0.3565 0.9108 -0.2081
vn -0.8633 -0.0006 -0.5047
vn -0.0380 -0.8916 -0.4512
vn -0.0385 0.8915 -0.4514
vn -0.1797 -0.0006 -0.9837
vn 0.2433 -0.8760 -0.4164
vn 0.2433 0.8760 -0.4165
vn 0.5046 -0.0001 -0.8633
vn 0.4124 0.8913 -0.1884
vn 0.4125 -0.8913 -0.1883
vn 0.9453 0.0003 -0.3261
vn 0.8635 0.0002 0.5043
vn 0.3561 -0.9109 0.2085
vn 0.3562 0.9109 0.2083
vn 0.1799 0.0001 0.9837
vn 0.0381 -0.8913 0.4519
vn 0.0382 0.8912 0.4520
vn -0.2657 -0.0000 -0.9640
vn -0.1285 0.8758 -0.4652
vn 0.1531 0.8912 -0.4271
vn 0.4269 -0.0005 -0.9043
vn -0.1282 -0.8760 -0.4650
vn 0.1530 -0.8913 -0.4269
vn -0.0004 1.0000 -0.0002
vn -0.0002 -1.0000 -0.0001
vn 0.9640 0.0002 -0.2659
vn 0.3978 -0.9109 -0.1098
vn 0.3977 0.9109 -0.1099
vn 0.8300 0.0011 0.5577
vn 0.3508 -0.8911 0.2880
vn 0.3499 0.8914 0.2881
vn 0.1280 0.8759 0.4652
vn 0.2659 -0.0001 0.9640
vn 0.1287 -0.8759 0.4651
vn -0.1535 -0.8913 0.4266
vn -0.1529 0.8914 0.4267
vn -0.4264 0.0003 0.9045
vn -0.3982 -0.9107 0.1097
vn -0.3972 0.9112 0.1096
vn -0.9640 0.0004 0.2658
vn -0.3505 -0.8913 -0.2876
vn -0.3502 0.8913 -0.2879
vn -0.8300 0.0002 -0.5577
vn -0.1895 -0.8759 -0.4437
vn -0.3926 0.0007 -0.9197
vn 0.3019 0.0003 -0.9534
vn 0.0941 -0.8912 -0.4438
vn -0.1894 0.8762 -0.4432
vn -0.0003 1.0000 -0.0001
vn 0.0947 0.8913 -0.4434
vn 0.0005 -1.0000 0.0001
vn 0.3801 0.9107 -0.1619
vn 0.3793 -0.9110 -0.1619
vn 0.9198 -0.0006 -0.3923
vn 0.8972 -0.0004 0.4417
vn 0.3855 -0.8914 0.2385
vn 0.3858 0.8913 0.2384
vn 0.3925 -0.0003 0.9197
vn 0.1893 -0.8761 0.4435
vn 0.1895 0.8760 0.4436
vn -0.3018 0.0003 0.9534
vn -0.0946 -0.8912 0.4437
vn -0.0944 0.8913 0.4435
vn -0.9199 0.0009 0.3922
vn -0.3798 -0.9108 0.1620
vn -0.3792 0.9111 0.1617
vn -0.8972 0.0007 -0.4416
vn -0.3855 -0.8914 -0.2383
vn -0.3852 0.8915 -0.2385
vn -0.4683 -0.8760 -0.1152
vn -0.2978 -0.8914 -0.3415
vn -0.9710 0.0004 -0.2390
vn -0.4675 0.8764 -0.1154
vn -0.2976 0.8913 -0.3422
vn -0.5806 -0.0003 -0.8142
vn 0.0004 1.0000 -0.0001
vn 0.0992 -0.9111 -0.4000
vn 0.0982 0.9109 -0.4007
vn 0.2392 -0.0005 -0.9710
vn 0.4227 -0.8912 -0.1645
vn 0.4223 0.8914 -0.1648
vn 0.8923 -0.0002 -0.4514
vn 0.4679 -0.8762 0.1153
vn 0.4683 0.8760 0.1152
vn 0.9710 0.0002 0.2390
vn 0.2972 -0.8914 0.3422
vn 0.2978 0.8914 0.3415
vn 0.5808 0.0004 0.8141
vn -0.0987 0.9112 0.4000
vn -0.0989 -0.9109 0.4007
vn -0.2393 0.0004 0.9710
vn -0.8925 0.0004 0.4511
vn -0.4223 -0.8914 0.1647
vn -0.4224 0.8914 0.1645
vn -0.4000 -0.8760 -0.2694
vn -0.8303 -0.0004 -0.5574
vn -0.2663 0.0002 -0.9639
vn -0.1620 -0.8915 -0.4230
vn -0.4005 0.8761 -0.2685
vn -0.0002 1.0000 -0.0000
vn -0.1621 0.8914 -0.4232
vn 0.0004 -1.0000 -0.0000
vn 0.5579 -0.0017 -0.8299
vn 0.2296 -0.9112 -0.3420
vn 0.2308 0.9106 -0.3429
vn 0.9930 -0.0010 -0.1180
vn 0.4522 -0.8918 -0.0100
vn 0.4536 0.8912 -0.0101
vn 0.8302 -0.0008 0.5575
vn 0.4004 -0.8761 0.2685
vn 0.4004 0.8759 0.2692
vn 0.1626 0.8913 0.4232
vn 0.2662 -0.0003 0.9639
vn 0.1617 -0.8915 0.4232
vn -0.2309 -0.9106 0.3427
vn -0.2292 0.9114 0.3419
vn -0.5571 0.0013 0.8304
vn -0.4527 -0.8916 0.0097
vn -0.4533 0.8913 0.0100
vn -0.9930 -0.0004 0.1178
vn -0.1789 -0.8757 -0.4484
vn -0.3711 0.0003 -0.9286
vn 0.3234 0.0005 -0.9463
vn 0.1051 -0.8913 -0.4410
vn -0.1790 0.8760 -0.4478
vn 0.1049 0.8915 -0.4407
vn 0.3836 -0.9107 -0.1533
vn 0.3825 0.9113 -0.1528
vn 0.9287 0.0012 -0.3709
vn 0.3792 0.8916 0.2474
vn 0.3805 -0.8912 0.2471
vn 0.8867 0.0010 0.4624
vn 0.3712 -0.0001 0.9285
vn 0.1793 -0.8759 0.4480
vn 0.1783 0.8759 0.4484
vn -0.3232 -0.0002 0.9463
vn -0.1045 -0.8914 0.4411
vn -0.1048 0.8913 0.4411
vn -0.9286 -0.0005 0.3710
vn -0.3829 -0.9110 0.1532
vn -0.3831 0.9109 0.1533
vn -0.8867 -0.0003 -0.4623
vn -0.3800 -0.8913 -0.2474
vn -0.3803 0.8912 -0.2472
vn 0.0007 -1.0000 0.0003
vn -0.3073 -0.8760 -0.3718
vn -0.0355 -0.8912 -0.4521
vn -0.6382 -0.0000 -0.7699
vn -0.3085 0.8758 -0.3713
vn -0.0347 0.8912 -0.4523
vn 0.0183 -0.0006 -0.9998
vn 0.0001 1.0000 0.0002
vn 0.3183 0.9108 -0.2630
vn 0.7702 -0.0005 -0.6378
vn 0.3171 -0.9112 -0.2628
vn 0.4364 -0.8918 0.1192
vn 0.4376 0.8912 0.1193
vn 0.9857 -0.0004 0.1687
vn 0.3074 -0.8762 0.3712
vn 0.3082 0.8758 0.3715
vn 0.6375 -0.0007 0.7704
vn 0.0361 -0.8915 0.4516
vn 0.0335 0.8913 0.4521
vn -0.0186 -0.0012 0.9998
vn -0.3169 -0.9112 0.2632
vn -0.3186 0.9106 0.2632
vn -0.7702 0.0003 0.6378
vn -0.4374 0.8914 -0.1186
vn -0.4368 -0.8916 -0.1191
vn -0.9857 0.0006 -0.1687
vn -0.2061 -0.8759 0.4362
vn -0.4269 -0.0002 0.9043
vn -0.9131 0.0003 0.4076
vn -0.3944 -0.8913 0.2237
vn -0.2061 0.8758 0.4365
vn -0.0004 1.0000 -0.0001
vn -0.3942 0.8914 0.2238
vn 0.0001 -1.0000 0.0001
vn -0.9042 0.0005 -0.4271
vn -0.3731 -0.9109 -0.1764
vn -0.3728 0.9110 -0.1761
vn -0.2655 0.0007 -0.9641
vn -0.0780 -0.8911 -0.4470
vn -0.0778 0.8915 -0.4463
vn 0.4266 0.0003 -0.9044
vn 0.2060 -0.8758 -0.4365
vn 0.2057 0.8760 -0.4362
vn 0.9131 0.0003 -0.4078
vn 0.3942 -0.8913 -0.2238
vn 0.3941 0.8915 -0.2236
vn 0.3729 0.9109 0.1766
vn 0.9043 -0.0000 0.4270
vn 0.3729 -0.9111 0.1760
vn 0.0777 -0.8915 0.4463
vn 0.0777 0.8911 0.4471
vn 0.2655 -0.0007 0.9641
vn -0.1949 0.8758 -0.4415
vn 0.0004 1.0000 0.0002
vn 0.0891 0.8914 -0.4443
vn -0.0001 -1.0000 -0.0002
vn -0.1948 -0.8760 -0.4412
vn 0.0897 -0.8913 -0.4445
vn -0.4037 -0.0005 -0.9149
vn 0.2890 0.0006 -0.9573
vn 0.3775 -0.9108 -0.1669
vn 0.3775 0.9108 -0.1672
vn 0.9142 0.0001 -0.4053
vn 0.3880 -0.8916 0.2335
vn 0.3882 0.8915 0.2333
vn 0.9026 0.0005 0.4305
vn 0.1951 0.8759 0.4413
vn 0.1944 -0.8764 0.4406
vn 0.4037 0.0002 0.9149
vn -0.2896 0.0004 0.9571
vn -0.0894 -0.8915 0.4442
vn -0.0887 0.8916 0.4440
vn -0.9145 0.0008 0.4046
vn -0.3777 -0.9108 0.1668
vn -0.3771 0.9110 0.1669
vn -0.9024 0.0005 -0.4310
vn -0.3884 -0.8914 -0.2335
vn -0.3882 0.8914 -0.2340
vn -0.2739 -0.8761 0.3967
vn -0.4252 -0.8915 0.1564
vn -0.5689 -0.0003 0.8224
vn -0.2745 0.8758 0.3970
vn -0.4256 0.8913 0.1563
vn -0.9674 -0.0000 0.2532
vn -0.8230 -0.0002 -0.5680
vn -0.3393 -0.9110 -0.2344
vn -0.3396 0.9108 -0.2345
vn -0.0039 0.8913 -0.4533
vn -0.1056 0.0001 -0.9944
vn -0.0041 -0.8912 -0.4535
vn 0.2746 -0.8759 -0.3966
vn 0.2745 0.8759 -0.3967
vn 0.5691 0.0003 -0.8223
vn 0.4257 -0.8912 -0.1564
vn 0.4255 0.8913 -0.1564
vn 0.9675 0.0005 -0.2530
vn 0.3387 -0.9112 0.2346
vn 0.3392 0.9111 0.2340
vn 0.8227 0.0004 0.5685
vn 0.0035 -0.8912 0.4536
vn 0.0038 0.8915 0.4530
vn 0.1047 0.0002 0.9945
vn -0.4796 -0.8761 -0.0497
vn -0.3423 -0.8911 -0.2979
vn -0.9946 -0.0002 -0.1033
vn -0.4801 0.8758 -0.0499
vn -0.3416 0.8914 -0.2979
vn -0.6871 0.0003 -0.7265
vn 0.0426 0.9109 -0.4104
vn 0.1034 -0.0004 -0.9946
vn 0.0426 -0.9110 -0.4101
vn 0.3966 -0.8910 -0.2211
vn 0.3951 0.8916 -0.2214
vn 0.8217 0.0009 -0.5699
vn 0.4808 -0.8754 0.0496
vn 0.4799 0.8759 0.0496
vn 0.9947 0.0005 0.1031
vn 0.3415 -0.8914 0.2979
vn 0.3412 0.8914 0.2983
vn 0.6873 -0.0000 0.7264
vn -0.0431 -0.9109 0.4103
vn -0.0435 0.9109 0.4104
vn -0.1036 0.0006 0.9946
vn -0.3960 0.8912 0.2214
vn -0.3953 -0.8915 0.2211
vn -0.8219 -0.0008 0.5696
vn -0.4581 -0.8769 -0.1454
vn -0.9536 0.0002 -0.3011
vn -0.5272 0.0001 -0.8498
vn -0.2760 -0.8914 -0.3595
vn -0.4586 0.8768 -0.1448
vn -0.0001 1.0000 0.0007
vn -0.2744 0.8916 -0.3602
vn 0.0007 -1.0000 -0.0007
vn 0.3014 -0.0007 -0.9535
vn 0.1244 -0.9114 -0.3923
vn 0.1236 0.9111 -0.3933
vn 0.9198 -0.0001 -0.3924
vn 0.4324 -0.8912 -0.1371
vn 0.4320 0.8915 -0.1362
vn 0.9538 -0.0012 0.3004
vn 0.4587 -0.8767 0.1445
vn 0.4607 0.8756 0.1454
vn 0.5270 0.0004 0.8499
vn 0.2747 -0.8915 0.3602
vn 0.2761 0.8914 0.3595
vn -0.3018 0.0013 0.9534
vn -0.1246 -0.9110 0.3931
vn -0.1247 0.9114 0.3922
vn -0.4329 0.8910 0.1369
vn -0.9196 -0.0007 0.3928
vn -0.4308 -0.8921 0.1362
vn -0.0000 -1.0000 0.0003
vn -0.4752 -0.8765 -0.0775
vn -0.3235 -0.8915 -0.3170
vn -0.9870 -0.0012 -0.1610
vn -0.4771 0.8754 -0.0782
vn -0.3240 0.8914 -0.3171
vn -0.6435 0.0001 -0.7655
vn -0.0000 1.0000 -0.0004
vn 0.0665 -0.9109 -0.4072
vn 0.0667 0.9110 -0.4070
vn 0.1609 0.0003 -0.9870
vn 0.4084 -0.8911 -0.1977
vn 0.4074 0.8915 -0.1980
vn 0.8533 0.0017 -0.5214
vn 0.4772 -0.8753 0.0781
vn 0.4745 0.8768 0.0777
vn 0.9869 0.0023 0.1610
vn 0.3249 -0.8911 0.3169
vn 0.3228 0.8917 0.3171
vn 0.6438 0.0011 0.7652
vn -0.0667 0.9109 0.4072
vn -0.0656 -0.9110 0.4071
vn -0.1608 0.0001 0.9870
vn -0.8533 -0.0015 0.5214
vn -0.4068 -0.8918 0.1981
vn -0.4085 0.8911 0.1978
vn -0.4746 -0.8760 -0.0858
vn -0.9841 -0.0008 -0.1777
vn -0.6306 0.0002 -0.7761
vn -0.3187 -0.8912 -0.3229
vn -0.4751 0.8757 -0.0858
vn 0.0002 1.0000 -0.0002
vn -0.3188 0.8912 -0.3227
vn 0.1781 -0.0001 -0.9840
vn 0.0736 -0.9109 -0.4061
vn 0.0736 0.9109 -0.4061
vn 0.8624 0.0006 -0.5063
vn 0.4123 -0.8908 -0.1908
vn 0.4111 0.8913 -0.1912
vn 0.9841 0.0006 0.1777
vn 0.4752 -0.8757 0.0859
vn 0.4746 0.8760 0.0856
vn 0.6302 -0.0004 0.7764
vn 0.3182 -0.8914 0.3227
vn 0.3185 0.8912 0.3228
vn -0.0739 0.9110 0.4058
vn -0.1775 0.0002 0.9841
vn -0.0731 -0.9110 0.4059
vn -0.4107 -0.8915 0.1911
vn -0.4118 0.8911 0.1908
vn -0.8622 -0.0005 0.5065
vn -0.0001 -1.0000 -0.0000
vn -0.2376 -0.8761 0.4195
vn -0.4094 -0.8915 0.1940
vn -0.4926 -0.0004 0.8703
vn -0.2375 0.8759 0.4201
vn -0.4098 0.8913 0.1941
vn -0.9407 -0.0001 0.3391
vn -0.3590 -0.9110 -0.2030
vn -0.3587 0.9111 -0.2033
vn -0.8702 0.0002 -0.4927
vn -0.0445 -0.8914 -0.4510
vn -0.0442 0.8914 -0.4511
vn -0.1935 0.0005 -0.9811
vn 0.2374 -0.8761 -0.4197
vn 0.2377 0.8759 -0.4198
vn 0.4927 -0.0001 -0.8702
vn 0.4099 0.8913 -0.1938
vn 0.4094 -0.8915 -0.1941
vn 0.9408 -0.0001 -0.3389
vn 0.8702 0.0001 0.4926
vn 0.3590 -0.9110 0.2032
vn 0.3587 0.9111 0.2032
vn 0.1935 0.0007 0.9811
vn 0.0445 -0.8913 0.4512
vn 0.0442 0.8915 0.4509
vn -0.4825 -0.8756 -0.0221
vn -0.9990 -0.0007 -0.0452
vn -0.7284 -0.0010 -0.6851
vn -0.3575 -0.8918 -0.2773
vn -0.4817 0.8761 -0.0220
vn -0.3599 0.8907 -0.2778
vn -0.0006 -1.0000 -0.0004
vn 0.0438 -0.0002 -0.9990
vn 0.0191 -0.9110 -0.4119
vn 0.0181 0.9113 -0.4114
vn 0.7872 -0.0004 -0.6166
vn 0.3817 -0.8914 -0.2444
vn 0.3820 0.8917 -0.2430
vn 0.9990 0.0012 0.0452
vn 0.4820 -0.8759 0.0216
vn 0.4813 0.8762 0.0223
vn 0.3588 0.8911 0.2777
vn 0.7281 0.0003 0.6854
vn 0.3591 -0.8910 0.2780
vn -0.0195 -0.9110 0.4120
vn -0.0185 0.9111 0.4118
vn -0.0448 0.0001 0.9990
vn -0.3829 -0.8912 0.2432
vn -0.3823 0.8913 0.2436
vn -0.7878 0.0014 0.6160
vn -0.0219 -0.8759 0.4821
vn -0.0455 -0.0002 0.9990
vn -0.6860 -0.0009 0.7276
vn -0.2778 -0.8914 0.3580
vn -0.0217 0.8760 0.4819
vn -0.2776 0.8914 0.3583
vn -0.9989 -0.0008 -0.0462
vn -0.4118 -0.9111 -0.0188
vn -0.4121 0.9109 -0.0193
vn -0.6154 -0.0002 -0.7882
vn -0.2438 -0.8913 -0.3823
vn -0.2436 0.8912 -0.3826
vn 0.0456 -0.0001 -0.9990
vn 0.0223 -0.8758 -0.4822
vn 0.0216 0.8759 -0.4819
vn 0.6858 -0.0007 -0.7278
vn 0.2775 -0.8914 -0.3583
vn 0.2781 0.8912 -0.3583
vn 0.4122 0.9109 0.0191
vn 0.9989 -0.0010 0.0459
vn 0.4117 -0.9111 0.0185
vn 0.2438 -0.8913 0.3823
vn 0.2432 0.8914 0.3824
vn 0.6163 0.0004 0.7875
vn -0.0006 -1.0000 -0.0005
vn -0.0645 -0.8760 0.4780
vn -0.3089 -0.8911 0.3324
vn -0.1337 -0.0005 0.9910
vn -0.0644 0.8758 0.4783
vn -0.3086 0.8913 0.3321
vn -0.7479 0.0005 0.6638
vn 0.0002 1.0000 -0.0004
vn -0.4096 -0.9106 -0.0552
vn -0.4078 0.9114 -0.0555
vn -0.9909 0.0011 -0.1343
vn -0.2097 -0.8913 -0.4021
vn -0.2075 0.8918 -0.4021
vn -0.5440 0.0011 -0.8391
vn 0.0646 -0.8761 -0.4778
vn 0.0646 0.8757 -0.4786
vn 0.1342 -0.0007 -0.9910
vn 0.3082 0.8912 -0.3327
vn 0.3081 -0.8914 -0.3323
vn 0.7476 -0.0003 -0.6641
vn 0.9910 0.0005 0.1336
vn 0.4090 -0.9109 0.0550
vn 0.4089 0.9109 0.0552
vn 0.5445 0.0004 0.8387
vn 0.2099 -0.8912 0.4021
vn 0.2089 0.8914 0.4022
vn -0.3873 -0.8761 -0.2871
vn -0.8032 0.0004 -0.5957
vn -0.2204 -0.0005 -0.9754
vn -0.1424 -0.8916 -0.4298
vn -0.3866 0.8762 -0.2877
vn 0.0006 1.0000 -0.0000
vn -0.1422 0.8912 -0.4307
vn 0.5960 0.0011 -0.8030
vn 0.2465 -0.9108 -0.3313
vn 0.2450 0.9110 -0.3319
vn 0.9974 0.0012 -0.0720
vn 0.4541 -0.8909 0.0110
vn 0.4526 0.8917 0.0112
vn 0.8030 0.0009 0.5960
vn 0.3884 -0.8757 0.2871
vn 0.3871 0.8760 0.2876
vn 0.1413 0.8913 0.4308
vn 0.2201 -0.0003 0.9755
vn 0.1423 -0.8915 0.4301
vn -0.2464 -0.9109 0.3311
vn -0.2451 0.9110 0.3317
vn -0.5956 0.0003 0.8033
vn -0.4535 -0.8912 -0.0108
vn -0.4517 0.8921 -0.0113
vn -0.9974 0.0004 0.0715
vn -0.1786 0.0006 -0.9839
vn -0.0858 0.8762 -0.4742
vn 0.1908 0.8915 -0.4109
vn 0.5063 0.0002 -0.8623
vn -0.0861 -0.8759 -0.4748
vn 0.1908 -0.8912 -0.4116
vn 0.0001 -1.0000 -0.0003
vn 0.9840 -0.0006 -0.1780
vn 0.4055 -0.9111 -0.0737
vn 0.4062 0.9108 -0.0735
vn 0.7765 0.0003 0.6301
vn 0.3233 -0.8911 0.3185
vn 0.3235 0.8912 0.3179
vn 0.0863 0.8759 0.4747
vn 0.1788 0.0005 0.9839
vn 0.0862 -0.8756 0.4752
vn -0.1912 -0.8913 0.4112
vn -0.1911 0.8915 0.4107
vn -0.5065 0.0009 0.8622
vn -0.4064 -0.9108 0.0731
vn -0.4059 0.9110 0.0733
vn -0.9841 0.0003 0.1779
vn -0.3233 -0.8911 -0.3184
vn -0.3227 0.8916 -0.3178
vn -0.7772 0.0006 -0.6292
vn -0.0601 -0.8762 0.4782
vn -0.1223 -0.0008 0.9925
vn -0.7402 -0.0006 0.6724
vn -0.3048 -0.8914 0.3354
vn -0.0590 0.8759 0.4789
vn 0.0005 1.0000 -0.0002
vn -0.3049 0.8912 0.3358
vn -0.0004 -1.0000 -0.0003
vn -0.9924 -0.0005 -0.1233
vn -0.4087 -0.9113 -0.0506
vn -0.4093 0.9110 -0.0511
vn -0.5537 -0.0017 -0.8327
vn -0.2130 -0.8917 -0.3993
vn -0.2135 0.8911 -0.4004
vn 0.1222 -0.0008 -0.9925
vn 0.0592 -0.8761 -0.4786
vn 0.0582 0.8758 -0.4792
vn 0.3041 0.8916 -0.3355
vn 0.7399 0.0004 -0.6727
vn 0.3049 -0.8914 -0.3353
vn 0.4102 -0.9106 0.0502
vn 0.4085 0.9113 0.0513
vn 0.9924 0.0011 0.1231
vn 0.2145 -0.8916 0.3988
vn 0.2134 0.8913 0.4001
vn 0.5537 -0.0002 0.8327
vn -0.3247 -0.8762 -0.3562
vn -0.6732 -0.0005 -0.7395
vn -0.0290 -0.0005 -0.9996
vn -0.0562 -0.8915 -0.4496
vn -0.3247 0.8758 -0.3571
vn -0.0568 0.8911 -0.4502
vn -0.0003 -1.0000 0.0002
vn 0.7397 -0.0003 -0.6730
vn 0.3051 -0.9110 -0.2775
vn 0.3047 0.9110 -0.2779
vn 0.9926 0.0008 0.1213
vn 0.4429 -0.8912 0.0980
vn 0.4422 0.8915 0.0981
vn 0.6738 0.0005 0.7389
vn 0.3249 -0.8761 0.3562
vn 0.3247 0.8762 0.3563
vn 0.0291 -0.0000 0.9996
vn 0.0564 -0.8916 0.4494
vn 0.0566 0.8915 0.4495
vn -0.3047 0.9110 0.2778
vn -0.7391 -0.0002 0.6736
vn -0.3045 -0.9112 0.2776
vn -0.4423 -0.8915 -0.0981
vn -0.4422 0.8916 -0.0980
vn -0.9925 -0.0000 -0.1221
vn -0.4487 -0.8760 0.1770
vn -0.9304 -0.0010 0.3665
vn -0.9445 -0.0002 -0.3286
vn -0.4409 -0.8911 -0.1074
vn -0.4494 0.8757 0.1768
vn -0.4402 0.8915 -0.1068
vn -0.0004 -1.0000 0.0001
vn -0.3660 0.0002 -0.9306
vn -0.1508 -0.9109 -0.3841
vn -0.1508 0.9110 -0.3838
vn 0.4671 -0.0002 -0.8842
vn 0.2494 -0.8912 -0.3790
vn 0.2493 0.8915 -0.3783
vn 0.9305 0.0002 -0.3663
vn 0.4486 -0.8760 -0.1768
vn 0.4488 0.8760 -0.1766
vn 0.9444 -0.0002 0.3288
vn 0.4408 -0.8912 0.1073
vn 0.4404 0.8914 0.1069
vn 0.3660 -0.0003 0.9306
vn 0.1511 -0.9110 0.3838
vn 0.1507 0.9111 0.3837
vn -0.2502 0.8912 0.3783
vn -0.4668 -0.0006 0.8843
vn -0.2485 -0.8914 0.3791
vn -0.2895 -0.8758 -0.3863
vn -0.5987 0.0004 -0.8009
vn 0.0682 -0.0001 -0.9977
vn -0.0126 -0.8914 -0.4531
vn -0.2885 0.8761 -0.3863
vn -0.0005 1.0000 -0.0002
vn -0.0133 0.8914 -0.4531
vn -0.0003 -1.0000 -0.0002
vn 0.3303 0.9109 -0.2471
vn 0.3308 -0.9108 -0.2470
vn 0.8013 -0.0000 -0.5983
vn 0.9761 0.0005 0.2175
vn 0.4312 -0.8912 0.1408
vn 0.4305 0.8916 0.1405
vn 0.5983 0.0002 0.8013
vn 0.2889 -0.8758 0.3866
vn 0.2882 0.8761 0.3866
vn -0.0683 -0.0001 0.9977
vn 0.0124 -0.8913 0.4532
vn 0.0127 0.8913 0.4533
vn -0.8011 0.0003 0.5985
vn -0.3306 -0.9109 0.2468
vn -0.3301 0.9111 0.2468
vn -0.9760 0.0011 -0.2176
vn -0.4312 -0.8912 -0.1406
vn -0.4301 0.8917 -0.1410
vn -0.3909 -0.8756 -0.2836
vn -0.8091 0.0003 -0.5877
vn -0.2301 0.0002 -0.9732
vn -0.1466 -0.8913 -0.4291
vn -0.3905 0.8759 -0.2835
vn -0.0006 1.0000 -0.0000
vn -0.1461 0.8914 -0.4290
vn 0.2427 -0.9108 -0.3339
vn 0.2430 0.9109 -0.3335
vn 0.5878 0.0002 -0.8090
vn 0.4531 0.8914 0.0067
vn 0.4533 -0.8913 0.0067
vn 0.9967 -0.0001 -0.0815
vn 0.8090 -0.0002 0.5878
vn 0.3902 -0.8759 0.2837
vn 0.3902 0.8760 0.2834
vn 0.2307 -0.0000 0.9730
vn 0.1472 -0.8912 0.4291
vn 0.1456 0.8914 0.4292
vn -0.5874 -0.0008 0.8093
vn -0.2413 -0.9112 0.3338
vn -0.2432 0.9108 0.3337
vn -0.9967 0.0001 0.0815
vn -0.4531 -0.8915 -0.0067
vn -0.4530 0.8915 -0.0067
vn -0.0020 0.8758 0.4826
vn -0.2634 0.8910 0.3697
vn -0.0021 -0.8761 0.4821
vn -0.2631 -0.8912 0.3695
vn -0.0050 -0.0002 1.0000
vn -0.6554 0.0005 0.7553
vn -0.4121 -0.9111 -0.0023
vn -0.4129 0.9108 -0.0018
vn -1.0000 -0.0006 -0.0046
vn -0.2589 -0.8913 -0.3721
vn -0.2591 0.8913 -0.3722
vn -0.6482 -0.0000 -0.7615
vn 0.0018 0.8757 -0.4829
vn 0.0020 -0.8762 -0.4820
vn 0.0043 -0.0003 -1.0000
vn 0.6555 0.0003 -0.7552
vn 0.2625 -0.8915 -0.3693
vn 0.2627 0.8913 -0.3695
vn 1.0000 0.0001 0.0049
vn 0.4124 -0.9110 0.0023
vn 0.4127 0.9109 0.0021
vn 0.6481 0.0010 0.7616
vn 0.2594 -0.8912 0.3721
vn 0.2595 0.8913 0.3717
vn -0.1011 -0.8756 0.4723
vn -0.3324 -0.8912 0.3085
vn -0.2071 0.0009 0.9783
vn -0.1009 0.8762 0.4713
vn -0.3324 0.8915 0.3076
vn -0.7949 0.0001 0.6068
vn -0.0002 1.0000 -0.0002
vn -0.4030 -0.9112 -0.0860
vn -0.4043 0.9105 -0.0863
vn -0.9780 -0.0012 -0.2087
vn -0.1778 -0.8916 -0.4166
vn -0.1779 0.8915 -0.4166
vn -0.4796 -0.0010 -0.8775
vn 0.1001 -0.8756 -0.4725
vn 0.1009 0.8757 -0.4721
vn 0.2081 -0.0000 -0.9781
vn 0.3321 0.8914 -0.3085
vn 0.3334 -0.8909 -0.3083
vn 0.7952 0.0015 -0.6063
vn 0.9779 0.0011 0.2091
vn 0.4050 -0.9102 0.0865
vn 0.4032 0.9111 0.0857
vn 0.4792 0.0003 0.8777
vn 0.1784 -0.8913 0.4168
vn 0.1783 0.8915 0.4164
vn -0.2404 -0.8765 0.4172
vn -0.4998 -0.0010 0.8661
vn -0.9432 -0.0008 0.3322
vn -0.4101 -0.8918 0.1913
vn -0.2410 0.8756 0.4187
vn -0.0002 1.0000 -0.0003
vn -0.4123 0.8909 0.1903
vn -0.3586 0.9104 -0.2064
vn -0.3566 -0.9115 -0.2051
vn -0.8667 -0.0011 -0.4988
vn -0.1863 0.0002 -0.9825
vn -0.0410 -0.8914 -0.4513
vn -0.0425 0.8913 -0.4515
vn 0.4993 0.0007 -0.8664
vn 0.2414 -0.8760 -0.4175
vn 0.2398 0.8759 -0.4187
vn 0.9431 0.0002 -0.3325
vn 0.4117 -0.8910 -0.1913
vn 0.4110 0.8915 -0.1907
vn 0.8673 -0.0015 0.4977
vn 0.3566 -0.9116 0.2046
vn 0.3588 0.9103 0.2063
vn 0.1862 -0.0013 0.9825
vn 0.0402 -0.8917 0.4508
vn 0.0424 0.8911 0.4518
vn -0.0121 -0.8760 -0.4822
vn -0.0246 -0.0006 -0.9997
vn 0.6333 -0.0004 -0.7739
vn 0.2522 -0.8914 -0.3765
vn -0.0115 0.8758 -0.4825
vn 0.0002 1.0000 0.0003
vn 0.2521 0.8912 -0.3770
vn 0.4126 -0.9109 -0.0105
vn 0.4121 0.9111 -0.0099
vn 0.9997 -0.0003 -0.0246
vn 0.2700 0.8913 0.3642
vn 0.2701 -0.8915 0.3638
vn 0.6704 -0.0004 0.7420
vn 0.0250 0.0006 0.9997
vn 0.0117 -0.8758 0.4826
vn 0.0124 0.8760 0.4821
vn -0.6329 -0.0000 0.7743
vn -0.2513 -0.8915 0.3770
vn -0.2520 0.8915 0.3765
vn -0.9997 -0.0000 0.0246
vn -0.4119 -0.9112 0.0101
vn -0.4126 0.9109 0.0103
vn -0.6706 0.0005 -0.7418
vn -0.2701 -0.8913 -0.3642
vn -0.2704 0.8914 -0.3637
vn 0.0001 0.8860 -0.4637
vn 0.3281 0.8861 -0.3275
vn -0.0001 -0.8853 -0.4650
vn 0.3283 -0.8855 -0.3288
vn -0.0001 0.0016 -1.0000
vn 0.7070 0.0011 -0.7072
vn 0.4638 -0.8859 -0.0002
vn 0.4635 0.8861 0.0004
vn 1.0000 0.0003 -0.0000
vn 0.3276 -0.8864 0.3272
vn 0.3276 0.8859 0.3284
vn 0.7067 -0.0008 0.7075
vn -0.0001 0.8857 0.4642
vn -0.0001 -0.8863 0.4631
vn -0.0002 -0.0015 1.0000
vn -0.7067 -0.0006 0.7076
vn -0.3276 -0.8863 0.3273
vn -0.3276 0.8860 0.3281
vn -1.0000 -0.0002 -0.0001
vn -0.4632 -0.8862 -0.0000
vn -0.4634 0.8861 -0.0000
vn -0.7068 0.0005 -0.7075
vn -0.3279 -0.8857 -0.3286
vn -0.3281 0.8860 -0.3277
vn -0.0000 -0.8862 -0.4632
vn 0.3276 -0.8863 -0.3275
vn 0.0001 0.0019 -1.0000
vn 0.0001 0.8870 -0.4617
vn 0.3274 0.8867 -0.3266
vn 0.7074 0.0007 -0.7068
vn 0.4639 -0.8859 -0.0001
vn 0.4640 0.8859 0.0003
vn 1.0000 0.0001 0.0001
vn 0.3278 -0.8863 0.3271
vn 0.3278 0.8862 0.3274
vn 0.7074 0.0002 0.7068
vn 0.0002 -0.8864 0.4629
vn 0.0001 0.8866 0.4625
vn 0.0003 -0.0001 1.0000
vn -0.3276 0.8863 0.3275
vn -0.3275 -0.8865 0.3270
vn -0.7073 -0.0001 0.7069
vn -1.0000 -0.0004 0.0002
vn -0.4635 -0.8861 0.0001
vn -0.4639 0.8859 0.0001
vn -0.7072 0.0007 -0.7070
vn -0.3273 -0.8863 -0.3277
vn -0.3274 0.8867 -0.3265
vn -0.0000 -1.0000 -0.0005
vn -0.0000 -0.8858 -0.4641
vn 0.3274 -0.8863 -0.3274
vn -0.0000 0.0007 -1.0000
vn 0.0001 0.8863 -0.4631
vn 0.3273 0.8863 -0.3277
vn 0.7062 0.0002 -0.7080
vn -0.0001 1.0000 -0.0002
vn 0.4627 -0.8865 -0.0002
vn 0.4633 0.8862 0.0010
vn 1.0000 -0.0010 -0.0001
vn 0.3278 -0.8860 0.3281
vn 0.3280 0.8854 0.3294
vn 0.7066 -0.0013 0.7076
vn -0.0001 -0.8853 0.4650
vn -0.0000 0.8851 0.4655
vn -0.0001 -0.0013 1.0000
vn -0.3280 -0.8858 0.3283
vn -0.3281 0.8854 0.3293
vn -0.7067 -0.0010 0.7076
vn -0.4638 0.8859 0.0009
vn -0.4631 -0.8863 0.0001
vn -1.0000 -0.0009 -0.0000
vn -0.7064 0.0007 -0.7078
vn -0.3278 -0.8861 -0.3278
vn -0.3276 0.8862 -0.3276
vn -0.0000 -0.8858 -0.4640
vn 0.3280 -0.8858 -0.3283
vn -0.0001 0.8859 -0.4639
vn 0.3286 0.8855 -0.3284
vn 0.7072 -0.0005 -0.7070
vn 0.4641 0.8858 -0.0004
vn 1.0000 -0.0003 -0.0002
vn 0.4636 -0.8860 0.0003
vn 0.3283 -0.8857 0.3282
vn 0.3280 0.8859 0.3280
vn 0.7073 0.0002 0.7069
vn -0.0000 -0.8859 0.4638
vn 0.0001 0.8860 0.4637
vn 0.0001 0.0002 1.0000
vn -0.3285 -0.8857 0.3282
vn -0.3280 0.8860 0.3278
vn -0.7074 0.0003 0.7068
vn -0.4637 -0.8860 0.0006
vn -0.4639 0.8859 -0.0006
vn -1.0000 -0.0002 0.0001
vn -0.3284 0.8857 -0.3282
vn -0.3279 -0.8860 -0.3279
vn -0.7073 -0.0004 -0.7069
vn -0.0000 -0.8866 -0.4626
vn 0.3282 -0.8860 -0.3277
vn -0.0000 -0.0022 -1.0000
vn -0.0000 0.8857 -0.4642
vn 0.3277 0.8859 -0.3283
vn 0.7078 -0.0003 -0.7064
vn -0.0000 1.0000 -0.0001
vn 1.0000 0.0006 -0.0000
vn 0.4646 -0.8855 0.0004
vn 0.4642 0.8857 -0.0006
vn 0.3283 0.8858 0.3280
vn 0.7077 -0.0000 0.7065
vn 0.3279 -0.8857 0.3286
vn -0.0000 -0.8855 0.4647
vn -0.0002 0.8857 0.4642
vn -0.0000 0.0008 1.0000
vn -0.3275 -0.8858 0.3288
vn -0.7072 0.0004 0.7070
vn -0.4645 -0.8856 0.0002
vn -0.4635 0.8861 -0.0009
vn -1.0000 0.0011 -0.0007
vn -0.3286 -0.8857 -0.3279
vn -0.3276 0.8859 -0.3283
vn -0.7079 0.0002 -0.7063
vn -0.0005 0.0002 -1.0000
vn -0.0004 0.8848 -0.4659
vn 0.3287 0.8853 -0.3289
vn 0.7073 -0.0004 -0.7069
vn -0.0002 -0.8846 -0.4663
vn 0.3287 -0.8854 -0.3288
vn 1.0000 -0.0004 -0.0002
vn 0.4639 -0.8859 0.0007
vn 0.4645 0.8855 -0.0006
vn 0.7061 0.0005 0.7081
vn 0.3274 -0.8856 0.3293
vn 0.3276 0.8861 0.3278
vn -0.0001 0.8854 0.4648
vn -0.0001 0.0003 1.0000
vn -0.0000 -0.8848 0.4659
vn -0.3274 -0.8858 0.3288
vn -0.3273 0.8862 0.3279
vn -0.7062 0.0004 0.7080
vn -0.4643 -0.8857 0.0001
vn -0.4636 0.8860 -0.0004
vn -1.0000 0.0011 -0.0009
vn -0.3292 -0.8849 -0.3296
vn -0.3286 0.8853 -0.3289
vn -0.7068 0.0007 -0.7074
vn -0.0000 -1.0000 0.0004
vn 0.0001 -0.8846 -0.4664
vn 0.3294 -0.8844 -0.3305
vn 0.0001 0.0033 -1.0000
vn 0.0003 0.8860 -0.4637
vn 0.3283 0.8857 -0.3282
vn 0.7066 0.0028 -0.7076
vn -0.0000 1.0000 -0.0006
vn 1.0000 -0.0001 -0.0013
vn 0.4637 -0.8860 -0.0003
vn 0.4638 0.8859 0.0005
vn 0.3275 0.8865 0.3270
vn 0.7065 -0.0004 0.7077
vn 0.3271 -0.8861 0.3283
vn -0.0001 -0.8859 0.4639
vn 0.0001 0.8869 0.4619
vn -0.0000 0.0017 1.0000
vn -0.3272 -0.8860 0.3285
vn -0.3274 0.8865 0.3270
vn -0.7063 -0.0001 0.7079
vn -0.4635 -0.8861 -0.0000
vn -0.4640 0.8858 0.0005
vn -1.0000 -0.0003 -0.0010
vn -0.3293 -0.8848 -0.3298
vn -0.3282 0.8858 -0.3280
vn -0.7068 0.0023 -0.7074
vn 0.0001 0.0001 -1.0000
vn -0.0000 0.8860 -0.4636
vn 0.3280 0.8859 -0.3280
vn 0.7074 -0.0001 -0.7068
vn 0.0001 -0.8861 -0.4635
vn 0.3279 -0.8859 -0.3282
vn 1.0000 -0.0005 0.0002
vn 0.4636 -0.8860 -0.0003
vn 0.4644 0.8856 -0.0003
vn 0.7069 -0.0002 0.7073
vn 0.3280 -0.8861 0.3274
vn 0.3281 0.8860 0.3276
vn -0.0000 0.8861 0.4636
vn 0.0001 -0.0004 1.0000
vn 0.0001 -0.8863 0.4631
vn -0.3281 -0.8860 0.3276
vn -0.3283 0.8858 0.3279
vn -0.7068 -0.0002 0.7074
vn -0.4640 -0.8858 -0.0005
vn -0.4643 0.8857 -0.0000
vn -1.0000 -0.0002 0.0003
vn -0.3281 -0.8858 -0.3282
vn -0.3277 0.8860 -0.3280
vn -0.7075 0.0003 -0.7067
vn -0.0003 -0.8857 -0.4643
vn -0.0002 0.0013 -1.0000
vn 0.7064 -0.0002 -0.7078
vn 0.3280 -0.8863 -0.3270
vn 0.0001 0.8867 -0.4624
vn -0.0002 1.0000 -0.0004
vn 0.3278 0.8860 -0.3279
vn -0.0000 -1.0000 -0.0001
vn 1.0000 -0.0001 0.0012
vn 0.4643 -0.8857 0.0010
vn 0.4639 0.8859 -0.0001
vn 0.7063 -0.0001 0.7079
vn 0.3288 -0.8855 0.3284
vn 0.3282 0.8853 0.3294
vn 0.0002 -0.0017 1.0000
vn 0.0002 -0.8856 0.4645
vn -0.0000 0.8852 0.4652
vn -0.3285 0.8852 0.3295
vn -0.7064 -0.0005 0.7078
vn -0.3285 -0.8856 0.3283
vn -0.4640 -0.8858 0.0007
vn -0.4644 0.8856 0.0007
vn -1.0000 -0.0005 0.0016
vn -0.3281 -0.8860 -0.3277
vn -0.3280 0.8862 -0.3272
vn -0.7065 0.0006 -0.7077
vn -0.0001 -0.8857 -0.4643
vn 0.3282 -0.8858 -0.3282
vn -0.0001 -0.0009 -1.0000
vn -0.0000 0.8853 -0.4650
vn 0.3286 0.8855 -0.3286
vn 0.7069 -0.0008 -0.7073
vn 0.4644 0.8856 0.0005
vn 1.0000 -0.0000 -0.0000
vn 0.4644 -0.8856 0.0002
vn 0.3291 -0.8851 0.3291
vn 0.3290 0.8849 0.3297
vn 0.7072 -0.0002 0.7070
vn -0.0000 -0.8852 0.4652
vn 0.0002 0.8847 0.4661
vn 0.0002 -0.0011 1.0000
vn -0.3290 -0.8852 0.3289
vn -0.3289 0.8850 0.3295
vn -0.7075 -0.0004 0.7068
vn -0.4646 -0.8855 0.0001
vn -0.4648 0.8854 0.0003
vn -1.0000 -0.0001 -0.0003
vn -0.3289 0.8853 -0.3287
vn -0.3284 -0.8855 -0.3286
vn -0.7070 -0.0006 -0.7073
vn 0.0002 0.8841 -0.4673
vn -0.0000 1.0000 0.0002
vn 0.3296 0.8847 -0.3296
vn 0.0001 -0.8853 -0.4651
vn 0.3287 -0.8850 -0.3296
vn 0.0004 -0.0023 -1.0000
vn 0.7068 -0.0005 -0.7074
vn 0.4648 -0.8854 -0.0011
vn 0.4642 0.8857 0.0016
vn 1.0000 0.0006 0.0007
vn 0.3293 -0.8848 0.3297
vn 0.3282 0.8853 0.3295
vn 0.7066 0.0012 0.7076
vn 0.0003 0.8856 0.4644
vn 0.0001 -0.8844 0.4668
vn 0.0002 0.0025 1.0000
vn -0.7065 0.0009 0.7077
vn -0.3287 -0.8850 0.3298
vn -0.3281 0.8855 0.3291
vn -1.0000 0.0004 0.0005
vn -0.4646 -0.8855 -0.0007
vn -0.4643 0.8857 0.0011
vn -0.7068 -0.0004 -0.7074
vn -0.3288 -0.8851 -0.3293
vn -0.3293 0.8848 -0.3297
vn 0.0001 -0.8852 -0.4652
vn 0.3279 -0.8858 -0.3285
vn 0.0003 0.0016 -1.0000
vn -0.0000 0.8859 -0.4639
vn 0.3282 0.8857 -0.3283
vn 0.7069 -0.0007 -0.7073
vn 0.4636 -0.8861 -0.0002
vn 0.4645 0.8856 0.0003
vn 1.0000 -0.0006 -0.0002
vn 0.3286 -0.8854 0.3288
vn 0.3283 0.8857 0.3282
vn 0.7072 0.0008 0.7070
vn -0.0000 0.8856 0.4644
vn -0.0000 0.0004 1.0000
vn -0.3286 0.8854 0.3288
vn -0.3287 -0.8854 0.3287
vn -0.7069 0.0001 0.7073
vn -1.0000 -0.0009 0.0006
vn -0.4638 -0.8860 0.0001
vn -0.4649 0.8854 0.0005
vn -0.7071 -0.0003 -0.7071
vn -0.3278 -0.8858 -0.3286
vn -0.3283 0.8859 -0.3278
vn 0.0001 -0.8856 -0.4644
vn 0.3280 -0.8859 -0.3281
vn 0.0003 0.0003 -1.0000
vn 0.0002 0.8859 -0.4640
vn 0.3280 0.8860 -0.3279
vn 0.7071 -0.0000 -0.7071
vn 0.4634 -0.8862 -0.0002
vn 0.4637 0.8860 -0.0004
vn 1.0000 -0.0001 0.0004
vn 0.3275 0.8861 0.3279
vn 0.7068 0.0010 0.7074
vn 0.0001 -0.8857 0.4643
vn -0.0001 0.8859 0.4639
vn -0.3276 -0.8859 0.3284
vn -0.3275 0.8861 0.3280
vn -0.7068 0.0005 0.7075
vn -0.4636 0.8860 -0.0005
vn -0.4631 -0.8863 -0.0000
vn -1.0000 -0.0005 0.0006
vn -0.7071 0.0001 -0.7072
vn -0.3280 -0.8858 -0.3282
vn -0.3279 0.8860 -0.3279
vn 0.0001 -0.8866 -0.4625
vn 0.3283 -0.8861 -0.3271
vn -0.0000 -0.0008 -1.0000
vn -0.0000 0.8864 -0.4628
vn 0.3286 0.8858 -0.3277
vn 0.7077 -0.0006 -0.7066
vn -0.0000 1.0000 -0.0003
vn 0.4646 0.8855 -0.0001
vn 1.0000 -0.0004 -0.0006
vn 0.4643 -0.8857 0.0003
vn 0.3287 -0.8854 0.3287
vn 0.3284 0.8856 0.3285
vn 0.7072 -0.0000 0.7070
vn -0.0000 -0.8855 0.4646
vn -0.0001 0.8854 0.4649
vn -0.0001 -0.0002 1.0000
vn -0.3288 -0.8854 0.3286
vn -0.3285 0.8855 0.3285
vn -0.7074 0.0002 0.7068
vn -0.4644 0.8857 0.0001
vn -1.0000 0.0001 -0.0006
vn -0.3284 0.8859 -0.3277
vn -0.3284 -0.8862 -0.3267
vn -0.7077 -0.0006 -0.7065
vn -0.0000 -1.0000 -0.0004
vn 0.0001 -0.8853 -0.4650
vn 0.3285 -0.8855 -0.3286
vn -0.0000 -0.0002 -1.0000
vn -0.0001 0.8854 -0.4648
vn 0.3285 0.8855 -0.3286
vn 0.7074 -0.0002 -0.7068
vn 1.0000 -0.0001 -0.0006
vn 0.4645 -0.8856 0.0001
vn 0.4642 0.8857 -0.0001
vn 0.3278 0.8861 0.3276
vn 0.7074 0.0003 0.7068
vn 0.3280 -0.8862 0.3273
vn -0.0001 -0.8865 0.4628
vn -0.0000 0.8864 0.4629
vn -0.0000 -0.0005 1.0000
vn -0.3280 -0.8862 0.3273
vn -0.3276 0.8862 0.3277
vn -0.7073 0.0003 0.7069
vn -0.4643 -0.8857 0.0002
vn -0.4641 0.8858 -0.0001
vn -1.0000 -0.0002 -0.0005
vn -0.3283 -0.8856 -0.3284
vn -0.3286 0.8854 -0.3287
vn -0.7073 -0.0005 -0.7069
vn -0.0001 0.0002 -1.0000
vn -0.0002 0.8864 -0.4629
vn 0.3284 0.8859 -0.3277
vn 0.7080 0.0002 -0.7063
vn 0.0002 -0.8861 -0.4636
vn 0.3277 -0.8859 -0.3283
vn 1.0000 0.0003 0.0006
vn 0.4652 -0.8852 -0.0002
vn 0.4648 0.8854 0.0009
vn 0.7082 0.0013 0.7060
vn 0.3291 -0.8855 0.3281
vn 0.3276 0.8860 0.3282
vn -0.0001 0.8870 0.4617
vn -0.0002 0.0016 1.0000
vn -0.0000 -0.8864 0.4629
vn -0.3283 -0.8859 0.3277
vn -0.7080 0.0005 0.7062
vn -0.4637 -0.8860 0.0001
vn -0.4645 0.8856 0.0005
vn -1.0000 -0.0004 0.0003
vn -0.3269 -0.8862 -0.3283
vn -0.3286 0.8857 -0.3279
vn -0.7074 -0.0003 -0.7068
vn 0.0001 -0.8854 -0.4648
vn -0.0001 0.0003 -1.0000
vn 0.7072 -0.0003 -0.7070
vn 0.3279 -0.8857 -0.3288
vn -0.0002 0.8855 -0.4647
vn 0.0001 1.0000 -0.0007
vn 0.3285 0.8857 -0.3282
vn 1.0000 -0.0008 0.0005
vn 0.4632 -0.8863 -0.0000
vn 0.4639 0.8859 0.0003
vn 0.7066 -0.0007 0.7076
vn 0.3277 -0.8861 0.3278
vn 0.3277 0.8859 0.3282
vn -0.0000 -0.0009 1.0000
vn -0.0001 -0.8858 0.4641
vn 0.0001 0.8856 0.4645
vn -0.3277 0.8859 0.3283
vn -0.7067 -0.0005 0.7075
vn -0.3280 -0.8860 0.3279
vn -0.4634 -0.8862 -0.0000
vn -0.4638 0.8859 -0.0000
vn -1.0000 -0.0007 -0.0001
vn -0.3277 -0.8858 -0.3285
vn -0.3285 0.8855 -0.3286
vn -0.7070 -0.0007 -0.7072
vn 0.0001 -0.8861 -0.4634
vn 0.0003 -0.0008 -1.0000
vn 0.7064 0.0006 -0.7078
vn 0.3283 -0.8857 -0.3283
vn 0.0001 0.8855 -0.4645
vn -0.0002 1.0000 0.0003
vn 0.3278 0.8859 -0.3282
vn 1.0000 -0.0003 -0.0003
vn 0.4634 -0.8862 -0.0008
vn 0.4638 0.8860 0.0006
vn 0.7059 -0.0010 0.7083
vn 0.3271 -0.8860 0.3285
vn 0.3281 0.8856 0.3287
vn 0.0006 0.0005 1.0000
vn 0.0002 -0.8851 0.4654
vn -0.0001 0.8854 0.4647
vn -0.7060 -0.0002 0.7083
vn -0.3275 -0.8859 0.3286
vn -0.3280 0.8858 0.3283
vn -0.4639 0.8859 0.0005
vn -1.0000 0.0004 -0.0004
vn -0.4642 -0.8857 -0.0009
vn -0.3283 -0.8857 -0.3282
vn -0.3281 0.8858 -0.3282
vn -0.7065 0.0004 -0.7077
vn -0.0000 -0.8857 -0.4643
vn 0.0001 -0.0004 -1.0000
vn 0.7064 0.0003 -0.7078
vn 0.3284 -0.8857 -0.3282
vn -0.0001 0.8854 -0.4649
vn -0.0001 1.0000 -0.0000
vn 0.3278 0.8859 -0.3283
vn 1.0000 0.0005 -0.0002
vn 0.4638 -0.8860 -0.0005
vn 0.4633 0.8862 0.0002
vn 0.7066 0.0001 0.7077
vn 0.3276 -0.8861 0.3278
vn 0.3278 0.8862 0.3275
vn 0.0001 0.0004 1.0000
vn 0.0001 -0.8859 0.4639
vn -0.0001 0.8863 0.4632
vn -0.7064 -0.0000 0.7078
vn -0.3275 -0.8862 0.3277
vn -0.3277 0.8862 0.3275
vn -1.0000 0.0007 -0.0005
vn -0.4640 -0.8858 -0.0008
vn -0.4634 0.8861 0.0003
vn -0.3280 0.8858 -0.3282
vn -0.3287 -0.8854 -0.3287
vn 0.0002 -0.8856 -0.4645
vn 0.0004 -0.0001 -1.0000
vn 0.7064 0.0014 -0.7078
vn 0.3292 -0.8853 -0.3285
vn 0.0003 0.8852 -0.4652
vn 0.3275 0.8860 -0.3282
vn 0.4638 0.8860 -0.0000
vn 0.4646 -0.8855 -0.0001
vn 1.0000 0.0010 0.0001
vn 0.7069 -0.0007 0.7073
vn 0.3282 -0.8860 0.3277
vn 0.3292 0.8852 0.3286
vn -0.0000 -0.0008 1.0000
vn 0.0003 0.8856 0.4645
vn -0.7073 -0.0008 0.7069
vn -0.3283 -0.8861 0.3272
vn -0.3290 0.8854 0.3284
vn -1.0000 0.0006 0.0005
vn -0.4640 0.8858 -0.0000
vn -0.7067 0.0011 -0.7075
vn -0.3288 -0.8855 -0.3281
vn -0.3274 0.8862 -0.3278
vn 0.0001 -0.8857 -0.4642
vn -0.0002 0.0009 -1.0000
vn 0.7073 -0.0004 -0.7070
vn 0.3286 -0.8855 -0.3286
vn -0.0002 0.8860 -0.4636
vn 0.3291 0.8854 -0.3282
vn 0.4649 -0.8854 -0.0004
vn 0.4651 0.8852 0.0003
vn 1.0000 -0.0005 -0.0001
vn 0.3291 0.8854 0.3284
vn 0.3288 -0.8851 0.3293
vn 0.7067 0.0006 0.7075
vn 0.0004 0.0001 1.0000
vn 0.0003 -0.8849 0.4657
vn -0.0000 0.8850 0.4656
vn -0.7065 0.0002 0.7077
vn -0.3283 -0.8855 0.3288
vn -0.3286 0.8855 0.3284
vn -1.0000 0.0001 -0.0004
vn -0.4651 -0.8853 -0.0007
vn -0.4644 0.8856 0.0003
vn -0.7075 -0.0003 -0.7067
vn -0.3288 -0.8854 -0.3285
vn -0.3290 0.8855 -0.3282
vn 0.0001 -0.8862 -0.4633
vn 0.0001 0.0002 -1.0000
vn 0.7085 -0.0009 -0.7057
vn 0.3281 -0.8858 -0.3282
vn -0.0000 0.8866 -0.4626
vn 0.3287 0.8857 -0.3277
vn 0.4652 0.8852 0.0001
vn 0.4643 -0.8857 -0.0004
vn 1.0000 -0.0007 -0.0001
vn 0.7079 -0.0009 0.7063
vn 0.3274 -0.8864 0.3272
vn 0.3285 0.8854 0.3289
vn -0.0000 -0.0019 1.0000
vn -0.0001 -0.8866 0.4626
vn 0.0004 0.8853 0.4650
vn -0.7077 0.0001 0.7065
vn -0.3278 -0.8860 0.3279
vn -0.3279 0.8857 0.3286
vn -1.0000 0.0005 -0.0006
vn -0.4647 -0.8855 0.0001
vn -0.4644 0.8856 -0.0005
vn -0.7081 -0.0001 -0.7061
vn -0.3282 0.8860 -0.3277
vn -0.1698 0.1326 -0.9765
vn -0.7894 0.6137 -0.0124
vn -0.2328 0.9571 0.1728
vn 0.3865 0.4757 -0.7901
vn 0.2658 0.7607 0.5921
vn 0.8853 0.2797 -0.3715
vn 0.3312 0.1726 0.9276
vn 0.9506 -0.3083 -0.0362
vn -0.0867 -0.3634 0.9276
vn 0.5333 -0.8452 -0.0360
vn -0.6721 -0.4455 0.5915
vn -0.0530 -0.9267 -0.3719
vn -0.9849 -0.0105 0.1727
vn -0.3653 -0.4914 -0.7906
vn 0.1699 0.1325 -0.9765
vn 0.7895 0.6137 -0.0122
vn 0.9849 -0.0106 0.1729
vn 0.3653 -0.4916 -0.7905
vn 0.6720 -0.4456 0.5915
vn 0.0530 -0.9268 -0.3718
vn 0.0866 -0.3635 0.9276
vn -0.5332 -0.8452 -0.0359
vn -0.3313 0.1724 0.9277
vn -0.9505 -0.3085 -0.0361
vn -0.2659 0.7606 0.5923
vn -0.8854 0.2795 -0.3714
vn 0.2328 0.9570 0.1729
vn -0.3866 0.4756 -0.7902
vn 0.0001 -0.6633 -0.7483
vn 0.7071 -0.0002 -0.7071
vn 0.5291 -0.6634 -0.5292
vn -0.0001 0.6631 -0.7485
vn 0.5291 0.6632 -0.5294
vn 0.7486 -0.6630 0.0001
vn 0.7484 0.6632 -0.0002
vn 0.5294 0.6630 0.5294
vn 0.5296 -0.6628 0.5293
vn 0.7071 -0.0000 0.7071
vn -0.0000 -0.0003 1.0000
vn -0.0001 -0.6627 0.7489
vn 0.0001 0.6626 0.7489
vn -0.7071 -0.0002 0.7071
vn -0.5296 -0.6628 0.5293
vn -0.5293 0.6629 0.5296
vn -1.0000 -0.0001 0.0001
vn -0.7486 -0.6630 0.0001
vn -0.7484 0.6632 -0.0002
vn -0.7071 -0.0002 -0.7071
vn -0.5291 -0.6633 -0.5292
vn -0.5291 0.6632 -0.5294
vn -0.0000 0.6631 -0.7485
vn -0.0000 -0.6633 -0.7483
vn 0.5291 -0.6633 -0.5292
vn 1.0000 -0.0000 0.0001
vn 0.5293 0.6630 0.5294
vn 0.7071 -0.0001 0.7071
vn -0.0000 -0.6627 0.7489
vn -0.0001 -0.0003 1.0000
vn -0.5293 0.6629 0.5294
vn -0.7486 -0.6630 0.0002
vn -0.7484 0.6632 -0.0003
vn -0.5291 -0.6634 -0.5291
vn -0.0000 -1.0000 0.0006
vn 0.0001 -0.4407 -0.8977
vn 0.7771 -0.4412 -0.4489
vn -0.0000 0.4408 -0.8976
vn 0.7770 0.4412 -0.4490
vn 0.7769 -0.4410 0.4495
vn 0.7770 0.4413 0.4490
vn -0.0000 -0.4410 0.8975
vn 0.0001 0.4416 0.8972
vn -0.7769 -0.4411 0.4493
vn -0.7769 0.4414 0.4491
vn -0.7771 -0.4412 -0.4490
vn -0.7769 0.4415 -0.4489
vn -0.0000 -0.4407 -0.8977
vn 0.7771 -0.4411 -0.4489
vn 0.0001 0.4408 -0.8976
vn 0.7770 0.4413 -0.4488
vn 0.7769 -0.4411 0.4492
vn 0.0001 -0.4410 0.8975
vn -0.7768 -0.4410 0.4495
vn -0.7769 0.4414 0.4489
vn -0.7771 -0.4412 -0.4489
vn -0.7768 0.4413 -0.4493
vn -0.1828 0.1034 -0.9777
vn -0.8704 0.4900 -0.0479
vn -0.2713 0.9395 0.2090
vn 0.4160 0.5530 -0.7218
vn 0.2551 0.6442 0.7210
vn 0.9432 0.2581 -0.2091
vn 0.1833 -0.1022 0.9777
vn 0.8711 -0.4889 0.0463
vn -0.4162 -0.5532 0.7216
vn 0.2715 -0.9395 -0.2090
vn -0.9436 -0.2563 0.2097
vn -0.2564 -0.6431 -0.7216
vn 0.1827 0.1037 -0.9777
vn 0.8703 0.4901 -0.0479
vn 0.9436 -0.2562 0.2097
vn 0.2563 -0.6429 -0.7218
vn 0.4162 -0.5532 0.7217
vn -0.2717 -0.9394 -0.2091
vn -0.1833 -0.1021 0.9777
vn -0.8713 -0.4886 0.0463
vn -0.2551 0.6443 0.7210
vn -0.9432 0.2583 -0.2091
vn 0.2712 0.9396 0.2090
vn -0.4160 0.5532 -0.7217
vn -0.4376 0.2545 -0.8624
vn -0.8315 0.4858 0.2694
vn -0.1679 0.8932 0.4171
vn 0.2257 0.6631 -0.7137
vn 0.4665 0.5230 0.7133
vn 0.8602 0.2915 -0.4184
vn 0.4378 -0.2543 0.8624
vn 0.8317 -0.4856 -0.2691
vn -0.2251 -0.6633 0.7137
vn 0.1684 -0.8932 -0.4169
vn -0.8601 -0.2918 0.4184
vn -0.4663 -0.5232 -0.7133
vn 0.4376 0.2545 -0.8624
vn 0.8317 0.4854 0.2695
vn 0.8600 -0.2921 0.4184
vn 0.4663 -0.5232 -0.7133
vn 0.2251 -0.6635 0.7135
vn -0.1684 -0.8932 -0.4169
vn -0.4377 -0.2547 0.8623
vn -0.8317 -0.4856 -0.2691
vn -0.4665 0.5227 0.7135
vn -0.8602 0.2915 -0.4184
vn 0.1680 0.8931 0.4173
vn -0.2257 0.6631 -0.7137
vn 0.1775 0.0369 -0.9834
vn -0.8851 -0.1857 -0.4268
vn -0.8489 0.5233 -0.0741
vn 0.2134 0.7460 -0.6308
vn -0.4949 0.5976 0.6308
vn 0.5675 0.8200 0.0742
vn -0.1777 -0.0370 0.9834
vn 0.8852 0.1857 0.4266
vn -0.2134 -0.7461 0.6308
vn 0.8488 -0.5235 0.0744
vn -0.5676 -0.8200 -0.0741
vn 0.4952 -0.5973 -0.6309
vn -0.1774 0.0370 -0.9834
vn 0.8851 -0.1857 -0.4268
vn 0.5676 -0.8200 -0.0741
vn -0.4951 -0.5972 -0.6310
vn 0.2134 -0.7461 0.6307
vn -0.8488 -0.5235 0.0742
vn 0.1777 -0.0370 0.9834
vn -0.8852 0.1858 0.4264
vn 0.4950 0.5976 0.6308
vn -0.5674 0.8201 0.0741
vn 0.8489 0.5233 -0.0741
vn -0.2133 0.7460 -0.6308
vn -0.0530 -0.0222 -0.9983
vn -0.9045 -0.3767 -0.1999
vn -0.9291 0.3563 0.0993
vn -0.0779 0.7107 -0.6992
vn -0.4503 0.5559 0.6987
vn 0.4015 0.9103 -0.1009
vn 0.0527 0.0214 0.9984
vn 0.9046 0.3763 0.2004
vn 0.0779 -0.7114 0.6985
vn 0.9287 -0.3571 -0.1003
vn -0.4012 -0.9106 0.0993
vn 0.4500 -0.5556 -0.6991
vn 0.0531 -0.0223 -0.9983
vn 0.9046 -0.3765 -0.1997
vn 0.4011 -0.9106 0.0996
vn -0.4498 -0.5557 -0.6992
vn -0.0781 -0.7111 0.6988
vn -0.9286 -0.3572 -0.1005
vn -0.0528 0.0217 0.9984
vn -0.9046 0.3763 0.2003
vn 0.4502 0.5559 0.6988
vn -0.4014 0.9103 -0.1011
vn 0.9290 0.3565 0.0996
vn 0.0782 0.7105 -0.6993
vn 0.1776 0.0369 -0.9834
vn -0.8851 -0.1856 -0.4267
vn -0.8488 0.5235 -0.0742
vn 0.2134 0.7460 -0.6309
vn -0.4950 0.5975 0.6309
vn 0.5677 0.8199 0.0742
vn 0.8851 0.1856 0.4268
vn -0.2136 -0.7459 0.6309
vn 0.8488 -0.5235 0.0743
vn -0.5676 -0.8200 -0.0742
vn 0.4951 -0.5974 -0.6309
vn -0.1776 0.0369 -0.9834
vn 0.8851 -0.1856 -0.4267
vn 0.5676 -0.8200 -0.0742
vn -0.4950 -0.5974 -0.6309
vn 0.2135 -0.7460 0.6308
vn -0.8487 -0.5236 0.0742
vn 0.1776 -0.0370 0.9834
vn -0.8852 0.1855 0.4267
vn 0.4949 0.5975 0.6309
vn -0.5677 0.8199 0.0741
vn 0.8488 0.5235 -0.0742
vn -0.2134 0.7459 -0.6309
vn -0.0528 -0.0215 -0.9984
vn -0.9046 -0.3763 -0.2002
vn -0.9288 0.3570 0.0996
vn -0.0778 0.7111 -0.6988
vn -0.4504 0.5561 0.6985
vn 0.4010 0.9105 -0.1006
vn 0.0529 0.0221 0.9984
vn 0.9045 0.3768 0.1997
vn 0.0778 -0.7112 0.6986
vn 0.9288 -0.3568 -0.1000
vn -0.4014 -0.9104 0.1001
vn 0.4500 -0.5558 -0.6990
vn 0.0528 -0.0216 -0.9984
vn 0.9047 -0.3763 -0.1999
vn 0.4012 -0.9105 0.1005
vn -0.4499 -0.5558 -0.6991
vn -0.0781 -0.7110 0.6989
vn -0.9288 -0.3569 -0.1001
vn -0.0532 0.0221 0.9983
vn -0.9046 0.3766 0.1997
vn 0.4499 0.5559 0.6989
vn -0.4011 0.9105 -0.1006
vn 0.9287 0.3571 0.1000
vn 0.0779 0.7110 -0.6989
vn 0.1777 0.0370 -0.9834
vn -0.8851 -0.1856 -0.4269
vn -0.8488 0.5235 -0.0743
vn 0.2136 0.7460 -0.6308
vn -0.4951 0.5974 0.6309
vn 0.5676 0.8199 0.0743
vn -0.1777 -0.0369 0.9834
vn 0.8850 0.1857 0.4270
vn 0.8488 -0.5234 0.0744
vn -0.5676 -0.8199 -0.0742
vn -0.1777 0.0369 -0.9834
vn 0.8851 -0.1856 -0.4268
vn 0.2135 -0.7459 0.6309
vn -0.8488 -0.5235 0.0743
vn 0.1777 -0.0369 0.9834
vn -0.8851 0.1856 0.4268
vn 0.4951 0.5974 0.6309
vn -0.5676 0.8200 0.0742
vn 0.8488 0.5235 -0.0743
vn -0.2135 0.7459 -0.6309
vn -0.0528 -0.0222 -0.9984
vn -0.9044 -0.3770 -0.2000
vn -0.9290 0.3566 0.0995
vn -0.0779 0.7108 -0.6991
vn 0.4011 0.9105 -0.1004
vn 0.9045 0.3769 0.1998
vn 0.0780 -0.7111 0.6988
vn 0.9289 -0.3566 -0.1000
vn -0.4011 -0.9106 0.1001
vn 0.4502 -0.5558 -0.6989
vn 0.0529 -0.0223 -0.9984
vn 0.9045 -0.3769 -0.1998
vn 0.4010 -0.9106 0.1004
vn -0.4500 -0.5558 -0.6990
vn -0.0782 -0.7108 0.6990
vn -0.9288 -0.3567 -0.1002
vn -0.0530 0.0223 0.9983
vn -0.9045 0.3768 0.1996
vn 0.4500 0.5560 0.6988
vn -0.4010 0.9105 -0.1006
vn 0.9289 0.3568 0.0997
vn 0.0781 0.7106 -0.6992
vn 0.1776 0.0370 -0.9834
vn -0.8488 0.5234 -0.0743
vn 0.2135 0.7460 -0.6308
vn -0.4950 0.5973 0.6310
vn 0.5677 0.8199 0.0744
vn -0.1774 -0.0370 0.9834
vn 0.8852 0.1855 0.4267
vn -0.2135 -0.7459 0.6309
vn 0.8489 -0.5233 0.0744
vn -0.5674 -0.8200 -0.0745
vn 0.8852 -0.1857 -0.4266
vn 0.5674 -0.8201 -0.0745
vn -0.8489 -0.5234 0.0743
vn 0.1774 -0.0371 0.9834
vn -0.8852 0.1856 0.4266
vn 0.4950 0.5973 0.6310
vn -0.5676 0.8199 0.0743
vn 0.8489 0.5233 -0.0743
vn -0.2133 0.7460 -0.6309
vn -0.0526 -0.0220 -0.9984
vn -0.9044 -0.3770 -0.1998
vn -0.9288 0.3569 0.1001
vn -0.4497 0.5558 0.6992
vn 0.4012 0.9105 -0.1000
vn 0.0533 0.0222 0.9983
vn 0.9044 0.3768 0.2000
vn 0.0781 -0.7110 0.6988
vn 0.9289 -0.3565 -0.1004
vn -0.4011 -0.9105 0.1002
vn 0.4498 -0.5559 -0.6991
vn 0.0527 -0.0220 -0.9984
vn 0.9044 -0.3769 -0.2001
vn 0.4013 -0.9105 0.0999
vn -0.4497 -0.5559 -0.6991
vn -0.0778 -0.7113 0.6986
vn -0.9289 -0.3565 -0.1005
vn -0.0531 0.0222 0.9983
vn -0.9044 0.3769 0.1998
vn 0.4501 0.5559 0.6989
vn -0.4011 0.9105 -0.1003
vn 0.9289 0.3566 0.0997
vn 0.0780 0.7110 -0.6989
vn 0.5341 -0.8450 -0.0266
vn 0.5325 -0.0572 0.8445
vn -0.8471 -0.4032 0.3461
vn 0.5382 0.0250 0.8425
vn 0.5460 0.8378 -0.0050
vn -0.8392 0.3827 0.3864
vn 0.5359 -0.8377 0.1051
vn -0.8435 -0.4366 -0.3130
vn 0.5353 -0.1280 -0.8349
vn 0.5498 0.8325 -0.0679
vn 0.5394 -0.0477 -0.8407
vn -0.8380 0.3514 -0.4175
vn -0.5340 -0.8451 -0.0267
vn 0.8471 -0.4031 0.3462
vn -0.5326 -0.0572 0.8444
vn -0.5461 0.8377 -0.0049
vn -0.5381 0.0249 0.8425
vn 0.8392 0.3828 0.3863
vn -0.5360 -0.8376 0.1051
vn -0.5352 -0.1280 -0.8350
vn 0.8435 -0.4367 -0.3129
vn -0.5497 0.8326 -0.0678
vn 0.8380 0.3513 -0.4176
vn -0.5395 -0.0476 -0.8406
vn 0.6641 -0.7476 0.0005
vn 0.6641 -0.7476 0.0024
vn -0.7464 -0.6655 -0.0005
vn -0.7464 -0.6655 -0.0025
vn 0.6677 -0.0004 0.7445
vn 0.6634 0.0010 0.7483
vn -0.7470 0.0009 0.6648
vn -0.7432 -0.0017 0.6690
vn 0.6692 0.7431 -0.0007
vn 0.6682 0.7440 -0.0026
vn -0.7428 0.6696 0.0004
vn -0.7418 0.6706 0.0027
vn 0.6623 0.0011 -0.7493
vn 0.6666 -0.0002 -0.7454
vn -0.7441 -0.0016 -0.6680
vn -0.7480 0.0010 -0.6637
vn 0.0010 -0.9876 0.1568
vn -0.0010 -0.9876 0.1568
vn -0.0010 -0.1586 -0.9873
vn 0.0010 -0.1586 -0.9873
vn -0.0010 0.9855 -0.1698
vn 0.0010 0.9855 -0.1698
vn 0.0010 -0.1680 -0.9858
vn -0.0010 -0.1680 -0.9858
vn 0.7480 0.0010 -0.6637
vn 0.7441 -0.0016 -0.6680
vn -0.6666 -0.0002 -0.7454
vn -0.6623 0.0012 -0.7493
vn -0.6641 -0.7476 0.0024
vn -0.6641 -0.7476 0.0005
vn 0.7464 -0.6655 -0.0025
vn 0.7464 -0.6655 -0.0005
vn -0.6682 0.7440 -0.0025
vn -0.6692 0.7431 -0.0007
vn 0.7418 0.6706 0.0026
vn 0.7428 0.6696 0.0003
vn -0.6634 0.0009 0.7483
vn -0.6677 -0.0005 0.7445
vn 0.7432 -0.0017 0.6690
vn 0.7470 0.0009 0.6648
vn -0.0010 -0.9977 -0.0675
vn 0.0010 -0.9977 -0.0675
vn 0.0010 -0.0694 0.9976
vn -0.0010 -0.0694 0.9976
vn 0.0010 0.9968 0.0800
vn -0.0010 0.9968 0.0800
vn -0.0010 -0.0781 0.9969
vn 0.0010 -0.0781 0.9969
vn -0.0009 -1.0000 -0.0010
vn 0.0010 -1.0000 -0.0010
vn 0.0010 -1.0000 0.0010
vn -0.0010 -1.0000 0.0010
vn -1.0000 -0.0010 0.0010
vn -1.0000 0.0010 0.0010
vn -1.0000 0.0010 -0.0010
vn -1.0000 -0.0010 -0.0010
vn 0.0010 -0.0008 1.0000
vn 0.0010 0.0012 1.0000
vn -0.0010 0.0012 1.0000
vn -0.0010 -0.0008 1.0000
vn 0.0010 1.0000 -0.0011
vn -0.0009 1.0000 -0.0011
vn -0.0010 1.0000 0.0009
vn 0.0010 1.0000 0.0009
vn -0.0010 -0.0007 -1.0000
vn -0.0010 0.0013 -1.0000
vn 0.0010 0.0013 -1.0000
vn 0.0010 -0.0007 -1.0000
vn 1.0000 -0.0010 -0.0010
vn 1.0000 0.0010 -0.0010
vn 1.0000 0.0010 0.0010
vn 1.0000 -0.0010 0.0010
vn 0.2508 -0.9534 -0.1676
vn 0.0727 -0.1899 0.9791
vn -0.9569 -0.2868 -0.0462
vn 0.1078 0.1758 0.9785
vn 0.2488 0.9543 -0.1653
vn -0.9558 0.2938 -0.0114
vn 0.2056 -0.9597 0.1916
vn -0.9726 -0.2326 0.0012
vn 0.1048 -0.2165 -0.9706
vn 0.1540 0.9760 0.1538
vn 0.1084 0.1912 -0.9756
vn -0.9839 0.1787 -0.0088
vn -0.1593 -0.9725 -0.1698
vn 0.9842 -0.1773 -0.0020
vn -0.0968 -0.2107 0.9728
vn -0.1769 0.9662 -0.1875
vn -0.0740 0.2391 0.9682
vn 0.9806 0.1911 -0.0427
vn -0.1751 -0.9740 0.1437
vn -0.0386 -0.1950 -0.9801
vn 0.9786 -0.1929 0.0713
vn -0.1780 0.9761 0.1245
vn 0.9737 0.2162 0.0713
vn -0.0548 0.1707 -0.9838
vn 0.2746 -0.9616 0.0052
vn 0.2676 -0.9634 0.0174
vn -0.9613 -0.2716 -0.0456
vn -0.9602 -0.2767 -0.0391
vn -0.0058 0.0021 1.0000
vn -0.0119 -0.0002 0.9999
vn -1.0000 0.0026 -0.0088
vn -1.0000 -0.0056 -0.0030
vn 0.2671 0.9636 0.0112
vn 0.2719 0.9622 0.0179
vn -0.9601 0.2755 -0.0487
vn -0.9622 0.2698 -0.0364
vn 0.0709 0.0008 -0.9975
vn 0.0778 -0.0033 -0.9970
vn -0.9967 0.0004 -0.0808
vn -0.9973 0.0023 -0.0738
vn -0.0039 -0.9788 0.2047
vn -0.0069 -0.9789 0.2045
vn 0.0367 -0.2076 -0.9775
vn 0.0397 -0.2074 -0.9774
vn -0.0092 0.9711 0.2385
vn -0.0060 0.9724 0.2331
vn 0.0383 0.2365 -0.9709
vn 0.0353 0.2410 -0.9699
vn 1.0000 0.0014 0.0027
vn 1.0000 -0.0027 0.0088
vn 0.0119 0.0002 -0.9999
vn 0.0054 0.0021 -1.0000
vn -0.2116 -0.9772 -0.0170
vn -0.2125 -0.9771 -0.0100
vn 0.9762 -0.2141 0.0347
vn 0.9751 -0.2166 0.0478
vn -0.2987 0.9542 -0.0193
vn -0.3009 0.9536 -0.0061
vn 0.9521 0.3034 0.0376
vn 0.9521 0.3024 0.0447
vn -0.0755 0.0033 0.9971
vn -0.0686 -0.0008 0.9976
vn 0.9974 -0.0023 0.0715
vn 0.9969 -0.0004 0.0785
vn 0.0048 -0.9741 -0.2261
vn 0.0078 -0.9741 -0.2259
vn -0.0364 -0.2290 0.9727
vn -0.0393 -0.2289 0.9727
vn 0.0089 0.9750 -0.2222
vn 0.0059 0.9751 -0.2216
vn -0.0383 0.2253 0.9735
vn -0.0353 0.2246 0.9738
vn -0.0015 -1.0000 -0.0016
vn 0.0015 -1.0000 -0.0014
vn 0.0014 -1.0000 0.0016
vn -0.0016 -1.0000 0.0014
vn -0.9992 -0.0015 -0.0404
vn -0.9992 0.0015 -0.0404
vn -0.9991 0.0015 -0.0434
vn -0.9991 -0.0015 -0.0434
vn -0.0403 -0.0014 0.9992
vn -0.0403 0.0016 0.9992
vn -0.0434 0.0016 0.9991
vn -0.0434 -0.0014 0.9991
vn 0.0016 1.0000 -0.0014
vn -0.0014 1.0000 -0.0016
vn -0.0015 1.0000 0.0014
vn 0.0015 1.0000 0.0016
vn 0.0404 -0.0016 -0.9992
vn 0.0404 0.0014 -0.9992
vn 0.0434 0.0014 -0.9991
vn 0.0434 -0.0016 -0.9991
vn 0.9992 -0.0015 0.0403
vn 0.9992 0.0015 0.0403
vn 0.9991 0.0015 0.0433
vn 0.9991 -0.0015 0.0433
vn 0.2363 -0.9524 -0.1926
vn 0.0765 -0.2177 0.9730
vn -0.9635 -0.2645 -0.0407
vn 0.0533 0.2079 0.9767
vn 0.2120 0.9625 -0.1691
vn -0.9712 0.2314 -0.0564
vn 0.2006 -0.9619 0.1859
vn -0.9722 -0.2340 0.0065
vn 0.1092 -0.2123 -0.9711
vn 0.1366 0.9827 0.1250
vn 0.0895 0.1693 -0.9815
vn -0.9854 0.1692 0.0195
vn -0.1934 -0.9673 -0.1641
vn 0.9700 -0.2422 0.0220
vn -0.1350 -0.1765 0.9750
vn -0.1887 0.9697 -0.1552
vn -0.1302 0.1745 0.9760
vn 0.9720 0.2347 0.0152
vn -0.1280 -0.9841 0.1230
vn -0.0262 -0.1901 -0.9814
vn 0.9852 -0.1456 0.0905
vn -0.2363 0.9524 0.1925
vn 0.9635 0.2644 0.0406
vn -0.0765 0.2177 -0.9730
vn 0.2379 -0.9713 0.0041
vn 0.2369 -0.9715 0.0070
vn -0.9707 -0.2395 -0.0181
vn -0.9702 -0.2412 -0.0212
vn 0.0034 -0.0032 1.0000
vn 0.0032 -0.0002 1.0000
vn -1.0000 0.0026 0.0063
vn -1.0000 -0.0003 0.0061
vn 0.2675 0.9635 0.0077
vn 0.2696 0.9630 0.0048
vn -0.9621 0.2717 -0.0245
vn -0.9623 0.2711 -0.0214
vn 0.0527 -0.0003 -0.9986
vn 0.0526 -0.0033 -0.9986
vn -0.9985 0.0004 -0.0556
vn -0.9985 0.0034 -0.0556
vn -0.0043 -0.9750 0.2220
vn -0.0072 -0.9750 0.2219
vn 0.0202 -0.2249 -0.9742
vn 0.0232 -0.2248 -0.9741
vn -0.0074 0.9746 0.2240
vn -0.0043 0.9757 0.2191
vn 0.0231 0.2220 -0.9748
vn 0.0200 0.2270 -0.9737
vn 1.0000 0.0003 -0.0061
vn 1.0000 0.0017 -0.0059
vn -0.0027 -0.0040 -1.0000
vn -0.0034 0.0032 -1.0000
vn -0.2102 -0.9777 -0.0044
vn -0.2086 -0.9780 -0.0072
vn 0.9771 -0.2117 0.0209
vn 0.9768 -0.2129 0.0240
vn -0.2669 0.9637 -0.0072
vn -0.2681 0.9634 -0.0043
vn 0.9623 0.2711 0.0214
vn 0.9628 0.2696 0.0184
vn -0.0526 0.0033 0.9986
vn -0.0531 -0.0040 0.9986
vn 0.9984 0.0010 0.0560
vn 0.9985 -0.0004 0.0556
vn 0.0041 -0.9727 -0.2319
vn 0.0071 -0.9728 -0.2315
vn -0.0205 -0.2347 0.9718
vn -0.0235 -0.2345 0.9718
vn 0.0076 0.9725 -0.2326
vn 0.0047 0.9715 -0.2370
vn -0.0230 0.2399 0.9705
vn -0.0201 0.2355 0.9717
vn 0.0015 -1.0000 -0.0015
vn -0.0016 -1.0000 0.0015
vn -0.9998 -0.0015 -0.0194
vn -0.9998 0.0015 -0.0194
vn -0.9997 0.0015 -0.0225
vn -0.9997 -0.0015 -0.0225
vn -0.0194 -0.0015 0.9998
vn -0.0194 0.0015 0.9998
vn -0.0225 0.0015 0.9997
vn -0.0225 -0.0015 0.9997
vn 0.0016 1.0000 -0.0015
vn -0.0015 1.0000 -0.0016
vn -0.0015 1.0000 0.0015
vn 0.0194 -0.0015 -0.9998
vn 0.0194 0.0015 -0.9998
vn 0.0225 0.0015 -0.9997
vn 0.0225 -0.0015 -0.9997
vn 0.9998 -0.0015 0.0194
vn 0.9998 0.0015 0.0194
vn 0.9997 0.0015 0.0225
vn 0.9997 -0.0015 0.0225
vn 0.1870 -0.9669 -0.1739
vn 0.0736 -0.2118 0.9745
vn -0.9781 -0.2057 -0.0304
vn 0.0839 0.2091 0.9743
vn 0.2039 0.9628 -0.1771
vn -0.9737 0.2266 -0.0229
vn 0.2106 -0.9610 0.1794
vn -0.9717 -0.2358 0.0168
vn 0.0899 -0.2072 -0.9742
vn 0.1469 0.9770 0.1543
vn 0.0658 0.2055 -0.9764
vn -0.9849 0.1672 0.0446
vn -0.1869 -0.9669 -0.1739
vn 0.9782 -0.2056 -0.0302
vn -0.0737 -0.2119 0.9745
vn -0.2106 0.9610 -0.1794
vn -0.0898 0.2071 0.9742
vn 0.9716 0.2359 -0.0169
vn -0.2106 -0.9610 0.1794
vn -0.0898 -0.2071 -0.9742
vn 0.9716 -0.2359 0.0169
vn -0.1469 0.9770 0.1544
vn 0.9849 0.1671 0.0445
vn -0.0659 0.2056 -0.9764
vn 0.2388 -0.9711 0.0027
vn 0.2399 -0.9708 -0.0045
vn -0.9701 -0.2428 0.0075
vn -0.9703 -0.2416 -0.0057
vn 0.0435 0.0003 0.9991
vn 0.0439 -0.0010 0.9990
vn -0.9989 0.0040 0.0468
vn -0.9989 -0.0033 0.0464
vn 0.2994 0.9541 -0.0027
vn 0.3005 0.9538 0.0045
vn -0.9529 0.3033 -0.0074
vn -0.9532 0.3022 0.0056
vn 0.0439 0.0041 -0.9990
vn 0.0439 0.0011 -0.9990
vn -0.9989 -0.0040 -0.0468
vn -0.9989 -0.0010 -0.0468
vn 0.0015 -0.9740 0.2264
vn -0.0015 -0.9740 0.2264
vn -0.0015 -0.2293 -0.9734
vn 0.0015 -0.2293 -0.9734
vn -0.0015 0.9693 0.2457
vn 0.0015 0.9693 0.2457
vn 0.0015 0.2485 -0.9686
vn -0.0015 0.2485 -0.9686
vn 0.9989 -0.0010 -0.0468
vn 0.9989 -0.0040 -0.0468
vn -0.0439 0.0011 -0.9990
vn -0.0439 0.0041 -0.9990
vn -0.2399 -0.9708 -0.0045
vn -0.2388 -0.9711 0.0027
vn 0.9703 -0.2416 -0.0057
vn 0.9701 -0.2428 0.0075
vn -0.3005 0.9538 0.0045
vn -0.2994 0.9541 -0.0028
vn 0.9532 0.3022 0.0056
vn 0.9529 0.3033 -0.0074
vn -0.0439 -0.0010 0.9990
vn -0.0435 0.0003 0.9991
vn 0.9989 -0.0033 0.0464
vn 0.9989 0.0040 0.0468
vn -0.0015 -0.9774 -0.2115
vn 0.0015 -0.9774 -0.2115
vn 0.0015 -0.2144 0.9767
vn -0.0015 -0.2144 0.9767
vn 0.0015 0.9740 -0.2264
vn -0.0015 0.9740 -0.2264
vn -0.0015 0.2293 0.9734
vn 0.0015 0.2293 0.9734
vn -0.0015 -1.0000 -0.0015
vn 0.0015 -1.0000 0.0015
vn -0.0015 -1.0000 0.0015
vn -1.0000 -0.0015 0.0015
vn -1.0000 0.0015 0.0015
vn -1.0000 0.0015 -0.0015
vn -1.0000 -0.0015 -0.0015
vn 0.0015 -0.0016 1.0000
vn 0.0015 0.0015 1.0000
vn -0.0015 0.0015 1.0000
vn -0.0015 -0.0016 1.0000
vn 0.0015 1.0000 -0.0015
vn -0.0015 1.0000 -0.0015
vn 0.0015 1.0000 0.0015
vn -0.0015 -0.0014 -1.0000
vn -0.0015 0.0015 -1.0000
vn 0.0015 0.0016 -1.0000
vn 0.0015 -0.0015 -1.0000
vn 1.0000 -0.0015 -0.0015
vn 1.0000 0.0015 -0.0015
vn 1.0000 0.0015 0.0015
vn 1.0000 -0.0015 0.0015
vn 0.1934 -0.9673 -0.1641
vn 0.1350 -0.1765 0.9750
vn -0.9699 -0.2423 0.0219
vn 0.1269 0.1758 0.9762
vn 0.1851 0.9706 -0.1540
vn -0.9732 0.2297 0.0120
vn 0.1280 -0.9841 0.1230
vn -0.9852 -0.1455 0.0904
vn 0.0262 -0.1901 -0.9814
vn 0.2363 0.9524 0.1926
vn 0.0765 0.2177 -0.9730
vn -0.9635 0.2645 0.0407
vn -0.2363 -0.9524 -0.1925
vn 0.9635 -0.2644 -0.0406
vn -0.0765 -0.2177 0.9730
vn -0.2059 0.9637 -0.1698
vn -0.0445 0.2137 0.9759
vn 0.9730 0.2213 -0.0654
vn -0.2005 -0.9619 0.1859
vn -0.1092 -0.2123 -0.9711
vn 0.9722 -0.2341 0.0067
vn -0.1366 0.9827 0.1250
vn 0.9854 0.1691 0.0194
vn -0.0895 0.1693 -0.9815
vn 0.2086 -0.9780 -0.0072
vn 0.2102 -0.9777 -0.0044
vn -0.9768 -0.2129 0.0240
vn -0.9771 -0.2117 0.0209
vn 0.0531 -0.0040 0.9986
vn 0.0526 0.0033 0.9986
vn -0.9985 -0.0004 0.0556
vn -0.9984 0.0010 0.0560
vn 0.2681 0.9634 -0.0043
vn 0.2669 0.9637 -0.0072
vn -0.9628 0.2696 0.0184
vn -0.9623 0.2711 0.0214
vn 0.0034 0.0032 -1.0000
vn 0.0027 -0.0040 -1.0000
vn -1.0000 0.0016 -0.0059
vn -1.0000 0.0003 -0.0061
vn 0.0072 -0.9750 0.2219
vn 0.0043 -0.9750 0.2220
vn -0.0232 -0.2248 -0.9741
vn -0.0202 -0.2249 -0.9742
vn 0.0043 0.9757 0.2191
vn 0.0074 0.9746 0.2240
vn -0.0200 0.2270 -0.9737
vn -0.0231 0.2220 -0.9748
vn 0.9984 0.0034 -0.0556
vn 0.9985 0.0004 -0.0556
vn -0.0526 -0.0033 -0.9986
vn -0.0527 -0.0003 -0.9986
vn -0.2369 -0.9715 0.0070
vn -0.2379 -0.9713 0.0041
vn 0.9702 -0.2412 -0.0212
vn 0.9707 -0.2395 -0.0181
vn -0.2696 0.9630 0.0048
vn -0.2675 0.9635 0.0077
vn 0.9623 0.2711 -0.0214
vn 0.9621 0.2717 -0.0245
vn -0.0032 -0.0002 1.0000
vn -0.0034 -0.0032 1.0000
vn 1.0000 -0.0003 0.0061
vn 1.0000 0.0026 0.0063
vn -0.0071 -0.9728 -0.2315
vn -0.0041 -0.9727 -0.2319
vn 0.0235 -0.2345 0.9718
vn 0.0205 -0.2348 0.9718
vn -0.0047 0.9715 -0.2370
vn -0.0076 0.9725 -0.2326
vn 0.0201 0.2355 0.9717
vn 0.0230 0.2399 0.9705
vn 0.0015 -1.0000 -0.0016
vn 0.0016 -1.0000 0.0015
vn -0.0014 -1.0000 0.0016
vn -0.9997 -0.0015 0.0225
vn -0.9997 0.0015 0.0225
vn -0.9998 0.0015 0.0194
vn -0.9998 -0.0015 0.0194
vn 0.0225 -0.0015 0.9997
vn 0.0225 0.0015 0.9997
vn 0.0194 0.0015 0.9998
vn 0.0194 -0.0015 0.9998
vn 0.0015 1.0000 -0.0016
vn -0.0016 1.0000 -0.0015
vn -0.0015 1.0000 0.0016
vn -0.0225 -0.0015 -0.9997
vn -0.0225 0.0015 -0.9997
vn -0.0194 0.0015 -0.9998
vn -0.0194 -0.0015 -0.9998
vn 0.9997 -0.0015 -0.0225
vn 0.9997 0.0015 -0.0225
vn 0.9998 0.0015 -0.0194
vn 0.9998 -0.0015 -0.0194
vn 0.1594 -0.9725 -0.1698
vn 0.0967 -0.2106 0.9728
vn -0.9841 -0.1774 -0.0021
vn 0.0710 0.2400 0.9682
vn 0.1735 0.9670 -0.1865
vn -0.9814 0.1864 -0.0455
vn 0.1750 -0.9740 0.1437
vn -0.9786 -0.1929 0.0712
vn 0.0387 -0.1950 -0.9800
vn 0.1781 0.9761 0.1245
vn 0.0546 0.1706 -0.9838
vn -0.9737 0.2163 0.0714
vn -0.2508 -0.9534 -0.1676
vn 0.9569 -0.2867 -0.0461
vn -0.0728 -0.1900 0.9791
vn -0.2538 0.9518 -0.1725
vn -0.1053 0.1834 0.9774
vn 0.9548 0.2968 -0.0145
vn -0.2057 -0.9597 0.1916
vn -0.1047 -0.2164 -0.9707
vn 0.9725 -0.2327 0.0013
vn -0.1540 0.9760 0.1539
vn 0.9839 0.1786 -0.0090
vn -0.1085 0.1913 -0.9755
vn 0.2125 -0.9771 -0.0101
vn 0.2116 -0.9772 -0.0171
vn -0.9751 -0.2166 0.0477
vn -0.9762 -0.2141 0.0346
vn 0.0686 -0.0008 0.9976
vn 0.0755 0.0033 0.9971
vn -0.9969 -0.0004 0.0785
vn -0.9974 -0.0023 0.0715
vn 0.3009 0.9536 -0.0061
vn 0.2987 0.9542 -0.0193
vn -0.9521 0.3024 0.0447
vn -0.9521 0.3034 0.0376
vn -0.0054 0.0021 -1.0000
vn -0.0119 0.0002 -0.9999
vn -1.0000 -0.0027 0.0088
vn -1.0000 0.0014 0.0027
vn 0.0069 -0.9789 0.2045
vn 0.0039 -0.9788 0.2047
vn -0.0397 -0.2074 -0.9774
vn -0.0367 -0.2076 -0.9775
vn 0.0060 0.9724 0.2331
vn 0.0092 0.9711 0.2385
vn -0.0354 0.2410 -0.9699
vn -0.0383 0.2365 -0.9709
vn 0.9973 0.0023 -0.0738
vn 0.9967 0.0004 -0.0808
vn -0.0778 -0.0033 -0.9970
vn -0.0709 0.0008 -0.9975
vn -0.2676 -0.9634 0.0174
vn -0.2746 -0.9616 0.0052
vn 0.9602 -0.2767 -0.0391
vn 0.9613 -0.2716 -0.0456
vn -0.2719 0.9622 0.0179
vn -0.2671 0.9636 0.0112
vn 0.9622 0.2698 -0.0364
vn 0.9601 0.2755 -0.0487
vn 0.0098 -0.0002 1.0000
vn 0.0036 0.0021 1.0000
vn 1.0000 -0.0056 -0.0009
vn 1.0000 0.0027 -0.0066
vn -0.0078 -0.9741 -0.2259
vn -0.0048 -0.9741 -0.2261
vn 0.0393 -0.2289 0.9727
vn 0.0364 -0.2290 0.9728
vn -0.0059 0.9751 -0.2217
vn -0.0089 0.9749 -0.2224
vn 0.0353 0.2247 0.9738
vn 0.0383 0.2254 0.9735
vn -0.0016 -1.0000 -0.0015
vn 0.0016 -1.0000 0.0014
vn -0.9991 -0.0015 0.0433
vn -0.9991 0.0015 0.0434
vn -0.9992 0.0015 0.0404
vn -0.9992 -0.0015 0.0404
vn 0.0434 -0.0014 0.9991
vn 0.0434 0.0016 0.9991
vn 0.0403 0.0016 0.9992
vn 0.0403 -0.0014 0.9992
vn 0.0014 1.0000 -0.0015
vn -0.0017 1.0000 -0.0014
vn 0.0015 1.0000 0.0014
vn -0.0434 -0.0016 -0.9991
vn -0.0434 0.0014 -0.9991
vn -0.0403 0.0014 -0.9992
vn -0.0403 -0.0016 -0.9992
vn 0.9991 -0.0015 -0.0434
vn 0.9991 0.0015 -0.0434
vn 0.9992 0.0015 -0.0404
vn 0.9992 -0.0015 -0.0404
vn 0.2718 -0.8121 -0.5164
vn -0.3826 -0.4713 0.7947
vn -0.7455 -0.2172 -0.6301
vn -0.4384 0.2997 0.8474
vn -0.0564 0.8840 -0.4640
vn -0.7895 -0.0122 -0.6137
vn -0.2128 -0.8536 0.4756
vn -0.8914 0.1201 0.4370
vn -0.2868 -0.3452 -0.8936
vn 0.0938 0.8455 0.5257
vn -0.1138 0.4124 -0.9039
vn -0.8984 0.2414 0.3670
vn -0.0937 -0.8455 -0.5258
vn 0.8984 -0.2413 -0.3669
vn 0.1137 -0.4124 0.9039
vn -0.1491 0.7809 -0.6065
vn 0.1704 0.5043 0.8466
vn 0.8856 0.2190 -0.4095
vn -0.7108 -0.4541 0.5372
vn 0.0832 -0.4581 -0.8850
vn 0.4301 -0.8058 0.4070
vn 0.0942 0.8692 0.4854
vn 0.7575 -0.0903 0.6466
vn 0.4878 0.3120 -0.8153
vn 0.2617 -0.9648 0.0239
vn 0.2280 -0.9735 0.0163
vn -0.9603 -0.2388 -0.1442
vn -0.9552 -0.2551 -0.1501
vn -0.7407 0.0018 0.6718
vn -0.7405 0.0038 0.6721
vn -0.6732 -0.0006 -0.7395
vn -0.6735 -0.0026 -0.7392
vn 0.5255 0.8500 0.0350
vn 0.5366 0.8434 0.0282
vn -0.8462 0.5022 -0.1783
vn -0.8118 0.5555 -0.1800
vn -0.5341 -0.0002 -0.8454
vn -0.5343 -0.0021 -0.8453
vn -0.8464 0.0008 0.5325
vn -0.8463 0.0027 0.5327
vn -0.0925 -0.7507 0.6541
vn -0.0946 -0.7503 0.6543
vn 0.1029 -0.6620 -0.7424
vn 0.1049 -0.6625 -0.7417
vn -0.0945 0.7515 0.6529
vn -0.0923 0.7520 0.6527
vn 0.1047 0.6612 -0.7429
vn 0.1028 0.6605 -0.7437
vn 0.6500 0.0013 0.7599
vn 0.6509 0.0027 0.7592
vn 0.7611 -0.0016 -0.6486
vn 0.7604 0.0036 -0.6494
vn -0.2357 -0.9714 -0.0305
vn -0.2609 -0.9645 -0.0401
vn 0.9551 -0.2649 0.1329
vn 0.9617 -0.2404 0.1320
vn -0.2552 0.9666 -0.0253
vn -0.2642 0.9642 -0.0245
vn 0.9546 0.2578 0.1495
vn 0.9525 0.2666 0.1473
vn 0.5336 0.0021 0.8458
vn 0.5334 0.0002 0.8459
vn 0.8467 -0.0027 -0.5320
vn 0.8469 -0.0008 -0.5318
vn 0.0924 -0.7520 -0.6526
vn 0.0946 -0.7515 -0.6529
vn -0.1029 -0.6605 0.7437
vn -0.1048 -0.6612 0.7429
vn 0.0926 0.7517 -0.6530
vn 0.0906 0.7514 -0.6536
vn -0.1066 0.6609 0.7429
vn -0.1045 0.6613 0.7428
vn -0.0008 -1.0000 -0.0011
vn 0.0011 -1.0000 -0.0008
vn 0.0008 -1.0000 0.0011
vn -0.0011 -1.0000 0.0008
vn -0.9904 -0.0010 -0.1382
vn -0.9904 0.0010 -0.1382
vn -0.9901 0.0010 -0.1402
vn -0.9901 -0.0010 -0.1402
vn -0.1382 -0.0010 0.9904
vn -0.1382 0.0009 0.9904
vn -0.1401 0.0009 0.9901
vn -0.1401 -0.0010 0.9901
vn 0.0011 1.0000 -0.0008
vn -0.0008 1.0000 -0.0011
vn -0.0010 1.0000 0.0008
vn 0.0009 1.0000 0.0011
vn 0.1382 -0.0009 -0.9904
vn 0.1382 0.0010 -0.9904
vn 0.1402 0.0010 -0.9901
vn 0.1402 -0.0009 -0.9901
vn 0.9904 -0.0010 0.1382
vn 0.9904 0.0010 0.1382
vn 0.9901 0.0010 0.1402
vn 0.9901 -0.0010 0.1402
vn 0.0938 -0.8455 -0.5257
vn -0.1138 -0.4124 0.9039
vn -0.8984 -0.2414 -0.3670
vn -0.1610 0.4670 0.8695
vn 0.1118 0.8068 -0.5801
vn -0.8963 0.2098 -0.3907
vn 0.7107 -0.4541 0.5374
vn -0.4302 -0.8058 0.4069
vn -0.0830 -0.4581 -0.8850
vn -0.0942 0.8693 0.4853
vn -0.4879 0.3119 -0.8153
vn -0.7574 -0.0902 0.6467
vn -0.2718 -0.8120 -0.5165
vn 0.7456 -0.2172 -0.6300
vn 0.3824 -0.4714 0.7947
vn 0.1043 0.8821 -0.4593
vn 0.4485 0.2826 0.8479
vn 0.7832 -0.0542 -0.6194
vn 0.2127 -0.8536 0.4755
vn 0.2868 -0.3451 -0.8936
vn 0.8913 0.1200 0.4372
vn -0.0937 0.8455 0.5258
vn 0.8984 0.2413 0.3669
vn 0.1137 0.4124 -0.9039
vn 0.2610 -0.9645 -0.0400
vn 0.2357 -0.9714 -0.0304
vn -0.9617 -0.2404 0.1319
vn -0.9551 -0.2649 0.1328
vn -0.5334 0.0002 0.8459
vn -0.5336 0.0021 0.8457
vn -0.8469 -0.0008 -0.5318
vn -0.8467 -0.0027 -0.5320
vn 0.2641 0.9642 -0.0246
vn 0.2552 0.9666 -0.0254
vn -0.9525 0.2666 0.1474
vn -0.9545 0.2578 0.1496
vn -0.7604 0.0036 -0.6494
vn -0.7611 -0.0016 -0.6486
vn -0.6509 0.0027 0.7592
vn -0.6500 0.0013 0.7599
vn 0.0945 -0.7503 0.6543
vn 0.0924 -0.7507 0.6541
vn -0.1047 -0.6625 -0.7417
vn -0.1028 -0.6620 -0.7424
vn 0.0924 0.7520 0.6526
vn 0.0946 0.7515 0.6529
vn -0.1029 0.6605 -0.7437
vn -0.1048 0.6612 -0.7429
vn 0.8463 0.0027 0.5327
vn 0.8464 0.0008 0.5325
vn 0.5343 -0.0021 -0.8453
vn 0.5341 -0.0002 -0.8454
vn -0.2280 -0.9735 0.0162
vn -0.2617 -0.9648 0.0238
vn 0.9552 -0.2551 -0.1500
vn 0.9603 -0.2388 -0.1440
vn -0.5366 0.8434 0.0283
vn -0.5255 0.8501 0.0351
vn 0.8118 0.5555 -0.1800
vn 0.8461 0.5022 -0.1784
vn 0.7405 0.0038 0.6721
vn 0.7407 0.0018 0.6718
vn 0.6735 -0.0025 -0.7392
vn 0.6732 -0.0006 -0.7395
vn -0.0945 -0.7515 -0.6529
vn -0.0923 -0.7520 -0.6527
vn 0.1047 -0.6612 0.7429
vn 0.1028 -0.6605 0.7437
vn -0.0907 0.7514 -0.6536
vn -0.0927 0.7517 -0.6530
vn 0.1046 0.6613 0.7428
vn 0.1067 0.6609 0.7428
vn -0.0011 -1.0000 -0.0008
vn 0.0008 -1.0000 -0.0011
vn 0.0011 -1.0000 0.0008
vn -0.0008 -1.0000 0.0011
vn -0.9901 -0.0010 0.1402
vn -0.9901 0.0010 0.1402
vn -0.9904 0.0010 0.1382
vn -0.9904 -0.0010 0.1382
vn 0.1401 -0.0010 0.9901
vn 0.1401 0.0009 0.9901
vn 0.1382 0.0009 0.9904
vn 0.1382 -0.0010 0.9904
vn 0.0008 1.0000 -0.0011
vn -0.0011 1.0000 -0.0008
vn -0.0008 1.0000 0.0011
vn 0.0011 1.0000 0.0008
vn -0.1402 -0.0009 -0.9901
vn -0.1402 0.0010 -0.9901
vn -0.1382 0.0010 -0.9904
vn -0.1382 -0.0009 -0.9904
vn 0.9901 -0.0010 -0.1401
vn 0.9901 0.0010 -0.1401
vn 0.9904 0.0010 -0.1381
vn 0.9904 -0.0010 -0.1381
vt 0.560494 0.084112
vt 0.568583 0.084106
vt 0.569160 0.124257
vt 0.561071 0.124262
vt 0.023298 0.106331
vt 0.047862 0.109637
vt 0.047862 0.127650
vt 0.023298 0.138791
vt 0.239589 0.114223
vt 0.271036 0.109995
vt 0.271036 0.128009
vt 0.296649 0.106552
vt 0.311354 0.104574
vt 0.311354 0.145050
vt 0.296649 0.139011
vt 0.010125 0.104559
vt 0.010125 0.145035
vt 0.078952 0.113820
vt 0.288077 0.167681
vt 0.266279 0.143920
vt 0.570803 0.158367
vt 0.562714 0.158373
vt 0.052623 0.143562
vt 0.031877 0.167463
vt 0.300665 0.180801
vt 0.020822 0.180789
vt 0.669523 0.151874
vt 0.677658 0.151874
vt 0.677549 0.174825
vt 0.669414 0.174825
vt 0.061421 0.154950
vt 0.047729 0.187983
vt 0.257488 0.155305
vt 0.280913 0.206385
vt 0.272237 0.188197
vt 0.040590 0.206377
vt 0.246002 0.160433
vt 0.255105 0.217906
vt 0.251540 0.197437
vt 0.068442 0.197227
vt 0.066418 0.217904
vt 0.072915 0.160080
vt 0.677511 0.202041
vt 0.669376 0.202041
vt 0.233570 0.158521
vt 0.227170 0.213611
vt 0.229139 0.193992
vt 0.090860 0.193787
vt 0.094374 0.213614
vt 0.085356 0.158171
vt 0.677549 0.229379
vt 0.669414 0.229379
vt 0.111573 0.178187
vt 0.120202 0.194161
vt 0.096851 0.149513
vt 0.208442 0.178388
vt 0.222084 0.149862
vt 0.677658 0.252678
vt 0.669523 0.252678
vt 0.201362 0.194153
vt 0.192601 0.153000
vt 0.213294 0.135773
vt 0.560482 0.274180
vt 0.568564 0.274180
vt 0.570318 0.308188
vt 0.562237 0.308188
vt 0.105649 0.135426
vt 0.127426 0.152802
vt 0.181610 0.162495
vt 0.139970 0.162507
vt 0.184028 0.121694
vt 0.208536 0.118399
vt 0.570934 0.348303
vt 0.562853 0.348303
vt 0.110410 0.118053
vt 0.136005 0.121497
vt 0.170919 0.123457
vt 0.150669 0.123470
vt 0.110410 0.100039
vt 0.136006 0.089037
vt 0.208536 0.100385
vt 0.170919 0.082981
vt 0.184028 0.089235
vt 0.150669 0.082993
vt 0.570318 0.388418
vt 0.562237 0.388418
vt 0.213293 0.084474
vt 0.181608 0.047230
vt 0.192600 0.060565
vt 0.127426 0.060365
vt 0.139971 0.047239
vt 0.105649 0.084127
vt 0.568564 0.422426
vt 0.560482 0.422426
vt 0.201360 0.021646
vt 0.208440 0.040048
vt 0.111574 0.039845
vt 0.120203 0.021651
vt 0.096852 0.072739
vt 0.222084 0.073089
vt 0.682381 0.405464
vt 0.674247 0.405463
vt 0.674356 0.382165
vt 0.682490 0.382166
vt 0.085357 0.067610
vt 0.229136 0.030809
vt 0.233569 0.067961
vt 0.674394 0.354827
vt 0.682528 0.354828
vt 0.090862 0.030601
vt 0.227168 0.010125
vt 0.094376 0.010125
vt 0.251538 0.034253
vt 0.246001 0.069873
vt 0.674356 0.327611
vt 0.682490 0.327611
vt 0.072916 0.069519
vt 0.068443 0.034041
vt 0.255103 0.014420
vt 0.066420 0.014415
vt 0.674247 0.304659
vt 0.682381 0.304660
vt 0.061421 0.078176
vt 0.047731 0.049641
vt 0.257487 0.078532
vt 0.280911 0.033878
vt 0.272235 0.049857
vt 0.040592 0.033867
vt 0.266278 0.092621
vt 0.300664 0.065536
vt 0.288076 0.075245
vt 0.031878 0.075026
vt 0.020824 0.065522
vt 0.052623 0.092263
vt 0.562714 0.010131
vt 0.570803 0.010125
vt 0.569160 0.044028
vt 0.561071 0.044034
vt 0.367731 0.286435
vt 0.390431 0.283830
vt 0.390431 0.310548
vt 0.168797 0.513305
vt 0.178093 0.513303
vt 0.178275 0.556284
vt 0.168979 0.556286
vt 0.390995 0.092841
vt 0.368498 0.095423
vt 0.384942 0.066818
vt 0.404691 0.282194
vt 0.404691 0.325425
vt 0.404710 0.091267
vt 0.394916 0.049161
vt 0.384379 0.330801
vt 0.178770 0.587814
vt 0.169473 0.587817
vt 0.374458 0.048462
vt 0.394898 0.358195
vt 0.377952 0.019460
vt 0.373897 0.339163
vt 0.035665 0.723511
vt 0.044968 0.723511
vt 0.044907 0.741833
vt 0.035604 0.741833
vt 0.362351 0.042692
vt 0.377938 0.371725
vt 0.358363 0.010125
vt 0.361794 0.333393
vt 0.044968 0.760323
vt 0.035665 0.760323
vt 0.351866 0.051055
vt 0.358355 0.362388
vt 0.341399 0.023655
vt 0.351312 0.315036
vt 0.199021 0.439039
vt 0.208315 0.439039
vt 0.208908 0.470480
vt 0.199614 0.470480
vt 0.345813 0.071308
vt 0.341395 0.332687
vt 0.331604 0.056426
vt 0.345261 0.289013
vt 0.209124 0.513428
vt 0.199831 0.513428
vt 0.345813 0.098026
vt 0.331604 0.290580
vt 0.331604 0.099657
vt 0.345261 0.262295
vt 0.208908 0.556377
vt 0.199614 0.556377
vt 0.351865 0.124050
vt 0.331605 0.247349
vt 0.341398 0.141764
vt 0.351313 0.242042
vt 0.208315 0.587818
vt 0.199021 0.587818
vt 0.362350 0.142405
vt 0.341397 0.214579
vt 0.358362 0.171464
vt 0.361795 0.233680
vt 0.074520 0.760323
vt 0.065217 0.760323
vt 0.065278 0.741834
vt 0.074581 0.741833
vt 0.374457 0.148175
vt 0.358357 0.201049
vt 0.377951 0.180800
vt 0.373898 0.239450
vt 0.065217 0.723511
vt 0.074520 0.723512
vt 0.384941 0.139813
vt 0.377940 0.210386
vt 0.394915 0.167269
vt 0.384380 0.257807
vt 0.169473 0.439041
vt 0.178770 0.439039
vt 0.178275 0.470388
vt 0.168979 0.470390
vt 0.390995 0.119559
vt 0.394900 0.240087
vt 0.404710 0.134498
vt 0.150489 0.418518
vt 0.150669 0.418518
vt 0.150489 0.418789
vt 0.170919 0.418518
vt 0.171100 0.418518
vt 0.171100 0.418789
vt 0.030525 0.418518
vt 0.030524 0.418789
vt 0.030343 0.418518
vt 0.291097 0.418518
vt 0.291278 0.418518
vt 0.291097 0.418789
vt 0.150489 0.238424
vt 0.150489 0.238153
vt 0.150669 0.238424
vt 0.171100 0.238424
vt 0.170919 0.238424
vt 0.171100 0.238153
vt 0.030525 0.238424
vt 0.030343 0.238424
vt 0.030524 0.238153
vt 0.291097 0.238424
vt 0.291097 0.238153
vt 0.291278 0.238424
vt 0.540237 0.010396
vt 0.530813 0.010396
vt 0.530821 0.010125
vt 0.540246 0.010125
vt 0.540225 0.274450
vt 0.530799 0.274452
vt 0.530805 0.274182
vt 0.540233 0.274180
vt 0.540232 0.454812
vt 0.530805 0.454814
vt 0.530799 0.454542
vt 0.540225 0.454540
vt 0.530813 0.190490
vt 0.540237 0.190490
vt 0.540246 0.190761
vt 0.530821 0.190761
vt 0.628610 0.394240
vt 0.619177 0.394239
vt 0.619176 0.274180
vt 0.628610 0.274180
vt 0.331605 0.509769
vt 0.341038 0.509768
vt 0.341038 0.629827
vt 0.331605 0.629828
vt 0.499438 0.444097
vt 0.488754 0.445662
vt 0.483624 0.428528
vt 0.491140 0.416374
vt 0.258661 0.495944
vt 0.278251 0.493077
vt 0.278250 0.510961
vt 0.428152 0.575041
vt 0.437338 0.575031
vt 0.438010 0.603692
vt 0.428823 0.603701
vt 0.470041 0.448402
vt 0.291278 0.491170
vt 0.291278 0.520108
vt 0.282987 0.542505
vt 0.273126 0.524804
vt 0.474737 0.416737
vt 0.476760 0.397296
vt 0.439845 0.624729
vt 0.430660 0.624739
vt 0.268618 0.552362
vt 0.264247 0.530895
vt 0.464475 0.413448
vt 0.460152 0.391974
vt 0.322423 0.780913
vt 0.313120 0.780913
vt 0.313153 0.765125
vt 0.322456 0.765125
vt 0.252034 0.547036
vt 0.253996 0.527604
vt 0.455584 0.419542
vt 0.445772 0.401834
vt 0.313119 0.749215
vt 0.322423 0.749215
vt 0.237668 0.527955
vt 0.245118 0.515811
vt 0.450451 0.433386
vt 0.437464 0.424235
vt 0.460096 0.525545
vt 0.469271 0.525545
vt 0.471191 0.546506
vt 0.462015 0.546506
vt 0.229374 0.500231
vt 0.239994 0.498676
vt 0.450449 0.451271
vt 0.437461 0.453173
vt 0.471893 0.575138
vt 0.462718 0.575138
vt 0.229375 0.471293
vt 0.239994 0.480792
vt 0.455580 0.468404
vt 0.445762 0.480895
vt 0.471191 0.603771
vt 0.462015 0.603771
vt 0.237670 0.448895
vt 0.245119 0.466950
vt 0.464467 0.480195
vt 0.460144 0.499973
vt 0.469271 0.624731
vt 0.460096 0.624731
vt 0.252033 0.439039
vt 0.253995 0.460858
vt 0.474731 0.483484
vt 0.476749 0.505295
vt 0.768917 0.401570
vt 0.778220 0.401570
vt 0.778186 0.417477
vt 0.768883 0.417477
vt 0.268622 0.444365
vt 0.264249 0.464150
vt 0.483620 0.477390
vt 0.491132 0.495435
vt 0.778220 0.433268
vt 0.768917 0.433269
vt 0.282986 0.463446
vt 0.273125 0.475943
vt 0.488753 0.463546
vt 0.499438 0.473035
vt 0.430660 0.525555
vt 0.439845 0.525545
vt 0.438009 0.546428
vt 0.428824 0.546438
vt 0.367288 0.410548
vt 0.362937 0.391969
vt 0.385874 0.393467
vt 0.381464 0.411475
vt 0.479231 0.010125
vt 0.474799 0.028836
vt 0.460624 0.029762
vt 0.456292 0.011625
vt 0.374367 0.440674
vt 0.611459 0.695152
vt 0.617572 0.695151
vt 0.617371 0.714074
vt 0.611258 0.714075
vt 0.467691 0.059009
vt 0.405740 0.407636
vt 0.393741 0.420229
vt 0.448346 0.038517
vt 0.436428 0.025789
vt 0.532410 0.624335
vt 0.538524 0.624338
vt 0.538459 0.646686
vt 0.532345 0.646682
vt 0.417211 0.430674
vt 0.400831 0.434470
vt 0.441259 0.052752
vt 0.424960 0.048822
vt 0.538459 0.672347
vt 0.532346 0.672347
vt 0.417211 0.456408
vt 0.400830 0.450373
vt 0.441260 0.068655
vt 0.424960 0.074556
vt 0.538524 0.694444
vt 0.532411 0.694444
vt 0.405743 0.477946
vt 0.393745 0.463687
vt 0.448347 0.081967
vt 0.436428 0.096094
vt 0.395178 0.721837
vt 0.389065 0.721836
vt 0.389173 0.700862
vt 0.395286 0.700863
vt 0.385878 0.489514
vt 0.381465 0.470833
vt 0.460626 0.089112
vt 0.456293 0.107662
vt 0.389173 0.677878
vt 0.395286 0.677878
vt 0.362941 0.488016
vt 0.367289 0.469906
vt 0.474801 0.088188
vt 0.479232 0.106161
vt 0.389065 0.659042
vt 0.395179 0.659043
vt 0.343075 0.473847
vt 0.355012 0.461152
vt 0.487077 0.079436
vt 0.499093 0.092003
vt 0.445400 0.715014
vt 0.439286 0.715009
vt 0.439352 0.692528
vt 0.445465 0.692531
vt 0.331604 0.450809
vt 0.347923 0.446913
vt 0.494165 0.065198
vt 0.510562 0.068967
vt 0.439352 0.666893
vt 0.445465 0.666895
vt 0.331604 0.425075
vt 0.347923 0.431008
vt 0.494164 0.049295
vt 0.510563 0.043230
vt 0.439286 0.644980
vt 0.445400 0.644982
vt 0.343072 0.403537
vt 0.355009 0.417697
vt 0.487077 0.035984
vt 0.499094 0.021695
vt 0.611258 0.651275
vt 0.617371 0.651274
vt 0.617571 0.672164
vt 0.611459 0.672165
vt 0.460661 0.292753
vt 0.456275 0.274181
vt 0.479214 0.275682
vt 0.474838 0.293677
vt 0.456293 0.127911
vt 0.460722 0.146618
vt 0.448446 0.153769
vt 0.436429 0.139481
vt 0.467751 0.322873
vt 0.638024 0.670020
vt 0.644136 0.670022
vt 0.644136 0.693004
vt 0.638024 0.693001
vt 0.467832 0.176793
vt 0.441358 0.167078
vt 0.499079 0.289849
vt 0.487115 0.302437
vt 0.424960 0.161016
vt 0.643936 0.714061
vt 0.637823 0.714058
vt 0.441359 0.182983
vt 0.510549 0.312889
vt 0.494204 0.316672
vt 0.424961 0.186750
vt 0.334924 0.650079
vt 0.341038 0.650076
vt 0.340973 0.671989
vt 0.334859 0.671992
vt 0.448447 0.197221
vt 0.510549 0.338625
vt 0.494204 0.332577
vt 0.436431 0.209785
vt 0.340973 0.697622
vt 0.334859 0.697624
vt 0.460723 0.205972
vt 0.499079 0.360162
vt 0.487115 0.345891
vt 0.456294 0.223947
vt 0.341038 0.720100
vt 0.334924 0.720105
vt 0.474900 0.206898
vt 0.479214 0.371727
vt 0.474838 0.353036
vt 0.479231 0.225443
vt 0.362702 0.659043
vt 0.368815 0.659042
vt 0.368707 0.677878
vt 0.362594 0.677879
vt 0.487177 0.199749
vt 0.456275 0.370227
vt 0.460661 0.352109
vt 0.499096 0.213875
vt 0.368708 0.700862
vt 0.362595 0.700863
vt 0.494265 0.186440
vt 0.436410 0.356053
vt 0.448384 0.343352
vt 0.510564 0.192337
vt 0.368815 0.721836
vt 0.362703 0.721837
vt 0.494264 0.170535
vt 0.424940 0.333019
vt 0.441295 0.329115
vt 0.510564 0.166606
vt 0.471827 0.715094
vt 0.465714 0.715095
vt 0.465780 0.692995
vt 0.471893 0.692995
vt 0.487177 0.156299
vt 0.424940 0.307283
vt 0.441295 0.313206
vt 0.499095 0.143573
vt 0.465779 0.667336
vt 0.471893 0.667333
vt 0.474900 0.147546
vt 0.436410 0.285747
vt 0.448384 0.299899
vt 0.479229 0.129406
vt 0.465714 0.644985
vt 0.471828 0.644982
vt 0.637823 0.651274
vt 0.643936 0.651276
vt 0.105142 0.622899
vt 0.098238 0.610756
vt 0.105152 0.609898
vt 0.636858 0.595423
vt 0.633955 0.600528
vt 0.627042 0.599668
vt 0.627078 0.594210
vt 0.095396 0.605760
vt 0.105179 0.604552
vt 0.627028 0.612711
vt 0.112067 0.614013
vt 0.620126 0.603782
vt 0.617301 0.600028
vt 0.114954 0.610365
vt 0.116343 0.621531
vt 0.615855 0.611296
vt 0.611259 0.610654
vt 0.120998 0.620993
vt 0.116341 0.629574
vt 0.615855 0.619342
vt 0.611261 0.622031
vt 0.120998 0.632372
vt 0.112068 0.635079
vt 0.620128 0.624847
vt 0.617304 0.629815
vt 0.114955 0.640157
vt 0.627044 0.625702
vt 0.105152 0.635935
vt 0.627084 0.631025
vt 0.105175 0.641367
vt 0.095397 0.635553
vt 0.098238 0.631823
vt 0.633960 0.621588
vt 0.636860 0.625213
vt 0.089354 0.624924
vt 0.093962 0.624305
vt 0.638231 0.614074
vt 0.642902 0.614587
vt 0.089356 0.613547
vt 0.093964 0.616259
vt 0.638231 0.606028
vt 0.642902 0.603205
vt 0.539693 0.217218
vt 0.536850 0.212222
vt 0.546633 0.211012
vt 0.546607 0.216358
vt 0.605410 0.217328
vt 0.598481 0.229510
vt 0.598497 0.216467
vt 0.546600 0.229358
vt 0.608314 0.212224
vt 0.598534 0.211009
vt 0.556409 0.216822
vt 0.553523 0.220471
vt 0.591581 0.220580
vt 0.588756 0.216826
vt 0.562455 0.227449
vt 0.557800 0.227988
vt 0.587308 0.228093
vt 0.582713 0.227451
vt 0.562458 0.238828
vt 0.557801 0.236031
vt 0.587308 0.236139
vt 0.582713 0.238828
vt 0.556417 0.246614
vt 0.553529 0.241537
vt 0.591580 0.241644
vt 0.588755 0.246613
vt 0.598495 0.242501
vt 0.598535 0.247824
vt 0.546637 0.247827
vt 0.546614 0.242394
vt 0.539698 0.238284
vt 0.605412 0.238388
vt 0.608311 0.242013
vt 0.536858 0.242015
vt 0.535421 0.230767
vt 0.609684 0.230874
vt 0.614355 0.231389
vt 0.530812 0.231388
vt 0.535420 0.222721
vt 0.609685 0.222829
vt 0.614356 0.220006
vt 0.530812 0.220010
vt 0.839189 0.743111
vt 0.842166 0.634982
vt 0.210169 0.851687
vt 0.862415 0.634982
vt 0.210169 0.871936
vt 0.913734 0.394278
vt 0.064161 0.939546
vt 0.644004 0.939593
vt 0.732798 0.255540
vt 0.725073 0.255540
vt 0.725073 0.255489
vt 0.732799 0.255490
vt 0.199349 0.722796
vt 0.194199 0.722781
vt 0.194199 0.722736
vt 0.199349 0.722751
vt 0.292645 0.699036
vt 0.284922 0.699037
vt 0.284922 0.698987
vt 0.292645 0.698985
vt 0.146398 0.721366
vt 0.141249 0.721395
vt 0.141248 0.721344
vt 0.146399 0.721316
vt 0.732798 0.306188
vt 0.732805 0.255541
vt 0.732808 0.306188
vt 0.284920 0.749683
vt 0.284913 0.749684
vt 0.284913 0.699037
vt 0.146399 0.769122
vt 0.141248 0.769150
vt 0.141249 0.769105
vt 0.146398 0.769077
vt 0.725073 0.306188
vt 0.732798 0.306239
vt 0.725073 0.306238
vt 0.292647 0.749684
vt 0.292645 0.749733
vt 0.284922 0.749736
vt 0.194199 0.770375
vt 0.199349 0.770391
vt 0.199349 0.770441
vt 0.194199 0.770425
vt 0.725067 0.306187
vt 0.725067 0.255539
vt 0.292654 0.699036
vt 0.292654 0.749683
vt 0.869183 0.614733
vt 0.864032 0.614720
vt 0.864032 0.607481
vt 0.869183 0.607490
vt 0.087702 0.854746
vt 0.092853 0.854758
vt 0.092853 0.862035
vt 0.087702 0.862026
vt 0.588256 0.941935
vt 0.123356 0.945326
vt 0.913729 0.946715
vt 0.933979 0.946715
vt 0.936705 0.926465
vt 0.558324 0.946734
vt 0.890764 0.947686
vt 0.948532 0.342297
vt 0.256932 0.749684
vt 0.264658 0.749684
vt 0.264658 0.749734
vt 0.256932 0.749735
vt 0.168797 0.770391
vt 0.173947 0.770375
vt 0.173947 0.770425
vt 0.168797 0.770441
vt 0.229375 0.749686
vt 0.237104 0.749685
vt 0.237101 0.749737
vt 0.229378 0.749735
vt 0.560483 0.770385
vt 0.565633 0.770415
vt 0.565633 0.770460
vt 0.560483 0.770430
vt 0.256929 0.699037
vt 0.256923 0.749684
vt 0.256923 0.699037
vt 0.237101 0.699037
vt 0.237110 0.699037
vt 0.237110 0.749685
vt 0.560483 0.722857
vt 0.565633 0.722887
vt 0.565633 0.722938
vt 0.560483 0.722907
vt 0.264655 0.699036
vt 0.256929 0.698986
vt 0.264655 0.698985
vt 0.229378 0.699036
vt 0.229378 0.698985
vt 0.237101 0.698987
vt 0.173947 0.722781
vt 0.168797 0.722797
vt 0.168797 0.722752
vt 0.173947 0.722736
vt 0.264661 0.699035
vt 0.264664 0.749683
vt 0.229369 0.749685
vt 0.229369 0.699036
vt 0.869019 0.777664
vt 0.863868 0.777673
vt 0.863868 0.770399
vt 0.869019 0.770390
vt 0.416925 0.861971
vt 0.422076 0.861958
vt 0.422076 0.869198
vt 0.416925 0.869211
vt 0.948652 0.314567
vt 0.948753 0.115639
vt 0.948753 0.135889
vt 0.948936 0.063605
vt 0.948936 0.088967
vt 0.866084 0.948982
vt 0.844885 0.949376
vt 0.822531 0.949376
vt 0.611270 0.734355
vt 0.611270 0.766546
vt 0.611261 0.766543
vt 0.611257 0.734357
vt 0.674246 0.284382
vt 0.681115 0.284343
vt 0.681115 0.284370
vt 0.674247 0.284410
vt 0.368805 0.774307
vt 0.368802 0.742116
vt 0.368814 0.742118
vt 0.368816 0.774306
vt 0.492571 0.756554
vt 0.499439 0.756525
vt 0.499438 0.756560
vt 0.492571 0.756586
vt 0.622430 0.734355
vt 0.611269 0.734323
vt 0.622430 0.734323
vt 0.357643 0.742119
vt 0.357643 0.742087
vt 0.368803 0.742086
vt 0.718865 0.433028
vt 0.725732 0.433103
vt 0.725731 0.433130
vt 0.718865 0.433055
vt 0.622430 0.766545
vt 0.622441 0.734355
vt 0.622441 0.766546
vt 0.357643 0.774305
vt 0.357632 0.774305
vt 0.357632 0.742120
vt 0.791530 0.124383
vt 0.784662 0.124409
vt 0.784662 0.124377
vt 0.791529 0.124348
vt 0.622430 0.766577
vt 0.611271 0.766575
vt 0.368805 0.774339
vt 0.357643 0.774337
vt 0.499439 0.783059
vt 0.492571 0.783088
vt 0.674247 0.275241
vt 0.681115 0.275201
vt 0.725732 0.442229
vt 0.718866 0.442154
vt 0.784662 0.098137
vt 0.791530 0.098111
vt 0.386781 0.949446
vt 0.311661 0.951263
vt 0.331911 0.951263
vt 0.493491 0.951912
vt 0.693503 0.952518
vt 0.774055 0.953536
vt 0.753805 0.953536
vt 0.733555 0.953536
vt 0.460720 0.735377
vt 0.460720 0.767564
vt 0.460709 0.767564
vt 0.460709 0.735377
vt 0.787542 0.720389
vt 0.780674 0.720363
vt 0.780675 0.720328
vt 0.787542 0.720356
vt 0.428063 0.776427
vt 0.428062 0.744240
vt 0.428073 0.744240
vt 0.428074 0.776427
vt 0.567363 0.178650
vt 0.560496 0.178724
vt 0.560495 0.178697
vt 0.567362 0.178623
vt 0.471878 0.735373
vt 0.460720 0.735345
vt 0.471879 0.735341
vt 0.416905 0.744234
vt 0.416903 0.744205
vt 0.428062 0.744208
vt 0.787541 0.647341
vt 0.780674 0.647315
vt 0.780674 0.647280
vt 0.787541 0.647309
vt 0.471882 0.767565
vt 0.471891 0.735375
vt 0.471891 0.767562
vt 0.416904 0.776426
vt 0.416893 0.776426
vt 0.416893 0.744236
vt 0.691748 0.442169
vt 0.698615 0.442209
vt 0.698615 0.442237
vt 0.691747 0.442197
vt 0.471880 0.767595
vt 0.460720 0.767596
vt 0.428064 0.776459
vt 0.416904 0.776458
vt 0.780674 0.694090
vt 0.787542 0.694116
vt 0.691747 0.433028
vt 0.698614 0.433067
vt 0.567363 0.187836
vt 0.560496 0.187909
vt 0.787541 0.673837
vt 0.780674 0.673808
vt 0.953859 0.720738
vt 0.264662 0.953911
vt 0.530128 0.954015
vt 0.954229 0.946715
vt 0.669066 0.954237
vt 0.612889 0.954271
vt 0.088905 0.954442
vt 0.288642 0.954463
vt 0.666360 0.690389
vt 0.671498 0.690389
vt 0.671497 0.690548
vt 0.666360 0.690548
vt 0.236657 0.572771
vt 0.229382 0.572771
vt 0.229383 0.572611
vt 0.236659 0.572611
vt 0.258587 0.678576
vt 0.263726 0.678576
vt 0.263726 0.678735
vt 0.258587 0.678735
vt 0.291263 0.572771
vt 0.283984 0.572773
vt 0.283986 0.572614
vt 0.291264 0.572612
vt 0.283974 0.678576
vt 0.283974 0.572773
vt 0.283986 0.678576
vt 0.291276 0.572771
vt 0.291276 0.678574
vt 0.291264 0.678573
vt 0.291264 0.678733
vt 0.283986 0.678735
vt 0.671498 0.584584
vt 0.666360 0.584584
vt 0.666360 0.584424
vt 0.671497 0.584424
vt 0.263726 0.572771
vt 0.258587 0.572771
vt 0.258587 0.572612
vt 0.263725 0.572612
vt 0.229382 0.678576
vt 0.236657 0.678576
vt 0.236659 0.678735
vt 0.229383 0.678735
vt 0.236669 0.572771
vt 0.236669 0.678576
vt 0.229373 0.678576
vt 0.229373 0.572771
vt 0.861673 0.690897
vt 0.861673 0.683608
vt 0.866819 0.683607
vt 0.866819 0.690897
vt 0.863002 0.559893
vt 0.863002 0.552603
vt 0.868148 0.552603
vt 0.868148 0.559893
vt 0.208676 0.954519
vt 0.233216 0.954567
vt 0.955234 0.637374
vt 0.956468 0.659218
vt 0.956468 0.679467
vt 0.956468 0.699717
vt 0.956955 0.926465
vt 0.957275 0.775461
vt 0.765411 0.230779
vt 0.767554 0.230779
vt 0.767554 0.230848
vt 0.765411 0.230848
vt 0.499437 0.667363
vt 0.496010 0.667363
vt 0.496010 0.667294
vt 0.499437 0.667294
vt 0.762270 0.124338
vt 0.764413 0.124338
vt 0.764412 0.124407
vt 0.762269 0.124407
vt 0.099254 0.661684
vt 0.095827 0.661685
vt 0.095827 0.661616
vt 0.099254 0.661615
vt 0.095821 0.730526
vt 0.095823 0.661685
vt 0.095825 0.730526
vt 0.099257 0.661684
vt 0.099257 0.730524
vt 0.099253 0.730524
vt 0.099254 0.730593
vt 0.095827 0.730595
vt 0.767554 0.161937
vt 0.765412 0.161937
vt 0.765411 0.161868
vt 0.767554 0.161868
vt 0.764413 0.055496
vt 0.762269 0.055496
vt 0.762269 0.055427
vt 0.764412 0.055427
vt 0.496010 0.736205
vt 0.499437 0.736205
vt 0.499437 0.736274
vt 0.496010 0.736274
vt 0.499440 0.667363
vt 0.499440 0.736205
vt 0.496006 0.736205
vt 0.496006 0.667363
vt 0.915034 0.226124
vt 0.915035 0.222691
vt 0.917181 0.222690
vt 0.917181 0.226124
vt 0.915115 0.262681
vt 0.915114 0.259248
vt 0.917260 0.259248
vt 0.917262 0.262681
vt 0.957317 0.527663
vt 0.957318 0.853994
vt 0.957318 0.833744
vt 0.957334 0.812359
vt 0.957390 0.753283
vt 0.957558 0.502882
vt 0.957797 0.558687
vt 0.957866 0.400958
vt 0.648861 0.405267
vt 0.653998 0.405267
vt 0.653997 0.405464
vt 0.648860 0.405464
vt 0.623727 0.010322
vt 0.616451 0.010322
vt 0.616451 0.010125
vt 0.623728 0.010125
vt 0.643989 0.141212
vt 0.649127 0.141212
vt 0.649127 0.141408
vt 0.643988 0.141408
vt 0.618548 0.442873
vt 0.611270 0.442875
vt 0.611271 0.442678
vt 0.618548 0.442676
vt 0.611258 0.573762
vt 0.611258 0.442875
vt 0.611268 0.573762
vt 0.618560 0.442873
vt 0.618560 0.573759
vt 0.618547 0.573759
vt 0.618547 0.573956
vt 0.611270 0.573959
vt 0.653997 0.274377
vt 0.648861 0.274377
vt 0.648860 0.274180
vt 0.653997 0.274180
vt 0.649127 0.010322
vt 0.643989 0.010322
vt 0.643988 0.010125
vt 0.649127 0.010125
vt 0.616451 0.141212
vt 0.623727 0.141212
vt 0.623728 0.141408
vt 0.616451 0.141408
vt 0.623738 0.010322
vt 0.623738 0.141212
vt 0.616441 0.141212
vt 0.616441 0.010322
vt 0.861674 0.663359
vt 0.861674 0.656069
vt 0.866819 0.656069
vt 0.866819 0.663359
vt 0.863002 0.532354
vt 0.863002 0.525064
vt 0.868148 0.525064
vt 0.868148 0.532354
vt 0.957866 0.421207
vt 0.957866 0.441457
vt 0.957876 0.168658
vt 0.360856 0.957882
vt 0.957910 0.583876
vt 0.957911 0.878029
vt 0.019398 0.957915
vt 0.043510 0.957950
vt 0.715432 0.653319
vt 0.717574 0.653319
vt 0.717575 0.653405
vt 0.715432 0.653405
vt 0.638037 0.162577
vt 0.634610 0.162577
vt 0.634610 0.162492
vt 0.638039 0.162492
vt 0.715432 0.547735
vt 0.717575 0.547735
vt 0.717575 0.547821
vt 0.715432 0.547821
vt 0.144679 0.615817
vt 0.141250 0.615818
vt 0.141250 0.615733
vt 0.144679 0.615731
vt 0.141248 0.700980
vt 0.141248 0.615818
vt 0.141250 0.700980
vt 0.144682 0.615817
vt 0.144682 0.700979
vt 0.144679 0.700979
vt 0.144679 0.701064
vt 0.141251 0.701065
vt 0.717574 0.568156
vt 0.715432 0.568156
vt 0.715432 0.568070
vt 0.717575 0.568070
vt 0.717575 0.462572
vt 0.715432 0.462572
vt 0.715432 0.462486
vt 0.717575 0.462486
vt 0.634610 0.247741
vt 0.638037 0.247741
vt 0.638039 0.247826
vt 0.634610 0.247826
vt 0.638042 0.162577
vt 0.638042 0.247741
vt 0.634607 0.247741
vt 0.634607 0.162577
vt 0.917571 0.016488
vt 0.917572 0.013053
vt 0.919717 0.013053
vt 0.919718 0.016488
vt 0.440583 0.917448
vt 0.440583 0.914013
vt 0.442729 0.914013
vt 0.442729 0.917448
vt 0.957998 0.901796
vt 0.958051 0.472879
vt 0.958086 0.196566
vt 0.958119 0.611319
vt 0.797981 0.958315
vt 0.958801 0.222691
vt 0.958801 0.242941
vt 0.958878 0.285076
vt 0.591054 0.166334
vt 0.596191 0.166334
vt 0.596191 0.166568
vt 0.591054 0.166568
vt 0.037630 0.439274
vt 0.030353 0.439274
vt 0.030354 0.439039
vt 0.037630 0.439039
vt 0.057892 0.595248
vt 0.063031 0.595248
vt 0.063030 0.595483
vt 0.057891 0.595483
vt 0.148533 0.439274
vt 0.141255 0.439276
vt 0.141255 0.439042
vt 0.148535 0.439039
vt 0.141245 0.595247
vt 0.141245 0.439276
vt 0.141254 0.595247
vt 0.148545 0.439274
vt 0.148545 0.595244
vt 0.148533 0.595244
vt 0.148535 0.595479
vt 0.141255 0.595482
vt 0.596191 0.010359
vt 0.591054 0.010360
vt 0.591054 0.010125
vt 0.596191 0.010125
vt 0.063031 0.439274
vt 0.057892 0.439274
vt 0.057891 0.439039
vt 0.063030 0.439039
vt 0.030353 0.595248
vt 0.037630 0.595248
vt 0.037630 0.595483
vt 0.030354 0.595483
vt 0.037641 0.439274
vt 0.037641 0.595248
vt 0.030343 0.595248
vt 0.030343 0.439274
vt 0.797982 0.868391
vt 0.797982 0.861102
vt 0.803127 0.861102
vt 0.803127 0.868390
vt 0.863002 0.504814
vt 0.863002 0.497524
vt 0.868148 0.497525
vt 0.868148 0.504814
vt 0.958878 0.264827
vt 0.959370 0.373838
vt 0.461241 0.959449
vt 0.440583 0.959449
vt 0.418782 0.959457
vt 0.064161 0.959796
vt 0.644004 0.959842
vt 0.163127 0.960388
vt 0.697908 0.253460
vt 0.700050 0.253460
vt 0.700050 0.253562
vt 0.697908 0.253562
vt 0.695177 0.462588
vt 0.691750 0.462588
vt 0.691750 0.462486
vt 0.695177 0.462486
vt 0.694765 0.131522
vt 0.696908 0.131522
vt 0.696908 0.131624
vt 0.694765 0.131624
vt 0.695180 0.584526
vt 0.691750 0.584527
vt 0.691751 0.584426
vt 0.695180 0.584424
vt 0.691747 0.686010
vt 0.691747 0.584527
vt 0.691751 0.686010
vt 0.695183 0.584526
vt 0.695183 0.686009
vt 0.695180 0.686009
vt 0.695180 0.686110
vt 0.691751 0.686112
vt 0.700050 0.151975
vt 0.697908 0.151975
vt 0.697908 0.151874
vt 0.700050 0.151874
vt 0.696908 0.030037
vt 0.694765 0.030037
vt 0.694765 0.029936
vt 0.696908 0.029936
vt 0.691750 0.564073
vt 0.695177 0.564073
vt 0.695177 0.564175
vt 0.691750 0.564175
vt 0.695182 0.462588
vt 0.695182 0.564073
vt 0.691747 0.564073
vt 0.691747 0.462588
vt 0.917571 0.040166
vt 0.917571 0.036733
vt 0.919717 0.036733
vt 0.919717 0.040167
vt 0.163127 0.918595
vt 0.163127 0.915162
vt 0.165273 0.915163
vt 0.165273 0.918597
vt 0.960522 0.037849
vt 0.187275 0.960548
vt 0.960567 0.014344
vt 0.588256 0.962185
vt 0.123356 0.965576
vt 0.954229 0.966965
vt 0.933979 0.966965
vt 0.913729 0.966965
vt 0.585872 0.587719
vt 0.591009 0.587719
vt 0.591009 0.587937
vt 0.585872 0.587937
vt 0.093436 0.439257
vt 0.086159 0.439257
vt 0.086160 0.439039
vt 0.093436 0.439039
vt 0.560482 0.587719
vt 0.565622 0.587719
vt 0.565621 0.587937
vt 0.560482 0.587937
vt 0.120985 0.439257
vt 0.113705 0.439259
vt 0.113707 0.439042
vt 0.120985 0.439039
vt 0.113695 0.584082
vt 0.113695 0.439260
vt 0.113704 0.584082
vt 0.120997 0.439257
vt 0.120997 0.584079
vt 0.120984 0.584079
vt 0.120985 0.584297
vt 0.113705 0.584300
vt 0.591009 0.442894
vt 0.585872 0.442894
vt 0.585872 0.442676
vt 0.591009 0.442676
vt 0.565622 0.442893
vt 0.560482 0.442893
vt 0.560482 0.442676
vt 0.565621 0.442676
vt 0.086159 0.584083
vt 0.093436 0.584083
vt 0.093436 0.584300
vt 0.086160 0.584300
vt 0.093447 0.439257
vt 0.093447 0.584083
vt 0.086148 0.584083
vt 0.086148 0.439257
vt 0.863221 0.173050
vt 0.863221 0.165762
vt 0.868367 0.165762
vt 0.868367 0.173052
vt 0.017922 0.867359
vt 0.017922 0.860069
vt 0.023068 0.860070
vt 0.023068 0.867359
vt 0.558324 0.966984
vt 0.890764 0.967936
vt 0.968781 0.342297
vt 0.968901 0.314567
vt 0.969003 0.115639
vt 0.969003 0.135889
vt 0.969186 0.083854
vt 0.969186 0.063605
vt 0.560483 0.702512
vt 0.562626 0.702512
vt 0.562626 0.702607
vt 0.560483 0.702607
vt 0.195916 0.608161
vt 0.192489 0.608161
vt 0.192489 0.608066
vt 0.195916 0.608066
vt 0.588865 0.702512
vt 0.591009 0.702512
vt 0.591008 0.702607
vt 0.588865 0.702607
vt 0.172232 0.608161
vt 0.168802 0.608162
vt 0.168802 0.608068
vt 0.172230 0.608066
vt 0.168797 0.702391
vt 0.168797 0.608162
vt 0.168802 0.702391
vt 0.172235 0.608161
vt 0.172235 0.702390
vt 0.172232 0.702390
vt 0.172231 0.702484
vt 0.168802 0.702486
vt 0.562626 0.608281
vt 0.560483 0.608281
vt 0.560483 0.608187
vt 0.562625 0.608187
vt 0.591009 0.608281
vt 0.588865 0.608281
vt 0.588865 0.608187
vt 0.591009 0.608187
vt 0.192489 0.702392
vt 0.195916 0.702392
vt 0.195916 0.702486
vt 0.192489 0.702486
vt 0.195919 0.608161
vt 0.195919 0.702392
vt 0.192486 0.702392
vt 0.192486 0.608161
vt 0.064162 0.919295
vt 0.064162 0.915861
vt 0.066308 0.915861
vt 0.066308 0.919295
vt 0.185523 0.918597
vt 0.185523 0.915164
vt 0.187670 0.915163
vt 0.187670 0.918597
vt 0.866084 0.969232
vt 0.844885 0.969626
vt 0.822531 0.969626
vt 0.386781 0.969696
vt 0.331911 0.971513
vt 0.311661 0.971513
vt 0.493491 0.972162
vt 0.693503 0.972768
vt 0.669377 0.131442
vt 0.674515 0.131442
vt 0.674514 0.131624
vt 0.669377 0.131624
vt 0.492155 0.646862
vt 0.499431 0.646862
vt 0.499429 0.647044
vt 0.492155 0.647044
vt 0.666360 0.563993
vt 0.671499 0.563993
vt 0.671498 0.564175
vt 0.666359 0.564175
vt 0.646098 0.442858
vt 0.638819 0.442860
vt 0.638818 0.442678
vt 0.646098 0.442676
vt 0.638808 0.563992
vt 0.638808 0.442861
vt 0.638819 0.563992
vt 0.646109 0.442858
vt 0.646109 0.563990
vt 0.646098 0.563990
vt 0.646098 0.564172
vt 0.638819 0.564175
vt 0.674515 0.010307
vt 0.669378 0.010307
vt 0.669377 0.010125
vt 0.674514 0.010125
vt 0.671499 0.442858
vt 0.666359 0.442858
vt 0.666359 0.442676
vt 0.671498 0.442676
vt 0.499430 0.525727
vt 0.492155 0.525727
vt 0.492155 0.525545
vt 0.499429 0.525545
vt 0.492143 0.646862
vt 0.492143 0.525727
vt 0.499441 0.525727
vt 0.499441 0.646862
vt 0.863002 0.477274
vt 0.863003 0.469984
vt 0.868148 0.469984
vt 0.868148 0.477272
vt 0.357666 0.867135
vt 0.357666 0.859845
vt 0.362812 0.859845
vt 0.362812 0.867135
vt 0.774055 0.973786
vt 0.753805 0.973786
vt 0.733555 0.973786
vt 0.974109 0.720738
vt 0.264662 0.974160
vt 0.530128 0.974265
vt 0.974478 0.966965
vt 0.974478 0.946715
vt 0.725064 0.405385
vt 0.727206 0.405385
vt 0.727206 0.405464
vt 0.725064 0.405464
vt 0.723731 0.151953
vt 0.720303 0.151953
vt 0.720303 0.151874
vt 0.723730 0.151874
vt 0.416893 0.723876
vt 0.419036 0.723876
vt 0.419036 0.723955
vt 0.416892 0.723955
vt 0.720590 0.052729
vt 0.717160 0.052730
vt 0.717160 0.052651
vt 0.720588 0.052650
vt 0.717157 0.131545
vt 0.717157 0.052730
vt 0.717160 0.131545
vt 0.720593 0.052729
vt 0.720593 0.131544
vt 0.720590 0.131544
vt 0.720588 0.131623
vt 0.717160 0.131624
vt 0.727206 0.326568
vt 0.725064 0.326568
vt 0.725064 0.326489
vt 0.727206 0.326489
vt 0.419036 0.645060
vt 0.416893 0.645060
vt 0.416892 0.644981
vt 0.419036 0.644981
vt 0.720303 0.230769
vt 0.723731 0.230769
vt 0.723730 0.230848
vt 0.720303 0.230848
vt 0.723734 0.151953
vt 0.723734 0.230769
vt 0.720300 0.230769
vt 0.720300 0.151953
vt 0.915114 0.286366
vt 0.915114 0.282932
vt 0.917261 0.282934
vt 0.917261 0.286367
vt 0.462978 0.917448
vt 0.462978 0.914014
vt 0.465124 0.914012
vt 0.465124 0.917446
vt 0.912506 0.683549
vt 0.911594 0.683824
vt 0.911594 0.682850
vt 0.913790 0.660115
vt 0.913416 0.660009
vt 0.913416 0.659034
vt 0.913790 0.658738
vt 0.911214 0.683942
vt 0.911214 0.682564
vt 0.912507 0.659740
vt 0.912883 0.658472
vt 0.913037 0.657944
vt 0.911968 0.681769
vt 0.912126 0.682289
vt 0.912882 0.682465
vt 0.912129 0.658652
vt 0.911969 0.658195
vt 0.913036 0.682019
vt 0.913415 0.683280
vt 0.911595 0.659466
vt 0.911214 0.659346
vt 0.913790 0.683171
vt 0.913415 0.684254
vt 0.911596 0.660440
vt 0.911214 0.660723
vt 0.913792 0.684547
vt 0.912882 0.684817
vt 0.912128 0.661002
vt 0.911968 0.661518
vt 0.913038 0.685342
vt 0.912882 0.660823
vt 0.912128 0.684637
vt 0.913035 0.661267
vt 0.911971 0.685091
vt 0.122263 0.899819
vt 0.121104 0.899473
vt 0.121785 0.898435
vt 0.561606 0.900748
vt 0.561118 0.900895
vt 0.560437 0.899856
vt 0.560645 0.899279
vt 0.120629 0.899332
vt 0.121591 0.897863
vt 0.559954 0.901242
vt 0.122951 0.897542
vt 0.122746 0.898207
vt 0.559475 0.899629
vt 0.559285 0.898958
vt 0.558797 0.900346
vt 0.558324 0.899972
vt 0.123912 0.898556
vt 0.123426 0.898925
vt 0.123426 0.900166
vt 0.558797 0.901587
vt 0.558324 0.901727
vt 0.123911 0.900312
vt 0.122745 0.901205
vt 0.559477 0.902626
vt 0.559286 0.903196
vt 0.122950 0.901780
vt 0.121783 0.901432
vt 0.560438 0.902853
vt 0.560646 0.903517
vt 0.121589 0.902101
vt 0.121104 0.900715
vt 0.561118 0.902136
vt 0.561607 0.902503
vt 0.120629 0.901087
vt 0.915636 0.557795
vt 0.915276 0.557910
vt 0.914761 0.557122
vt 0.914907 0.556682
vt 0.360147 0.913698
vt 0.359779 0.913592
vt 0.360507 0.912479
vt 0.360661 0.912910
vt 0.914399 0.558174
vt 0.361027 0.913959
vt 0.361538 0.912235
vt 0.361390 0.912738
vt 0.914033 0.556950
vt 0.913877 0.556438
vt 0.362267 0.913003
vt 0.361906 0.913281
vt 0.913517 0.557493
vt 0.913148 0.557207
vt 0.913517 0.558434
vt 0.913148 0.558538
vt 0.362267 0.914334
vt 0.361905 0.914221
vt 0.361391 0.915009
vt 0.914032 0.559221
vt 0.913876 0.559651
vt 0.361539 0.915447
vt 0.360662 0.915182
vt 0.914761 0.559393
vt 0.914908 0.559894
vt 0.360508 0.915691
vt 0.360147 0.914638
vt 0.915277 0.558850
vt 0.915636 0.559126
vt 0.359779 0.914923
vt 0.881348 0.341398
vt 0.882023 0.341197
vt 0.882022 0.343690
vt 0.881347 0.343161
vt 0.865829 0.878451
vt 0.867482 0.878943
vt 0.865831 0.880214
vt 0.879703 0.341888
vt 0.865135 0.878244
vt 0.865135 0.880737
vt 0.880656 0.345130
vt 0.880381 0.344179
vt 0.866795 0.881232
vt 0.866500 0.882177
vt 0.878725 0.344673
vt 0.879017 0.343856
vt 0.868161 0.880909
vt 0.868431 0.881719
vt 0.877360 0.342586
vt 0.878051 0.342380
vt 0.869126 0.879433
vt 0.869796 0.879633
vt 0.869126 0.877670
vt 0.869796 0.877140
vt 0.877360 0.340093
vt 0.878051 0.340617
vt 0.879017 0.339599
vt 0.868159 0.876652
vt 0.868430 0.875700
vt 0.878726 0.338653
vt 0.880382 0.339923
vt 0.866795 0.876976
vt 0.866499 0.876157
vt 0.880658 0.339110
vt 0.799154 0.914901
vt 0.798327 0.915149
vt 0.798326 0.914266
vt 0.914551 0.878686
vt 0.914887 0.878585
vt 0.915370 0.879323
vt 0.915235 0.879730
vt 0.797981 0.915252
vt 0.797981 0.914004
vt 0.915709 0.878339
vt 0.916054 0.879485
vt 0.916202 0.879959
vt 0.798665 0.913283
vt 0.798810 0.913756
vt 0.799493 0.913918
vt 0.916537 0.878975
vt 0.916885 0.879237
vt 0.799631 0.913512
vt 0.799977 0.914656
vt 0.916537 0.878093
vt 0.916885 0.877989
vt 0.800315 0.914555
vt 0.799977 0.915538
vt 0.916053 0.877354
vt 0.916201 0.876945
vt 0.800315 0.915804
vt 0.799494 0.916049
vt 0.915370 0.877192
vt 0.915235 0.876716
vt 0.799632 0.916525
vt 0.914886 0.877702
vt 0.798810 0.915887
vt 0.914551 0.877438
vt 0.798665 0.916296
vt 0.559030 0.874864
vt 0.558323 0.874661
vt 0.559728 0.872515
vt 0.560024 0.873346
vt 0.881463 0.314578
vt 0.879770 0.315089
vt 0.880469 0.313060
vt 0.560729 0.875367
vt 0.882158 0.314357
vt 0.880752 0.312211
vt 0.561429 0.873013
vt 0.879064 0.312729
vt 0.878765 0.311741
vt 0.561715 0.872044
vt 0.878070 0.313776
vt 0.562423 0.874062
vt 0.877359 0.313222
vt 0.563120 0.873526
vt 0.563121 0.876092
vt 0.562423 0.875876
vt 0.878070 0.315590
vt 0.877359 0.315788
vt 0.561716 0.878239
vt 0.561430 0.877394
vt 0.879064 0.317107
vt 0.878765 0.317934
vt 0.559729 0.878709
vt 0.560025 0.877726
vt 0.880469 0.317439
vt 0.880752 0.318404
vt 0.558323 0.877228
vt 0.559031 0.876678
vt 0.881463 0.316392
vt 0.882158 0.316923
vt 0.262036 0.856857
vt 0.260182 0.856308
vt 0.261269 0.854648
vt 0.534592 0.858090
vt 0.533815 0.857871
vt 0.533815 0.855888
vt 0.534592 0.855285
vt 0.259415 0.856087
vt 0.260952 0.853741
vt 0.531956 0.857323
vt 0.532729 0.854742
vt 0.533056 0.853664
vt 0.263125 0.853227
vt 0.262806 0.854285
vt 0.263892 0.855431
vt 0.531193 0.855106
vt 0.530883 0.854178
vt 0.264661 0.854847
vt 0.263892 0.857414
vt 0.530106 0.856764
vt 0.529347 0.856523
vt 0.264661 0.857652
vt 0.262805 0.859073
vt 0.530106 0.858748
vt 0.529347 0.859328
vt 0.263124 0.859998
vt 0.261268 0.859436
vt 0.531192 0.859894
vt 0.530883 0.860949
vt 0.260951 0.860512
vt 0.532728 0.859530
vt 0.260182 0.858291
vt 0.533056 0.860435
vt 0.259415 0.858892
vt 0.863931 0.197169
vt 0.863221 0.197391
vt 0.863221 0.194797
vt 0.863931 0.195337
vt 0.123208 0.873424
vt 0.121497 0.873941
vt 0.122204 0.871891
vt 0.865645 0.196655
vt 0.123912 0.873201
vt 0.122492 0.871032
vt 0.864642 0.193300
vt 0.864935 0.194278
vt 0.120784 0.871555
vt 0.120483 0.870558
vt 0.866650 0.193775
vt 0.866356 0.194614
vt 0.119780 0.872614
vt 0.119063 0.872055
vt 0.868070 0.195944
vt 0.867360 0.196147
vt 0.119780 0.874448
vt 0.119063 0.874647
vt 0.868070 0.198537
vt 0.867360 0.197981
vt 0.120784 0.875981
vt 0.120483 0.876816
vt 0.122204 0.876316
vt 0.122491 0.877291
vt 0.866650 0.200034
vt 0.866356 0.199039
vt 0.864935 0.198704
vt 0.123208 0.875257
vt 0.123912 0.875794
vt 0.864642 0.199560
vt 0.739206 0.908521
vt 0.738210 0.908820
vt 0.738623 0.907633
vt 0.715151 0.908811
vt 0.714159 0.908515
vt 0.714741 0.907626
vt 0.739624 0.908395
vt 0.738799 0.907138
vt 0.689381 0.849917
vt 0.689793 0.849807
vt 0.689793 0.851309
vt 0.689383 0.850980
vt 0.715564 0.907431
vt 0.737799 0.907439
vt 0.737635 0.906863
vt 0.714575 0.907138
vt 0.715739 0.906862
vt 0.716146 0.908045
vt 0.737218 0.908053
vt 0.736813 0.907732
vt 0.716562 0.907731
vt 0.737219 0.909115
vt 0.716146 0.909108
vt 0.736813 0.909234
vt 0.716563 0.909234
vt 0.715739 0.910492
vt 0.715564 0.909998
vt 0.737800 0.910006
vt 0.440991 0.939199
vt 0.440583 0.939092
vt 0.440583 0.938030
vt 0.440989 0.937697
vt 0.714575 0.910767
vt 0.714741 0.910192
vt 0.738625 0.910199
vt 0.737637 0.910492
vt 0.738802 0.910767
vt 0.713752 0.909898
vt 0.714159 0.909579
vt 0.739206 0.909585
vt 0.739625 0.909897
vt 0.713752 0.908396
vt 0.288557 0.884539
vt 0.287130 0.884969
vt 0.287129 0.883439
vt 0.671238 0.885184
vt 0.670639 0.885016
vt 0.670638 0.883487
vt 0.671237 0.883021
vt 0.286542 0.885150
vt 0.286541 0.882988
vt 0.669205 0.884594
vt 0.287725 0.881739
vt 0.287966 0.882556
vt 0.669800 0.882604
vt 0.670053 0.881772
vt 0.668616 0.882884
vt 0.668378 0.882169
vt 0.289401 0.882135
vt 0.289151 0.882836
vt 0.289989 0.884115
vt 0.667780 0.884163
vt 0.667195 0.883978
vt 0.290586 0.883944
vt 0.289989 0.885644
vt 0.667780 0.885693
vt 0.667195 0.886141
vt 0.290586 0.886106
vt 0.289152 0.886527
vt 0.668618 0.886575
vt 0.668379 0.887389
vt 0.289402 0.887356
vt 0.287968 0.886248
vt 0.669802 0.886295
vt 0.670055 0.886993
vt 0.287727 0.886960
vt 0.867382 0.812648
vt 0.865572 0.812111
vt 0.866631 0.810493
vt 0.869576 0.442948
vt 0.868836 0.443182
vt 0.867777 0.441563
vt 0.868078 0.440660
vt 0.864816 0.811894
vt 0.866314 0.809606
vt 0.867031 0.443725
vt 0.868434 0.809105
vt 0.868129 0.810139
vt 0.866279 0.441210
vt 0.865959 0.440158
vt 0.865219 0.442326
vt 0.864460 0.441737
vt 0.869932 0.810685
vt 0.869188 0.811257
vt 0.869189 0.813191
vt 0.865219 0.444260
vt 0.864460 0.444474
vt 0.869932 0.813421
vt 0.868129 0.814809
vt 0.866278 0.445879
vt 0.865958 0.446763
vt 0.868433 0.815709
vt 0.866630 0.815163
vt 0.867776 0.446234
vt 0.868077 0.447264
vt 0.866314 0.816210
vt 0.865571 0.814045
vt 0.868835 0.445116
vt 0.869574 0.445683
vt 0.864816 0.814629
vt 0.914053 0.852599
vt 0.913709 0.852705
vt 0.913709 0.851442
vt 0.914053 0.851706
vt 0.915741 0.902104
vt 0.914905 0.901856
vt 0.915742 0.901210
vt 0.914887 0.852349
vt 0.916092 0.902201
vt 0.916092 0.900939
vt 0.914401 0.850713
vt 0.914542 0.851190
vt 0.915252 0.900695
vt 0.915401 0.900209
vt 0.915380 0.850945
vt 0.915234 0.851354
vt 0.914560 0.900858
vt 0.914422 0.900440
vt 0.916072 0.852001
vt 0.915723 0.852101
vt 0.914071 0.901605
vt 0.913730 0.901496
vt 0.916071 0.853264
vt 0.915723 0.852995
vt 0.914071 0.902498
vt 0.913730 0.902759
vt 0.915380 0.853994
vt 0.915233 0.853510
vt 0.914560 0.903014
vt 0.914421 0.903489
vt 0.915252 0.902851
vt 0.915399 0.903258
vt 0.914401 0.853762
vt 0.914542 0.853346
vt 0.388897 0.879311
vt 0.387404 0.879758
vt 0.387404 0.878163
vt 0.337238 0.881140
vt 0.336631 0.881327
vt 0.335758 0.879993
vt 0.336002 0.879253
vt 0.386781 0.879947
vt 0.386781 0.877692
vt 0.335145 0.881773
vt 0.388278 0.877242
vt 0.334523 0.879700
vt 0.334255 0.878840
vt 0.388017 0.876389
vt 0.389513 0.877535
vt 0.333649 0.880622
vt 0.333020 0.880142
vt 0.389765 0.876803
vt 0.390386 0.878869
vt 0.333649 0.882216
vt 0.333020 0.882397
vt 0.390999 0.878690
vt 0.334522 0.883551
vt 0.390387 0.880464
vt 0.334254 0.884285
vt 0.390999 0.880945
vt 0.389764 0.882248
vt 0.389513 0.881385
vt 0.335758 0.883843
vt 0.336002 0.884698
vt 0.388016 0.881834
vt 0.388277 0.881092
vt 0.336631 0.882922
vt 0.337238 0.883395
vt 0.495779 0.907542
vt 0.495345 0.907420
vt 0.495346 0.906322
vt 0.495779 0.905990
vt 0.508008 0.251603
vt 0.507585 0.251480
vt 0.508437 0.250182
vt 0.508611 0.250685
vt 0.494316 0.907114
vt 0.509034 0.251907
vt 0.509640 0.249898
vt 0.509461 0.250484
vt 0.494745 0.905688
vt 0.494928 0.905093
vt 0.510490 0.250795
vt 0.510062 0.251117
vt 0.493894 0.905888
vt 0.493726 0.905376
vt 0.493293 0.906806
vt 0.492873 0.906675
vt 0.510490 0.252348
vt 0.510063 0.252215
vt 0.509460 0.253133
vt 0.493293 0.907904
vt 0.492874 0.908227
vt 0.509639 0.253646
vt 0.508610 0.253335
vt 0.493894 0.908538
vt 0.493725 0.909124
vt 0.508436 0.253930
vt 0.508009 0.252701
vt 0.494743 0.908338
vt 0.494927 0.908841
vt 0.507586 0.253033
vt 0.262186 0.909121
vt 0.261760 0.909253
vt 0.261760 0.907701
vt 0.262186 0.908025
vt 0.775922 0.908434
vt 0.774899 0.908743
vt 0.775321 0.907516
vt 0.263212 0.908813
vt 0.776341 0.908302
vt 0.775491 0.907004
vt 0.774471 0.907315
vt 0.262787 0.907391
vt 0.774289 0.906721
vt 0.262611 0.906806
vt 0.263812 0.907090
vt 0.263637 0.907592
vt 0.773871 0.907951
vt 0.773440 0.907617
vt 0.264661 0.908388
vt 0.264237 0.908510
vt 0.773871 0.909046
vt 0.773440 0.909167
vt 0.264661 0.909940
vt 0.264237 0.909607
vt 0.774472 0.909964
vt 0.774291 0.910465
vt 0.263810 0.910835
vt 0.263636 0.910240
vt 0.775322 0.910164
vt 0.775492 0.910748
vt 0.262609 0.910551
vt 0.262786 0.910039
vt 0.775923 0.909531
vt 0.776341 0.909853
vt 0.614246 0.909514
vt 0.613284 0.909803
vt 0.613284 0.908773
vt 0.671238 0.909123
vt 0.670836 0.909249
vt 0.670272 0.908387
vt 0.670440 0.907905
vt 0.612889 0.909924
vt 0.612889 0.908468
vt 0.669872 0.909538
vt 0.613848 0.908178
vt 0.669474 0.908198
vt 0.669312 0.907638
vt 0.613687 0.907626
vt 0.614646 0.908366
vt 0.668910 0.908792
vt 0.668515 0.908478
vt 0.614815 0.907893
vt 0.615210 0.909228
vt 0.668910 0.909823
vt 0.668515 0.909935
vt 0.615613 0.909111
vt 0.615210 0.910258
vt 0.669474 0.910684
vt 0.669313 0.911153
vt 0.615613 0.910567
vt 0.670272 0.910873
vt 0.614645 0.910852
vt 0.670441 0.911420
vt 0.614816 0.911409
vt 0.613687 0.911142
vt 0.613848 0.910664
vt 0.670836 0.910278
vt 0.671238 0.910579
vt 0.866970 0.257780
vt 0.866241 0.257572
vt 0.867699 0.255346
vt 0.868001 0.256207
vt 0.870481 0.286013
vt 0.868719 0.285491
vt 0.870481 0.284131
vt 0.868730 0.258302
vt 0.871218 0.286219
vt 0.871218 0.283558
vt 0.869761 0.254858
vt 0.869459 0.255861
vt 0.869451 0.283043
vt 0.869761 0.282020
vt 0.871219 0.256395
vt 0.870490 0.256949
vt 0.867993 0.283388
vt 0.867699 0.282507
vt 0.871219 0.259057
vt 0.870490 0.258830
vt 0.866962 0.284962
vt 0.866241 0.284733
vt 0.866962 0.286844
vt 0.866241 0.287394
vt 0.869761 0.261283
vt 0.869459 0.260404
vt 0.868001 0.260749
vt 0.867992 0.287931
vt 0.867698 0.288932
vt 0.867699 0.261770
vt 0.866970 0.259661
vt 0.869450 0.287587
vt 0.869760 0.288445
vt 0.866241 0.260233
vt 0.043602 0.891098
vt 0.043909 0.891048
vt 0.043909 0.892163
vt 0.043603 0.891886
vt 0.387096 0.927515
vt 0.387842 0.927737
vt 0.387096 0.928310
vt 0.843829 0.927663
vt 0.843086 0.927442
vt 0.843521 0.926777
vt 0.386783 0.927422
vt 0.386782 0.928547
vt 0.844138 0.926631
vt 0.387532 0.928769
vt 0.387398 0.929197
vt 0.843397 0.926410
vt 0.844268 0.926204
vt 0.388148 0.928624
vt 0.844574 0.927089
vt 0.388269 0.928991
vt 0.844885 0.926853
vt 0.844885 0.927978
vt 0.844574 0.927885
vt 0.388584 0.927959
vt 0.388886 0.928050
vt 0.844270 0.928920
vt 0.844138 0.928550
vt 0.388584 0.927163
vt 0.940273 0.037848
vt 0.939967 0.037800
vt 0.939967 0.037013
vt 0.940273 0.036735
vt 0.843398 0.929126
vt 0.843522 0.928696
vt 0.388149 0.926704
vt 0.388886 0.926925
vt 0.388271 0.926275
vt 0.842780 0.928477
vt 0.843086 0.928238
vt 0.387533 0.926849
vt 0.387399 0.926480
vt 0.842781 0.927352
vt 0.895672 0.015329
vt 0.894514 0.014985
vt 0.895194 0.013945
vt 0.587726 0.895913
vt 0.588216 0.896056
vt 0.588216 0.897298
vt 0.587726 0.897668
vt 0.938644 0.372190
vt 0.939121 0.372088
vt 0.939121 0.373837
vt 0.938642 0.373427
vt 0.589380 0.896403
vt 0.588896 0.898015
vt 0.588688 0.898682
vt 0.894999 0.013375
vt 0.896359 0.013053
vt 0.896155 0.013718
vt 0.896835 0.014435
vt 0.589857 0.897787
vt 0.590048 0.898360
vt 0.897321 0.014067
vt 0.896835 0.015676
vt 0.590537 0.896749
vt 0.591009 0.896891
vt 0.897321 0.015823
vt 0.896156 0.016715
vt 0.419256 0.939207
vt 0.418781 0.939108
vt 0.418781 0.937872
vt 0.419256 0.937460
vt 0.896360 0.017291
vt 0.590537 0.895507
vt 0.895194 0.016943
vt 0.591009 0.895136
vt 0.589857 0.894790
vt 0.590047 0.894122
vt 0.895000 0.017613
vt 0.588895 0.895018
vt 0.894514 0.016226
vt 0.588687 0.894443
vt 0.894038 0.016599
vt 0.894038 0.014843
vt 0.287319 0.857298
vt 0.286542 0.857072
vt 0.288075 0.854727
vt 0.288403 0.855641
vt 0.617371 0.858565
vt 0.615524 0.858017
vt 0.617370 0.856584
vt 0.289174 0.857849
vt 0.618127 0.858783
vt 0.618127 0.855983
vt 0.290245 0.854213
vt 0.289937 0.855277
vt 0.616286 0.855441
vt 0.616593 0.854366
vt 0.291780 0.855830
vt 0.291022 0.856421
vt 0.614751 0.855804
vt 0.614423 0.854879
vt 0.291780 0.858631
vt 0.291023 0.858401
vt 0.613667 0.857462
vt 0.612889 0.857224
vt 0.290249 0.860975
vt 0.289939 0.860059
vt 0.613667 0.859442
vt 0.612889 0.860024
vt 0.614752 0.860586
vt 0.614423 0.861641
vt 0.288079 0.861490
vt 0.288405 0.860423
vt 0.287320 0.859279
vt 0.616287 0.860223
vt 0.616594 0.861128
vt 0.286544 0.859873
vt 0.888935 0.527235
vt 0.888397 0.527079
vt 0.889477 0.525428
vt 0.889700 0.526066
vt 0.891543 0.501871
vt 0.890235 0.502264
vt 0.890778 0.500703
vt 0.890239 0.527622
vt 0.892088 0.501700
vt 0.891007 0.500049
vt 0.891007 0.525065
vt 0.890781 0.525810
vt 0.889696 0.500447
vt 0.889476 0.499687
vt 0.892088 0.526206
vt 0.891545 0.526617
vt 0.888931 0.501253
vt 0.888396 0.500828
vt 0.892088 0.528180
vt 0.891545 0.528013
vt 0.888932 0.502650
vt 0.888396 0.502802
vt 0.891008 0.529832
vt 0.890780 0.529181
vt 0.889697 0.503817
vt 0.889477 0.504453
vt 0.890779 0.504073
vt 0.891008 0.504815
vt 0.889478 0.530195
vt 0.889699 0.529437
vt 0.888935 0.528631
vt 0.891543 0.503266
vt 0.892088 0.503674
vt 0.888397 0.529054
vt 0.891972 0.286928
vt 0.891469 0.287079
vt 0.891469 0.285263
vt 0.891972 0.285644
vt 0.894376 0.261968
vt 0.893179 0.261612
vt 0.894377 0.260684
vt 0.893176 0.286569
vt 0.894865 0.262112
vt 0.894865 0.260296
vt 0.892464 0.284214
vt 0.892675 0.284903
vt 0.893673 0.259943
vt 0.893871 0.259248
vt 0.893871 0.284547
vt 0.893670 0.285137
vt 0.892678 0.260178
vt 0.892464 0.259581
vt 0.894865 0.286066
vt 0.894374 0.286212
vt 0.891975 0.261252
vt 0.891469 0.261100
vt 0.894865 0.287882
vt 0.894374 0.287496
vt 0.891974 0.262536
vt 0.891470 0.262916
vt 0.892678 0.263278
vt 0.892464 0.263965
vt 0.893870 0.288931
vt 0.893669 0.288238
vt 0.892675 0.288002
vt 0.893673 0.263042
vt 0.893870 0.263631
vt 0.892464 0.288598
vt 0.018818 0.914395
vt 0.019670 0.914141
vt 0.019318 0.915160
vt 0.914563 0.585551
vt 0.913706 0.585807
vt 0.913707 0.584893
vt 0.018471 0.914501
vt 0.019178 0.915581
vt 0.913349 0.585915
vt 0.913349 0.584623
vt 0.914207 0.584366
vt 0.020025 0.915327
vt 0.020179 0.915818
vt 0.914057 0.583876
vt 0.914915 0.584533
vt 0.020527 0.914799
vt 0.020887 0.915072
vt 0.915058 0.584113
vt 0.020527 0.913886
vt 0.915416 0.585297
vt 0.020887 0.913780
vt 0.163482 0.939858
vt 0.163128 0.940138
vt 0.163128 0.938846
vt 0.163480 0.938945
vt 0.915766 0.585194
vt 0.915766 0.586485
vt 0.915416 0.586211
vt 0.020026 0.913121
vt 0.020180 0.912699
vt 0.915059 0.587232
vt 0.914916 0.586738
vt 0.019318 0.912954
vt 0.019179 0.912463
vt 0.914057 0.586996
vt 0.914207 0.586571
vt 0.018818 0.913482
vt 0.018472 0.913209
vt 0.940319 0.014346
vt 0.939968 0.014067
vt 0.939968 0.013154
vt 0.940319 0.013054
vt 0.614856 0.884626
vt 0.613463 0.884212
vt 0.614280 0.882962
vt 0.092853 0.885611
vt 0.092264 0.885441
vt 0.092264 0.883947
vt 0.092853 0.883501
vt 0.612890 0.884044
vt 0.614045 0.882278
vt 0.090864 0.885026
vt 0.615681 0.881889
vt 0.615436 0.882688
vt 0.091446 0.883086
vt 0.091696 0.882280
vt 0.090289 0.883359
vt 0.090061 0.882668
vt 0.616837 0.883109
vt 0.616254 0.883550
vt 0.616255 0.885044
vt 0.089472 0.884609
vt 0.088905 0.884435
vt 0.616838 0.885222
vt 0.615437 0.886294
vt 0.089473 0.886102
vt 0.088905 0.886546
vt 0.615682 0.886988
vt 0.614281 0.886567
vt 0.090290 0.886964
vt 0.090062 0.887766
vt 0.614046 0.887376
vt 0.613463 0.885705
vt 0.091447 0.886690
vt 0.091697 0.887378
vt 0.612890 0.886156
vt 0.892570 0.611797
vt 0.893101 0.611638
vt 0.893101 0.613600
vt 0.892569 0.613184
vt 0.892553 0.584299
vt 0.891252 0.584687
vt 0.891793 0.583139
vt 0.891275 0.612182
vt 0.893100 0.584137
vt 0.892026 0.582495
vt 0.892026 0.614733
vt 0.891809 0.613985
vt 0.890719 0.582884
vt 0.890507 0.582135
vt 0.890506 0.614374
vt 0.890735 0.613731
vt 0.889959 0.583686
vt 0.889432 0.583268
vt 0.889432 0.612732
vt 0.889975 0.612570
vt 0.889959 0.585073
vt 0.889432 0.585230
vt 0.889432 0.610770
vt 0.889975 0.611183
vt 0.890719 0.586234
vt 0.890506 0.586872
vt 0.890507 0.609637
vt 0.890735 0.610381
vt 0.891793 0.586488
vt 0.892025 0.587232
vt 0.892553 0.585687
vt 0.893100 0.586099
vt 0.892026 0.609996
vt 0.891810 0.610636
vt 0.869833 0.370426
vt 0.868094 0.369909
vt 0.869112 0.368356
vt 0.645625 0.868845
vt 0.644917 0.868642
vt 0.644916 0.866787
vt 0.645625 0.866222
vt 0.867367 0.369696
vt 0.868804 0.367501
vt 0.643184 0.868130
vt 0.870550 0.368016
vt 0.643899 0.865716
vt 0.644186 0.864706
vt 0.870839 0.367020
vt 0.871565 0.369089
vt 0.642461 0.866057
vt 0.642152 0.865189
vt 0.872276 0.368537
vt 0.871564 0.370945
vt 0.641444 0.867609
vt 0.640716 0.867386
vt 0.872276 0.371162
vt 0.641445 0.869465
vt 0.870549 0.372498
vt 0.640717 0.870010
vt 0.870838 0.373358
vt 0.868805 0.373838
vt 0.869109 0.372838
vt 0.642464 0.870538
vt 0.642156 0.871525
vt 0.867367 0.372321
vt 0.868093 0.371765
vt 0.643901 0.870196
vt 0.644190 0.871043
vt 0.465898 0.864786
vt 0.465131 0.865018
vt 0.464064 0.863388
vt 0.464389 0.862481
vt 0.755337 0.803192
vt 0.756089 0.802978
vt 0.756089 0.805733
vt 0.755338 0.805141
vt 0.463304 0.865564
vt 0.867048 0.416329
vt 0.868866 0.415787
vt 0.868867 0.417735
vt 0.869612 0.418318
vt 0.868102 0.419909
vt 0.867799 0.418860
vt 0.462555 0.863031
vt 0.462254 0.861976
vt 0.865969 0.419403
vt 0.866290 0.418502
vt 0.461488 0.864155
vt 0.460746 0.863566
vt 0.461488 0.866104
vt 0.460746 0.866321
vt 0.864461 0.417097
vt 0.865223 0.416873
vt 0.865224 0.414924
vt 0.937068 0.853994
vt 0.936320 0.853785
vt 0.936320 0.851837
vt 0.937066 0.851240
vt 0.864461 0.414343
vt 0.462555 0.867734
vt 0.866292 0.413799
vt 0.462254 0.868626
vt 0.464064 0.868091
vt 0.464388 0.869132
vt 0.865970 0.412752
vt 0.867800 0.414157
vt 0.465131 0.866967
vt 0.465898 0.867541
vt 0.868104 0.413257
vt 0.869612 0.415563
vt 0.755998 0.828101
vt 0.755340 0.828375
vt 0.755340 0.825982
vt 0.755998 0.826409
vt 0.881831 0.086313
vt 0.880232 0.085839
vt 0.881831 0.084609
vt 0.880243 0.059320
vt 0.878651 0.058846
vt 0.879585 0.057420
vt 0.882503 0.086509
vt 0.882503 0.084099
vt 0.880897 0.083625
vt 0.880905 0.057108
vt 0.881183 0.082707
vt 0.879318 0.056638
vt 0.881185 0.056196
vt 0.882505 0.057588
vt 0.881839 0.058092
vt 0.879577 0.083937
vt 0.879316 0.083148
vt 0.882505 0.059998
vt 0.881839 0.059797
vt 0.878644 0.085363
vt 0.877997 0.085164
vt 0.881185 0.062015
vt 0.880906 0.061222
vt 0.878644 0.087067
vt 0.691552 0.880818
vt 0.692205 0.881088
vt 0.692205 0.882782
vt 0.691552 0.883213
vt 0.879317 0.062456
vt 0.879585 0.061534
vt 0.879578 0.088051
vt 0.877997 0.087574
vt 0.879316 0.088967
vt 0.877997 0.061064
vt 0.878651 0.060550
vt 0.880897 0.087739
vt 0.881183 0.088525
vt 0.877998 0.058655
vt 0.871345 0.016434
vt 0.869617 0.015922
vt 0.870629 0.014376
vt 0.591009 0.871206
vt 0.590286 0.871004
vt 0.590286 0.869157
vt 0.591009 0.868593
vt 0.868901 0.015717
vt 0.870333 0.013531
vt 0.588556 0.870494
vt 0.872061 0.014038
vt 0.589274 0.868089
vt 0.589578 0.867084
vt 0.872357 0.013052
vt 0.873073 0.015105
vt 0.587843 0.868428
vt 0.587553 0.867562
vt 0.873788 0.014561
vt 0.873073 0.016953
vt 0.586831 0.869973
vt 0.586122 0.869748
vt 0.873788 0.017175
vt 0.872061 0.018499
vt 0.586831 0.871821
vt 0.586122 0.872361
vt 0.872357 0.019361
vt 0.587843 0.872888
vt 0.870629 0.018837
vt 0.587553 0.873870
vt 0.870333 0.019839
vt 0.868901 0.018330
vt 0.869617 0.017770
vt 0.589274 0.872550
vt 0.589577 0.873392
vt 0.913401 0.474873
vt 0.913039 0.474985
vt 0.913039 0.473650
vt 0.913401 0.473929
vt 0.915200 0.198567
vt 0.914315 0.198305
vt 0.915201 0.197623
vt 0.914283 0.474608
vt 0.915571 0.198671
vt 0.915571 0.197337
vt 0.913770 0.472879
vt 0.913918 0.473383
vt 0.914683 0.197078
vt 0.914840 0.196566
vt 0.914805 0.473123
vt 0.914649 0.473556
vt 0.913952 0.197250
vt 0.913805 0.196810
vt 0.915536 0.474240
vt 0.915166 0.474346
vt 0.913435 0.198040
vt 0.913075 0.197927
vt 0.913435 0.198984
vt 0.913075 0.199262
vt 0.915536 0.475575
vt 0.915167 0.475290
vt 0.914650 0.475836
vt 0.913952 0.199530
vt 0.913806 0.200033
vt 0.914805 0.476346
vt 0.913919 0.475663
vt 0.914683 0.199357
vt 0.914840 0.199789
vt 0.913770 0.476102
vt 0.936498 0.773740
vt 0.937024 0.773532
vt 0.937025 0.775460
vt 0.936498 0.775103
vt 0.892947 0.414891
vt 0.891662 0.415276
vt 0.892196 0.413745
vt 0.891631 0.444744
vt 0.890352 0.444364
vt 0.891103 0.443218
vt 0.893485 0.414726
vt 0.892423 0.413105
vt 0.892165 0.442966
vt 0.891134 0.413494
vt 0.890922 0.412751
vt 0.890888 0.442588
vt 0.892389 0.442234
vt 0.890384 0.414285
vt 0.892915 0.443758
vt 0.889862 0.413870
vt 0.893450 0.443354
vt 0.893450 0.445290
vt 0.892914 0.445128
vt 0.890384 0.415655
vt 0.889862 0.415807
vt 0.892388 0.446911
vt 0.892163 0.446274
vt 0.891135 0.416801
vt 0.937659 0.879960
vt 0.937135 0.879754
vt 0.937135 0.878390
vt 0.937660 0.878030
vt 0.890887 0.447266
vt 0.891102 0.446525
vt 0.892197 0.417052
vt 0.890924 0.417428
vt 0.892425 0.417783
vt 0.889826 0.446146
vt 0.890352 0.445734
vt 0.892947 0.416261
vt 0.893485 0.416663
vt 0.889826 0.444209
vt 0.090201 0.909816
vt 0.089283 0.909543
vt 0.089821 0.908720
vt 0.911407 0.719576
vt 0.911022 0.719696
vt 0.910484 0.718874
vt 0.910645 0.718414
vt 0.088905 0.909433
vt 0.089666 0.908271
vt 0.910102 0.719973
vt 0.909722 0.718694
vt 0.909568 0.718159
vt 0.090743 0.908016
vt 0.090583 0.908540
vt 0.091121 0.909108
vt 0.909184 0.719262
vt 0.908808 0.718961
vt 0.091505 0.908818
vt 0.091121 0.910091
vt 0.909185 0.720245
vt 0.908808 0.720353
vt 0.091505 0.910208
vt 0.090583 0.910913
vt 0.909724 0.721067
vt 0.909569 0.721515
vt 0.090744 0.911372
vt 0.089822 0.911094
vt 0.910485 0.721247
vt 0.910646 0.721770
vt 0.089667 0.911626
vt 0.911023 0.720679
vt 0.089284 0.910527
vt 0.911408 0.720967
vt 0.088905 0.910824
vt 0.864609 0.746136
vt 0.863867 0.745919
vt 0.865333 0.743681
vt 0.865645 0.744554
vt 0.870522 0.224321
vt 0.868757 0.223797
vt 0.870522 0.222429
vt 0.866382 0.746664
vt 0.871244 0.224530
vt 0.871244 0.221854
vt 0.867406 0.743190
vt 0.867111 0.744207
vt 0.869486 0.221336
vt 0.869779 0.220309
vt 0.868872 0.744736
vt 0.868147 0.745300
vt 0.868020 0.221683
vt 0.867706 0.220799
vt 0.868872 0.747412
vt 0.868148 0.747192
vt 0.866984 0.223266
vt 0.866240 0.223038
vt 0.867406 0.749650
vt 0.867111 0.748774
vt 0.866984 0.225157
vt 0.866240 0.225713
vt 0.868020 0.226250
vt 0.867705 0.227259
vt 0.865333 0.750141
vt 0.865646 0.749121
vt 0.864609 0.748028
vt 0.869485 0.225903
vt 0.869779 0.226768
vt 0.863868 0.748595
vt 0.914502 0.504917
vt 0.913599 0.504649
vt 0.914502 0.503955
vt 0.913603 0.528429
vt 0.912707 0.528697
vt 0.912707 0.527736
vt 0.914881 0.505028
vt 0.914881 0.503668
vt 0.912338 0.528809
vt 0.912338 0.527450
vt 0.913234 0.527180
vt 0.913975 0.503399
vt 0.914137 0.502881
vt 0.913083 0.526663
vt 0.913978 0.527355
vt 0.913231 0.503576
vt 0.913082 0.503129
vt 0.914137 0.526911
vt 0.912703 0.504379
vt 0.914505 0.528160
vt 0.912338 0.504267
vt 0.914883 0.528049
vt 0.914883 0.529408
vt 0.914505 0.529121
vt 0.912703 0.505341
vt 0.912338 0.505626
vt 0.914138 0.530195
vt 0.913979 0.529677
vt 0.913230 0.505897
vt 0.913082 0.506413
vt 0.913084 0.529947
vt 0.913234 0.529502
vt 0.913975 0.505722
vt 0.914136 0.506166
vt 0.867433 0.852272
vt 0.865813 0.851790
vt 0.866761 0.850344
vt 0.844884 0.878194
vt 0.844226 0.878398
vt 0.843279 0.876951
vt 0.843544 0.876148
vt 0.865136 0.851592
vt 0.866476 0.849546
vt 0.842614 0.878882
vt 0.868371 0.849100
vt 0.868101 0.850027
vt 0.841939 0.876635
vt 0.841650 0.875701
vt 0.840992 0.877634
vt 0.840310 0.877114
vt 0.869711 0.850513
vt 0.869048 0.851027
vt 0.869048 0.852757
vt 0.840992 0.879364
vt 0.840310 0.879560
vt 0.869710 0.852959
vt 0.868100 0.854203
vt 0.841939 0.880810
vt 0.841650 0.881606
vt 0.868369 0.855005
vt 0.866760 0.854519
vt 0.843279 0.881127
vt 0.843545 0.882053
vt 0.866474 0.855452
vt 0.865813 0.853519
vt 0.844227 0.880127
vt 0.844884 0.880641
vt 0.865136 0.854040
vt 0.065803 0.893322
vt 0.064641 0.893671
vt 0.064640 0.892428
vt 0.894784 0.225464
vt 0.894298 0.225329
vt 0.894299 0.224086
vt 0.894784 0.223706
vt 0.064161 0.893820
vt 0.064161 0.892062
vt 0.893134 0.224986
vt 0.893618 0.223367
vt 0.893822 0.222690
vt 0.065124 0.891046
vt 0.065321 0.891710
vt 0.066285 0.891938
vt 0.892654 0.223595
vt 0.892459 0.223012
vt 0.066486 0.891368
vt 0.066966 0.892977
vt 0.891973 0.224635
vt 0.891495 0.224482
vt 0.067450 0.892839
vt 0.066967 0.894220
vt 0.891973 0.225878
vt 0.891495 0.226240
vt 0.067451 0.894596
vt 0.066287 0.894939
vt 0.892654 0.226596
vt 0.892457 0.227257
vt 0.066489 0.895613
vt 0.893617 0.226369
vt 0.065323 0.894711
vt 0.893820 0.226935
vt 0.065126 0.895290
vt 0.926687 0.140099
vt 0.926374 0.140010
vt 0.926998 0.139057
vt 0.927127 0.139425
vt 0.928192 0.116900
vt 0.927439 0.117127
vt 0.927751 0.116226
vt 0.927440 0.140322
vt 0.928505 0.116801
vt 0.927880 0.115847
vt 0.927881 0.138848
vt 0.927752 0.139278
vt 0.927126 0.116078
vt 0.926997 0.115639
vt 0.928505 0.139506
vt 0.928193 0.139743
vt 0.926686 0.116543
vt 0.926373 0.116297
vt 0.928505 0.140645
vt 0.928193 0.140548
vt 0.926686 0.117349
vt 0.926373 0.117436
vt 0.927881 0.141599
vt 0.927752 0.141223
vt 0.927127 0.118023
vt 0.926998 0.118389
vt 0.926998 0.141807
vt 0.927127 0.141370
vt 0.927751 0.118170
vt 0.927881 0.118598
vt 0.928192 0.117705
vt 0.928505 0.117940
vt 0.926374 0.141150
vt 0.926686 0.140905
vt 0.914485 0.170360
vt 0.913617 0.170620
vt 0.913617 0.169691
vt 0.915808 0.613392
vt 0.915446 0.613291
vt 0.915445 0.612362
vt 0.915808 0.612078
vt 0.913259 0.170731
vt 0.913259 0.169417
vt 0.914576 0.613034
vt 0.914126 0.169155
vt 0.914936 0.611825
vt 0.915089 0.611319
vt 0.913979 0.168658
vt 0.914846 0.169325
vt 0.914216 0.611995
vt 0.914070 0.611559
vt 0.914997 0.168900
vt 0.915355 0.170102
vt 0.913708 0.612772
vt 0.913351 0.612659
vt 0.915717 0.169999
vt 0.915354 0.171031
vt 0.913708 0.613702
vt 0.913351 0.613973
vt 0.915716 0.171313
vt 0.914217 0.614239
vt 0.914845 0.171568
vt 0.914071 0.614732
vt 0.914996 0.172072
vt 0.913978 0.171831
vt 0.914125 0.171397
vt 0.914937 0.614068
vt 0.915089 0.614491
vt 0.864775 0.583169
vt 0.864031 0.582957
vt 0.865516 0.580690
vt 0.865824 0.581567
vt 0.066703 0.867825
vt 0.064908 0.867297
vt 0.066702 0.865910
vt 0.866567 0.583701
vt 0.067451 0.868035
vt 0.067451 0.865325
vt 0.867615 0.580194
vt 0.867309 0.581216
vt 0.065653 0.864803
vt 0.065967 0.863760
vt 0.869100 0.581758
vt 0.868358 0.582322
vt 0.064169 0.865153
vt 0.063868 0.864255
vt 0.869100 0.584469
vt 0.868359 0.584239
vt 0.063119 0.866756
vt 0.062383 0.866522
vt 0.867615 0.586736
vt 0.867309 0.585842
vt 0.063119 0.868672
vt 0.062383 0.869232
vt 0.064169 0.869779
vt 0.063868 0.870797
vt 0.865516 0.587232
vt 0.865824 0.586192
vt 0.864775 0.585085
vt 0.065653 0.869429
vt 0.065967 0.870301
vt 0.864032 0.585666
vt 0.738328 0.856859
vt 0.736436 0.856297
vt 0.737542 0.854607
vt 0.715396 0.856066
vt 0.714629 0.856303
vt 0.713524 0.854613
vt 0.713833 0.853678
vt 0.735646 0.856066
vt 0.737209 0.853677
vt 0.712748 0.856866
vt 0.739106 0.854238
vt 0.711960 0.854243
vt 0.711622 0.853154
vt 0.739421 0.853154
vt 0.740211 0.855404
vt 0.710855 0.855410
vt 0.710059 0.854803
vt 0.740984 0.854803
vt 0.740211 0.857422
vt 0.710855 0.857428
vt 0.710059 0.857658
vt 0.740984 0.857658
vt 0.711960 0.859117
vt 0.739106 0.859111
vt 0.711622 0.860046
vt 0.739421 0.860046
vt 0.737209 0.860569
vt 0.737542 0.859481
vt 0.713524 0.859487
vt 0.713833 0.860569
vt 0.735646 0.858921
vt 0.736436 0.858315
vt 0.714629 0.858321
vt 0.715396 0.858921
vt 0.041485 0.914356
vt 0.041138 0.914464
vt 0.041138 0.913195
vt 0.041484 0.913458
vt 0.915723 0.445872
vt 0.914883 0.445625
vt 0.915723 0.444975
vt 0.042323 0.914104
vt 0.916072 0.445970
vt 0.916072 0.444701
vt 0.041833 0.912462
vt 0.041977 0.912941
vt 0.915230 0.444458
vt 0.915377 0.443969
vt 0.042816 0.912695
vt 0.042671 0.913106
vt 0.914536 0.444623
vt 0.914394 0.444201
vt 0.043511 0.913756
vt 0.043162 0.913857
vt 0.914045 0.445374
vt 0.913700 0.445263
vt 0.914045 0.446270
vt 0.913700 0.446532
vt 0.043511 0.915025
vt 0.043162 0.914753
vt 0.042670 0.915271
vt 0.914538 0.446788
vt 0.914395 0.447264
vt 0.042816 0.915757
vt 0.041976 0.915106
vt 0.915232 0.446623
vt 0.915378 0.447032
vt 0.041833 0.915525
vt 0.903216 0.087121
vt 0.902753 0.087260
vt 0.902753 0.085586
vt 0.903217 0.085938
vt 0.903139 0.115461
vt 0.904242 0.115132
vt 0.903789 0.116451
vt 0.904325 0.086791
vt 0.902690 0.115595
vt 0.903607 0.116996
vt 0.903670 0.084620
vt 0.903865 0.085254
vt 0.904705 0.116669
vt 0.904903 0.117303
vt 0.904966 0.084926
vt 0.904781 0.085471
vt 0.905353 0.115985
vt 0.905820 0.116336
vt 0.905883 0.086326
vt 0.905430 0.086461
vt 0.905353 0.114801
vt 0.905820 0.114663
vt 0.905883 0.088000
vt 0.905429 0.087644
vt 0.904705 0.113811
vt 0.904903 0.113262
vt 0.903788 0.113594
vt 0.903606 0.112955
vt 0.904966 0.088967
vt 0.904781 0.088328
vt 0.903865 0.088111
vt 0.903140 0.114278
vt 0.902690 0.113922
vt 0.903669 0.088660
vt 0.894159 0.371555
vt 0.895324 0.371902
vt 0.894643 0.372941
vt 0.644003 0.894546
vt 0.643530 0.894406
vt 0.643530 0.893164
vt 0.644003 0.892789
vt 0.895810 0.372046
vt 0.894848 0.373516
vt 0.642372 0.894062
vt 0.893681 0.373169
vt 0.642850 0.892446
vt 0.643041 0.891774
vt 0.893487 0.373838
vt 0.893000 0.372451
vt 0.641887 0.892674
vt 0.641679 0.892096
vt 0.892524 0.372823
vt 0.892999 0.371208
vt 0.641206 0.893714
vt 0.640717 0.893567
vt 0.892524 0.371066
vt 0.641207 0.894956
vt 0.893680 0.370169
vt 0.640717 0.895323
vt 0.893486 0.369596
vt 0.894847 0.369273
vt 0.894643 0.369941
vt 0.641887 0.895674
vt 0.641679 0.896339
vt 0.895810 0.370289
vt 0.895323 0.370659
vt 0.642850 0.895446
vt 0.643041 0.896016
vt 0.417262 0.915834
vt 0.416924 0.915939
vt 0.416924 0.914692
vt 0.417262 0.914953
vt 0.918045 0.372470
vt 0.917219 0.372226
vt 0.918046 0.371590
vt 0.418085 0.915587
vt 0.918392 0.372569
vt 0.918392 0.371322
vt 0.417607 0.913971
vt 0.417745 0.914443
vt 0.917563 0.371079
vt 0.917710 0.370601
vt 0.418572 0.914200
vt 0.418427 0.914604
vt 0.916880 0.371240
vt 0.916745 0.370829
vt 0.419256 0.915242
vt 0.418911 0.915342
vt 0.916397 0.371978
vt 0.916061 0.371871
vt 0.916396 0.372859
vt 0.916061 0.373119
vt 0.419256 0.916489
vt 0.418912 0.916223
vt 0.418428 0.916733
vt 0.916879 0.373369
vt 0.916743 0.373840
vt 0.418573 0.917210
vt 0.417746 0.916572
vt 0.917562 0.373208
vt 0.917708 0.373611
vt 0.417608 0.916981
vt 0.877997 0.138059
vt 0.878661 0.138254
vt 0.878661 0.139935
vt 0.877997 0.140434
vt 0.936435 0.810123
vt 0.937084 0.809996
vt 0.937084 0.812359
vt 0.936436 0.811794
vt 0.880236 0.138724
vt 0.880230 0.112301
vt 0.881798 0.111833
vt 0.881798 0.113514
vt 0.882441 0.114015
vt 0.881140 0.115387
vt 0.880878 0.114483
vt 0.879580 0.140905
vt 0.879299 0.141808
vt 0.879299 0.114952
vt 0.879576 0.114176
vt 0.880882 0.140598
vt 0.881139 0.141372
vt 0.881802 0.139192
vt 0.882441 0.139384
vt 0.877998 0.112964
vt 0.878656 0.112769
vt 0.878656 0.111089
vt 0.937140 0.753283
vt 0.936497 0.753162
vt 0.936497 0.751491
vt 0.937140 0.750922
vt 0.877998 0.110588
vt 0.881802 0.137511
vt 0.879576 0.110119
vt 0.882441 0.137009
vt 0.880882 0.136542
vt 0.881139 0.135637
vt 0.879299 0.109216
vt 0.880878 0.110427
vt 0.879580 0.136849
vt 0.879299 0.136071
vt 0.881140 0.109652
vt 0.882441 0.111639
vt 0.914254 0.752792
vt 0.913907 0.752896
vt 0.913907 0.751644
vt 0.914254 0.751907
vt 0.914244 0.776296
vt 0.915069 0.776050
vt 0.914729 0.777037
vt 0.915083 0.752545
vt 0.913908 0.776398
vt 0.914594 0.777445
vt 0.914593 0.750922
vt 0.914739 0.751396
vt 0.915415 0.777199
vt 0.915563 0.777674
vt 0.915563 0.751151
vt 0.915424 0.751558
vt 0.915900 0.776687
vt 0.916249 0.776951
vt 0.916248 0.752198
vt 0.915909 0.752299
vt 0.915899 0.775802
vt 0.916249 0.775699
vt 0.915414 0.775062
vt 0.915562 0.774652
vt 0.916248 0.753450
vt 0.915909 0.753184
vt 0.915424 0.753695
vt 0.914728 0.774900
vt 0.914593 0.774423
vt 0.915563 0.754173
vt 0.914739 0.753533
vt 0.914244 0.775411
vt 0.913907 0.775146
vt 0.914593 0.753944
vt 0.774049 0.883116
vt 0.773440 0.882940
vt 0.774666 0.881069
vt 0.774917 0.881793
vt 0.496439 0.881506
vt 0.494957 0.881954
vt 0.495569 0.880183
vt 0.775527 0.883556
vt 0.497057 0.881313
vt 0.495829 0.879442
vt 0.776400 0.880658
vt 0.776141 0.881503
vt 0.494344 0.879895
vt 0.494096 0.879033
vt 0.777625 0.881951
vt 0.777008 0.882418
vt 0.493479 0.880810
vt 0.492872 0.880327
vt 0.777625 0.884189
vt 0.777007 0.883999
vt 0.493479 0.882391
vt 0.492872 0.882564
vt 0.776398 0.886061
vt 0.776139 0.885323
vt 0.494348 0.883714
vt 0.494100 0.884435
vt 0.495573 0.884002
vt 0.495834 0.884843
vt 0.774664 0.886470
vt 0.774915 0.885612
vt 0.774049 0.884698
vt 0.496438 0.883087
vt 0.497058 0.883549
vt 0.773440 0.885178
vt 0.887643 0.685896
vt 0.887069 0.685731
vt 0.888210 0.683987
vt 0.888450 0.684663
vt 0.890401 0.660248
vt 0.889026 0.660663
vt 0.889594 0.659015
vt 0.889023 0.686305
vt 0.890965 0.660069
vt 0.889823 0.658326
vt 0.889825 0.683606
vt 0.889592 0.684393
vt 0.888452 0.658746
vt 0.888209 0.657945
vt 0.890966 0.684808
vt 0.890399 0.685243
vt 0.887646 0.659597
vt 0.887068 0.659148
vt 0.890966 0.686893
vt 0.890400 0.686718
vt 0.887645 0.661071
vt 0.887068 0.661232
vt 0.889825 0.688637
vt 0.889593 0.687951
vt 0.888452 0.662303
vt 0.888208 0.662976
vt 0.888211 0.689019
vt 0.888451 0.688220
vt 0.889593 0.662573
vt 0.889823 0.663357
vt 0.890399 0.661723
vt 0.890964 0.662155
vt 0.887071 0.687816
vt 0.887644 0.687370
vt 0.185452 0.866537
vt 0.184709 0.866321
vt 0.186206 0.864035
vt 0.186510 0.864921
vt 0.163698 0.867626
vt 0.161887 0.867089
vt 0.163698 0.865695
vt 0.187256 0.867072
vt 0.164459 0.867844
vt 0.164459 0.865113
vt 0.162640 0.864579
vt 0.188007 0.864567
vt 0.162963 0.863535
vt 0.188322 0.863535
vt 0.189818 0.865112
vt 0.189065 0.865682
vt 0.161144 0.864932
vt 0.160848 0.864035
vt 0.189818 0.867844
vt 0.189065 0.867614
vt 0.160086 0.866548
vt 0.159351 0.866320
vt 0.188322 0.870130
vt 0.188006 0.869230
vt 0.160086 0.868480
vt 0.159351 0.869052
vt 0.186205 0.870630
vt 0.186510 0.869584
vt 0.161144 0.869596
vt 0.160847 0.870630
vt 0.184709 0.869052
vt 0.185452 0.868469
vt 0.162640 0.869242
vt 0.162963 0.870130
vt 0.261097 0.883213
vt 0.260488 0.883037
vt 0.261710 0.881170
vt 0.261961 0.881893
vt 0.740364 0.884162
vt 0.738886 0.883725
vt 0.740364 0.882585
vt 0.262571 0.883650
vt 0.740984 0.884337
vt 0.740984 0.882106
vt 0.263183 0.881604
vt 0.739499 0.881674
vt 0.739761 0.880819
vt 0.263438 0.880762
vt 0.738278 0.881964
vt 0.264047 0.882514
vt 0.738033 0.881227
vt 0.264661 0.882050
vt 0.264660 0.884280
vt 0.264047 0.884092
vt 0.737415 0.883283
vt 0.736813 0.883094
vt 0.263439 0.886148
vt 0.263183 0.885412
vt 0.737415 0.884861
vt 0.736813 0.885326
vt 0.261711 0.886556
vt 0.261961 0.885701
vt 0.738280 0.885772
vt 0.738036 0.886613
vt 0.260488 0.885268
vt 0.261098 0.884791
vt 0.739501 0.885482
vt 0.739763 0.886205
vt 0.890671 0.811837
vt 0.891874 0.811479
vt 0.891378 0.812917
vt 0.891760 0.853078
vt 0.890552 0.853439
vt 0.890551 0.852149
vt 0.890181 0.811984
vt 0.891181 0.813510
vt 0.890046 0.853590
vt 0.890046 0.851766
vt 0.891258 0.851404
vt 0.892378 0.813153
vt 0.892594 0.813844
vt 0.891044 0.850712
vt 0.892257 0.851639
vt 0.893085 0.812408
vt 0.893593 0.812791
vt 0.892458 0.851045
vt 0.893084 0.811118
vt 0.892964 0.852719
vt 0.893593 0.810966
vt 0.893458 0.852571
vt 0.893459 0.854396
vt 0.892965 0.854009
vt 0.892377 0.810038
vt 0.892593 0.809439
vt 0.892460 0.855450
vt 0.892258 0.854754
vt 0.891377 0.809802
vt 0.891180 0.809105
vt 0.891047 0.855116
vt 0.891259 0.854518
vt 0.890672 0.810547
vt 0.890181 0.810159
vt 0.289217 0.909495
vt 0.290183 0.909784
vt 0.289617 0.910646
vt 0.532071 0.909454
vt 0.531680 0.909338
vt 0.531679 0.908308
vt 0.532072 0.907997
vt 0.290586 0.909903
vt 0.289788 0.911121
vt 0.530719 0.909053
vt 0.288819 0.910834
vt 0.531116 0.907713
vt 0.531274 0.907156
vt 0.288658 0.911387
vt 0.288256 0.910237
vt 0.530317 0.907903
vt 0.530145 0.907422
vt 0.287862 0.910545
vt 0.288255 0.909207
vt 0.529753 0.908765
vt 0.529347 0.908641
vt 0.461639 0.938807
vt 0.461242 0.939147
vt 0.461243 0.937697
vt 0.461639 0.937780
vt 0.529752 0.909795
vt 0.288821 0.908345
vt 0.529347 0.910098
vt 0.287862 0.909088
vt 0.288661 0.907870
vt 0.289790 0.907604
vt 0.289620 0.908157
vt 0.530316 0.910389
vt 0.530145 0.910940
vt 0.290587 0.908446
vt 0.290183 0.908754
vt 0.531115 0.910200
vt 0.531273 0.910673
vt 0.187671 0.940298
vt 0.187276 0.939959
vt 0.187276 0.938932
vt 0.187671 0.938846
vt 0.914188 0.810975
vt 0.913842 0.811080
vt 0.913842 0.809829
vt 0.914189 0.810090
vt 0.915739 0.415912
vt 0.914914 0.416159
vt 0.915254 0.415171
vt 0.915018 0.810727
vt 0.916075 0.415807
vt 0.915390 0.414760
vt 0.914568 0.415008
vt 0.914673 0.809579
vt 0.914420 0.414530
vt 0.914528 0.809106
vt 0.915499 0.809335
vt 0.915359 0.809741
vt 0.914083 0.415518
vt 0.913734 0.415252
vt 0.916184 0.810383
vt 0.915844 0.810482
vt 0.914083 0.416405
vt 0.913734 0.416505
vt 0.916184 0.811635
vt 0.915844 0.811367
vt 0.914567 0.417146
vt 0.914418 0.417553
vt 0.915499 0.812358
vt 0.915359 0.811879
vt 0.915253 0.417308
vt 0.915388 0.417784
vt 0.914528 0.812129
vt 0.914673 0.811717
vt 0.915738 0.416798
vt 0.916075 0.417060
vt 0.529942 0.883618
vt 0.529348 0.883441
vt 0.530550 0.881603
vt 0.530793 0.882318
vt 0.713067 0.883242
vt 0.714525 0.883676
vt 0.713067 0.884796
vt 0.531392 0.884050
vt 0.712455 0.883059
vt 0.712455 0.885257
vt 0.531996 0.882033
vt 0.713919 0.885692
vt 0.713659 0.886526
vt 0.532253 0.881199
vt 0.715122 0.885408
vt 0.532848 0.882930
vt 0.715360 0.886123
vt 0.533456 0.882468
vt 0.533456 0.884665
vt 0.532848 0.884484
vt 0.715973 0.884108
vt 0.716563 0.884284
vt 0.532253 0.886504
vt 0.531997 0.885784
vt 0.715973 0.882554
vt 0.716563 0.882087
vt 0.530551 0.886907
vt 0.530794 0.886068
vt 0.715122 0.881657
vt 0.715359 0.880818
vt 0.529348 0.885639
vt 0.529942 0.885172
vt 0.713918 0.881942
vt 0.713658 0.881221
vt 0.022382 0.889245
vt 0.020750 0.889921
vt 0.021429 0.888293
vt 0.359975 0.889680
vt 0.361598 0.889007
vt 0.361600 0.890352
vt 0.023065 0.888963
vt 0.021722 0.887614
vt 0.362265 0.888730
vt 0.362265 0.890634
vt 0.360645 0.891307
vt 0.020083 0.888293
vt 0.019815 0.887614
vt 0.360916 0.891984
vt 0.359299 0.891306
vt 0.019133 0.889244
vt 0.018468 0.888961
vt 0.359012 0.891983
vt 0.019130 0.890591
vt 0.358347 0.890354
vt 0.018468 0.890865
vt 0.357669 0.890634
vt 0.357666 0.888731
vt 0.358348 0.889007
vt 0.020082 0.891543
vt 0.019811 0.892214
vt 0.359012 0.887384
vt 0.359300 0.888055
vt 0.021426 0.891545
vt 0.021716 0.892215
vt 0.360919 0.887383
vt 0.360648 0.888053
vt 0.022378 0.890593
vt 0.023065 0.890867
vt 0.843125 0.904184
vt 0.843638 0.902943
vt 0.844369 0.903671
vt 0.390306 0.903535
vt 0.389781 0.903752
vt 0.389051 0.903021
vt 0.389277 0.902500
vt 0.843849 0.902431
vt 0.844885 0.903458
vt 0.388531 0.904267
vt 0.844371 0.904702
vt 0.388020 0.903018
vt 0.387817 0.902497
vt 0.844885 0.904921
vt 0.843642 0.905431
vt 0.387290 0.903747
vt 0.386781 0.903529
vt 0.843853 0.905957
vt 0.842609 0.905433
vt 0.387290 0.904779
vt 0.386781 0.904989
vt 0.842394 0.905956
vt 0.388017 0.905511
vt 0.841878 0.904703
vt 0.387810 0.906024
vt 0.841358 0.904926
vt 0.841358 0.903463
vt 0.841877 0.903671
vt 0.389048 0.905513
vt 0.389272 0.906025
vt 0.842391 0.902427
vt 0.842606 0.902942
vt 0.389778 0.904785
vt 0.390306 0.904995
vt 0.927409 0.064882
vt 0.927036 0.063980
vt 0.927783 0.063979
vt 0.927936 0.086408
vt 0.927779 0.086788
vt 0.927031 0.086792
vt 0.926879 0.086408
vt 0.926882 0.063609
vt 0.927940 0.063609
vt 0.927406 0.087696
vt 0.928313 0.064510
vt 0.926502 0.087324
vt 0.926133 0.087159
vt 0.928688 0.064358
vt 0.928312 0.065255
vt 0.926506 0.088066
vt 0.926134 0.088218
vt 0.928688 0.065415
vt 0.927784 0.065786
vt 0.927036 0.088595
vt 0.926885 0.088962
vt 0.927940 0.066163
vt 0.927035 0.065784
vt 0.927782 0.088597
vt 0.927941 0.088965
vt 0.926882 0.066163
vt 0.928309 0.088070
vt 0.926507 0.065258
vt 0.928687 0.088213
vt 0.926135 0.065416
vt 0.926134 0.064357
vt 0.926506 0.064508
vt 0.928308 0.087320
vt 0.928685 0.087154
vt 0.890566 0.197772
vt 0.889905 0.196179
vt 0.891226 0.196180
vt 0.888398 0.556707
vt 0.889070 0.556987
vt 0.889068 0.558306
vt 0.888398 0.558574
vt 0.889636 0.195531
vt 0.891502 0.195529
vt 0.890666 0.557650
vt 0.889996 0.559238
vt 0.889714 0.559894
vt 0.892822 0.196845
vt 0.892160 0.197114
vt 0.892160 0.198432
vt 0.891320 0.559241
vt 0.891578 0.559895
vt 0.892823 0.198712
vt 0.891227 0.199365
vt 0.892253 0.558309
vt 0.892901 0.558578
vt 0.891504 0.200032
vt 0.889908 0.199367
vt 0.892255 0.556990
vt 0.892901 0.556712
vt 0.889639 0.200034
vt 0.888975 0.198435
vt 0.891319 0.556054
vt 0.891585 0.555391
vt 0.888318 0.198715
vt 0.890004 0.556054
vt 0.888974 0.197115
vt 0.889721 0.555390
vt 0.888318 0.196851
vt 0.589637 0.920306
vt 0.590612 0.919902
vt 0.590614 0.920708
vt 0.643201 0.916589
vt 0.643031 0.916998
vt 0.642224 0.916997
vt 0.642058 0.916591
vt 0.591010 0.919737
vt 0.591010 0.920879
vt 0.642624 0.917977
vt 0.590206 0.921685
vt 0.590038 0.921281
vt 0.641652 0.917567
vt 0.641251 0.917394
vt 0.641651 0.918375
vt 0.641250 0.918536
vt 0.589064 0.921685
vt 0.589234 0.921280
vt 0.588663 0.920710
vt 0.642220 0.918949
vt 0.642056 0.919344
vt 0.588257 0.920878
vt 0.588663 0.919902
vt 0.643029 0.918947
vt 0.643198 0.919345
vt 0.588257 0.919737
vt 0.589231 0.919333
vt 0.643600 0.918377
vt 0.644006 0.918539
vt 0.589064 0.918929
vt 0.590043 0.919330
vt 0.643601 0.917570
vt 0.644006 0.917400
vt 0.590203 0.918930
vt 0.891560 0.924718
vt 0.891727 0.925122
vt 0.891165 0.925685
vt 0.890764 0.925514
vt 0.560081 0.924161
vt 0.560244 0.923768
vt 0.561039 0.924564
vt 0.560643 0.924725
vt 0.892124 0.926082
vt 0.559684 0.925122
vt 0.561039 0.925689
vt 0.560643 0.925522
vt 0.891163 0.926477
vt 0.890764 0.926639
vt 0.560244 0.926486
vt 0.560081 0.926084
vt 0.891726 0.927042
vt 0.891560 0.927435
vt 0.892522 0.927043
vt 0.892682 0.927431
vt 0.559120 0.926484
vt 0.559285 0.926086
vt 0.558723 0.925522
vt 0.893084 0.926480
vt 0.893480 0.926641
vt 0.558324 0.925691
vt 0.558722 0.924727
vt 0.893084 0.925682
vt 0.893480 0.925515
vt 0.558324 0.924565
vt 0.559286 0.924163
vt 0.892523 0.925123
vt 0.892685 0.924719
vt 0.559119 0.923769
vt 0.936792 0.473884
vt 0.936497 0.473174
vt 0.937086 0.473172
vt 0.935817 0.197160
vt 0.936116 0.197283
vt 0.936119 0.197873
vt 0.935818 0.197993
vt 0.936376 0.472883
vt 0.937211 0.472883
vt 0.936830 0.197577
vt 0.937800 0.473471
vt 0.937505 0.473591
vt 0.936537 0.198289
vt 0.936407 0.198581
vt 0.937124 0.198287
vt 0.937245 0.198581
vt 0.937802 0.474306
vt 0.937505 0.474181
vt 0.937090 0.474599
vt 0.937539 0.197869
vt 0.937832 0.197989
vt 0.937214 0.474898
vt 0.936499 0.474599
vt 0.937539 0.197279
vt 0.937832 0.197156
vt 0.936379 0.474898
vt 0.936082 0.474183
vt 0.937123 0.196864
vt 0.937237 0.196566
vt 0.935788 0.474308
vt 0.936080 0.473590
vt 0.936534 0.196866
vt 0.936404 0.196568
vt 0.935788 0.473475
vt 0.905230 0.060867
vt 0.905015 0.061387
vt 0.903988 0.061389
vt 0.903779 0.060866
vt 0.335288 0.905457
vt 0.335498 0.904950
vt 0.336525 0.905973
vt 0.336014 0.906182
vt 0.904499 0.062633
vt 0.334776 0.906693
vt 0.336525 0.907427
vt 0.336014 0.907208
vt 0.903263 0.062114
vt 0.902752 0.061894
vt 0.335499 0.908453
vt 0.335289 0.907934
vt 0.903263 0.063138
vt 0.902752 0.063346
vt 0.903988 0.063867
vt 0.903779 0.064372
vt 0.334048 0.908453
vt 0.334263 0.907933
vt 0.333536 0.907209
vt 0.905015 0.063863
vt 0.905230 0.064371
vt 0.333021 0.907427
vt 0.333536 0.906183
vt 0.905741 0.063139
vt 0.906257 0.063345
vt 0.333019 0.905979
vt 0.334262 0.905456
vt 0.905740 0.062114
vt 0.906257 0.061891
vt 0.334048 0.904947
vt 0.782675 0.741466
vt 0.783012 0.741327
vt 0.783012 0.742296
vt 0.782672 0.742153
vt 0.867594 0.926745
vt 0.867252 0.927571
vt 0.866909 0.926742
vt 0.781849 0.741807
vt 0.867739 0.926395
vt 0.866770 0.926394
vt 0.782324 0.742982
vt 0.782185 0.742637
vt 0.866424 0.927228
vt 0.866083 0.927081
vt 0.781356 0.742980
vt 0.781501 0.742636
vt 0.866423 0.927915
vt 0.866083 0.928052
vt 0.780672 0.742293
vt 0.781017 0.742151
vt 0.866909 0.928400
vt 0.866770 0.928734
vt 0.867594 0.928400
vt 0.867738 0.928737
vt 0.780672 0.741324
vt 0.781017 0.741465
vt 0.781501 0.740981
vt 0.868079 0.927914
vt 0.868425 0.928050
vt 0.781357 0.740639
vt 0.782189 0.740981
vt 0.868080 0.927226
vt 0.868425 0.927079
vt 0.782328 0.740640
vt 0.462932 0.891564
vt 0.462292 0.890019
vt 0.463575 0.890019
vt 0.893649 0.749932
vt 0.892994 0.750204
vt 0.892087 0.749296
vt 0.892363 0.748650
vt 0.462027 0.889382
vt 0.463843 0.889383
vt 0.891443 0.750848
vt 0.890804 0.749298
vt 0.890550 0.748652
vt 0.465125 0.890665
vt 0.464482 0.890925
vt 0.464483 0.892210
vt 0.889897 0.750205
vt 0.889269 0.749935
vt 0.465126 0.892479
vt 0.463575 0.893116
vt 0.889900 0.751488
vt 0.889269 0.751750
vt 0.463843 0.893763
vt 0.462292 0.893117
vt 0.890806 0.752395
vt 0.890552 0.753032
vt 0.462028 0.893763
vt 0.461384 0.892209
vt 0.892087 0.752395
vt 0.892366 0.753031
vt 0.460745 0.892480
vt 0.892997 0.751486
vt 0.461384 0.890927
vt 0.893646 0.751748
vt 0.460745 0.890667
vt 0.715759 0.931354
vt 0.715424 0.932161
vt 0.715093 0.931355
vt 0.737956 0.932149
vt 0.738756 0.931818
vt 0.738756 0.932483
vt 0.715898 0.931017
vt 0.714956 0.931018
vt 0.739087 0.931682
vt 0.739085 0.932623
vt 0.738285 0.932953
vt 0.714621 0.931828
vt 0.714292 0.931682
vt 0.738420 0.933287
vt 0.737620 0.932952
vt 0.714622 0.932491
vt 0.714292 0.932622
vt 0.737481 0.933287
vt 0.715093 0.932960
vt 0.737149 0.932483
vt 0.714956 0.933291
vt 0.736815 0.932621
vt 0.736817 0.931680
vt 0.737151 0.931816
vt 0.715758 0.932962
vt 0.715898 0.933288
vt 0.737482 0.931014
vt 0.737622 0.931346
vt 0.716227 0.932494
vt 0.716563 0.932624
vt 0.738421 0.931016
vt 0.738287 0.931347
vt 0.716228 0.931826
vt 0.716563 0.931684
vt 0.592907 0.188671
vt 0.592362 0.187356
vt 0.593451 0.187359
vt 0.866086 0.903514
vt 0.866638 0.903743
vt 0.866639 0.904834
vt 0.866084 0.905052
vt 0.592140 0.186819
vt 0.593678 0.186818
vt 0.867956 0.904291
vt 0.594219 0.188124
vt 0.867406 0.905602
vt 0.867171 0.906142
vt 0.594766 0.187905
vt 0.594220 0.189213
vt 0.868492 0.905602
vt 0.868707 0.906142
vt 0.594766 0.189442
vt 0.593452 0.189985
vt 0.869262 0.904833
vt 0.869796 0.905055
vt 0.593678 0.190531
vt 0.869262 0.903745
vt 0.592363 0.189982
vt 0.869796 0.903516
vt 0.592139 0.190531
vt 0.591052 0.189444
vt 0.591593 0.189212
vt 0.868495 0.902976
vt 0.868711 0.902429
vt 0.591052 0.187907
vt 0.591594 0.188128
vt 0.867410 0.902977
vt 0.867173 0.902426
vt 0.886203 0.720499
vt 0.885515 0.718842
vt 0.886893 0.718842
vt 0.230418 0.885030
vt 0.231118 0.885320
vt 0.231120 0.886698
vt 0.230419 0.886978
vt 0.885233 0.718161
vt 0.887181 0.718161
vt 0.232787 0.886010
vt 0.887866 0.719813
vt 0.232094 0.887671
vt 0.231798 0.888355
vt 0.888558 0.719537
vt 0.887868 0.721194
vt 0.233470 0.887670
vt 0.233745 0.888354
vt 0.888558 0.721483
vt 0.886892 0.722164
vt 0.234441 0.886695
vt 0.235121 0.886976
vt 0.887182 0.722862
vt 0.885517 0.722168
vt 0.234443 0.885319
vt 0.235121 0.885029
vt 0.885233 0.722861
vt 0.233470 0.884345
vt 0.884541 0.721191
vt 0.233744 0.883653
vt 0.883857 0.721486
vt 0.883856 0.719539
vt 0.884542 0.719816
vt 0.232093 0.884346
vt 0.231796 0.883653
vt 0.161371 0.892889
vt 0.161962 0.891465
vt 0.162797 0.892303
vt 0.183634 0.892060
vt 0.184233 0.892308
vt 0.184235 0.893491
vt 0.183634 0.893731
vt 0.162203 0.890882
vt 0.163385 0.892063
vt 0.185665 0.892902
vt 0.185071 0.894327
vt 0.184814 0.894912
vt 0.163384 0.893734
vt 0.162795 0.893485
vt 0.161960 0.894321
vt 0.186252 0.894327
vt 0.186485 0.894913
vt 0.162203 0.894917
vt 0.160779 0.894320
vt 0.187087 0.893491
vt 0.187667 0.893732
vt 0.160532 0.894916
vt 0.159942 0.893484
vt 0.187088 0.892309
vt 0.187668 0.892061
vt 0.159351 0.893734
vt 0.159943 0.892302
vt 0.186253 0.891474
vt 0.186486 0.890879
vt 0.159351 0.892061
vt 0.185071 0.891473
vt 0.160779 0.891466
vt 0.184816 0.890879
vt 0.160533 0.890880
vt 0.800173 0.890827
vt 0.799530 0.889277
vt 0.800817 0.889279
vt 0.889274 0.774571
vt 0.889924 0.774840
vt 0.889925 0.776126
vt 0.889272 0.776389
vt 0.799267 0.888642
vt 0.801086 0.888642
vt 0.891481 0.775486
vt 0.802371 0.889926
vt 0.801727 0.890189
vt 0.890834 0.777036
vt 0.890556 0.777674
vt 0.892121 0.777036
vt 0.892376 0.777675
vt 0.802373 0.891746
vt 0.801726 0.891472
vt 0.800817 0.892381
vt 0.893029 0.776127
vt 0.893663 0.776389
vt 0.801088 0.893034
vt 0.799532 0.892381
vt 0.893030 0.774841
vt 0.893662 0.774570
vt 0.799269 0.893032
vt 0.798623 0.891476
vt 0.892120 0.773932
vt 0.892374 0.773284
vt 0.797981 0.891745
vt 0.798622 0.890188
vt 0.890834 0.773931
vt 0.890558 0.773284
vt 0.797982 0.889928
vt 0.495776 0.930046
vt 0.495436 0.930187
vt 0.494966 0.929711
vt 0.495107 0.929375
vt 0.774388 0.931806
vt 0.774054 0.931668
vt 0.774725 0.930998
vt 0.774859 0.931331
vt 0.494626 0.930522
vt 0.775195 0.932140
vt 0.775674 0.930998
vt 0.775530 0.931331
vt 0.494294 0.929712
vt 0.494161 0.929374
vt 0.776343 0.931668
vt 0.776003 0.931804
vt 0.493819 0.930186
vt 0.493489 0.930045
vt 0.493819 0.930856
vt 0.493490 0.930992
vt 0.776342 0.932615
vt 0.776003 0.932474
vt 0.775530 0.932948
vt 0.494292 0.931330
vt 0.494159 0.931662
vt 0.775674 0.933285
vt 0.774861 0.932949
vt 0.494963 0.931330
vt 0.495108 0.931662
vt 0.774728 0.933286
vt 0.774385 0.932475
vt 0.495439 0.930856
vt 0.495776 0.930993
vt 0.774056 0.932616
vt 0.417543 0.890967
vt 0.416925 0.890711
vt 0.418173 0.889463
vt 0.418422 0.890084
vt 0.890680 0.877211
vt 0.892187 0.877836
vt 0.890681 0.878458
vt 0.419043 0.891587
vt 0.890047 0.876950
vt 0.890049 0.878714
vt 0.419934 0.889462
vt 0.419670 0.890083
vt 0.891565 0.879342
vt 0.891296 0.879961
vt 0.421182 0.890709
vt 0.420550 0.890964
vt 0.892810 0.879340
vt 0.893059 0.879959
vt 0.421181 0.892472
vt 0.420553 0.892212
vt 0.893692 0.878458
vt 0.894303 0.878710
vt 0.893690 0.877210
vt 0.894304 0.876947
vt 0.419939 0.893722
vt 0.419672 0.893094
vt 0.418426 0.893096
vt 0.892809 0.876329
vt 0.893056 0.875702
vt 0.418175 0.893722
vt 0.417544 0.892214
vt 0.891561 0.876329
vt 0.891294 0.875702
vt 0.416930 0.892477
vt 0.887995 0.635457
vt 0.887837 0.635075
vt 0.888923 0.635076
vt 0.888761 0.635455
vt 0.910326 0.636003
vt 0.911257 0.636389
vt 0.910327 0.636770
vt 0.888377 0.636380
vt 0.909939 0.635843
vt 0.909937 0.636927
vt 0.889690 0.635843
vt 0.889304 0.635996
vt 0.910871 0.637314
vt 0.910704 0.637694
vt 0.889690 0.636927
vt 0.889305 0.636765
vt 0.911637 0.637313
vt 0.911789 0.637694
vt 0.888923 0.637696
vt 0.888763 0.637308
vt 0.912178 0.636770
vt 0.912557 0.636927
vt 0.887837 0.637695
vt 0.887995 0.637307
vt 0.912180 0.636004
vt 0.912556 0.635841
vt 0.911638 0.635461
vt 0.911789 0.635074
vt 0.887070 0.636928
vt 0.887451 0.636764
vt 0.887452 0.635997
vt 0.910869 0.635461
vt 0.910705 0.635074
vt 0.887070 0.635843
vt 0.890169 0.169295
vt 0.889905 0.168657
vt 0.891724 0.168658
vt 0.891455 0.169296
vt 0.889957 0.473535
vt 0.890603 0.475093
vt 0.889048 0.474445
vt 0.890809 0.170843
vt 0.889686 0.472881
vt 0.888399 0.474165
vt 0.893009 0.169946
vt 0.892363 0.170203
vt 0.889048 0.475731
vt 0.888400 0.475987
vt 0.893009 0.171768
vt 0.892362 0.171490
vt 0.889956 0.476638
vt 0.889686 0.477273
vt 0.891721 0.173050
vt 0.891453 0.172401
vt 0.891242 0.476638
vt 0.891505 0.477274
vt 0.889903 0.173051
vt 0.890166 0.172398
vt 0.892151 0.475729
vt 0.892791 0.475987
vt 0.888617 0.171761
vt 0.889257 0.171487
vt 0.892153 0.474445
vt 0.892791 0.474168
vt 0.891243 0.473535
vt 0.891504 0.472879
vt 0.888618 0.169942
vt 0.889259 0.170204
vt 0.234669 0.909697
vt 0.235118 0.909511
vt 0.235118 0.910794
vt 0.234671 0.910604
vt 0.211314 0.909702
vt 0.210213 0.910158
vt 0.210667 0.909062
vt 0.233575 0.910149
vt 0.211771 0.909513
vt 0.210865 0.908605
vt 0.209765 0.909060
vt 0.234025 0.911245
vt 0.209582 0.908605
vt 0.234207 0.911701
vt 0.232927 0.911700
vt 0.233121 0.911246
vt 0.209119 0.909703
vt 0.208675 0.909512
vt 0.232022 0.910791
vt 0.232477 0.910604
vt 0.209123 0.910609
vt 0.208676 0.910794
vt 0.232022 0.909509
vt 0.232480 0.909695
vt 0.209761 0.911253
vt 0.209582 0.911703
vt 0.232927 0.908602
vt 0.233120 0.909054
vt 0.210672 0.911251
vt 0.210865 0.911703
vt 0.234213 0.908602
vt 0.234031 0.909053
vt 0.211309 0.910612
vt 0.211773 0.910795
vt 0.313156 0.929040
vt 0.313293 0.928706
vt 0.313970 0.929379
vt 0.313634 0.929518
vt 0.335706 0.929049
vt 0.335368 0.929868
vt 0.335031 0.929048
vt 0.312819 0.929856
vt 0.335848 0.928704
vt 0.334892 0.928707
vt 0.313634 0.930195
vt 0.334553 0.929528
vt 0.334218 0.929383
vt 0.313970 0.930337
vt 0.334554 0.930203
vt 0.313157 0.930673
vt 0.334218 0.930341
vt 0.313295 0.931016
vt 0.312341 0.931014
vt 0.312481 0.930674
vt 0.335031 0.930683
vt 0.334896 0.931012
vt 0.311663 0.930343
vt 0.312002 0.930196
vt 0.335709 0.930680
vt 0.335849 0.931015
vt 0.311663 0.929385
vt 0.312002 0.929522
vt 0.336185 0.930202
vt 0.336525 0.930336
vt 0.312339 0.928706
vt 0.312479 0.929041
vt 0.336186 0.929524
vt 0.336524 0.929380
vt 0.122394 0.922745
vt 0.122558 0.922349
vt 0.123355 0.923149
vt 0.122959 0.923307
vt 0.914696 0.924148
vt 0.915098 0.925114
vt 0.914132 0.924711
vt 0.121995 0.923705
vt 0.914526 0.923739
vt 0.913730 0.924541
vt 0.914133 0.925509
vt 0.122956 0.924110
vt 0.913731 0.925670
vt 0.123355 0.924278
vt 0.122557 0.925073
vt 0.122393 0.924671
vt 0.914699 0.926075
vt 0.914530 0.926464
vt 0.121426 0.925077
vt 0.121594 0.924674
vt 0.915496 0.926071
vt 0.915660 0.926464
vt 0.120630 0.924274
vt 0.121031 0.924106
vt 0.916060 0.925508
vt 0.916456 0.925662
vt 0.120629 0.923148
vt 0.121030 0.923311
vt 0.916058 0.924707
vt 0.916456 0.924536
vt 0.121428 0.922350
vt 0.121597 0.922742
vt 0.915493 0.924145
vt 0.915655 0.923739
vt 0.391403 0.742346
vt 0.391402 0.778378
vt 0.390301 0.778114
vt 0.390301 0.742085
vt 0.389066 0.778272
vt 0.389066 0.742243
vt 0.811783 0.132011
vt 0.811780 0.098185
vt 0.813080 0.098113
vt 0.813080 0.131943
vt 0.818983 0.626995
vt 0.819781 0.602644
vt 0.821087 0.602677
vt 0.820290 0.627028
vt 0.802588 0.255489
vt 0.802589 0.291432
vt 0.801292 0.291491
vt 0.801292 0.255551
vt 0.819292 0.600845
vt 0.820478 0.600433
vt 0.821645 0.600904
vt 0.821916 0.601902
vt 0.818983 0.601830
vt 0.797875 0.796860
vt 0.797879 0.763373
vt 0.798985 0.763725
vt 0.798981 0.797212
vt 0.800216 0.763506
vt 0.800216 0.796995
vt 0.925955 0.343236
vt 0.926786 0.342294
vt 0.927821 0.342382
vt 0.928282 0.343431
vt 0.927821 0.344654
vt 0.926785 0.345128
vt 0.925955 0.344496
vt 0.798471 0.435189
vt 0.798474 0.401702
vt 0.799705 0.401922
vt 0.799705 0.435406
vt 0.800810 0.401570
vt 0.800810 0.435055
vt 0.286208 0.770049
vt 0.286208 0.805989
vt 0.284911 0.805929
vt 0.284912 0.769987
vt 0.644320 0.817463
vt 0.643521 0.793112
vt 0.644827 0.793080
vt 0.645626 0.817431
vt 0.225051 0.803813
vt 0.225051 0.769984
vt 0.226350 0.770054
vt 0.226349 0.803882
vt 0.642964 0.791338
vt 0.644130 0.790868
vt 0.645316 0.791281
vt 0.645626 0.792264
vt 0.642692 0.792337
vt 0.645031 0.734485
vt 0.645028 0.770514
vt 0.643792 0.770356
vt 0.643794 0.734325
vt 0.642692 0.770620
vt 0.642692 0.734587
vt 0.928402 0.312752
vt 0.928294 0.314008
vt 0.927420 0.314568
vt 0.926440 0.314007
vt 0.926090 0.312748
vt 0.926634 0.311741
vt 0.927663 0.311741
vt 0.428589 0.253911
vt 0.428580 0.250239
vt 0.432240 0.250266
vt 0.431176 0.253930
vt 0.018303 0.833079
vt 0.019710 0.836477
vt 0.016327 0.835052
vt 0.420288 0.838319
vt 0.418898 0.834964
vt 0.421691 0.834964
vt 0.428591 0.246615
vt 0.431179 0.246631
vt 0.423667 0.836940
vt 0.619177 0.418148
vt 0.620254 0.414491
vt 0.622826 0.414498
vt 0.622817 0.418156
vt 0.620255 0.421790
vt 0.622827 0.421797
vt 0.016326 0.837843
vt 0.018301 0.839822
vt 0.423666 0.839731
vt 0.625417 0.414491
vt 0.626476 0.418147
vt 0.625415 0.421790
vt 0.481107 0.253916
vt 0.480038 0.250276
vt 0.483687 0.250287
vt 0.483687 0.253924
vt 0.021094 0.839821
vt 0.421692 0.841708
vt 0.481107 0.246615
vt 0.483687 0.246627
vt 0.487336 0.250276
vt 0.486267 0.253916
vt 0.023069 0.837848
vt 0.418898 0.841705
vt 0.486267 0.246615
vt 0.530411 0.833412
vt 0.529350 0.829767
vt 0.533008 0.829776
vt 0.532999 0.833417
vt 0.023069 0.835051
vt 0.416924 0.839733
vt 0.530409 0.826112
vt 0.533000 0.826118
vt 0.536649 0.829768
vt 0.535570 0.833411
vt 0.021095 0.833078
vt 0.416924 0.836939
vt 0.535571 0.826112
vt 0.426016 0.253930
vt 0.424941 0.250265
vt 0.426018 0.246631
vt 0.640860 0.837716
vt 0.642267 0.841114
vt 0.638884 0.839689
vt 0.361031 0.836204
vt 0.359639 0.832850
vt 0.362433 0.832849
vt 0.456129 0.250241
vt 0.456139 0.246617
vt 0.458726 0.246632
vt 0.459788 0.250265
vt 0.456138 0.253913
vt 0.458726 0.253931
vt 0.364409 0.834823
vt 0.225053 0.827788
vt 0.226131 0.824132
vt 0.228702 0.824138
vt 0.228694 0.827796
vt 0.226132 0.831431
vt 0.228703 0.831437
vt 0.638883 0.842480
vt 0.364409 0.837614
vt 0.231293 0.824132
vt 0.232353 0.827788
vt 0.231291 0.831431
vt 0.640858 0.844459
vt 0.643651 0.844458
vt 0.362436 0.839593
vt 0.807790 0.735998
vt 0.808859 0.732339
vt 0.811440 0.732350
vt 0.811440 0.736011
vt 0.808859 0.739638
vt 0.811440 0.739647
vt 0.815089 0.735998
vt 0.814020 0.739638
vt 0.645626 0.842485
vt 0.359642 0.839591
vt 0.814020 0.732339
vt 0.668264 0.829556
vt 0.667194 0.825913
vt 0.670852 0.825915
vt 0.670849 0.829556
vt 0.645626 0.839688
vt 0.357667 0.837619
vt 0.668249 0.822257
vt 0.670837 0.822257
vt 0.674493 0.825900
vt 0.673424 0.829546
vt 0.643652 0.837715
vt 0.357666 0.834825
vt 0.673411 0.822247
vt 0.453565 0.253931
vt 0.452489 0.250267
vt 0.453566 0.246632
vt 0.311804 0.905333
vt 0.311803 0.904223
vt 0.312771 0.904781
vt 0.844385 0.290373
vt 0.845676 0.290372
vt 0.845669 0.291344
vt 0.844377 0.291344
vt 0.856144 0.343786
vt 0.856144 0.344918
vt 0.855177 0.344345
vt 0.312771 0.905899
vt 0.937510 0.286368
vt 0.937511 0.285076
vt 0.938629 0.285078
vt 0.938628 0.286368
vt 0.855177 0.345463
vt 0.311804 0.906454
vt 0.937611 0.425079
vt 0.936322 0.425079
vt 0.936326 0.424111
vt 0.937617 0.424111
vt 0.856145 0.346020
vt 0.310836 0.905899
vt 0.936322 0.423143
vt 0.937611 0.423143
vt 0.857112 0.345462
vt 0.310836 0.904781
vt 0.937510 0.264827
vt 0.937509 0.263537
vt 0.938627 0.263535
vt 0.938628 0.264827
vt 0.857112 0.344343
vt 0.844377 0.289408
vt 0.845669 0.289408
vt 0.936099 0.526542
vt 0.936098 0.525432
vt 0.937067 0.525990
vt 0.936330 0.446292
vt 0.937620 0.446292
vt 0.937613 0.447263
vt 0.936322 0.447263
vt 0.311803 0.881739
vt 0.311803 0.882871
vt 0.310836 0.882298
vt 0.937067 0.527109
vt 0.797983 0.938065
vt 0.797982 0.936773
vt 0.799100 0.936773
vt 0.799101 0.938063
vt 0.310836 0.883416
vt 0.936099 0.527664
vt 0.937609 0.402893
vt 0.936320 0.402893
vt 0.936325 0.401926
vt 0.937615 0.401926
vt 0.311804 0.883974
vt 0.935131 0.527109
vt 0.936320 0.400958
vt 0.937609 0.400958
vt 0.312771 0.883415
vt 0.935131 0.525990
vt 0.937436 0.223981
vt 0.937436 0.222691
vt 0.938554 0.222690
vt 0.938554 0.223981
vt 0.312771 0.882296
vt 0.936321 0.445328
vt 0.937613 0.445328
vt 0.037641 0.615942
vt 0.037641 0.703264
vt 0.036685 0.703054
vt 0.036685 0.615732
vt 0.035603 0.703201
vt 0.035603 0.615879
vt 0.740845 0.131551
vt 0.740847 0.055428
vt 0.742020 0.055506
vt 0.742020 0.131626
vt 0.015354 0.615735
vt 0.015354 0.702891
vt 0.014402 0.703106
vt 0.014402 0.615951
vt 0.937623 0.169019
vt 0.937623 0.170136
vt 0.936796 0.170891
vt 0.935964 0.170531
vt 0.935964 0.169413
vt 0.936793 0.168657
vt 0.013318 0.702959
vt 0.013318 0.615804
vt 0.743983 0.230845
vt 0.743983 0.155615
vt 0.745159 0.155544
vt 0.745160 0.230773
vt 0.935885 0.557186
vt 0.936717 0.556439
vt 0.937547 0.556816
vt 0.937547 0.557942
vt 0.936716 0.558688
vt 0.935885 0.558311
vt 0.747458 0.405390
vt 0.747458 0.330161
vt 0.748635 0.330232
vt 0.748635 0.405462
vt 0.704815 0.318160
vt 0.704815 0.405316
vt 0.703731 0.405462
vt 0.703731 0.318307
vt 0.702779 0.405247
vt 0.702779 0.318091
vt 0.737826 0.743412
vt 0.737826 0.667292
vt 0.739000 0.667214
vt 0.738999 0.743335
vt 0.936515 0.613367
vt 0.936058 0.612345
vt 0.936504 0.611321
vt 0.937410 0.611321
vt 0.937868 0.612346
vt 0.937422 0.613370
vt 0.059928 0.615876
vt 0.059928 0.703198
vt 0.058846 0.703053
vt 0.058846 0.615730
vt 0.057890 0.703262
vt 0.057890 0.615940
vt 0.937660 0.584624
vt 0.937660 0.585750
vt 0.936837 0.586123
vt 0.936016 0.585373
vt 0.936016 0.584247
vt 0.936839 0.583874
vt 0.739314 0.568148
vt 0.739314 0.646960
vt 0.738579 0.646884
vt 0.738580 0.568069
vt 0.737825 0.646952
vt 0.737825 0.568141
vt 0.759565 0.743112
vt 0.759563 0.667208
vt 0.760424 0.667218
vt 0.760424 0.743122
vt 0.739314 0.462486
vt 0.739314 0.541204
vt 0.738577 0.541277
vt 0.738579 0.462565
vt 0.042807 0.936006
vt 0.043510 0.936472
vt 0.043510 0.937317
vt 0.042807 0.937700
vt 0.042103 0.937231
vt 0.042103 0.936383
vt 0.737824 0.541209
vt 0.737824 0.462491
vt 0.759564 0.646960
vt 0.759564 0.571462
vt 0.760424 0.571455
vt 0.760424 0.646950
vt 0.360856 0.936404
vt 0.361561 0.935940
vt 0.362266 0.936321
vt 0.362266 0.937170
vt 0.361561 0.937634
vt 0.360856 0.937251
vt 0.759563 0.547814
vt 0.759563 0.472322
vt 0.760423 0.472330
vt 0.760423 0.547822
vt 0.120999 0.661618
vt 0.120999 0.740335
vt 0.120246 0.740404
vt 0.120244 0.661691
vt 0.119509 0.740330
vt 0.119509 0.661612
vt 0.716714 0.749573
vt 0.716714 0.673667
vt 0.717575 0.673657
vt 0.717574 0.749563
vt 0.936341 0.903109
vt 0.936341 0.902263
vt 0.937045 0.901795
vt 0.937748 0.902173
vt 0.937748 0.903022
vt 0.937045 0.903489
vt 0.314609 0.650145
vt 0.314609 0.728957
vt 0.313856 0.728888
vt 0.313855 0.650074
vt 0.313118 0.728959
vt 0.313118 0.650147
vt 0.020141 0.936069
vt 0.020887 0.936472
vt 0.020887 0.937270
vt 0.020145 0.937666
vt 0.019398 0.937263
vt 0.019397 0.936464
vt 0.841623 0.465684
vt 0.841623 0.488716
vt 0.840519 0.488408
vt 0.840518 0.465378
vt 0.826466 0.013052
vt 0.826466 0.038498
vt 0.825180 0.038518
vt 0.825180 0.013071
vt 0.841422 0.699761
vt 0.841422 0.722853
vt 0.840300 0.722564
vt 0.840300 0.699473
vt 0.839188 0.722862
vt 0.839188 0.699771
vt 0.088904 0.932569
vt 0.089991 0.931875
vt 0.091076 0.932339
vt 0.091076 0.933498
vt 0.089990 0.934192
vt 0.088904 0.933728
vt 0.820269 0.554721
vt 0.820269 0.580185
vt 0.818983 0.580165
vt 0.818983 0.554701
vt 0.842752 0.465398
vt 0.842752 0.488430
vt 0.935130 0.681767
vt 0.936219 0.682455
vt 0.936219 0.683605
vt 0.935130 0.684067
vt 0.934041 0.683380
vt 0.934041 0.682230
vt 0.711186 0.809720
vt 0.711186 0.832907
vt 0.710059 0.832626
vt 0.710058 0.809440
vt 0.044967 0.780572
vt 0.044967 0.806036
vt 0.043681 0.806056
vt 0.043682 0.780594
vt 0.264661 0.809887
vt 0.264661 0.832977
vt 0.263549 0.832680
vt 0.263550 0.809588
vt 0.262426 0.832968
vt 0.262426 0.809877
vt 0.821555 0.928782
vt 0.820578 0.928117
vt 0.820579 0.926827
vt 0.821556 0.926203
vt 0.822531 0.926868
vt 0.822531 0.928158
vt 0.335942 0.801182
vt 0.335942 0.826629
vt 0.334656 0.826610
vt 0.334656 0.801164
vt 0.712293 0.809425
vt 0.712293 0.832611
vt 0.935130 0.659218
vt 0.936218 0.659680
vt 0.936218 0.660830
vt 0.935129 0.661519
vt 0.934040 0.661056
vt 0.934040 0.659906
vt 0.668263 0.849806
vt 0.668669 0.860345
vt 0.667702 0.860345
vt 0.667296 0.849806
vt 0.844209 0.412889
vt 0.844209 0.426978
vt 0.843272 0.427051
vt 0.843272 0.412960
vt 0.842595 0.426842
vt 0.842594 0.412752
vt 0.390530 0.845509
vt 0.390302 0.856139
vt 0.389334 0.856139
vt 0.389563 0.845509
vt 0.669129 0.860932
vt 0.668622 0.861521
vt 0.667655 0.861522
vt 0.667195 0.860933
vt 0.462363 0.827483
vt 0.462363 0.841596
vt 0.461426 0.841521
vt 0.461428 0.827409
vt 0.460745 0.841727
vt 0.460748 0.827615
vt 0.389535 0.844345
vt 0.390502 0.844344
vt 0.390999 0.844925
vt 0.389064 0.844926
vt 0.747601 0.428123
vt 0.747601 0.442235
vt 0.746921 0.442029
vt 0.746921 0.427916
vt 0.745983 0.442103
vt 0.745986 0.427990
vt 0.856613 0.312905
vt 0.856855 0.323535
vt 0.855888 0.323535
vt 0.855645 0.312906
vt 0.591009 0.832533
vt 0.591009 0.846623
vt 0.590332 0.846833
vt 0.590331 0.832742
vt 0.335303 0.858004
vt 0.335763 0.857417
vt 0.336730 0.857417
vt 0.337237 0.858004
vt 0.336777 0.858593
vt 0.335810 0.858593
vt 0.589395 0.846760
vt 0.589394 0.832671
vt 0.337135 0.846877
vt 0.336168 0.846877
vt 0.856640 0.311741
vt 0.857111 0.312322
vt 0.855176 0.312322
vt 0.855673 0.311740
vt 0.841841 0.166067
vt 0.841842 0.189099
vt 0.840737 0.188792
vt 0.840737 0.165761
vt 0.824127 0.220308
vt 0.824127 0.245754
vt 0.822841 0.245774
vt 0.822840 0.220327
vt 0.841424 0.656125
vt 0.841424 0.679216
vt 0.840301 0.678928
vt 0.840300 0.655836
vt 0.839189 0.679225
vt 0.839189 0.656135
vt 0.693503 0.930313
vt 0.693503 0.931603
vt 0.692528 0.932268
vt 0.691551 0.931644
vt 0.691551 0.930354
vt 0.692526 0.929689
vt 0.820487 0.165781
vt 0.820487 0.191244
vt 0.819201 0.191224
vt 0.819202 0.165760
vt 0.842971 0.165781
vt 0.842971 0.188813
vt 0.231097 0.932686
vt 0.232157 0.931952
vt 0.233215 0.932401
vt 0.233215 0.933584
vt 0.232157 0.934318
vt 0.231098 0.933868
vt 0.821593 0.809400
vt 0.821592 0.832587
vt 0.820465 0.832306
vt 0.820465 0.809119
vt 0.821750 0.763371
vt 0.821751 0.788835
vt 0.820465 0.788855
vt 0.820465 0.763392
vt 0.800110 0.817761
vt 0.800110 0.840851
vt 0.798997 0.840554
vt 0.798998 0.817462
vt 0.797875 0.840842
vt 0.797875 0.817751
vt 0.208677 0.932416
vt 0.209763 0.931951
vt 0.210849 0.932646
vt 0.210849 0.933805
vt 0.209763 0.934269
vt 0.208677 0.933574
vt 0.390353 0.798646
vt 0.390352 0.824093
vt 0.389066 0.824073
vt 0.389066 0.798627
vt 0.822701 0.809106
vt 0.822700 0.832291
vt 0.933896 0.635074
vt 0.934985 0.635536
vt 0.934985 0.636686
vt 0.933895 0.637374
vt 0.932807 0.636912
vt 0.932807 0.635762
vt 0.314195 0.846876
vt 0.314594 0.857417
vt 0.313626 0.857417
vt 0.313228 0.846876
vt 0.844566 0.809241
vt 0.844566 0.823332
vt 0.843630 0.823405
vt 0.843628 0.809314
vt 0.842952 0.823196
vt 0.842950 0.809105
vt 0.120530 0.839679
vt 0.120292 0.850308
vt 0.119324 0.850308
vt 0.119562 0.839679
vt 0.315053 0.858005
vt 0.314546 0.858593
vt 0.313579 0.858593
vt 0.313119 0.858004
vt 0.045299 0.826382
vt 0.045299 0.840495
vt 0.044362 0.840422
vt 0.044363 0.826308
vt 0.043681 0.840628
vt 0.043681 0.826514
vt 0.119534 0.838513
vt 0.120501 0.838513
vt 0.120999 0.839096
vt 0.119064 0.839096
vt 0.189817 0.829172
vt 0.189817 0.843286
vt 0.189136 0.843080
vt 0.189137 0.828968
vt 0.188199 0.843153
vt 0.188201 0.829042
vt 0.559762 0.841165
vt 0.559999 0.851794
vt 0.559031 0.851794
vt 0.558794 0.841165
vt 0.843782 0.600431
vt 0.843780 0.614522
vt 0.843103 0.614731
vt 0.843105 0.600641
vt 0.855814 0.067315
vt 0.856280 0.066732
vt 0.857247 0.066741
vt 0.857748 0.067333
vt 0.857283 0.067917
vt 0.856316 0.067908
vt 0.842166 0.614659
vt 0.842166 0.600568
vt 0.857748 0.056206
vt 0.856781 0.056196
vt 0.559790 0.840000
vt 0.560260 0.840582
vt 0.558325 0.840582
vt 0.558823 0.840000
vt 0.841624 0.552908
vt 0.841624 0.575940
vt 0.840519 0.575634
vt 0.840519 0.552603
vt 0.824127 0.266024
vt 0.824127 0.291470
vt 0.822841 0.291490
vt 0.822839 0.266042
vt 0.834926 0.312029
vt 0.834926 0.335120
vt 0.833803 0.334832
vt 0.833803 0.311740
vt 0.832693 0.335129
vt 0.832691 0.312039
vt 0.613955 0.931659
vt 0.615021 0.932385
vt 0.615021 0.933566
vt 0.613955 0.934022
vt 0.612889 0.933296
vt 0.612889 0.932114
vt 0.820269 0.508988
vt 0.820269 0.534452
vt 0.818983 0.534432
vt 0.818983 0.508968
vt 0.842753 0.552622
vt 0.842753 0.575654
vt 0.530128 0.933092
vt 0.530128 0.931804
vt 0.531100 0.931189
vt 0.532072 0.931863
vt 0.532072 0.933151
vt 0.531100 0.933766
vt 0.493700 0.803631
vt 0.493700 0.826818
vt 0.492572 0.826537
vt 0.492572 0.803350
vt 0.559611 0.794266
vt 0.559611 0.819730
vt 0.558325 0.819750
vt 0.558326 0.794289
vt 0.835565 0.108918
vt 0.835565 0.132008
vt 0.834453 0.131710
vt 0.834453 0.108619
vt 0.833330 0.131999
vt 0.833330 0.108907
vt 0.692528 0.909441
vt 0.691551 0.908776
vt 0.691551 0.907487
vt 0.692528 0.906863
vt 0.693504 0.907528
vt 0.693504 0.908817
vt 0.777626 0.802997
vt 0.777626 0.828443
vt 0.776340 0.828423
vt 0.776339 0.802977
vt 0.494807 0.803335
vt 0.494806 0.826520
vt 0.290586 0.933539
vt 0.289615 0.934213
vt 0.288642 0.933599
vt 0.288642 0.932310
vt 0.289614 0.931636
vt 0.290586 0.932250
vt 0.493643 0.847069
vt 0.494045 0.857609
vt 0.493078 0.857608
vt 0.492676 0.847069
vt 0.845992 0.220446
vt 0.845992 0.234535
vt 0.845055 0.234609
vt 0.845054 0.220518
vt 0.844378 0.234399
vt 0.844377 0.220308
vt 0.844416 0.844821
vt 0.844178 0.855451
vt 0.843211 0.855451
vt 0.843449 0.844821
vt 0.494505 0.858197
vt 0.493998 0.858784
vt 0.493031 0.858784
vt 0.492571 0.858196
vt 0.167952 0.829041
vt 0.167952 0.843153
vt 0.167016 0.843080
vt 0.167017 0.828967
vt 0.166335 0.843285
vt 0.166336 0.829172
vt 0.843421 0.843656
vt 0.844388 0.843656
vt 0.844885 0.844238
vt 0.842951 0.844238
vt 0.146081 0.829172
vt 0.146081 0.843286
vt 0.145401 0.843080
vt 0.145400 0.828967
vt 0.144464 0.843153
vt 0.144465 0.829040
vt 0.857250 0.121378
vt 0.857488 0.132007
vt 0.856521 0.132007
vt 0.856283 0.121378
vt 0.845990 0.254857
vt 0.845989 0.268948
vt 0.845312 0.269158
vt 0.845313 0.255067
vt 0.775692 0.859822
vt 0.776152 0.859234
vt 0.777119 0.859234
vt 0.777625 0.859822
vt 0.777165 0.860410
vt 0.776198 0.860410
vt 0.844375 0.269085
vt 0.844375 0.254995
vt 0.777523 0.848694
vt 0.776556 0.848694
vt 0.857278 0.120212
vt 0.857748 0.120795
vt 0.855814 0.120795
vt 0.856311 0.120212
vt 0.066322 0.820481
vt 0.066321 0.843513
vt 0.065216 0.843205
vt 0.065216 0.820174
vt 0.825252 0.355857
vt 0.825252 0.381302
vt 0.823966 0.381322
vt 0.823965 0.355875
vt 0.842752 0.509254
vt 0.842752 0.532345
vt 0.841628 0.532056
vt 0.841629 0.508965
vt 0.840517 0.532354
vt 0.840517 0.509264
vt 0.933610 0.718782
vt 0.933610 0.720072
vt 0.932634 0.720737
vt 0.931658 0.720113
vt 0.931657 0.718824
vt 0.932633 0.718159
vt 0.822344 0.401592
vt 0.822344 0.427054
vt 0.821059 0.427034
vt 0.821059 0.401570
vt 0.067450 0.820193
vt 0.067450 0.843226
vt 0.262716 0.932988
vt 0.262716 0.931699
vt 0.263689 0.931085
vt 0.264660 0.931758
vt 0.264661 0.933047
vt 0.263688 0.933661
vt 0.733669 0.809722
vt 0.733668 0.832909
vt 0.732542 0.832628
vt 0.732542 0.809442
vt 0.820268 0.463234
vt 0.820268 0.488697
vt 0.818982 0.488717
vt 0.818982 0.463255
vt 0.835564 0.065279
vt 0.835564 0.088369
vt 0.834454 0.088072
vt 0.834452 0.064980
vt 0.833331 0.088360
vt 0.833329 0.065269
vt 0.669066 0.932133
vt 0.670153 0.931670
vt 0.671238 0.932365
vt 0.671238 0.933524
vt 0.670152 0.933988
vt 0.669066 0.933292
vt 0.314406 0.801181
vt 0.314406 0.826628
vt 0.313120 0.826608
vt 0.313119 0.801162
vt 0.734777 0.809427
vt 0.734776 0.832613
vt 0.936220 0.502882
vt 0.937310 0.503344
vt 0.937310 0.504494
vt 0.936221 0.505183
vt 0.935132 0.504722
vt 0.935132 0.503571
vt 0.231486 0.851686
vt 0.231892 0.862226
vt 0.230924 0.862226
vt 0.230519 0.851686
vt 0.847117 0.367157
vt 0.847117 0.381248
vt 0.846180 0.381321
vt 0.846179 0.367229
vt 0.845503 0.381111
vt 0.845502 0.367020
vt 0.857278 0.089333
vt 0.857034 0.099962
vt 0.856067 0.099962
vt 0.856312 0.089332
vt 0.232352 0.862814
vt 0.231845 0.863402
vt 0.230878 0.863402
vt 0.230418 0.862814
vt 0.089317 0.820248
vt 0.089317 0.834361
vt 0.088381 0.834289
vt 0.088382 0.820174
vt 0.087699 0.834494
vt 0.087701 0.820380
vt 0.856285 0.088167
vt 0.857251 0.088168
vt 0.857749 0.088751
vt 0.855814 0.088749
vt 0.704396 0.283733
vt 0.704396 0.297846
vt 0.703715 0.297640
vt 0.703715 0.283528
vt 0.702778 0.297713
vt 0.702779 0.283602
vt 0.848154 0.014218
vt 0.848393 0.024847
vt 0.847425 0.024847
vt 0.847186 0.014218
vt 0.843617 0.763374
vt 0.843617 0.777464
vt 0.842941 0.777674
vt 0.842940 0.763584
vt 0.861674 0.722273
vt 0.862134 0.721685
vt 0.863101 0.721686
vt 0.863607 0.722274
vt 0.863147 0.722861
vt 0.862180 0.722861
vt 0.842004 0.777601
vt 0.842002 0.763512
vt 0.863506 0.711146
vt 0.862539 0.711146
vt 0.848181 0.013053
vt 0.848652 0.013635
vt 0.846716 0.013635
vt 0.847214 0.013053
vt 0.669066 0.974487
vt 0.612889 0.974520
vt 0.088905 0.974692
vt 0.288642 0.974712
vt 0.208676 0.974768
vt 0.233216 0.974817
vt 0.975484 0.637374
vt 0.976717 0.699717
vt 0.591196 0.403077
vt 0.598920 0.403077
vt 0.598920 0.403206
vt 0.591194 0.403206
vt 0.368163 0.509897
vt 0.361295 0.509897
vt 0.361295 0.509768
vt 0.368163 0.509768
vt 0.530800 0.603961
vt 0.538525 0.603961
vt 0.538525 0.604090
vt 0.530798 0.604090
vt 0.395279 0.509898
vt 0.388413 0.509897
vt 0.388412 0.509768
vt 0.395279 0.509769
vt 0.591195 0.274309
vt 0.591186 0.403077
vt 0.591185 0.274309
vt 0.395285 0.509898
vt 0.395285 0.638663
vt 0.395279 0.638663
vt 0.395278 0.638792
vt 0.388412 0.638791
vt 0.388412 0.638662
vt 0.598919 0.274309
vt 0.591194 0.274180
vt 0.598919 0.274180
vt 0.538525 0.475193
vt 0.530800 0.475193
vt 0.530798 0.475064
vt 0.538525 0.475064
vt 0.361295 0.638665
vt 0.368163 0.638665
vt 0.368163 0.638794
vt 0.361295 0.638794
vt 0.598928 0.274309
vt 0.598929 0.403077
vt 0.361288 0.638665
vt 0.361288 0.509897
vt 0.618127 0.834115
vt 0.611259 0.834117
vt 0.611259 0.826390
vt 0.618127 0.826392
vt 0.284911 0.826238
vt 0.291779 0.826237
vt 0.291779 0.833964
vt 0.284911 0.833963
vt 0.976717 0.679467
vt 0.976717 0.659218
vt 0.977204 0.926465
vt 0.977525 0.775461
vt 0.977566 0.527663
vt 0.977567 0.853994
vt 0.977567 0.833744
vt 0.977584 0.812359
vt 0.734750 0.769851
vt 0.716741 0.769851
vt 0.716742 0.769822
vt 0.734749 0.769822
vt 0.591006 0.812287
vt 0.579859 0.812283
vt 0.579859 0.812255
vt 0.591008 0.812258
vt 0.798708 0.568100
vt 0.780702 0.568100
vt 0.780701 0.568071
vt 0.798707 0.568071
vt 0.804929 0.013076
vt 0.793782 0.013082
vt 0.793782 0.013052
vt 0.804929 0.013046
vt 0.734750 0.789147
vt 0.734777 0.769851
vt 0.734777 0.789146
vt 0.780702 0.587396
vt 0.780674 0.587395
vt 0.780675 0.568100
vt 0.804928 0.032388
vt 0.793782 0.032394
vt 0.793782 0.032365
vt 0.804928 0.032359
vt 0.716744 0.789147
vt 0.734750 0.789176
vt 0.716742 0.789176
vt 0.798708 0.587396
vt 0.798707 0.587425
vt 0.780702 0.587425
vt 0.525497 0.805827
vt 0.536646 0.805830
vt 0.536646 0.805860
vt 0.525498 0.805857
vt 0.716716 0.789147
vt 0.716714 0.769852
vt 0.798735 0.568101
vt 0.798735 0.587396
vt 0.579859 0.794266
vt 0.591007 0.794270
vt 0.525497 0.786548
vt 0.536644 0.786552
vt 0.807790 0.655838
vt 0.818939 0.655840
vt 0.818939 0.673838
vt 0.807790 0.673837
vt 0.977640 0.753283
vt 0.977808 0.502882
vt 0.978047 0.558687
vt 0.978116 0.421207
vt 0.978116 0.400958
vt 0.978116 0.441457
vt 0.978125 0.168658
vt 0.360856 0.978132
vt 0.735194 0.013076
vt 0.717187 0.013076
vt 0.717186 0.013047
vt 0.735193 0.013047
vt 0.678344 0.782679
vt 0.667196 0.782677
vt 0.667195 0.782649
vt 0.678344 0.782651
vt 0.798709 0.528496
vt 0.780702 0.528496
vt 0.780702 0.528467
vt 0.798708 0.528467
vt 0.798952 0.211524
vt 0.787805 0.211526
vt 0.787804 0.211497
vt 0.798952 0.211494
vt 0.735194 0.032372
vt 0.735221 0.013076
vt 0.735221 0.032372
vt 0.780703 0.547792
vt 0.780675 0.547792
vt 0.780675 0.528496
vt 0.798951 0.230846
vt 0.787804 0.230848
vt 0.787804 0.230820
vt 0.798952 0.230817
vt 0.717185 0.032372
vt 0.735193 0.032401
vt 0.717185 0.032401
vt 0.798708 0.547792
vt 0.798708 0.547821
vt 0.780703 0.547821
vt 0.667195 0.801969
vt 0.678345 0.801971
vt 0.678344 0.802000
vt 0.667195 0.801998
vt 0.717158 0.032372
vt 0.717159 0.013076
vt 0.798735 0.528496
vt 0.798734 0.547792
vt 0.120998 0.818263
vt 0.109850 0.818262
vt 0.109850 0.800258
vt 0.120998 0.800261
vt 0.416892 0.796708
vt 0.428040 0.796709
vt 0.428040 0.814715
vt 0.416892 0.814716
vt 0.978160 0.583876
vt 0.978160 0.878029
vt 0.019398 0.978165
vt 0.043510 0.978199
vt 0.978248 0.901796
vt 0.978300 0.472879
vt 0.978336 0.196566
vt 0.978369 0.611319
vt 0.759590 0.782699
vt 0.777598 0.782699
vt 0.777600 0.782728
vt 0.759590 0.782728
vt 0.784663 0.077832
vt 0.795811 0.077832
vt 0.795812 0.077861
vt 0.784663 0.077861
vt 0.780700 0.626999
vt 0.798705 0.626999
vt 0.798707 0.627028
vt 0.780699 0.627028
vt 0.798952 0.161898
vt 0.787805 0.161897
vt 0.787804 0.161868
vt 0.798951 0.161869
vt 0.759590 0.763403
vt 0.759563 0.782699
vt 0.759563 0.763403
vt 0.798705 0.607703
vt 0.798733 0.607703
vt 0.798733 0.626999
vt 0.798951 0.181222
vt 0.787804 0.181221
vt 0.787805 0.181192
vt 0.798952 0.181193
vt 0.777598 0.763403
vt 0.759590 0.763374
vt 0.777600 0.763374
vt 0.780700 0.607703
vt 0.780699 0.607674
vt 0.798707 0.607674
vt 0.795811 0.058536
vt 0.784663 0.058536
vt 0.784663 0.058507
vt 0.795812 0.058507
vt 0.777625 0.763403
vt 0.777625 0.782699
vt 0.780673 0.626999
vt 0.780673 0.607703
vt 0.812442 0.329751
vt 0.801293 0.329751
vt 0.801293 0.311740
vt 0.812442 0.311740
vt 0.357633 0.794590
vt 0.368782 0.794590
vt 0.368782 0.812600
vt 0.357633 0.812600
vt 0.797981 0.978565
vt 0.979050 0.242941
vt 0.979050 0.222691
vt 0.979128 0.264827
vt 0.979128 0.285076
vt 0.979620 0.373838
vt 0.461638 0.979647
vt 0.440583 0.979699
vt 0.102963 0.779979
vt 0.120971 0.779980
vt 0.120971 0.780009
vt 0.102963 0.780008
vt 0.065217 0.799895
vt 0.076365 0.799893
vt 0.076365 0.799923
vt 0.065218 0.799925
vt 0.780701 0.491647
vt 0.798707 0.491647
vt 0.798707 0.491676
vt 0.780702 0.491676
vt 0.803716 0.362002
vt 0.792568 0.361998
vt 0.792568 0.361970
vt 0.803715 0.361974
vt 0.102963 0.760684
vt 0.102936 0.779979
vt 0.102936 0.760684
vt 0.798707 0.472351
vt 0.798735 0.472351
vt 0.798735 0.491647
vt 0.803716 0.381321
vt 0.792569 0.381316
vt 0.792569 0.381286
vt 0.803716 0.381291
vt 0.120970 0.760684
vt 0.102964 0.760655
vt 0.120970 0.760655
vt 0.780700 0.472351
vt 0.780701 0.472322
vt 0.798708 0.472322
vt 0.076365 0.780602
vt 0.065217 0.780604
vt 0.065218 0.780575
vt 0.076366 0.780573
vt 0.120997 0.760684
vt 0.120999 0.779980
vt 0.780676 0.491647
vt 0.780674 0.472351
vt 0.023068 0.812830
vt 0.011920 0.812830
vt 0.011920 0.794823
vt 0.023068 0.794822
vt 0.807792 0.694088
vt 0.818940 0.694086
vt 0.818940 0.712088
vt 0.807791 0.712089
vt 0.419257 0.979707
vt 0.064161 0.980045
vt 0.644004 0.980092
vt 0.163481 0.980638
vt 0.980771 0.037849
vt 0.187275 0.980798
vt 0.980817 0.014344
vt 0.588256 0.982435
vt 0.755498 0.032372
vt 0.773504 0.032372
vt 0.773506 0.032401
vt 0.755497 0.032402
vt 0.611259 0.806112
vt 0.622408 0.806108
vt 0.622408 0.806138
vt 0.611259 0.806142
vt 0.246627 0.789310
vt 0.264633 0.789310
vt 0.264633 0.789339
vt 0.246627 0.789339
vt 0.188201 0.790691
vt 0.199349 0.790690
vt 0.199349 0.790718
vt 0.188201 0.790721
vt 0.755498 0.013077
vt 0.755471 0.032372
vt 0.755471 0.013076
vt 0.264632 0.770014
vt 0.264659 0.770014
vt 0.264661 0.789309
vt 0.471856 0.807159
vt 0.460709 0.807150
vt 0.460709 0.807120
vt 0.471857 0.807129
vt 0.773506 0.013076
vt 0.755498 0.013047
vt 0.773506 0.013047
vt 0.246627 0.770014
vt 0.246627 0.769985
vt 0.264634 0.769985
vt 0.167950 0.808706
vt 0.156802 0.808710
vt 0.156801 0.808681
vt 0.167949 0.808678
vt 0.773534 0.013077
vt 0.773532 0.032373
vt 0.246600 0.789310
vt 0.246600 0.770014
vt 0.199349 0.808717
vt 0.188201 0.808718
vt 0.611260 0.786833
vt 0.622408 0.786829
vt 0.460711 0.787847
vt 0.471857 0.787856
vt 0.156802 0.790694
vt 0.167950 0.790690
vt 0.123356 0.985825
vt 0.974478 0.987214
vt 0.954229 0.987214
vt 0.933979 0.987214
vt 0.913729 0.987214
vt 0.558324 0.987233
vt 0.890764 0.988186
vt 0.989031 0.342297
vt 0.753062 0.255541
vt 0.753060 0.307045
vt 0.753056 0.307045
vt 0.753057 0.255541
vt 0.781041 0.306549
vt 0.777607 0.306546
vt 0.777608 0.306494
vt 0.781042 0.306497
vt 0.671494 0.762347
vt 0.671492 0.710849
vt 0.671497 0.710849
vt 0.671498 0.762347
vt 0.777608 0.255489
vt 0.781042 0.255492
vt 0.781041 0.255542
vt 0.777607 0.255540
vt 0.757353 0.255541
vt 0.753062 0.255490
vt 0.757354 0.255490
vt 0.667200 0.710849
vt 0.667200 0.710797
vt 0.671492 0.710798
vt 0.772316 0.330215
vt 0.768883 0.330212
vt 0.768883 0.330161
vt 0.772317 0.330163
vt 0.757352 0.307045
vt 0.757358 0.255541
vt 0.757357 0.307045
vt 0.667200 0.762347
vt 0.667196 0.762347
vt 0.667196 0.710849
vt 0.772317 0.381320
vt 0.768883 0.381318
vt 0.768883 0.381267
vt 0.772317 0.381270
vt 0.757352 0.307096
vt 0.753060 0.307096
vt 0.671494 0.762399
vt 0.667200 0.762398
vt 0.905705 0.345129
vt 0.902271 0.345125
vt 0.902272 0.340874
vt 0.905705 0.340879
vt 0.890046 0.900217
vt 0.893479 0.900210
vt 0.893479 0.904465
vt 0.890045 0.904471
vt 0.989151 0.314567
vt 0.989253 0.135889
vt 0.989253 0.115639
vt 0.989435 0.083854
vt 0.989435 0.063605
vt 0.866084 0.989481
vt 0.844885 0.989875
vt 0.822531 0.989875
vt 0.691751 0.706413
vt 0.691752 0.757916
vt 0.691747 0.757916
vt 0.691747 0.706413
vt 0.591009 0.774013
vt 0.587575 0.774016
vt 0.587575 0.773965
vt 0.591009 0.773962
vt 0.536643 0.766247
vt 0.536643 0.714750
vt 0.536647 0.714750
vt 0.536647 0.766247
vt 0.587575 0.722859
vt 0.591009 0.722856
vt 0.591009 0.722908
vt 0.587575 0.722910
vt 0.696043 0.706413
vt 0.691751 0.706361
vt 0.696043 0.706361
vt 0.532351 0.714750
vt 0.532351 0.714698
vt 0.536643 0.714698
vt 0.015352 0.723562
vt 0.011919 0.723564
vt 0.011919 0.723514
vt 0.015353 0.723511
vt 0.696044 0.757916
vt 0.696048 0.706413
vt 0.696048 0.757916
vt 0.532352 0.766247
vt 0.532348 0.766247
vt 0.532346 0.714750
vt 0.015353 0.774568
vt 0.011919 0.774571
vt 0.011919 0.774519
vt 0.015352 0.774516
vt 0.696044 0.757968
vt 0.691752 0.757968
vt 0.536643 0.766299
vt 0.532352 0.766299
vt 0.902408 0.311745
vt 0.905842 0.311741
vt 0.905842 0.315991
vt 0.902408 0.315995
vt 0.906125 0.141806
vt 0.902691 0.141798
vt 0.902691 0.137552
vt 0.906125 0.137561
s 1
usemtl SnapBack_v9_Baked_Texture_Material
f 4/1/1 3/2/2 9/3/3 10/4/4
f 2/5/5 97/6/6 7/7/7 8/8/8
f 6/9/9 5/10/10 12/11/11
f 98/12/12 4/13/1 10/14/4 11/15/13
f 3/16/2 2/5/5 8/8/8 9/17/3
f 97/6/6 1/18/14 7/7/7
f 5/10/10 98/12/12 11/15/13 12/11/11
f 12/11/11 11/15/13 17/19/15 18/20/16
f 10/4/4 9/3/3 15/21/17 16/22/18
f 8/8/8 7/7/7 13/23/19 14/24/20
f 6/9/9 12/11/11 18/20/16
f 11/15/13 10/14/4 16/25/18 17/19/15
f 9/17/3 8/8/8 14/24/20 15/26/17
f 7/7/7 1/18/14 13/23/19
f 16/27/18 15/28/17 21/29/21 22/30/22
f 14/24/20 13/23/19 19/31/23 20/32/24
f 6/9/9 18/20/16 24/33/25
f 17/19/15 16/25/18 22/34/22 23/35/26
f 15/26/17 14/24/20 20/32/24 21/36/21
f 13/23/19 1/18/14 19/31/23
f 18/20/16 17/19/15 23/35/26 24/33/25
f 6/9/9 24/33/25 30/37/27
f 23/35/26 22/34/22 28/38/28 29/39/29
f 21/36/21 20/32/24 26/40/30 27/41/31
f 19/31/23 1/18/14 25/42/32
f 24/33/25 23/35/26 29/39/29 30/37/27
f 22/30/22 21/29/21 27/43/31 28/44/28
f 20/32/24 19/31/23 25/42/32 26/40/30
f 6/9/9 30/37/27 36/45/33
f 29/39/29 28/38/28 34/46/34 35/47/35
f 27/41/31 26/40/30 32/48/36 33/49/37
f 25/42/32 1/18/14 31/50/38
f 30/37/27 29/39/29 35/47/35 36/45/33
f 28/44/28 27/43/31 33/51/37 34/52/34
f 26/40/30 25/42/32 31/50/38 32/48/36
f 33/49/37 32/48/36 38/53/39 39/54/40
f 31/50/38 1/18/14 37/55/41
f 36/45/33 35/47/35 41/56/42 42/57/43
f 34/52/34 33/51/37 39/58/40 40/59/44
f 32/48/36 31/50/38 37/55/41 38/53/39
f 6/9/9 36/45/33 42/57/43
f 35/47/35 34/46/34 40/60/44 41/56/42
f 42/57/43 41/56/42 47/61/45 48/62/46
f 40/63/44 39/64/40 45/65/47 46/66/48
f 38/53/39 37/55/41 43/67/49 44/68/50
f 6/9/9 42/57/43 48/62/46
f 41/56/42 40/60/44 46/69/48 47/61/45
f 39/54/40 38/53/39 44/68/50 45/70/47
f 37/55/41 1/18/14 43/67/49
f 48/62/46 47/61/45 53/71/51 54/72/52
f 46/66/48 45/65/47 51/73/53 52/74/54
f 44/68/50 43/67/49 49/75/55 50/76/56
f 6/9/9 48/62/46 54/72/52
f 47/61/45 46/69/48 52/77/54 53/71/51
f 45/70/47 44/68/50 50/76/56 51/78/53
f 43/67/49 1/18/14 49/75/55
f 50/76/56 49/75/55 55/79/57 56/80/58
f 6/9/9 54/72/52 60/81/59
f 53/71/51 52/77/54 58/82/60 59/83/61
f 51/78/53 50/76/56 56/80/58 57/84/62
f 49/75/55 1/18/14 55/79/57
f 54/72/52 53/71/51 59/83/61 60/81/59
f 52/74/54 51/73/53 57/85/62 58/86/60
f 6/9/9 60/81/59 66/87/63
f 59/83/61 58/82/60 64/88/64 65/89/65
f 57/84/62 56/80/58 62/90/66 63/91/67
f 55/79/57 1/18/14 61/92/68
f 60/81/59 59/83/61 65/89/65 66/87/63
f 58/86/60 57/85/62 63/93/67 64/94/64
f 56/80/58 55/79/57 61/92/68 62/90/66
f 65/89/65 64/88/64 70/95/69 71/96/70
f 63/91/67 62/90/66 68/97/71 69/98/72
f 61/92/68 1/18/14 67/99/73
f 66/87/63 65/89/65 71/96/70 72/100/74
f 64/101/64 63/102/67 69/103/72 70/104/69
f 62/90/66 61/92/68 67/99/73 68/97/71
f 6/9/9 66/87/63 72/100/74
f 67/99/73 1/18/14 73/105/75
f 72/100/74 71/96/70 77/106/76 78/107/77
f 70/104/69 69/103/72 75/108/78 76/109/79
f 68/97/71 67/99/73 73/105/75 74/110/80
f 6/9/9 72/100/74 78/107/77
f 71/96/70 70/95/69 76/111/79 77/106/76
f 69/98/72 68/97/71 74/110/80 75/112/78
f 78/107/77 77/106/76 83/113/81 84/114/82
f 76/109/79 75/108/78 81/115/83 82/116/84
f 74/110/80 73/105/75 79/117/85 80/118/86
f 6/9/9 78/107/77 84/114/82
f 77/106/76 76/111/79 82/119/84 83/113/81
f 75/112/78 74/110/80 80/118/86 81/120/83
f 73/105/75 1/18/14 79/117/85
f 82/116/84 81/115/83 87/121/87 88/122/88
f 80/118/86 79/117/85 85/123/89 86/124/90
f 6/9/9 84/114/82 90/125/91
f 83/113/81 82/119/84 88/126/88 89/127/92
f 81/120/83 80/118/86 86/124/90 87/128/87
f 79/117/85 1/18/14 85/123/89
f 84/114/82 83/113/81 89/127/92 90/125/91
f 6/9/9 90/125/91 96/129/93
f 89/127/92 88/126/88 94/130/94 95/131/95
f 87/128/87 86/124/90 92/132/96 93/133/97
f 85/123/89 1/18/14 91/134/98
f 90/125/91 89/127/92 95/131/95 96/129/93
f 88/135/88 87/136/87 93/137/97 94/138/94
f 86/124/90 85/123/89 91/134/98 92/132/96
f 6/9/9 96/129/93 5/10/10
f 95/131/95 94/130/94 4/13/1 98/12/12
f 93/133/97 92/132/96 2/5/5 3/16/2
f 91/134/98 1/18/14 97/6/6
f 96/129/93 95/131/95 98/12/12 5/10/10
f 94/138/94 93/137/97 3/2/2 4/1/1
f 92/132/96 91/134/98 97/6/6 2/5/5
f 104/139/99 103/140/100 108/141/101
f 102/142/102 101/143/103 106/144/104 107/145/105
f 100/146/106 99/147/107 105/148/108
f 103/140/100 102/149/102 107/150/105 108/141/101
f 101/151/103 100/146/106 105/148/108 106/152/104
f 104/139/99 108/141/101 112/153/109
f 107/145/105 106/144/104 110/154/110 111/155/111
f 105/148/108 99/147/107 109/156/112
f 108/141/101 107/150/105 111/157/111 112/153/109
f 106/152/104 105/148/108 109/156/112 110/158/110
f 104/139/99 112/153/109 116/159/113
f 111/160/111 110/161/110 114/162/114 115/163/115
f 109/156/112 99/147/107 113/164/116
f 112/153/109 111/157/111 115/165/115 116/159/113
f 110/158/110 109/156/112 113/164/116 114/166/114
f 104/139/99 116/159/113 120/167/117
f 115/163/115 114/162/114 118/168/118 119/169/119
f 113/164/116 99/147/107 117/170/120
f 116/159/113 115/165/115 119/171/119 120/167/117
f 114/166/114 113/164/116 117/170/120 118/172/118
f 104/139/99 120/167/117 124/173/121
f 119/174/119 118/175/118 122/176/122 123/177/123
f 117/170/120 99/147/107 121/178/124
f 120/167/117 119/171/119 123/179/123 124/173/121
f 118/172/118 117/170/120 121/178/124 122/180/122
f 104/139/99 124/173/121 128/181/125
f 123/177/123 122/176/122 126/182/126 127/183/127
f 121/178/124 99/147/107 125/184/128
f 124/173/121 123/179/123 127/185/127 128/181/125
f 122/180/122 121/178/124 125/184/128 126/186/126
f 104/139/99 128/181/125 132/187/129
f 127/183/127 126/182/126 130/188/130 131/189/131
f 125/184/128 99/147/107 129/190/132
f 128/181/125 127/185/127 131/191/131 132/187/129
f 126/186/126 125/184/128 129/190/132 130/192/130
f 104/139/99 132/187/129 136/193/133
f 131/189/131 130/188/130 134/194/134 135/195/135
f 129/190/132 99/147/107 133/196/136
f 132/187/129 131/191/131 135/197/135 136/193/133
f 130/192/130 129/190/132 133/196/136 134/198/134
f 104/139/99 136/193/133 140/199/137
f 135/200/135 134/201/134 138/202/138 139/203/139
f 133/196/136 99/147/107 137/204/140
f 136/193/133 135/197/135 139/205/139 140/199/137
f 134/198/134 133/196/136 137/204/140 138/206/138
f 104/139/99 140/199/137 144/207/141
f 139/203/139 138/202/138 142/208/142 143/209/143
f 137/204/140 99/147/107 141/210/144
f 140/199/137 139/205/139 143/211/143 144/207/141
f 138/206/138 137/204/140 141/210/144 142/212/142
f 104/139/99 144/207/141 148/213/145
f 143/214/143 142/215/142 146/216/146 147/217/147
f 141/210/144 99/147/107 145/218/148
f 144/207/141 143/211/143 147/219/147 148/213/145
f 142/212/142 141/210/144 145/218/148 146/220/146
f 104/139/99 148/213/145 103/140/100
f 147/217/147 146/216/146 101/143/103 102/142/102
f 145/218/148 99/147/107 100/146/106
f 148/213/145 147/219/147 102/149/102 103/140/100
f 146/220/146 145/218/148 100/146/106 101/151/103
s 0
f 149/221/149 150/222/150 151/223/151
f 152/224/152 153/225/153 154/226/154
f 155/227/155 156/228/156 157/229/157
f 158/230/158 159/231/159 160/232/160
f 161/233/161 162/234/162 163/235/163
f 164/236/164 165/237/165 166/238/166
f 167/239/167 168/240/168 169/241/169
f 170/242/170 171/243/171 172/244/172
f 155/227/173 149/221/174 151/223/175 156/228/176
f 150/245/177 152/246/178 154/247/179 151/248/180
f 153/225/181 158/230/182 160/232/183 154/226/184
f 159/249/185 157/250/186 156/251/187 160/252/188
f 167/239/189 155/227/190 157/229/191 168/240/192
f 158/230/193 170/242/194 172/244/195 159/231/196
f 171/253/197 169/254/198 168/255/199 172/256/200
f 161/233/201 167/239/202 169/241/203 162/234/204
f 170/242/205 164/236/206 166/238/207 171/243/208
f 165/257/209 163/258/210 162/259/211 166/260/212
f 149/221/213 161/233/214 163/235/215 150/222/216
f 164/236/217 153/225/218 152/224/219 165/237/220
f 155/227/221 167/239/222 161/233/223 149/221/224
f 151/261/225 154/262/226 160/263/227 156/264/228
f 163/258/229 165/257/230 152/246/231 150/245/232
f 170/242/233 158/230/234 153/225/235 164/236/236
f 157/250/237 159/249/238 172/256/239 168/255/240
f 169/265/241 171/266/242 166/267/243 162/268/244
s 1
f 175/269/245 174/270/246 179/271/247 180/272/248
f 178/273/249 177/274/250 182/275/251
f 176/276/252 175/277/245 180/278/248 181/279/253
f 174/270/246 173/280/254 179/271/247
f 177/274/250 176/281/252 181/282/253 182/275/251
f 182/275/251 181/282/253 185/283/255 186/284/256
f 180/272/248 179/271/247 183/285/257 184/286/258
f 178/273/249 182/275/251 186/284/256
f 181/279/253 180/278/248 184/287/258 185/288/255
f 179/271/247 173/280/254 183/285/257
f 186/284/256 185/283/255 189/289/259 190/290/260
f 184/286/258 183/285/257 187/291/261 188/292/262
f 178/273/249 186/284/256 190/290/260
f 185/293/255 184/294/258 188/295/262 189/296/259
f 183/285/257 173/280/254 187/291/261
f 190/290/260 189/289/259 193/297/263 194/298/264
f 188/292/262 187/291/261 191/299/265 192/300/266
f 178/273/249 190/290/260 194/298/264
f 189/296/259 188/295/262 192/301/266 193/302/263
f 187/291/261 173/280/254 191/299/265
f 194/298/264 193/297/263 197/303/267 198/304/268
f 192/300/266 191/299/265 195/305/269 196/306/270
f 178/273/249 194/298/264 198/304/268
f 193/307/263 192/308/266 196/309/270 197/310/267
f 191/299/265 173/280/254 195/305/269
f 198/304/268 197/303/267 201/311/271 202/312/272
f 196/306/270 195/305/269 199/313/273 200/314/274
f 178/273/249 198/304/268 202/312/272
f 197/310/267 196/309/270 200/315/274 201/316/271
f 195/305/269 173/280/254 199/313/273
f 202/312/272 201/311/271 205/317/275 206/318/276
f 200/314/274 199/313/273 203/319/277 204/320/278
f 178/273/249 202/312/272 206/318/276
f 201/316/271 200/315/274 204/321/278 205/322/275
f 199/313/273 173/280/254 203/319/277
f 206/318/276 205/317/275 209/323/279 210/324/280
f 204/320/278 203/319/277 207/325/281 208/326/282
f 178/273/249 206/318/276 210/324/280
f 205/322/275 204/321/278 208/327/282 209/328/279
f 203/319/277 173/280/254 207/325/281
f 210/324/280 209/323/279 213/329/283 214/330/284
f 208/326/282 207/325/281 211/331/285 212/332/286
f 178/273/249 210/324/280 214/330/284
f 209/333/279 208/334/282 212/335/286 213/336/283
f 207/325/281 173/280/254 211/331/285
f 214/330/284 213/329/283 217/337/287 218/338/288
f 212/332/286 211/331/285 215/339/289 216/340/290
f 178/273/249 214/330/284 218/338/288
f 213/336/283 212/335/286 216/341/290 217/342/287
f 211/331/285 173/280/254 215/339/289
f 218/338/288 217/337/287 221/343/291 222/344/292
f 216/340/290 215/339/289 219/345/293 220/346/294
f 178/273/249 218/338/288 222/344/292
f 217/347/287 216/348/290 220/349/294 221/350/291
f 215/339/289 173/280/254 219/345/293
f 222/344/292 221/343/291 176/281/252 177/274/250
f 220/346/294 219/345/293 174/270/246 175/269/245
f 178/273/249 222/344/292 177/274/250
f 221/350/291 220/349/294 175/277/245 176/276/252
f 219/345/293 173/280/254 174/270/246
f 227/351/295 226/352/296 231/353/297 232/354/298
f 225/355/299 224/356/300 229/357/301 230/358/302
f 228/359/303 227/351/295 232/354/298
f 226/360/296 225/361/299 230/362/302 231/363/297
f 224/356/300 223/364/304 229/357/301
f 232/354/298 231/353/297 235/365/305 236/366/306
f 230/358/302 229/357/301 233/367/307 234/368/308
f 228/359/303 232/354/298 236/366/306
f 231/369/297 230/370/302 234/371/308 235/372/305
f 229/357/301 223/364/304 233/367/307
f 236/366/306 235/365/305 239/373/309 240/374/310
f 234/368/308 233/367/307 237/375/311 238/376/312
f 228/359/303 236/366/306 240/374/310
f 235/372/305 234/371/308 238/377/312 239/378/309
f 233/367/307 223/364/304 237/375/311
f 240/374/310 239/373/309 243/379/313 244/380/314
f 238/376/312 237/375/311 241/381/315 242/382/316
f 228/359/303 240/374/310 244/380/314
f 239/378/309 238/377/312 242/383/316 243/384/313
f 237/375/311 223/364/304 241/381/315
f 244/380/314 243/379/313 247/385/317 248/386/318
f 242/382/316 241/381/315 245/387/319 246/388/320
f 228/359/303 244/380/314 248/386/318
f 243/389/313 242/390/316 246/391/320 247/392/317
f 241/381/315 223/364/304 245/387/319
f 248/386/318 247/385/317 251/393/321 252/394/322
f 246/388/320 245/387/319 249/395/323 250/396/324
f 228/359/303 248/386/318 252/394/322
f 247/392/317 246/391/320 250/397/324 251/398/321
f 245/387/319 223/364/304 249/395/323
f 252/394/322 251/393/321 255/399/325 256/400/326
f 250/396/324 249/395/323 253/401/327 254/402/328
f 228/359/303 252/394/322 256/400/326
f 251/398/321 250/397/324 254/403/328 255/404/325
f 249/395/323 223/364/304 253/401/327
f 256/400/326 255/399/325 259/405/329 260/406/330
f 254/402/328 253/401/327 257/407/331 258/408/332
f 228/359/303 256/400/326 260/406/330
f 255/409/325 254/410/328 258/411/332 259/412/329
f 253/401/327 223/364/304 257/407/331
f 260/406/330 259/405/329 263/413/333 264/414/334
f 258/408/332 257/407/331 261/415/335 262/416/336
f 228/359/303 260/406/330 264/414/334
f 259/412/329 258/411/332 262/417/336 263/418/333
f 257/407/331 223/364/304 261/415/335
f 264/414/334 263/413/333 267/419/337 268/420/338
f 262/416/336 261/415/335 265/421/339 266/422/340
f 228/359/303 264/414/334 268/420/338
f 263/418/333 262/417/336 266/423/340 267/424/337
f 261/415/335 223/364/304 265/421/339
f 268/420/338 267/419/337 271/425/341 272/426/342
f 266/422/340 265/421/339 269/427/343 270/428/344
f 228/359/303 268/420/338 272/426/342
f 267/429/337 266/430/340 270/431/344 271/432/341
f 265/421/339 223/364/304 269/427/343
f 272/426/342 271/425/341 226/352/296 227/351/295
f 270/428/344 269/427/343 224/356/300 225/355/299
f 228/359/303 272/426/342 227/351/295
f 271/432/341 270/431/344 225/361/299 226/360/296
f 269/427/343 223/364/304 224/356/300
f 277/433/345 276/434/346 281/435/347 282/436/348
f 275/437/349 274/438/350 279/439/351 280/440/352
f 278/441/303 277/433/345 282/436/348
f 276/442/346 275/443/349 280/444/352 281/445/347
f 274/438/350 273/446/304 279/439/351
f 279/439/351 273/446/304 283/447/353
f 282/436/348 281/435/347 285/448/354 286/449/355
f 280/440/352 279/439/351 283/447/353 284/450/356
f 278/441/303 282/436/348 286/449/355
f 281/445/347 280/444/352 284/451/356 285/452/354
f 283/447/353 273/446/304 287/453/357
f 286/449/355 285/448/354 289/454/358 290/455/359
f 284/450/356 283/447/353 287/453/357 288/456/360
f 278/441/303 286/449/355 290/455/359
f 285/457/354 284/458/356 288/459/360 289/460/358
f 287/453/357 273/446/304 291/461/361
f 290/455/359 289/454/358 293/462/362 294/463/363
f 288/456/360 287/453/357 291/461/361 292/464/364
f 278/441/303 290/455/359 294/463/363
f 289/460/358 288/459/360 292/465/364 293/466/362
f 291/461/361 273/446/304 295/467/365
f 294/463/363 293/462/362 297/468/366 298/469/367
f 292/464/364 291/461/361 295/467/365 296/470/368
f 278/441/303 294/463/363 298/469/367
f 293/466/362 292/465/364 296/471/368 297/472/366
f 295/467/365 273/446/304 299/473/369
f 298/469/367 297/468/366 301/474/370 302/475/371
f 296/470/368 295/467/365 299/473/369 300/476/372
f 278/441/303 298/469/367 302/475/371
f 297/477/366 296/478/368 300/479/372 301/480/370
f 299/473/369 273/446/304 303/481/373
f 302/475/371 301/474/370 305/482/374 306/483/375
f 300/476/372 299/473/369 303/481/373 304/484/376
f 278/441/303 302/475/371 306/483/375
f 301/480/370 300/479/372 304/485/376 305/486/374
f 303/481/373 273/446/304 307/487/377
f 306/483/375 305/482/374 309/488/378 310/489/379
f 304/484/376 303/481/373 307/487/377 308/490/380
f 278/441/303 306/483/375 310/489/379
f 305/486/374 304/485/376 308/491/380 309/492/378
f 307/487/377 273/446/304 311/493/381
f 310/489/379 309/488/378 313/494/382 314/495/383
f 308/490/380 307/487/377 311/493/381 312/496/384
f 278/441/303 310/489/379 314/495/383
f 309/497/378 308/498/380 312/499/384 313/500/382
f 311/493/381 273/446/304 315/501/385
f 314/495/383 313/494/382 317/502/386 318/503/387
f 312/496/384 311/493/381 315/501/385 316/504/388
f 278/441/303 314/495/383 318/503/387
f 313/500/382 312/499/384 316/505/388 317/506/386
f 315/501/385 273/446/304 319/507/389
f 318/503/387 317/502/386 321/508/390 322/509/391
f 316/504/388 315/501/385 319/507/389 320/510/392
f 278/441/303 318/503/387 322/509/391
f 317/506/386 316/505/388 320/511/392 321/512/390
f 319/507/389 273/446/304 274/438/350
f 322/509/391 321/508/390 276/434/346 277/433/345
f 320/510/392 319/507/389 274/438/350 275/437/349
f 278/441/303 322/509/391 277/433/345
f 321/513/390 320/514/392 275/443/349 276/442/346
f 327/515/303 326/516/393 330/517/394
f 325/518/395 324/519/396 328/520/397 329/521/398
f 326/516/393 325/522/395 329/523/398 330/517/394
f 324/519/396 323/524/304 328/520/397
f 327/515/303 330/517/394 333/525/399
f 329/521/398 328/520/397 331/526/400 332/527/401
f 330/517/394 329/523/398 332/528/401 333/525/399
f 328/520/397 323/524/304 331/526/400
f 327/515/303 333/525/399 336/529/402
f 332/527/401 331/526/400 334/530/403 335/531/404
f 333/525/399 332/528/401 335/532/404 336/529/402
f 331/526/400 323/524/304 334/530/403
f 327/515/303 336/529/402 339/533/405
f 335/531/404 334/530/403 337/534/406 338/535/407
f 336/529/402 335/532/404 338/536/407 339/533/405
f 334/530/403 323/524/304 337/534/406
f 327/515/303 339/533/405 342/537/408
f 338/535/407 337/534/406 340/538/409 341/539/410
f 339/533/405 338/536/407 341/540/410 342/537/408
f 337/534/406 323/524/304 340/538/409
f 340/538/409 323/524/304 343/541/411
f 327/515/303 342/537/408 345/542/412
f 341/539/410 340/538/409 343/541/411 344/543/413
f 342/537/408 341/540/410 344/544/413 345/542/412
f 345/542/412 344/544/413 347/545/414 348/546/415
f 343/541/411 323/524/304 346/547/416
f 327/515/303 345/542/412 348/546/415
f 344/543/413 343/541/411 346/547/416 347/548/414
f 348/546/415 347/545/414 350/549/417 351/550/418
f 346/547/416 323/524/304 349/551/419
f 327/515/303 348/546/415 351/550/418
f 347/548/414 346/547/416 349/551/419 350/552/417
f 351/550/418 350/549/417 353/553/420 354/554/421
f 349/551/419 323/524/304 352/555/422
f 327/515/303 351/550/418 354/554/421
f 350/552/417 349/551/419 352/555/422 353/556/420
f 354/554/421 353/553/420 325/522/395 326/516/393
f 352/555/422 323/524/304 324/519/396
f 327/515/303 354/554/421 326/516/393
f 353/556/420 352/555/422 324/519/396 325/518/395
f 358/557/393 357/558/395 361/559/423 362/560/394
f 356/561/396 355/562/304 360/563/397
f 359/564/303 358/557/393 362/560/394
f 357/565/395 356/561/396 360/563/397 361/566/423
f 362/560/394 361/559/423 364/567/424 365/568/399
f 360/563/397 355/562/304 363/569/400
f 359/564/303 362/560/394 365/568/399
f 361/566/423 360/563/397 363/569/400 364/570/424
f 365/568/399 364/567/424 367/571/404 368/572/425
f 363/569/400 355/562/304 366/573/403
f 359/564/303 365/568/399 368/572/425
f 364/570/424 363/569/400 366/573/403 367/574/404
f 368/572/425 367/571/404 370/575/407 371/576/405
f 366/573/403 355/562/304 369/577/426
f 359/564/303 368/572/425 371/576/405
f 367/574/404 366/573/403 369/577/426 370/578/407
f 371/576/405 370/575/407 373/579/410 374/580/408
f 369/577/426 355/562/304 372/581/409
f 359/564/303 371/576/405 374/580/408
f 370/578/407 369/577/426 372/581/409 373/582/410
f 373/582/410 372/581/409 375/583/427 376/584/413
f 374/580/408 373/579/410 376/585/413 377/586/428
f 372/581/409 355/562/304 375/583/427
f 359/564/303 374/580/408 377/586/428
f 359/564/303 377/586/428 380/587/429
f 376/584/413 375/583/427 378/588/416 379/589/414
f 377/586/428 376/585/413 379/590/414 380/587/429
f 375/583/427 355/562/304 378/588/416
f 359/564/303 380/587/429 383/591/418
f 379/589/414 378/588/416 381/592/419 382/593/430
f 380/587/429 379/590/414 382/594/430 383/591/418
f 378/588/416 355/562/304 381/592/419
f 359/564/303 383/591/418 386/595/421
f 382/593/430 381/592/419 384/596/431 385/597/420
f 383/591/418 382/594/430 385/598/420 386/595/421
f 381/592/419 355/562/304 384/596/431
f 359/564/303 386/595/421 358/557/393
f 385/597/420 384/596/431 356/561/396 357/565/395
f 386/595/421 385/598/420 357/558/395 358/557/393
f 384/596/431 355/562/304 356/561/396
s 0
f 387/599/432 388/599/433 389/599/434
f 390/600/435 391/600/436 392/600/437
f 393/601/438 394/601/439 395/601/440
f 396/602/441 397/602/442 398/602/443
f 399/603/444 400/603/445 401/603/446
f 402/604/447 403/604/448 404/604/449
f 405/605/450 406/605/451 407/605/452
f 408/606/453 409/606/454 410/606/455
f 393/607/456 387/608/457 389/609/458 394/610/459
f 388/611/460 390/612/461 392/613/462 389/614/463
f 391/615/464 396/616/465 398/617/466 392/618/467
f 397/619/468 395/620/469 394/621/470 398/622/471
f 405/623/472 393/607/473 395/624/474 406/625/475
f 396/616/476 408/626/477 410/627/478 397/628/479
f 409/629/480 407/630/481 406/631/482 410/632/483
f 399/633/484 405/623/485 407/634/486 400/635/487
f 408/626/488 402/636/489 404/637/490 409/638/491
f 403/639/492 401/640/493 400/641/494 404/642/495
f 387/608/496 399/633/497 401/643/498 388/644/499
f 402/636/500 391/615/501 390/645/502 403/646/503
f 393/607/504 405/623/505 399/633/506 387/608/507
f 389/647/508 392/648/509 398/649/510 394/650/511
f 401/640/512 403/639/513 390/612/514 388/611/515
f 408/626/516 396/616/517 391/615/518 402/636/519
f 395/620/520 397/619/521 410/632/522 406/631/523
f 407/651/524 409/652/525 404/653/526 400/654/527
f 411/655/528 412/655/529 413/655/530
f 414/656/531 415/656/532 416/656/533
f 417/657/534 418/657/535 419/657/536
f 420/658/537 421/658/538 422/658/539
f 423/659/540 424/659/541 425/659/542
f 426/660/543 427/660/544 428/660/545
f 429/661/546 430/661/547 431/661/548
f 432/662/549 433/662/550 434/662/551
f 417/663/552 411/664/553 413/665/554 418/666/555
f 412/667/556 414/668/557 416/669/558 413/670/559
f 415/671/560 420/672/561 422/673/562 416/674/563
f 421/675/564 419/676/565 418/677/566 422/678/567
f 429/679/568 417/663/569 419/680/570 430/681/571
f 420/672/572 432/682/573 434/683/574 421/684/575
f 433/685/576 431/686/577 430/687/578 434/688/579
f 423/689/580 429/679/581 431/690/582 424/691/583
f 432/682/584 426/692/585 428/693/586 433/694/587
f 427/695/588 425/696/589 424/697/590 428/698/591
f 411/664/592 423/689/593 425/699/594 412/700/595
f 426/692/596 415/671/597 414/701/598 427/702/599
f 417/663/600 429/679/601 423/689/602 411/664/603
f 413/703/604 416/704/605 422/705/606 418/706/607
f 425/696/608 427/695/609 414/668/610 412/667/611
f 432/682/612 420/672/613 415/671/614 426/692/615
f 419/676/616 421/675/617 434/688/618 430/687/619
f 431/707/620 433/708/621 428/709/622 424/710/623
f 435/711/624 436/711/625 437/711/626
f 438/712/627 439/712/628 440/712/629
f 441/713/630 442/713/631 443/713/632
f 444/714/633 445/714/634 446/714/635
f 447/715/636 448/715/637 449/715/638
f 450/716/639 451/716/640 452/716/641
f 453/717/642 454/717/643 455/717/644
f 456/718/645 457/718/646 458/718/647
f 441/719/648 435/720/649 437/721/650 442/722/651
f 436/723/652 438/724/653 440/725/654 437/726/655
f 439/727/656 444/728/657 446/729/658 440/730/659
f 445/731/660 443/732/661 442/733/662 446/734/663
f 453/735/664 441/719/665 443/736/666 454/737/667
f 444/728/668 456/738/669 458/739/670 445/740/671
f 457/741/672 455/742/673 454/743/674 458/744/675
f 447/745/676 453/735/677 455/746/678 448/747/679
f 456/738/680 450/748/681 452/749/682 457/750/683
f 451/751/684 449/752/685 448/753/686 452/754/687
f 435/720/688 447/745/689 449/755/690 436/756/691
f 450/748/692 439/727/693 438/757/694 451/758/695
f 441/719/696 453/735/697 447/745/698 435/720/699
f 437/759/700 440/760/701 446/734/702 442/733/703
f 449/761/704 451/762/705 438/724/706 436/723/707
f 456/738/708 444/728/709 439/727/710 450/748/711
f 443/763/712 445/764/713 458/744/714 454/743/715
f 455/765/716 457/766/717 452/754/718 448/753/719
f 459/767/720 460/767/721 461/767/722
f 462/768/723 463/768/724 464/768/725
f 465/769/726 466/769/727 467/769/728
f 468/770/729 469/770/730 470/770/731
f 471/771/732 472/771/733 473/771/734
f 474/772/735 475/772/736 476/772/737
f 477/773/738 478/773/739 479/773/740
f 480/774/741 481/774/742 482/774/743
f 465/775/744 459/776/745 461/777/746 466/778/747
f 460/779/748 462/780/749 464/781/750 461/782/751
f 463/783/752 468/784/753 470/785/754 464/786/755
f 469/787/756 467/788/757 466/789/758 470/790/759
f 477/791/760 465/775/761 467/792/762 478/793/763
f 468/784/764 480/794/765 482/795/766 469/796/767
f 481/797/768 479/798/769 478/799/770 482/800/771
f 471/801/772 477/791/773 479/802/774 472/803/775
f 480/794/776 474/804/777 476/805/778 481/806/779
f 475/807/780 473/808/781 472/809/782 476/810/783
f 459/776/784 471/801/785 473/811/786 460/812/787
f 474/804/788 463/783/789 462/813/790 475/814/791
f 465/775/792 477/791/793 471/801/794 459/776/795
f 461/782/796 464/781/797 470/815/798 466/816/799
f 473/808/800 475/807/801 462/817/802 460/818/803
f 480/794/804 468/784/805 463/783/806 474/804/807
f 467/788/808 469/787/809 482/819/810 478/820/811
f 479/798/812 481/797/813 476/821/814 472/822/815
f 483/823/816 484/823/817 485/823/818
f 486/824/819 487/824/820 488/824/821
f 489/825/822 490/825/823 491/825/824
f 492/826/825 493/826/826 494/826/827
f 495/827/828 496/827/829 497/827/830
f 498/828/831 499/828/832 500/828/833
f 501/829/834 502/829/835 503/829/836
f 504/830/837 505/830/838 506/830/839
f 489/831/840 483/832/841 485/833/842 490/834/843
f 484/835/844 486/836/845 488/837/846 485/838/847
f 487/839/848 492/840/849 494/841/850 488/842/851
f 493/843/852 491/844/853 490/845/854 494/846/855
f 501/847/856 489/848/857 491/844/858 502/849/859
f 492/850/860 504/851/861 506/852/862 493/843/863
f 505/853/864 503/854/865 502/849/866 506/852/867
f 495/855/868 501/856/869 503/857/870 496/858/871
f 504/859/872 498/860/873 500/861/874 505/862/875
f 499/863/876 497/864/877 496/865/878 500/866/879
f 483/867/880 495/868/881 497/864/882 484/835/883
f 498/869/884 487/870/885 486/836/886 499/863/887
f 489/831/888 501/856/889 495/855/890 483/832/891
f 485/871/225 488/872/226 494/873/227 490/874/228
f 497/864/892 499/863/893 486/836/894 484/835/895
f 504/859/896 492/840/897 487/839/898 498/860/899
f 491/844/900 493/843/901 506/852/902 502/849/903
f 503/875/241 505/876/242 500/877/243 496/878/244
f 507/879/904 508/879/905 509/879/906
f 510/880/907 511/880/908 512/880/909
f 513/881/910 514/881/911 515/881/912
f 516/882/913 517/882/914 518/882/915
f 519/883/916 520/883/917 521/883/918
f 522/884/919 523/884/920 524/884/921
f 525/885/922 526/885/923 527/885/924
f 528/886/925 529/886/926 530/886/927
f 513/887/928 507/888/929 509/889/930 514/890/931
f 508/891/932 510/892/933 512/893/934 509/894/935
f 511/895/936 516/896/937 518/897/938 512/898/939
f 517/899/940 515/900/941 514/901/942 518/902/943
f 525/903/944 513/904/945 515/900/946 526/905/947
f 516/906/948 528/907/949 530/908/950 517/899/951
f 529/909/952 527/910/953 526/905/954 530/908/955
f 519/911/956 525/912/957 527/913/958 520/914/959
f 528/915/960 522/916/961 524/917/962 529/918/963
f 523/919/964 521/920/965 520/921/966 524/922/967
f 507/923/968 519/924/969 521/920/970 508/891/971
f 522/925/972 511/926/973 510/892/974 523/919/975
f 513/887/976 525/912/977 519/911/978 507/888/979
f 509/927/980 512/928/981 518/929/982 514/930/983
f 521/920/984 523/919/985 510/892/986 508/891/987
f 528/915/988 516/896/989 511/895/990 522/916/991
f 515/900/992 517/899/993 530/908/994 526/905/995
f 527/931/996 529/932/997 524/933/998 520/934/999
f 531/935/1000 532/935/1001 533/935/1002
f 534/936/1003 535/936/1004 536/936/1005
f 537/937/1006 538/937/1007 539/937/1008
f 540/938/1009 541/938/1010 542/938/1011
f 543/939/1012 544/939/1013 545/939/1014
f 546/940/1015 547/940/1016 548/940/1017
f 549/941/1018 550/941/1019 551/941/1020
f 552/942/1021 553/942/1022 554/942/1023
f 537/943/1024 531/944/1025 533/945/1026 538/946/1027
f 532/947/1028 534/948/1029 536/949/1030 533/950/1031
f 535/951/1032 540/952/1033 542/953/1034 536/954/1035
f 541/955/1036 539/956/1037 538/957/1038 542/958/1039
f 549/959/1040 537/960/1041 539/956/1042 550/961/1043
f 540/962/1044 552/963/1045 554/964/1046 541/955/1047
f 553/965/1048 551/966/1049 550/961/1050 554/964/1051
f 543/967/1052 549/968/1053 551/969/1054 544/970/1055
f 552/971/1056 546/972/1057 548/973/1058 553/974/1059
f 547/975/1060 545/976/1061 544/977/1062 548/978/1063
f 531/979/1064 543/980/1065 545/976/1066 532/947/1067
f 546/981/1068 535/982/1069 534/948/1070 547/975/1071
f 537/943/888 549/968/889 543/967/890 531/944/891
f 533/983/225 536/984/226 542/985/227 538/986/228
f 545/976/1072 547/975/1073 534/948/1074 532/947/1075
f 552/971/896 540/952/897 535/951/1076 546/972/1077
f 539/956/900 541/955/901 554/964/902 550/961/903
f 551/987/241 553/988/242 548/989/243 544/990/244
f 555/991/1078 556/991/1079 557/991/1080
f 558/992/1081 559/992/1082 560/992/1083
f 561/993/1084 562/993/1085 563/993/1086
f 564/994/1087 565/994/1088 566/994/1089
f 567/995/1090 568/995/1091 569/995/1092
f 570/996/1093 571/996/1094 572/996/1095
f 573/997/1096 574/997/1097 575/997/1098
f 576/998/1099 577/998/1100 578/998/1101
f 561/999/1102 555/1000/1103 557/1001/1104 562/1002/1105
f 556/1003/1106 558/1004/1107 560/1005/1108 557/1006/1109
f 559/1007/1110 564/1008/1111 566/1009/1112 560/1010/1113
f 565/1011/1114 563/1012/1115 562/1013/1116 566/1014/1117
f 573/1015/1118 561/1016/1119 563/1012/1120 574/1017/1121
f 564/1018/1122 576/1019/1123 578/1020/1124 565/1011/1125
f 577/1021/1126 575/1022/1127 574/1017/1128 578/1020/1129
f 567/1023/1130 573/1024/1131 575/1025/1132 568/1026/1133
f 576/1027/1134 570/1028/1135 572/1029/1136 577/1030/1137
f 571/1031/1138 569/1032/1139 568/1033/1140 572/1034/1141
f 555/1035/1142 567/1036/1143 569/1032/1144 556/1003/1145
f 570/1037/1146 559/1038/1147 558/1004/1148 571/1031/1149
f 561/999/976 573/1024/977 567/1023/978 555/1000/979
f 557/1039/980 560/1040/981 566/1041/982 562/1042/983
f 569/1032/1150 571/1031/1151 558/1004/1152 556/1003/1153
f 576/1027/988 564/1008/989 559/1007/990 570/1028/991
f 563/1012/1154 565/1011/1155 578/1020/1156 574/1017/1157
f 575/1043/996 577/1044/997 572/1045/998 568/1046/999
f 579/1047/1158 580/1047/1159 581/1047/1160
f 582/1048/1161 583/1048/1162 584/1048/1163
f 585/1049/1164 586/1049/1165 587/1049/1166
f 588/1050/1167 589/1050/1168 590/1050/1169
f 591/1051/1170 592/1051/1171 593/1051/1172
f 594/1052/1173 595/1052/1174 596/1052/1175
f 597/1053/1176 598/1053/1177 599/1053/1178
f 600/1054/1179 601/1054/1180 602/1054/1181
f 585/1055/1182 579/1056/1183 581/1057/1184 586/1058/1185
f 580/1059/1186 582/1060/1187 584/1061/1188 581/1062/1189
f 583/1063/1190 588/1064/1191 590/1065/1192 584/1066/1193
f 589/1067/1194 587/1068/1195 586/1069/1196 590/1070/1197
f 597/1071/1198 585/1072/1199 587/1068/1200 598/1073/1201
f 588/1074/1202 600/1075/1203 602/1076/1204 589/1067/1205
f 601/1077/1206 599/1078/1207 598/1073/1208 602/1076/1209
f 591/1079/1210 597/1080/1211 599/1081/1212 592/1082/1213
f 600/1083/1214 594/1084/1215 596/1085/1216 601/1086/1217
f 595/1087/1218 593/1088/1219 592/1089/1220 596/1090/1221
f 579/1091/1222 591/1092/1223 593/1088/1224 580/1059/1225
f 594/1093/1226 583/1094/1227 582/1060/1228 595/1087/1229
f 585/1055/1230 597/1080/1231 591/1079/1232 579/1056/1233
f 581/1095/225 584/1096/226 590/1097/227 586/1098/228
f 593/1088/1072 595/1087/893 582/1060/894 580/1059/1075
f 600/1083/1234 588/1064/1235 583/1063/1236 594/1084/1237
f 587/1068/1238 589/1067/1239 602/1076/1240 598/1073/1241
f 599/1099/241 601/1100/242 596/1101/243 592/1102/244
f 603/1103/1242 604/1103/1243 605/1103/1244
f 606/1104/1245 607/1104/1246 608/1104/1247
f 609/1105/1248 610/1105/1249 611/1105/1250
f 612/1106/1251 613/1106/1252 614/1106/1253
f 615/1107/1254 616/1107/1255 617/1107/1256
f 618/1108/1257 619/1108/1258 620/1108/1259
f 621/1109/1260 622/1109/1261 623/1109/1262
f 624/1110/1263 625/1110/1264 626/1110/1265
f 609/1111/1266 603/1112/1267 605/1113/1268 610/1114/1269
f 604/1115/1270 606/1116/1271 608/1117/1272 605/1118/1273
f 607/1119/1274 612/1120/1275 614/1121/1276 608/1122/1277
f 613/1123/1278 611/1124/1279 610/1125/1280 614/1126/1281
f 621/1127/1282 609/1128/1283 611/1124/1284 622/1129/1285
f 612/1130/1286 624/1131/1287 626/1132/1288 613/1123/1289
f 625/1133/1290 623/1134/1291 622/1129/1292 626/1132/1293
f 615/1135/1294 621/1136/1295 623/1137/1296 616/1138/1297
f 624/1139/1298 618/1140/1299 620/1141/1300 625/1142/1301
f 619/1143/1302 617/1144/1303 616/1145/1304 620/1146/1305
f 603/1147/1306 615/1148/1307 617/1144/1308 604/1115/1309
f 618/1149/1310 607/1150/1311 606/1116/1312 619/1143/1313
f 609/1111/976 621/1136/1314 615/1135/978 603/1112/979
f 605/1151/980 608/1152/981 614/1153/982 610/1154/983
f 617/1144/1150 619/1143/1151 606/1116/1152 604/1115/1153
f 624/1139/988 612/1120/989 607/1119/1315 618/1140/1316
f 611/1124/1317 613/1123/1318 626/1132/1319 622/1129/1320
f 623/1155/996 625/1156/997 620/1157/998 616/1158/999
f 627/1159/1321 628/1159/1322 629/1159/1323
f 630/1160/1324 631/1160/1325 632/1160/1326
f 633/1161/1327 634/1161/1328 635/1161/1329
f 636/1162/1330 637/1162/1331 638/1162/1332
f 639/1163/1333 640/1163/1334 641/1163/1335
f 642/1164/1336 643/1164/1337 644/1164/1338
f 645/1165/1339 646/1165/1340 647/1165/1341
f 648/1166/1342 649/1166/1343 650/1166/1344
f 633/1167/1345 627/1168/1346 629/1169/1347 634/1170/1348
f 628/1171/1349 630/1172/1350 632/1173/1351 629/1174/1352
f 631/1175/1353 636/1176/1354 638/1177/1355 632/1178/1356
f 637/1179/1357 635/1180/1358 634/1181/1359 638/1182/1360
f 645/1183/1361 633/1184/1362 635/1180/1363 646/1185/1364
f 636/1186/1365 648/1187/1366 650/1188/1367 637/1179/1368
f 649/1189/1369 647/1190/1370 646/1185/1371 650/1188/1372
f 639/1191/1373 645/1192/1374 647/1193/1375 640/1194/1376
f 648/1195/1377 642/1196/1378 644/1197/1379 649/1198/1380
f 643/1199/1381 641/1200/1382 640/1201/1383 644/1202/1384
f 627/1203/1385 639/1204/1386 641/1200/1387 628/1171/1388
f 642/1205/1389 631/1206/1390 630/1172/1391 643/1199/1392
f 633/1167/1393 645/1192/1394 639/1191/1395 627/1168/1396
f 629/1207/225 632/1208/226 638/1209/227 634/1210/228
f 641/1200/892 643/1199/1397 630/1172/1398 628/1171/895
f 648/1195/1399 636/1176/1400 631/1175/1401 642/1196/1402
f 635/1180/900 637/1179/1403 650/1188/902 646/1185/1404
f 647/1211/241 649/1212/242 644/1213/243 640/1214/244
f 651/1215/1405 652/1215/1406 653/1215/1407
f 654/1216/1408 655/1216/1409 656/1216/1410
f 657/1217/1411 658/1217/1412 659/1217/1413
f 660/1218/1414 661/1218/1415 662/1218/1416
f 663/1219/1417 664/1219/1418 665/1219/1419
f 666/1220/1420 667/1220/1421 668/1220/1422
f 669/1221/1423 670/1221/1424 671/1221/1425
f 672/1222/1426 673/1222/1427 674/1222/1428
f 657/1223/1429 651/1224/1430 653/1225/1431 658/1226/1432
f 652/1227/1433 654/1228/1434 656/1229/1435 653/1230/1436
f 655/1231/1437 660/1232/1438 662/1233/1439 656/1234/1440
f 661/1235/1441 659/1236/1442 658/1237/1443 662/1238/1444
f 669/1239/1445 657/1240/1446 659/1236/1447 670/1241/1448
f 660/1242/1449 672/1243/1450 674/1244/1451 661/1235/1452
f 673/1245/1453 671/1246/1454 670/1241/1455 674/1244/1456
f 663/1247/1457 669/1248/1458 671/1249/1459 664/1250/1460
f 672/1251/1461 666/1252/1462 668/1253/1463 673/1254/1464
f 667/1255/1465 665/1256/1466 664/1257/1467 668/1258/1468
f 651/1259/1469 663/1260/1470 665/1256/1471 652/1227/1472
f 666/1261/1473 655/1262/1474 654/1228/1475 667/1255/1476
f 657/1223/1477 669/1248/1478 663/1247/1479 651/1224/1480
f 653/1263/980 656/1264/981 662/1265/982 658/1266/983
f 665/1256/1481 667/1255/1482 654/1228/1483 652/1227/1484
f 672/1251/1485 660/1232/1486 655/1231/1487 666/1252/1488
f 659/1236/1489 661/1235/1490 674/1244/1491 670/1241/1492
f 671/1267/996 673/1268/997 668/1269/998 664/1270/999
f 675/1271/1493 676/1271/1494 677/1271/1495
f 678/1272/1496 679/1272/1497 680/1272/1498
f 681/1273/1499 682/1273/1500 683/1273/1501
f 684/1274/1502 685/1274/1503 686/1274/1504
f 687/1275/1505 688/1275/1506 689/1275/1507
f 690/1276/1508 691/1276/1509 692/1276/1510
f 693/1277/1511 694/1277/1512 695/1277/1513
f 696/1278/1514 697/1278/1515 698/1278/1516
f 681/1279/1517 675/1280/1518 677/1281/1519 682/1282/1520
f 676/1283/1521 678/1284/1522 680/1285/1523 677/1286/1524
f 679/1287/1525 684/1288/1526 686/1289/1527 680/1290/1528
f 685/1291/1529 683/1292/1530 682/1293/1531 686/1294/1532
f 693/1295/1533 681/1296/1534 683/1292/1535 694/1297/1536
f 684/1298/1537 696/1299/1538 698/1300/1539 685/1291/1540
f 697/1301/1541 695/1302/1542 694/1297/1543 698/1300/1544
f 687/1303/1545 693/1304/1546 695/1305/1547 688/1306/1548
f 696/1307/1549 690/1308/1550 692/1309/1551 697/1310/1552
f 691/1311/1553 689/1312/1554 688/1313/1555 692/1314/1556
f 675/1315/1557 687/1316/1558 689/1312/1559 676/1283/1560
f 690/1317/1561 679/1318/1562 678/1284/1563 691/1311/1564
f 681/1279/1230 693/1304/1231 687/1303/1232 675/1280/1233
f 677/1319/225 680/1320/226 686/1321/227 682/1322/228
f 689/1312/892 691/1311/893 678/1284/894 676/1283/895
f 696/1307/1234 684/1288/1235 679/1287/1236 690/1308/1237
f 683/1292/900 685/1291/901 698/1300/902 694/1297/903
f 695/1323/241 697/1324/242 692/1325/243 688/1326/244
f 699/1327/1565 700/1327/1566 701/1327/1567
f 702/1328/1568 703/1328/1569 704/1328/1570
f 705/1329/1571 706/1329/1572 707/1329/1573
f 708/1330/1574 709/1330/1575 710/1330/1576
f 711/1331/1577 712/1331/1578 713/1331/1579
f 714/1332/1580 715/1332/1581 716/1332/1582
f 717/1333/1583 718/1333/1584 719/1333/1585
f 720/1334/1586 721/1334/1587 722/1334/1588
f 705/1335/1589 699/1336/1590 701/1337/1591 706/1338/1592
f 700/1339/1593 702/1340/1594 704/1341/1595 701/1342/1596
f 703/1343/1597 708/1344/1598 710/1345/1599 704/1346/1600
f 709/1347/1601 707/1348/1602 706/1349/1603 710/1350/1604
f 717/1351/1605 705/1352/1606 707/1348/1607 718/1353/1608
f 708/1354/1609 720/1355/1610 722/1356/1611 709/1347/1612
f 721/1357/1613 719/1358/1614 718/1353/1615 722/1356/1616
f 711/1359/1617 717/1360/1618 719/1361/1619 712/1362/1620
f 720/1363/1621 714/1364/1622 716/1365/1623 721/1366/1624
f 715/1367/1625 713/1368/1626 712/1369/1627 716/1370/1628
f 699/1371/1629 711/1372/1630 713/1368/1631 700/1339/1632
f 714/1373/1633 703/1374/1634 702/1340/1635 715/1367/1636
f 705/1335/976 717/1360/977 711/1359/978 699/1336/979
f 701/1375/980 704/1376/981 710/1377/982 706/1378/983
f 713/1368/1481 715/1367/1482 702/1340/1483 700/1339/1484
f 720/1363/988 708/1344/989 703/1343/1315 714/1364/1316
f 707/1348/1489 709/1347/1490 722/1356/1491 718/1353/1492
f 719/1379/996 721/1380/997 716/1381/998 712/1382/999
s 1
f 727/1383/1637 726/1384/1638 730/1385/1639
f 725/1386/1640 724/1387/1641 728/1388/1642 729/1389/1643
f 726/1384/1638 725/1390/1640 729/1391/1643 730/1385/1639
f 724/1387/1641 723/1392/1644 728/1388/1642
f 729/1389/1643 728/1388/1642 731/1393/1645 732/1394/1646
f 730/1385/1639 729/1391/1643 732/1395/1646 733/1396/1647
f 728/1388/1642 723/1392/1644 731/1393/1645
f 727/1383/1637 730/1385/1639 733/1396/1647
f 727/1383/1637 733/1396/1647 736/1397/1648
f 732/1394/1646 731/1393/1645 734/1398/1649 735/1399/1650
f 733/1396/1647 732/1395/1646 735/1400/1650 736/1397/1648
f 731/1393/1645 723/1392/1644 734/1398/1649
f 727/1383/1637 736/1397/1648 739/1401/1651
f 735/1399/1650 734/1398/1649 737/1402/1652 738/1403/1653
f 736/1397/1648 735/1400/1650 738/1404/1653 739/1401/1651
f 734/1398/1649 723/1392/1644 737/1402/1652
f 727/1383/1637 739/1401/1651 742/1405/1654
f 738/1403/1653 737/1402/1652 740/1406/1655 741/1407/1656
f 739/1401/1651 738/1404/1653 741/1408/1656 742/1405/1654
f 737/1402/1652 723/1392/1644 740/1406/1655
f 727/1383/1637 742/1405/1654 745/1409/1657
f 741/1407/1656 740/1406/1655 743/1410/1658 744/1411/1659
f 742/1405/1654 741/1408/1656 744/1412/1659 745/1409/1657
f 740/1406/1655 723/1392/1644 743/1410/1658
f 743/1410/1658 723/1392/1644 746/1413/1660
f 727/1383/1637 745/1409/1657 748/1414/1661
f 744/1411/1659 743/1410/1658 746/1413/1660 747/1415/1662
f 745/1409/1657 744/1412/1659 747/1416/1662 748/1414/1661
f 748/1414/1661 747/1416/1662 725/1390/1640 726/1384/1638
f 746/1413/1660 723/1392/1644 724/1387/1641
f 727/1383/1637 748/1414/1661 726/1384/1638
f 747/1415/1662 746/1413/1660 724/1387/1641 725/1386/1640
f 753/1417/303 752/1418/1663 756/1419/1664
f 751/1420/1665 750/1421/1666 754/1422/1667 755/1423/1668
f 752/1418/1663 751/1424/1665 755/1425/1668 756/1419/1664
f 750/1421/1666 749/1426/1669 754/1422/1667
f 756/1419/1664 755/1425/1668 758/1427/1670 759/1428/1671
f 754/1422/1667 749/1426/1669 757/1429/1672
f 753/1417/303 756/1419/1664 759/1428/1671
f 755/1423/1668 754/1422/1667 757/1429/1672 758/1430/1670
f 758/1430/1670 757/1429/1672 760/1431/1673 761/1432/1674
f 759/1428/1671 758/1427/1670 761/1433/1674 762/1434/1675
f 757/1429/1672 749/1426/1669 760/1431/1673
f 753/1417/303 759/1428/1671 762/1434/1675
f 753/1417/303 762/1434/1675 765/1435/1676
f 761/1432/1674 760/1431/1673 763/1436/1677 764/1437/1678
f 762/1434/1675 761/1433/1674 764/1438/1678 765/1435/1676
f 760/1431/1673 749/1426/1669 763/1436/1677
f 753/1417/303 765/1435/1676 768/1439/1679
f 764/1437/1678 763/1436/1677 766/1440/1680 767/1441/1681
f 765/1435/1676 764/1438/1678 767/1442/1681 768/1439/1679
f 763/1436/1677 749/1426/1669 766/1440/1680
f 753/1417/303 768/1439/1679 771/1443/1682
f 767/1441/1681 766/1440/1680 769/1444/1683 770/1445/1684
f 768/1439/1679 767/1442/1681 770/1446/1684 771/1443/1682
f 766/1440/1680 749/1426/1669 769/1444/1683
f 753/1417/303 771/1443/1682 774/1447/1685
f 770/1445/1684 769/1444/1683 772/1448/1686 773/1449/1687
f 771/1443/1682 770/1446/1684 773/1450/1687 774/1447/1685
f 769/1444/1683 749/1426/1669 772/1448/1686
f 772/1448/1686 749/1426/1669 750/1421/1666
f 753/1417/303 774/1447/1685 752/1418/1663
f 773/1449/1687 772/1448/1686 750/1421/1666 751/1420/1665
f 774/1447/1685 773/1450/1687 751/1424/1665 752/1418/1663
f 777/1451/1688 776/1452/1689 780/1453/1690 781/1454/1691
f 778/1455/1692 777/1456/1688 781/1457/1691 782/1458/1693
f 776/1452/1689 775/1459/1694 780/1453/1690
f 779/1460/1695 778/1455/1692 782/1458/1693
f 782/1458/1693 781/1457/1691 784/1461/1696 785/1462/1697
f 780/1453/1690 775/1459/1694 783/1463/1698
f 779/1460/1695 782/1458/1693 785/1462/1697
f 781/1454/1691 780/1453/1690 783/1463/1698 784/1464/1696
f 785/1462/1697 784/1461/1696 787/1465/1699 788/1466/1700
f 783/1463/1698 775/1459/1694 786/1467/1701
f 779/1460/1695 785/1462/1697 788/1466/1700
f 784/1464/1696 783/1463/1698 786/1467/1701 787/1468/1699
f 787/1468/1699 786/1467/1701 789/1469/1702 790/1470/1703
f 788/1466/1700 787/1465/1699 790/1471/1703 791/1472/1704
f 786/1467/1701 775/1459/1694 789/1469/1702
f 779/1460/1695 788/1466/1700 791/1472/1704
f 779/1460/1695 791/1472/1704 794/1473/1705
f 790/1470/1703 789/1469/1702 792/1474/1706 793/1475/1707
f 791/1472/1704 790/1471/1703 793/1476/1707 794/1473/1705
f 789/1469/1702 775/1459/1694 792/1474/1706
f 779/1460/1695 794/1473/1705 797/1477/1708
f 793/1475/1707 792/1474/1706 795/1478/1709 796/1479/1710
f 794/1473/1705 793/1476/1707 796/1480/1710 797/1477/1708
f 792/1474/1706 775/1459/1694 795/1478/1709
f 779/1460/1695 797/1477/1708 800/1481/1711
f 796/1479/1710 795/1478/1709 798/1482/1712 799/1483/1713
f 797/1477/1708 796/1480/1710 799/1484/1713 800/1481/1711
f 795/1478/1709 775/1459/1694 798/1482/1712
f 779/1460/1695 800/1481/1711 778/1455/1692
f 799/1483/1713 798/1482/1712 776/1452/1689 777/1451/1688
f 800/1481/1711 799/1484/1713 777/1456/1688 778/1455/1692
f 798/1482/1712 775/1459/1694 776/1452/1689
f 804/1485/1714 803/1486/1715 807/1487/1716 808/1488/1717
f 802/1489/1718 801/1490/1719 806/1491/1720
f 805/1492/1721 804/1485/1714 808/1488/1717
f 803/1493/1715 802/1489/1718 806/1491/1720 807/1494/1716
f 808/1488/1717 807/1487/1716 810/1495/1722 811/1496/1723
f 806/1491/1720 801/1490/1719 809/1497/1724
f 805/1492/1721 808/1488/1717 811/1496/1723
f 807/1494/1716 806/1491/1720 809/1497/1724 810/1498/1722
f 811/1496/1723 810/1495/1722 813/1499/1725 814/1500/1726
f 809/1497/1724 801/1490/1719 812/1501/1727
f 805/1492/1721 811/1496/1723 814/1500/1726
f 810/1498/1722 809/1497/1724 812/1501/1727 813/1502/1725
f 814/1500/1726 813/1499/1725 816/1503/1728 817/1504/1729
f 812/1501/1727 801/1490/1719 815/1505/1730
f 805/1492/1721 814/1500/1726 817/1504/1729
f 813/1502/1725 812/1501/1727 815/1505/1730 816/1506/1728
f 816/1506/1728 815/1505/1730 818/1507/1731 819/1508/1732
f 817/1504/1729 816/1503/1728 819/1509/1732 820/1510/1733
f 815/1505/1730 801/1490/1719 818/1507/1731
f 805/1492/1721 817/1504/1729 820/1510/1733
f 805/1492/1721 820/1510/1733 823/1511/1734
f 819/1508/1732 818/1507/1731 821/1512/1735 822/1513/1736
f 820/1510/1733 819/1509/1732 822/1514/1736 823/1511/1734
f 818/1507/1731 801/1490/1719 821/1512/1735
f 805/1492/1721 823/1511/1734 826/1515/1737
f 822/1513/1736 821/1512/1735 824/1516/1738 825/1517/1739
f 823/1511/1734 822/1514/1736 825/1518/1739 826/1515/1737
f 821/1512/1735 801/1490/1719 824/1516/1738
f 805/1492/1721 826/1515/1737 804/1485/1714
f 825/1517/1739 824/1516/1738 802/1489/1718 803/1493/1715
f 826/1515/1737 825/1518/1739 803/1486/1715 804/1485/1714
f 824/1516/1738 801/1490/1719 802/1489/1718
f 831/1519/1740 830/1520/1741 834/1521/1742
f 829/1522/1743 828/1523/1744 832/1524/1745 833/1525/1746
f 830/1520/1741 829/1526/1743 833/1527/1746 834/1521/1742
f 828/1523/1744 827/1528/1747 832/1524/1745
f 833/1525/1746 832/1524/1745 835/1529/1748 836/1530/1749
f 834/1521/1742 833/1527/1746 836/1531/1749 837/1532/1750
f 832/1524/1745 827/1528/1747 835/1529/1748
f 831/1519/1740 834/1521/1742 837/1532/1750
f 831/1519/1740 837/1532/1750 840/1533/1751
f 836/1530/1749 835/1529/1748 838/1534/1752 839/1535/1753
f 837/1532/1750 836/1531/1749 839/1536/1753 840/1533/1751
f 835/1529/1748 827/1528/1747 838/1534/1752
f 831/1519/1740 840/1533/1751 843/1537/1754
f 839/1535/1753 838/1534/1752 841/1538/1755 842/1539/1756
f 840/1533/1751 839/1536/1753 842/1540/1756 843/1537/1754
f 838/1534/1752 827/1528/1747 841/1538/1755
f 831/1519/1740 843/1537/1754 846/1541/1757
f 842/1539/1756 841/1538/1755 844/1542/1758 845/1543/1759
f 843/1537/1754 842/1540/1756 845/1544/1759 846/1541/1757
f 841/1538/1755 827/1528/1747 844/1542/1758
f 831/1519/1740 846/1541/1757 849/1545/1760
f 845/1543/1759 844/1542/1758 847/1546/1761 848/1547/1762
f 846/1541/1757 845/1544/1759 848/1548/1762 849/1545/1760
f 844/1542/1758 827/1528/1747 847/1546/1761
f 847/1546/1761 827/1528/1747 850/1549/1763
f 831/1519/1740 849/1545/1760 852/1550/1764
f 848/1547/1762 847/1546/1761 850/1549/1763 851/1551/1765
f 849/1545/1760 848/1548/1762 851/1552/1765 852/1550/1764
f 852/1550/1764 851/1552/1765 829/1526/1743 830/1520/1741
f 850/1549/1763 827/1528/1747 828/1523/1744
f 831/1519/1740 852/1550/1764 830/1520/1741
f 851/1551/1765 850/1549/1763 828/1523/1744 829/1522/1743
f 856/1553/1766 855/1554/1767 859/1555/1768 860/1556/1769
f 854/1557/1770 853/1558/1644 858/1559/1771
f 857/1560/1772 856/1553/1766 860/1556/1769
f 855/1561/1767 854/1557/1770 858/1559/1771 859/1562/1768
f 857/1560/1772 860/1556/1769 863/1563/1773
f 859/1562/1768 858/1559/1771 861/1564/1774 862/1565/1775
f 860/1556/1769 859/1555/1768 862/1566/1775 863/1563/1773
f 858/1559/1771 853/1558/1644 861/1564/1774
f 861/1564/1774 853/1558/1644 864/1567/1776
f 857/1560/1772 863/1563/1773 866/1568/1777
f 862/1565/1775 861/1564/1774 864/1567/1776 865/1569/1778
f 863/1563/1773 862/1566/1775 865/1570/1778 866/1568/1777
f 866/1568/1777 865/1570/1778 868/1571/1779 869/1572/1780
f 864/1567/1776 853/1558/1644 867/1573/1781
f 857/1560/1772 866/1568/1777 869/1572/1780
f 865/1569/1778 864/1567/1776 867/1573/1781 868/1574/1779
f 869/1572/1780 868/1571/1779 871/1575/1782 872/1576/1783
f 867/1573/1781 853/1558/1644 870/1577/1784
f 857/1560/1772 869/1572/1780 872/1576/1783
f 868/1574/1779 867/1573/1781 870/1577/1784 871/1578/1782
f 872/1576/1783 871/1575/1782 874/1579/1785 875/1580/1786
f 870/1577/1784 853/1558/1644 873/1581/1787
f 857/1560/1772 872/1576/1783 875/1580/1786
f 871/1578/1782 870/1577/1784 873/1581/1787 874/1582/1785
f 875/1580/1786 874/1579/1785 877/1583/1788 878/1584/1789
f 873/1581/1787 853/1558/1644 876/1585/1790
f 857/1560/1772 875/1580/1786 878/1584/1789
f 874/1582/1785 873/1581/1787 876/1585/1790 877/1586/1788
f 878/1584/1789 877/1583/1788 855/1554/1767 856/1553/1766
f 876/1585/1790 853/1558/1644 854/1557/1770
f 857/1560/1772 878/1584/1789 856/1553/1766
f 877/1586/1788 876/1585/1790 854/1557/1770 855/1561/1767
f 883/1587/1791 882/1588/1792 886/1589/1793
f 881/1590/1794 880/1591/1795 884/1592/1796 885/1593/1797
f 882/1588/1792 881/1594/1794 885/1595/1797 886/1589/1793
f 880/1591/1795 879/1596/1798 884/1592/1796
f 885/1593/1797 884/1592/1796 887/1597/1799 888/1598/1800
f 886/1589/1793 885/1595/1797 888/1599/1800 889/1600/1801
f 884/1592/1796 879/1596/1798 887/1597/1799
f 883/1587/1791 886/1589/1793 889/1600/1801
f 883/1587/1791 889/1600/1801 892/1601/1802
f 888/1598/1800 887/1597/1799 890/1602/1803 891/1603/1804
f 889/1600/1801 888/1599/1800 891/1604/1804 892/1601/1802
f 887/1597/1799 879/1596/1798 890/1602/1803
f 883/1587/1791 892/1601/1802 895/1605/1805
f 891/1603/1804 890/1602/1803 893/1606/1806 894/1607/1807
f 892/1601/1802 891/1604/1804 894/1608/1807 895/1605/1805
f 890/1602/1803 879/1596/1798 893/1606/1806
f 883/1587/1791 895/1605/1805 898/1609/1808
f 894/1607/1807 893/1606/1806 896/1610/1809 897/1611/1810
f 895/1605/1805 894/1608/1807 897/1612/1810 898/1609/1808
f 893/1606/1806 879/1596/1798 896/1610/1809
f 883/1587/1791 898/1609/1808 901/1613/1811
f 897/1611/1810 896/1610/1809 899/1614/1812 900/1615/1813
f 898/1609/1808 897/1612/1810 900/1616/1813 901/1613/1811
f 896/1610/1809 879/1596/1798 899/1614/1812
f 899/1614/1812 879/1596/1798 902/1617/1814
f 883/1587/1791 901/1613/1811 904/1618/1815
f 900/1615/1813 899/1614/1812 902/1617/1814 903/1619/1816
f 901/1613/1811 900/1616/1813 903/1620/1816 904/1618/1815
f 904/1618/1815 903/1620/1816 881/1594/1794 882/1588/1792
f 902/1617/1814 879/1596/1798 880/1591/1795
f 883/1587/1791 904/1618/1815 882/1588/1792
f 903/1619/1816 902/1617/1814 880/1591/1795 881/1590/1794
f 908/1621/1817 907/1622/1818 911/1623/1819 912/1624/1820
f 906/1625/1821 905/1626/1822 910/1627/1823
f 909/1628/1791 908/1621/1817 912/1624/1820
f 907/1629/1818 906/1625/1821 910/1627/1823 911/1630/1819
f 912/1624/1820 911/1623/1819 914/1631/1824 915/1632/1825
f 910/1627/1823 905/1626/1822 913/1633/1826
f 909/1628/1791 912/1624/1820 915/1632/1825
f 911/1630/1819 910/1627/1823 913/1633/1826 914/1634/1824
f 915/1632/1825 914/1631/1824 917/1635/1827 918/1636/1828
f 913/1633/1826 905/1626/1822 916/1637/1829
f 909/1628/1791 915/1632/1825 918/1636/1828
f 914/1634/1824 913/1633/1826 916/1637/1829 917/1638/1827
f 918/1636/1828 917/1635/1827 920/1639/1830 921/1640/1831
f 916/1637/1829 905/1626/1822 919/1641/1832
f 909/1628/1791 918/1636/1828 921/1640/1831
f 917/1638/1827 916/1637/1829 919/1641/1832 920/1642/1830
f 921/1640/1831 920/1639/1830 923/1643/1833 924/1644/1834
f 919/1641/1832 905/1626/1822 922/1645/1835
f 909/1628/1791 921/1640/1831 924/1644/1834
f 920/1642/1830 919/1641/1832 922/1645/1835 923/1646/1833
f 923/1646/1833 922/1645/1835 925/1647/1836 926/1648/1837
f 924/1644/1834 923/1643/1833 926/1649/1837 927/1650/1838
f 922/1645/1835 905/1626/1822 925/1647/1836
f 909/1628/1791 924/1644/1834 927/1650/1838
f 909/1628/1791 927/1650/1838 930/1651/1839
f 926/1648/1837 925/1647/1836 928/1652/1840 929/1653/1841
f 927/1650/1838 926/1649/1837 929/1654/1841 930/1651/1839
f 925/1647/1836 905/1626/1822 928/1652/1840
f 909/1628/1791 930/1651/1839 908/1621/1817
f 929/1653/1841 928/1652/1840 906/1625/1821 907/1629/1818
f 930/1651/1839 929/1654/1841 907/1622/1818 908/1621/1817
f 928/1652/1840 905/1626/1822 906/1625/1821
f 932/1655/1842 931/1656/1843 936/1657/1844
f 935/1658/1845 934/1659/1846 938/1660/1847
f 933/1661/1848 932/1655/1842 936/1657/1844 937/1662/1849
f 934/1663/1846 933/1664/1848 937/1665/1849 938/1666/1847
f 935/1658/1845 938/1660/1847 941/1667/1850
f 937/1662/1849 936/1657/1844 939/1668/1851 940/1669/1852
f 938/1660/1847 937/1670/1849 940/1671/1852 941/1667/1850
f 936/1657/1844 931/1656/1843 939/1668/1851
f 935/1658/1845 941/1667/1850 944/1672/1853
f 940/1669/1852 939/1668/1851 942/1673/1854 943/1674/1855
f 941/1667/1850 940/1671/1852 943/1675/1855 944/1672/1853
f 939/1668/1851 931/1656/1843 942/1673/1854
f 942/1673/1854 931/1656/1843 945/1676/1856
f 935/1658/1845 944/1672/1853 947/1677/1857
f 943/1674/1855 942/1673/1854 945/1676/1856 946/1678/1858
f 944/1672/1853 943/1675/1855 946/1679/1858 947/1677/1857
f 947/1677/1857 946/1679/1858 949/1680/1859 950/1681/1860
f 945/1676/1856 931/1656/1843 948/1682/1861
f 935/1658/1845 947/1677/1857 950/1681/1860
f 946/1683/1858 945/1684/1856 948/1685/1861 949/1686/1859
f 950/1681/1860 949/1680/1859 952/1687/1862 953/1688/1863
f 948/1682/1861 931/1656/1843 951/1689/1864
f 935/1658/1845 950/1681/1860 953/1688/1863
f 949/1690/1859 948/1682/1861 951/1689/1864 952/1691/1862
f 953/1688/1863 952/1687/1862 955/1692/1865 956/1693/1866
f 951/1689/1864 931/1656/1843 954/1694/1867
f 935/1658/1845 953/1688/1863 956/1693/1866
f 952/1691/1862 951/1689/1864 954/1694/1867 955/1695/1865
f 956/1693/1866 955/1692/1865 933/1696/1848 934/1659/1846
f 954/1694/1867 931/1656/1843 932/1655/1842
f 935/1658/1845 956/1693/1866 934/1659/1846
f 955/1695/1865 954/1694/1867 932/1655/1842 933/1661/1848
f 961/1697/1868 960/1698/1869 964/1699/1870
f 959/1700/1871 958/1701/1872 962/1702/1873 963/1703/1874
f 960/1698/1869 959/1704/1871 963/1705/1874 964/1699/1870
f 958/1701/1872 957/1706/1875 962/1702/1873
f 964/1699/1870 963/1705/1874 966/1707/1876 967/1708/1877
f 962/1702/1873 957/1706/1875 965/1709/1878
f 961/1697/1868 964/1699/1870 967/1708/1877
f 963/1703/1874 962/1702/1873 965/1709/1878 966/1710/1876
f 966/1710/1876 965/1709/1878 968/1711/1879 969/1712/1880
f 967/1708/1877 966/1707/1876 969/1713/1880 970/1714/1881
f 965/1709/1878 957/1706/1875 968/1711/1879
f 961/1697/1868 967/1708/1877 970/1714/1881
f 961/1697/1868 970/1714/1881 973/1715/1882
f 969/1712/1880 968/1711/1879 971/1716/1883 972/1717/1884
f 970/1714/1881 969/1713/1880 972/1718/1884 973/1715/1882
f 968/1711/1879 957/1706/1875 971/1716/1883
f 961/1697/1868 973/1715/1882 976/1719/1885
f 972/1717/1884 971/1716/1883 974/1720/1886 975/1721/1887
f 973/1715/1882 972/1718/1884 975/1722/1887 976/1719/1885
f 971/1716/1883 957/1706/1875 974/1720/1886
f 961/1697/1868 976/1719/1885 979/1723/1888
f 975/1721/1887 974/1720/1886 977/1724/1889 978/1725/1890
f 976/1719/1885 975/1722/1887 978/1726/1890 979/1723/1888
f 974/1720/1886 957/1706/1875 977/1724/1889
f 961/1697/1868 979/1723/1888 982/1727/1891
f 978/1725/1890 977/1724/1889 980/1728/1892 981/1729/1893
f 979/1723/1888 978/1726/1890 981/1730/1893 982/1727/1891
f 977/1724/1889 957/1706/1875 980/1728/1892
f 980/1728/1892 957/1706/1875 958/1701/1872
f 961/1697/1868 982/1727/1891 960/1698/1869
f 981/1729/1893 980/1728/1892 958/1701/1872 959/1700/1871
f 982/1727/1891 981/1730/1893 959/1704/1871 960/1698/1869
f 987/1731/1894 986/1732/1895 990/1733/1896
f 985/1734/1897 984/1735/1898 988/1736/1899 989/1737/1900
f 986/1732/1895 985/1738/1897 989/1739/1900 990/1733/1896
f 984/1735/1898 983/1740/1901 988/1736/1899
f 990/1733/1896 989/1739/1900 992/1741/1902 993/1742/1903
f 988/1736/1899 983/1740/1901 991/1743/1904
f 987/1731/1894 990/1733/1896 993/1742/1903
f 989/1737/1900 988/1736/1899 991/1743/1904 992/1744/1902
f 992/1744/1902 991/1743/1904 994/1745/1905 995/1746/1906
f 993/1742/1903 992/1741/1902 995/1747/1906 996/1748/1907
f 991/1743/1904 983/1740/1901 994/1745/1905
f 987/1731/1894 993/1742/1903 996/1748/1907
f 987/1731/1894 996/1748/1907 999/1749/1908
f 995/1746/1906 994/1745/1905 997/1750/1909 998/1751/1910
f 996/1748/1907 995/1747/1906 998/1752/1910 999/1749/1908
f 994/1745/1905 983/1740/1901 997/1750/1909
f 987/1731/1894 999/1749/1908 1002/1753/1911
f 998/1751/1910 997/1750/1909 1000/1754/1912 1001/1755/1913
f 999/1749/1908 998/1752/1910 1001/1756/1913 1002/1753/1911
f 997/1750/1909 983/1740/1901 1000/1754/1912
f 987/1731/1894 1002/1753/1911 1005/1757/1914
f 1001/1755/1913 1000/1754/1912 1003/1758/1915 1004/1759/1916
f 1002/1753/1911 1001/1756/1913 1004/1760/1916 1005/1757/1914
f 1000/1754/1912 983/1740/1901 1003/1758/1915
f 987/1731/1894 1005/1757/1914 1008/1761/1917
f 1004/1759/1916 1003/1758/1915 1006/1762/1918 1007/1763/1919
f 1005/1757/1914 1004/1760/1916 1007/1764/1919 1008/1761/1917
f 1003/1758/1915 983/1740/1901 1006/1762/1918
f 1006/1762/1918 983/1740/1901 984/1735/1898
f 987/1731/1894 1008/1761/1917 986/1732/1895
f 1007/1763/1919 1006/1762/1918 984/1735/1898 985/1734/1897
f 1008/1761/1917 1007/1764/1919 985/1738/1897 986/1732/1895
f 1012/1765/1920 1011/1766/1921 1015/1767/1922 1016/1768/1923
f 1010/1769/1924 1009/1770/1925 1014/1771/1926
f 1013/1772/1927 1012/1765/1920 1016/1768/1923
f 1011/1773/1921 1010/1769/1924 1014/1771/1926 1015/1774/1922
f 1016/1768/1923 1015/1767/1922 1018/1775/1928 1019/1776/1929
f 1014/1771/1926 1009/1770/1925 1017/1777/1930
f 1013/1772/1927 1016/1768/1923 1019/1776/1929
f 1015/1774/1922 1014/1771/1926 1017/1777/1930 1018/1778/1928
f 1019/1776/1929 1018/1775/1928 1021/1779/1931 1022/1780/1932
f 1017/1777/1930 1009/1770/1925 1020/1781/1933
f 1013/1772/1927 1019/1776/1929 1022/1780/1932
f 1018/1778/1928 1017/1777/1930 1020/1781/1933 1021/1782/1931
f 1022/1780/1932 1021/1779/1931 1024/1783/1934 1025/1784/1935
f 1020/1781/1933 1009/1770/1925 1023/1785/1936
f 1013/1772/1927 1022/1780/1932 1025/1784/1935
f 1021/1782/1931 1020/1781/1933 1023/1785/1936 1024/1786/1934
f 1025/1784/1935 1024/1783/1934 1027/1787/1937 1028/1788/1938
f 1023/1785/1936 1009/1770/1925 1026/1789/1939
f 1013/1772/1927 1025/1784/1935 1028/1788/1938
f 1024/1786/1934 1023/1785/1936 1026/1789/1939 1027/1790/1937
f 1028/1788/1938 1027/1787/1937 1030/1791/1940 1031/1792/1941
f 1026/1789/1939 1009/1770/1925 1029/1793/1942
f 1013/1772/1927 1028/1788/1938 1031/1792/1941
f 1027/1790/1937 1026/1789/1939 1029/1793/1942 1030/1794/1940
f 1030/1794/1940 1029/1793/1942 1032/1795/1943 1033/1796/1944
f 1031/1792/1941 1030/1791/1940 1033/1797/1944 1034/1798/1945
f 1029/1793/1942 1009/1770/1925 1032/1795/1943
f 1013/1772/1927 1031/1792/1941 1034/1798/1945
f 1013/1772/1927 1034/1798/1945 1012/1765/1920
f 1033/1796/1944 1032/1795/1943 1010/1769/1924 1011/1773/1921
f 1034/1798/1945 1033/1797/1944 1011/1766/1921 1012/1765/1920
f 1032/1795/1943 1009/1770/1925 1010/1769/1924
f 1039/1799/1946 1038/1800/1947 1042/1801/1948
f 1037/1802/1949 1036/1803/1950 1040/1804/1951 1041/1805/1952
f 1038/1800/1947 1037/1806/1949 1041/1807/1952 1042/1801/1948
f 1036/1803/1950 1035/1808/1953 1040/1804/1951
f 1039/1799/1946 1042/1801/1948 1045/1809/1954
f 1041/1805/1952 1040/1804/1951 1043/1810/1955 1044/1811/1956
f 1042/1801/1948 1041/1807/1952 1044/1812/1956 1045/1809/1954
f 1040/1804/1951 1035/1808/1953 1043/1810/1955
f 1039/1799/1946 1045/1809/1954 1048/1813/1957
f 1044/1811/1956 1043/1810/1955 1046/1814/1958 1047/1815/1959
f 1045/1809/1954 1044/1812/1956 1047/1816/1959 1048/1813/1957
f 1043/1810/1955 1035/1808/1953 1046/1814/1958
f 1039/1799/1946 1048/1813/1957 1051/1817/1960
f 1047/1815/1959 1046/1814/1958 1049/1818/1961 1050/1819/1962
f 1048/1813/1957 1047/1816/1959 1050/1820/1962 1051/1817/1960
f 1046/1814/1958 1035/1808/1953 1049/1818/1961
f 1049/1818/1961 1035/1808/1953 1052/1821/1963
f 1039/1799/1946 1051/1817/1960 1054/1822/1964
f 1050/1819/1962 1049/1818/1961 1052/1821/1963 1053/1823/1965
f 1051/1817/1960 1050/1820/1962 1053/1824/1965 1054/1822/1964
f 1054/1822/1964 1053/1824/1965 1056/1825/1966 1057/1826/1967
f 1052/1821/1963 1035/1808/1953 1055/1827/1968
f 1039/1799/1946 1054/1822/1964 1057/1826/1967
f 1053/1823/1965 1052/1821/1963 1055/1827/1968 1056/1828/1966
f 1057/1826/1967 1056/1825/1966 1059/1829/1969 1060/1830/1970
f 1055/1827/1968 1035/1808/1953 1058/1831/1971
f 1039/1799/1946 1057/1826/1967 1060/1830/1970
f 1056/1828/1966 1055/1827/1968 1058/1831/1971 1059/1832/1969
f 1060/1830/1970 1059/1829/1969 1037/1806/1949 1038/1800/1947
f 1058/1831/1971 1035/1808/1953 1036/1803/1950
f 1039/1799/1946 1060/1830/1970 1038/1800/1947
f 1059/1832/1969 1058/1831/1971 1036/1803/1950 1037/1802/1949
f 1063/1833/1972 1062/1834/1973 1066/1835/1974 1067/1836/1975
f 1064/1837/1976 1063/1838/1972 1067/1839/1975 1068/1840/1977
f 1062/1834/1973 1061/1841/1978 1066/1835/1974
f 1065/1842/1791 1064/1837/1976 1068/1840/1977
f 1068/1840/1977 1067/1839/1975 1070/1843/1979 1071/1844/1980
f 1066/1835/1974 1061/1841/1978 1069/1845/1981
f 1065/1842/1791 1068/1840/1977 1071/1844/1980
f 1067/1836/1975 1066/1835/1974 1069/1845/1981 1070/1846/1979
f 1071/1844/1980 1070/1843/1979 1073/1847/1982 1074/1848/1983
f 1069/1845/1981 1061/1841/1978 1072/1849/1984
f 1065/1842/1791 1071/1844/1980 1074/1848/1983
f 1070/1846/1979 1069/1845/1981 1072/1849/1984 1073/1850/1982
f 1073/1850/1982 1072/1849/1984 1075/1851/1985 1076/1852/1986
f 1074/1848/1983 1073/1847/1982 1076/1853/1986 1077/1854/1987
f 1072/1849/1984 1061/1841/1978 1075/1851/1985
f 1065/1842/1791 1074/1848/1983 1077/1854/1987
f 1065/1842/1791 1077/1854/1987 1080/1855/1988
f 1076/1852/1986 1075/1851/1985 1078/1856/1989 1079/1857/1990
f 1077/1854/1987 1076/1853/1986 1079/1858/1990 1080/1855/1988
f 1075/1851/1985 1061/1841/1978 1078/1856/1989
f 1065/1842/1791 1080/1855/1988 1083/1859/1991
f 1079/1857/1990 1078/1856/1989 1081/1860/1992 1082/1861/1993
f 1080/1855/1988 1079/1858/1990 1082/1862/1993 1083/1859/1991
f 1078/1856/1989 1061/1841/1978 1081/1860/1992
f 1065/1842/1791 1083/1859/1991 1086/1863/1994
f 1082/1861/1993 1081/1860/1992 1084/1864/1995 1085/1865/1996
f 1083/1859/1991 1082/1862/1993 1085/1866/1996 1086/1863/1994
f 1081/1860/1992 1061/1841/1978 1084/1864/1995
f 1065/1842/1791 1086/1863/1994 1064/1837/1976
f 1085/1865/1996 1084/1864/1995 1062/1834/1973 1063/1833/1972
f 1086/1863/1994 1085/1866/1996 1063/1838/1972 1064/1837/1976
f 1084/1864/1995 1061/1841/1978 1062/1834/1973
f 1090/1867/1997 1089/1868/1998 1093/1869/1999 1094/1870/2000
f 1088/1871/2001 1087/1872/2002 1092/1873/2003
f 1091/1874/2004 1090/1867/1997 1094/1870/2000
f 1089/1875/1998 1088/1871/2001 1092/1873/2003 1093/1876/1999
f 1092/1873/2003 1087/1872/2002 1095/1877/2005
f 1091/1874/2004 1094/1870/2000 1097/1878/2006
f 1093/1876/1999 1092/1873/2003 1095/1877/2005 1096/1879/2007
f 1094/1870/2000 1093/1869/1999 1096/1880/2007 1097/1878/2006
f 1097/1878/2006 1096/1880/2007 1099/1881/2008 1100/1882/2009
f 1095/1877/2005 1087/1872/2002 1098/1883/2010
f 1091/1874/2004 1097/1878/2006 1100/1882/2009
f 1096/1879/2007 1095/1877/2005 1098/1883/2010 1099/1884/2008
f 1100/1882/2009 1099/1881/2008 1102/1885/2011 1103/1886/2012
f 1098/1883/2010 1087/1872/2002 1101/1887/2013
f 1091/1874/2004 1100/1882/2009 1103/1886/2012
f 1099/1884/2008 1098/1883/2010 1101/1887/2013 1102/1888/2011
f 1103/1886/2012 1102/1885/2011 1105/1889/2014 1106/1890/2015
f 1101/1887/2013 1087/1872/2002 1104/1891/2016
f 1091/1874/2004 1103/1886/2012 1106/1890/2015
f 1102/1888/2011 1101/1887/2013 1104/1891/2016 1105/1892/2014
f 1106/1890/2015 1105/1889/2014 1108/1893/2017 1109/1894/2018
f 1104/1891/2016 1087/1872/2002 1107/1895/2019
f 1091/1874/2004 1106/1890/2015 1109/1894/2018
f 1105/1892/2014 1104/1891/2016 1107/1895/2019 1108/1896/2017
f 1109/1894/2018 1108/1893/2017 1111/1897/2020 1112/1898/2021
f 1107/1895/2019 1087/1872/2002 1110/1899/2022
f 1091/1874/2004 1109/1894/2018 1112/1898/2021
f 1108/1896/2017 1107/1895/2019 1110/1899/2022 1111/1900/2020
f 1111/1900/2020 1110/1899/2022 1088/1871/2001 1089/1875/1998
f 1112/1898/2021 1111/1897/2020 1089/1868/1998 1090/1867/1997
f 1110/1899/2022 1087/1872/2002 1088/1871/2001
f 1091/1874/2004 1112/1898/2021 1090/1867/1997
f 1117/1901/2023 1116/1902/2024 1120/1903/2025
f 1115/1904/2026 1114/1905/2027 1118/1906/2028 1119/1907/2029
f 1116/1902/2024 1115/1908/2026 1119/1909/2029 1120/1903/2025
f 1114/1905/2027 1113/1910/2030 1118/1906/2028
f 1117/1901/2023 1120/1903/2025 1123/1911/2031
f 1119/1907/2029 1118/1906/2028 1121/1912/2032 1122/1913/2033
f 1120/1903/2025 1119/1909/2029 1122/1914/2033 1123/1911/2031
f 1118/1906/2028 1113/1910/2030 1121/1912/2032
f 1117/1901/2023 1123/1911/2031 1126/1915/2034
f 1122/1913/2033 1121/1912/2032 1124/1916/2035 1125/1917/2036
f 1123/1911/2031 1122/1914/2033 1125/1918/2036 1126/1915/2034
f 1121/1912/2032 1113/1910/2030 1124/1916/2035
f 1117/1901/2023 1126/1915/2034 1129/1919/2037
f 1125/1917/2036 1124/1916/2035 1127/1920/2038 1128/1921/2039
f 1126/1915/2034 1125/1918/2036 1128/1922/2039 1129/1919/2037
f 1124/1916/2035 1113/1910/2030 1127/1920/2038
f 1117/1901/2023 1129/1919/2037 1132/1923/2040
f 1128/1921/2039 1127/1920/2038 1130/1924/2041 1131/1925/2042
f 1129/1919/2037 1128/1922/2039 1131/1926/2042 1132/1923/2040
f 1127/1920/2038 1113/1910/2030 1130/1924/2041
f 1130/1924/2041 1113/1910/2030 1133/1927/2043
f 1117/1901/2023 1132/1923/2040 1135/1928/2044
f 1131/1925/2042 1130/1924/2041 1133/1927/2043 1134/1929/2045
f 1132/1923/2040 1131/1926/2042 1134/1930/2045 1135/1928/2044
f 1135/1928/2044 1134/1930/2045 1137/1931/2046 1138/1932/2047
f 1133/1927/2043 1113/1910/2030 1136/1933/2048
f 1117/1901/2023 1135/1928/2044 1138/1932/2047
f 1134/1929/2045 1133/1927/2043 1136/1933/2048 1137/1934/2046
f 1138/1932/2047 1137/1931/2046 1115/1908/2026 1116/1902/2024
f 1136/1933/2048 1113/1910/2030 1114/1905/2027
f 1117/1901/2023 1138/1932/2047 1116/1902/2024
f 1137/1934/2046 1136/1933/2048 1114/1905/2027 1115/1904/2026
f 1142/1935/2049 1141/1936/2050 1145/1937/2051 1146/1938/2052
f 1140/1939/2053 1139/1940/1798 1144/1941/2054
f 1143/1942/2055 1142/1935/2049 1146/1938/2052
f 1141/1943/2050 1140/1939/2053 1144/1941/2054 1145/1944/2051
f 1146/1938/2052 1145/1937/2051 1148/1945/2056 1149/1946/2057
f 1144/1941/2054 1139/1940/1798 1147/1947/2058
f 1143/1942/2055 1146/1938/2052 1149/1946/2057
f 1145/1944/2051 1144/1941/2054 1147/1947/2058 1148/1948/2056
f 1149/1946/2057 1148/1945/2056 1151/1949/2059 1152/1950/2060
f 1147/1947/2058 1139/1940/1798 1150/1951/2061
f 1143/1942/2055 1149/1946/2057 1152/1950/2060
f 1148/1948/2056 1147/1947/2058 1150/1951/2061 1151/1952/2059
f 1152/1950/2060 1151/1949/2059 1154/1953/2062 1155/1954/2063
f 1150/1951/2061 1139/1940/1798 1153/1955/2064
f 1143/1942/2055 1152/1950/2060 1155/1954/2063
f 1151/1952/2059 1150/1951/2061 1153/1955/2064 1154/1956/2062
f 1154/1956/2062 1153/1955/2064 1156/1957/2065 1157/1958/2066
f 1155/1954/2063 1154/1953/2062 1157/1959/2066 1158/1960/2067
f 1153/1955/2064 1139/1940/1798 1156/1957/2065
f 1143/1942/2055 1155/1954/2063 1158/1960/2067
f 1143/1942/2055 1158/1960/2067 1161/1961/2068
f 1157/1958/2066 1156/1957/2065 1159/1962/2069 1160/1963/2070
f 1158/1960/2067 1157/1959/2066 1160/1964/2070 1161/1961/2068
f 1156/1957/2065 1139/1940/1798 1159/1962/2069
f 1143/1942/2055 1161/1961/2068 1164/1965/2071
f 1160/1963/2070 1159/1962/2069 1162/1966/2072 1163/1967/2073
f 1161/1961/2068 1160/1964/2070 1163/1968/2073 1164/1965/2071
f 1159/1962/2069 1139/1940/1798 1162/1966/2072
f 1143/1942/2055 1164/1965/2071 1142/1935/2049
f 1163/1967/2073 1162/1966/2072 1140/1939/2053 1141/1943/2050
f 1164/1965/2071 1163/1968/2073 1141/1936/2050 1142/1935/2049
f 1162/1966/2072 1139/1940/1798 1140/1939/2053
f 1168/1969/2074 1167/1970/2075 1171/1971/2076 1172/1972/2077
f 1166/1973/2078 1165/1974/2079 1170/1975/2080
f 1169/1976/2081 1168/1977/2074 1172/1978/2077
f 1167/1979/2075 1166/1973/2078 1170/1975/2080 1171/1980/2076
f 1169/1976/2081 1172/1978/2077 1175/1981/2082
f 1171/1980/2076 1170/1975/2080 1173/1982/2083 1174/1983/2084
f 1172/1978/2077 1171/1984/2076 1174/1985/2084 1175/1981/2082
f 1170/1975/2080 1165/1974/2079 1173/1982/2083
f 1173/1982/2083 1165/1974/2079 1176/1986/2085
f 1169/1976/2081 1175/1981/2082 1178/1987/2086
f 1174/1983/2084 1173/1982/2083 1176/1986/2085 1177/1988/2087
f 1175/1981/2082 1174/1985/2084 1177/1989/2087 1178/1987/2086
f 1178/1987/2086 1177/1989/2087 1180/1990/2088 1181/1991/2089
f 1176/1986/2085 1165/1974/2079 1179/1992/2090
f 1169/1976/2081 1178/1987/2086 1181/1991/2089
f 1177/1988/2087 1176/1986/2085 1179/1992/2090 1180/1993/2088
f 1181/1991/2089 1180/1990/2088 1183/1994/2091 1184/1995/2092
f 1179/1992/2090 1165/1974/2079 1182/1996/2093
f 1169/1976/2081 1181/1991/2089 1184/1995/2092
f 1180/1997/2088 1179/1998/2090 1182/1999/2093 1183/2000/2091
f 1184/1995/2092 1183/1994/2091 1186/2001/2094 1187/2002/2095
f 1182/1996/2093 1165/1974/2079 1185/2003/2096
f 1169/1976/2081 1184/1995/2092 1187/2002/2095
f 1183/2004/2091 1182/1996/2093 1185/2003/2096 1186/2005/2094
f 1187/2002/2095 1186/2001/2094 1189/2006/2097 1190/2007/2098
f 1185/2003/2096 1165/1974/2079 1188/2008/2099
f 1169/1976/2081 1187/2002/2095 1190/2007/2098
f 1186/2005/2094 1185/2003/2096 1188/2008/2099 1189/2009/2097
f 1190/2007/2098 1189/2006/2097 1167/2010/2075 1168/1977/2074
f 1188/2008/2099 1165/1974/2079 1166/1973/2078
f 1169/1976/2081 1190/2007/2098 1168/1977/2074
f 1189/2009/2097 1188/2008/2099 1166/1973/2078 1167/1979/2075
f 1195/2011/2055 1194/2012/2100 1198/2013/2101
f 1193/2014/2102 1192/2015/2103 1196/2016/2104 1197/2017/2105
f 1194/2018/2100 1193/2019/2102 1197/2020/2105 1198/2021/2101
f 1192/2015/2103 1191/2022/2106 1196/2016/2104
f 1197/2017/2105 1196/2016/2104 1199/2023/2107 1200/2024/2108
f 1198/2013/2101 1197/2025/2105 1200/2026/2108 1201/2027/2109
f 1196/2016/2104 1191/2022/2106 1199/2023/2107
f 1195/2011/2055 1198/2013/2101 1201/2027/2109
f 1195/2011/2055 1201/2027/2109 1204/2028/2110
f 1200/2024/2108 1199/2023/2107 1202/2029/2111 1203/2030/2112
f 1201/2027/2109 1200/2026/2108 1203/2031/2112 1204/2028/2110
f 1199/2023/2107 1191/2022/2106 1202/2029/2111
f 1195/2011/2055 1204/2028/2110 1207/2032/2113
f 1203/2030/2112 1202/2029/2111 1205/2033/2114 1206/2034/2115
f 1204/2028/2110 1203/2031/2112 1206/2035/2115 1207/2032/2113
f 1202/2029/2111 1191/2022/2106 1205/2033/2114
f 1195/2011/2055 1207/2032/2113 1210/2036/2116
f 1206/2037/2115 1205/2038/2114 1208/2039/2117 1209/2040/2118
f 1207/2032/2113 1206/2035/2115 1209/2041/2118 1210/2036/2116
f 1205/2033/2114 1191/2022/2106 1208/2042/2117
f 1195/2011/2055 1210/2036/2116 1213/2043/2119
f 1209/2044/2118 1208/2042/2117 1211/2045/2120 1212/2046/2121
f 1210/2036/2116 1209/2041/2118 1212/2047/2121 1213/2043/2119
f 1208/2042/2117 1191/2022/2106 1211/2045/2120
f 1211/2045/2120 1191/2022/2106 1214/2048/2122
f 1195/2011/2055 1213/2043/2119 1216/2049/2123
f 1212/2046/2121 1211/2045/2120 1214/2048/2122 1215/2050/2124
f 1213/2043/2119 1212/2047/2121 1215/2051/2124 1216/2049/2123
f 1216/2049/2123 1215/2051/2124 1193/2052/2102 1194/2012/2100
f 1214/2048/2122 1191/2022/2106 1192/2015/2103
f 1195/2011/2055 1216/2049/2123 1194/2012/2100
f 1215/2050/2124 1214/2048/2122 1192/2015/2103 1193/2014/2102
f 1220/2053/2125 1219/2054/2126 1223/2055/2127 1224/2056/2128
f 1218/2057/2129 1217/2058/2130 1222/2059/2131
f 1221/2060/2132 1220/2053/2125 1224/2056/2128
f 1219/2061/2126 1218/2057/2129 1222/2059/2131 1223/2062/2127
f 1224/2056/2128 1223/2055/2127 1226/2063/2133 1227/2064/2134
f 1222/2059/2131 1217/2058/2130 1225/2065/2135
f 1221/2060/2132 1224/2056/2128 1227/2064/2134
f 1223/2062/2127 1222/2059/2131 1225/2065/2135 1226/2066/2133
f 1227/2064/2134 1226/2063/2133 1229/2067/2136 1230/2068/2137
f 1225/2065/2135 1217/2058/2130 1228/2069/2138
f 1221/2060/2132 1227/2064/2134 1230/2068/2137
f 1226/2066/2133 1225/2065/2135 1228/2069/2138 1229/2070/2136
f 1230/2068/2137 1229/2067/2136 1232/2071/2139 1233/2072/2140
f 1228/2069/2138 1217/2058/2130 1231/2073/2141
f 1221/2060/2132 1230/2068/2137 1233/2072/2140
f 1229/2070/2136 1228/2069/2138 1231/2073/2141 1232/2074/2139
f 1233/2072/2140 1232/2071/2139 1235/2075/2142 1236/2076/2143
f 1231/2073/2141 1217/2058/2130 1234/2077/2144
f 1221/2060/2132 1233/2072/2140 1236/2076/2143
f 1232/2074/2139 1231/2073/2141 1234/2077/2144 1235/2078/2142
f 1235/2078/2142 1234/2077/2144 1237/2079/2145 1238/2080/2146
f 1236/2076/2143 1235/2075/2142 1238/2081/2146 1239/2082/2147
f 1234/2077/2144 1217/2058/2130 1237/2079/2145
f 1221/2060/2132 1236/2076/2143 1239/2082/2147
f 1221/2060/2132 1239/2082/2147 1242/2083/2148
f 1238/2080/2146 1237/2079/2145 1240/2084/2149 1241/2085/2150
f 1239/2082/2147 1238/2081/2146 1241/2086/2150 1242/2083/2148
f 1237/2079/2145 1217/2058/2130 1240/2084/2149
f 1221/2060/2132 1242/2083/2148 1220/2053/2125
f 1241/2085/2150 1240/2084/2149 1218/2057/2129 1219/2061/2126
f 1242/2083/2148 1241/2086/2150 1219/2054/2126 1220/2053/2125
f 1240/2084/2149 1217/2058/2130 1218/2057/2129
f 1246/2087/2151 1245/2088/2152 1249/2089/2153 1250/2090/2154
f 1244/2091/2155 1243/2092/2156 1248/2093/2157
f 1247/2094/2158 1246/2087/2151 1250/2090/2154
f 1245/2095/2152 1244/2091/2155 1248/2093/2157 1249/2096/2153
f 1250/2090/2154 1249/2089/2153 1252/2097/2159 1253/2098/2160
f 1248/2093/2157 1243/2092/2156 1251/2099/2161
f 1247/2094/2158 1250/2090/2154 1253/2098/2160
f 1249/2096/2153 1248/2093/2157 1251/2099/2161 1252/2100/2159
f 1253/2098/2160 1252/2097/2159 1255/2101/2162 1256/2102/2163
f 1251/2099/2161 1243/2092/2156 1254/2103/2164
f 1247/2094/2158 1253/2098/2160 1256/2102/2163
f 1252/2100/2159 1251/2099/2161 1254/2103/2164 1255/2104/2162
f 1256/2102/2163 1255/2101/2162 1258/2105/2165 1259/2106/2166
f 1254/2103/2164 1243/2092/2156 1257/2107/2167
f 1247/2094/2158 1256/2102/2163 1259/2106/2166
f 1255/2104/2162 1254/2103/2164 1257/2107/2167 1258/2108/2165
f 1259/2106/2166 1258/2105/2165 1261/2109/2168 1262/2110/2169
f 1257/2107/2167 1243/2092/2156 1260/2111/2170
f 1247/2094/2158 1259/2106/2166 1262/2110/2169
f 1258/2108/2165 1257/2107/2167 1260/2111/2170 1261/2112/2168
f 1261/2112/2168 1260/2111/2170 1263/2113/2171 1264/2114/2172
f 1262/2110/2169 1261/2109/2168 1264/2115/2172 1265/2116/2173
f 1260/2111/2170 1243/2092/2156 1263/2113/2171
f 1247/2094/2158 1262/2110/2169 1265/2116/2173
f 1247/2094/2158 1265/2116/2173 1268/2117/2174
f 1264/2114/2172 1263/2113/2171 1266/2118/2175 1267/2119/2176
f 1265/2116/2173 1264/2115/2172 1267/2120/2176 1268/2117/2174
f 1263/2113/2171 1243/2092/2156 1266/2118/2175
f 1247/2094/2158 1268/2117/2174 1246/2087/2151
f 1267/2119/2176 1266/2118/2175 1244/2091/2155 1245/2095/2152
f 1268/2117/2174 1267/2120/2176 1245/2088/2152 1246/2087/2151
f 1266/2118/2175 1243/2092/2156 1244/2091/2155
f 1272/2121/2177 1271/2122/2178 1275/2123/2179 1276/2124/2180
f 1270/2125/2181 1269/2126/1822 1274/2127/2182
f 1273/2128/2183 1272/2121/2177 1276/2124/2180
f 1271/2129/2178 1270/2125/2181 1274/2127/2182 1275/2130/2179
f 1276/2124/2180 1275/2123/2179 1278/2131/2184 1279/2132/2185
f 1274/2127/2182 1269/2126/1822 1277/2133/2186
f 1273/2128/2183 1276/2124/2180 1279/2132/2185
f 1275/2130/2179 1274/2127/2182 1277/2133/2186 1278/2134/2184
f 1279/2132/2185 1278/2131/2184 1281/2135/2187 1282/2136/2188
f 1277/2133/2186 1269/2126/1822 1280/2137/2189
f 1273/2128/2183 1279/2132/2185 1282/2136/2188
f 1278/2134/2184 1277/2133/2186 1280/2137/2189 1281/2138/2187
f 1282/2136/2188 1281/2135/2187 1284/2139/2190 1285/2140/2191
f 1280/2137/2189 1269/2126/1822 1283/2141/2192
f 1273/2128/2183 1282/2136/2188 1285/2140/2191
f 1281/2138/2187 1280/2137/2189 1283/2141/2192 1284/2142/2190
f 1285/2140/2191 1284/2139/2190 1287/2143/2193 1288/2144/2194
f 1283/2141/2192 1269/2126/1822 1286/2145/2195
f 1273/2128/2183 1285/2140/2191 1288/2144/2194
f 1284/2142/2190 1283/2141/2192 1286/2145/2195 1287/2146/2193
f 1287/2146/2193 1286/2145/2195 1289/2147/2196 1290/2148/2197
f 1288/2144/2194 1287/2143/2193 1290/2149/2197 1291/2150/2198
f 1286/2145/2195 1269/2126/1822 1289/2147/2196
f 1273/2128/2183 1288/2144/2194 1291/2150/2198
f 1273/2128/2183 1291/2150/2198 1294/2151/2199
f 1290/2148/2197 1289/2147/2196 1292/2152/2200 1293/2153/2201
f 1291/2150/2198 1290/2149/2197 1293/2154/2201 1294/2151/2199
f 1289/2147/2196 1269/2126/1822 1292/2152/2200
f 1273/2128/2183 1294/2151/2199 1272/2121/2177
f 1293/2153/2201 1292/2152/2200 1270/2125/2181 1271/2129/2178
f 1294/2151/2199 1293/2154/2201 1271/2122/2178 1272/2121/2177
f 1292/2152/2200 1269/2126/1822 1270/2125/2181
f 1296/2155/2202 1295/2156/2203 1300/2157/2204
f 1299/2158/2205 1298/2159/2206 1302/2160/2207
f 1297/2161/2208 1296/2155/2202 1300/2157/2204 1301/2162/2209
f 1298/2159/2206 1297/2163/2208 1301/2164/2209 1302/2160/2207
f 1299/2158/2205 1302/2160/2207 1305/2165/2210
f 1301/2162/2209 1300/2157/2204 1303/2166/2211 1304/2167/2212
f 1302/2160/2207 1301/2164/2209 1304/2168/2212 1305/2165/2210
f 1300/2157/2204 1295/2156/2203 1303/2166/2211
f 1299/2158/2205 1305/2165/2210 1308/2169/2213
f 1304/2167/2212 1303/2166/2211 1306/2170/2214 1307/2171/2215
f 1305/2165/2210 1304/2168/2212 1307/2172/2215 1308/2169/2213
f 1303/2166/2211 1295/2156/2203 1306/2170/2214
f 1306/2170/2214 1295/2156/2203 1309/2173/2216
f 1299/2158/2205 1308/2169/2213 1311/2174/2217
f 1307/2171/2215 1306/2170/2214 1309/2173/2216 1310/2175/2218
f 1308/2176/2213 1307/2177/2215 1310/2178/2218 1311/2179/2217
f 1311/2174/2217 1310/2180/2218 1313/2181/2219 1314/2182/2220
f 1309/2173/2216 1295/2156/2203 1312/2183/2221
f 1299/2158/2205 1311/2174/2217 1314/2182/2220
f 1310/2175/2218 1309/2173/2216 1312/2183/2221 1313/2184/2219
f 1314/2182/2220 1313/2181/2219 1316/2185/2222 1317/2186/2223
f 1312/2183/2221 1295/2156/2203 1315/2187/2224
f 1299/2158/2205 1314/2182/2220 1317/2186/2223
f 1313/2184/2219 1312/2183/2221 1315/2187/2224 1316/2188/2222
f 1317/2186/2223 1316/2185/2222 1319/2189/2225 1320/2190/2226
f 1315/2187/2224 1295/2156/2203 1318/2191/2227
f 1299/2158/2205 1317/2186/2223 1320/2190/2226
f 1316/2188/2222 1315/2187/2224 1318/2191/2227 1319/2192/2225
f 1320/2190/2226 1319/2189/2225 1297/2163/2208 1298/2159/2206
f 1318/2191/2227 1295/2156/2203 1296/2155/2202
f 1299/2158/2205 1320/2190/2226 1298/2159/2206
f 1319/2193/2225 1318/2194/2227 1296/2195/2202 1297/2196/2208
f 1325/2197/2228 1324/2198/2229 1328/2199/2230
f 1323/2200/2231 1322/2201/2232 1326/2202/2233 1327/2203/2234
f 1324/2198/2229 1323/2204/2231 1327/2205/2234 1328/2199/2230
f 1322/2201/2232 1321/2206/1694 1326/2202/2233
f 1328/2199/2230 1327/2205/2234 1330/2207/2235 1331/2208/2236
f 1326/2202/2233 1321/2206/1694 1329/2209/2237
f 1325/2197/2228 1328/2199/2230 1331/2208/2236
f 1327/2203/2234 1326/2202/2233 1329/2209/2237 1330/2210/2235
f 1330/2210/2235 1329/2209/2237 1332/2211/2238 1333/2212/2239
f 1331/2208/2236 1330/2207/2235 1333/2213/2239 1334/2214/2240
f 1329/2209/2237 1321/2206/1694 1332/2211/2238
f 1325/2197/2228 1331/2208/2236 1334/2214/2240
f 1325/2197/2228 1334/2214/2240 1337/2215/2241
f 1333/2212/2239 1332/2211/2238 1335/2216/2242 1336/2217/2243
f 1334/2214/2240 1333/2213/2239 1336/2218/2243 1337/2215/2241
f 1332/2211/2238 1321/2206/1694 1335/2216/2242
f 1325/2197/2228 1337/2215/2241 1340/2219/2244
f 1336/2217/2243 1335/2216/2242 1338/2220/2245 1339/2221/2246
f 1337/2215/2241 1336/2218/2243 1339/2222/2246 1340/2219/2244
f 1335/2216/2242 1321/2206/1694 1338/2220/2245
f 1325/2197/2228 1340/2219/2244 1343/2223/2247
f 1339/2221/2246 1338/2220/2245 1341/2224/2248 1342/2225/2249
f 1340/2219/2244 1339/2222/2246 1342/2226/2249 1343/2223/2247
f 1338/2220/2245 1321/2206/1694 1341/2224/2248
f 1325/2197/2228 1343/2223/2247 1346/2227/2250
f 1342/2225/2249 1341/2224/2248 1344/2228/2251 1345/2229/2252
f 1343/2223/2247 1342/2226/2249 1345/2230/2252 1346/2227/2250
f 1341/2224/2248 1321/2206/1694 1344/2228/2251
f 1344/2228/2251 1321/2206/1694 1322/2201/2232
f 1325/2197/2228 1346/2227/2250 1324/2198/2229
f 1345/2229/2252 1344/2228/2251 1322/2201/2232 1323/2200/2231
f 1346/2227/2250 1345/2230/2252 1323/2204/2231 1324/2198/2229
f 1350/2231/2253 1349/2232/2254 1353/2233/2255 1354/2234/2256
f 1348/2235/2257 1347/2236/2258 1352/2237/2259
f 1351/2238/2260 1350/2231/2253 1354/2234/2256
f 1349/2239/2254 1348/2235/2257 1352/2237/2259 1353/2240/2255
f 1354/2234/2256 1353/2233/2255 1356/2241/2261 1357/2242/2262
f 1352/2237/2259 1347/2236/2258 1355/2243/2263
f 1351/2238/2260 1354/2234/2256 1357/2242/2262
f 1353/2240/2255 1352/2237/2259 1355/2243/2263 1356/2244/2261
f 1357/2242/2262 1356/2241/2261 1359/2245/2264 1360/2246/2265
f 1355/2243/2263 1347/2236/2258 1358/2247/2266
f 1351/2238/2260 1357/2242/2262 1360/2246/2265
f 1356/2244/2261 1355/2243/2263 1358/2247/2266 1359/2248/2264
f 1360/2246/2265 1359/2245/2264 1362/2249/2267 1363/2250/2268
f 1358/2247/2266 1347/2236/2258 1361/2251/2269
f 1351/2238/2260 1360/2246/2265 1363/2250/2268
f 1359/2248/2264 1358/2247/2266 1361/2251/2269 1362/2252/2267
f 1363/2250/2268 1362/2249/2267 1365/2253/2270 1366/2254/2271
f 1361/2251/2269 1347/2236/2258 1364/2255/2272
f 1351/2238/2260 1363/2250/2268 1366/2254/2271
f 1362/2252/2267 1361/2251/2269 1364/2255/2272 1365/2256/2270
f 1366/2254/2271 1365/2253/2270 1368/2257/2273 1369/2258/2274
f 1364/2255/2272 1347/2236/2258 1367/2259/2275
f 1351/2238/2260 1366/2254/2271 1369/2258/2274
f 1365/2256/2270 1364/2255/2272 1367/2259/2275 1368/2260/2273
f 1368/2260/2273 1367/2259/2275 1370/2261/2276 1371/2262/2277
f 1369/2258/2274 1368/2257/2273 1371/2263/2277 1372/2264/2278
f 1367/2259/2275 1347/2236/2258 1370/2261/2276
f 1351/2238/2260 1369/2258/2274 1372/2264/2278
f 1351/2238/2260 1372/2264/2278 1350/2231/2253
f 1371/2262/2277 1370/2261/2276 1348/2235/2257 1349/2239/2254
f 1372/2264/2278 1371/2263/2277 1349/2232/2254 1350/2231/2253
f 1370/2261/2276 1347/2236/2258 1348/2235/2257
f 1377/2265/2279 1376/2266/2280 1380/2267/2281
f 1375/2268/2282 1374/2269/2283 1378/2270/2284 1379/2271/2285
f 1376/2266/2280 1375/2272/2282 1379/2273/2285 1380/2267/2281
f 1374/2269/2283 1373/2274/1694 1378/2270/2284
f 1377/2265/2279 1380/2267/2281 1383/2275/2286
f 1379/2271/2285 1378/2270/2284 1381/2276/2287 1382/2277/2288
f 1380/2267/2281 1379/2273/2285 1382/2278/2288 1383/2275/2286
f 1378/2270/2284 1373/2274/1694 1381/2276/2287
f 1377/2265/2279 1383/2275/2286 1386/2279/2289
f 1382/2277/2288 1381/2276/2287 1384/2280/2290 1385/2281/2291
f 1383/2275/2286 1382/2278/2288 1385/2282/2291 1386/2279/2289
f 1381/2276/2287 1373/2274/1694 1384/2280/2290
f 1377/2265/2279 1386/2279/2289 1389/2283/2292
f 1385/2281/2291 1384/2280/2290 1387/2284/2293 1388/2285/2294
f 1386/2279/2289 1385/2282/2291 1388/2286/2294 1389/2283/2292
f 1384/2280/2290 1373/2274/1694 1387/2284/2293
f 1387/2284/2293 1373/2274/1694 1390/2287/2295
f 1377/2265/2279 1389/2283/2292 1392/2288/2296
f 1388/2285/2294 1387/2284/2293 1390/2287/2295 1391/2289/2297
f 1389/2283/2292 1388/2286/2294 1391/2290/2297 1392/2288/2296
f 1392/2288/2296 1391/2290/2297 1394/2291/2298 1395/2292/2299
f 1390/2287/2295 1373/2274/1694 1393/2293/2300
f 1377/2265/2279 1392/2288/2296 1395/2292/2299
f 1391/2289/2297 1390/2287/2295 1393/2293/2300 1394/2294/2298
f 1395/2292/2299 1394/2291/2298 1397/2295/2301 1398/2296/2302
f 1393/2293/2300 1373/2274/1694 1396/2297/2303
f 1377/2265/2279 1395/2292/2299 1398/2296/2302
f 1394/2294/2298 1393/2293/2300 1396/2297/2303 1397/2298/2301
f 1398/2296/2302 1397/2295/2301 1375/2272/2282 1376/2266/2280
f 1396/2297/2303 1373/2274/1694 1374/2269/2283
f 1377/2265/2279 1398/2296/2302 1376/2266/2280
f 1397/2298/2301 1396/2297/2303 1374/2269/2283 1375/2268/2282
f 1401/2299/2304 1400/2300/2305 1404/2301/2306 1405/2302/2307
f 1402/2303/2308 1401/2304/2304 1405/2305/2307 1406/2306/2309
f 1400/2300/2305 1399/2307/2310 1404/2301/2306
f 1403/2308/2311 1402/2309/2308 1406/2310/2309
f 1406/2310/2309 1405/2311/2307 1408/2312/2312 1409/2313/2313
f 1404/2301/2306 1399/2307/2310 1407/2314/2314
f 1403/2308/2311 1406/2310/2309 1409/2313/2313
f 1405/2302/2307 1404/2301/2306 1407/2314/2314 1408/2315/2312
f 1409/2313/2313 1408/2312/2312 1411/2316/2315 1412/2317/2316
f 1407/2314/2314 1399/2307/2310 1410/2318/2317
f 1403/2308/2311 1409/2313/2313 1412/2317/2316
f 1408/2315/2312 1407/2314/2314 1410/2318/2317 1411/2319/2315
f 1411/2319/2315 1410/2318/2317 1413/2320/2318 1414/2321/2319
f 1412/2317/2316 1411/2316/2315 1414/2322/2319 1415/2323/2320
f 1410/2318/2317 1399/2307/2310 1413/2320/2318
f 1403/2308/2311 1412/2317/2316 1415/2323/2320
f 1403/2308/2311 1415/2323/2320 1418/2324/2321
f 1414/2325/2319 1413/2326/2318 1416/2327/2322 1417/2328/2323
f 1415/2323/2320 1414/2322/2319 1417/2329/2323 1418/2324/2321
f 1413/2320/2318 1399/2307/2310 1416/2330/2322
f 1403/2308/2311 1418/2324/2321 1421/2331/2324
f 1417/2332/2323 1416/2330/2322 1419/2333/2325 1420/2334/2326
f 1418/2324/2321 1417/2329/2323 1420/2335/2326 1421/2331/2324
f 1416/2330/2322 1399/2307/2310 1419/2333/2325
f 1403/2308/2311 1421/2331/2324 1424/2336/2327
f 1420/2334/2326 1419/2333/2325 1422/2337/2328 1423/2338/2329
f 1421/2331/2324 1420/2335/2326 1423/2339/2329 1424/2336/2327
f 1419/2333/2325 1399/2307/2310 1422/2337/2328
f 1403/2308/2311 1424/2336/2327 1402/2309/2308
f 1423/2338/2329 1422/2337/2328 1400/2300/2305 1401/2299/2304
f 1424/2336/2327 1423/2339/2329 1401/2340/2304 1402/2309/2308
f 1422/2337/2328 1399/2307/2310 1400/2300/2305
f 1428/2341/2330 1427/2342/2331 1431/2343/2332 1432/2344/2333
f 1426/2345/2334 1425/2346/2335 1430/2347/2336
f 1429/2348/2337 1428/2349/2330 1432/2350/2333
f 1427/2351/2331 1426/2345/2334 1430/2347/2336 1431/2352/2332
f 1430/2347/2336 1425/2346/2335 1433/2353/2338
f 1429/2348/2337 1432/2350/2333 1435/2354/2339
f 1431/2352/2332 1430/2347/2336 1433/2353/2338 1434/2355/2340
f 1432/2350/2333 1431/2356/2332 1434/2357/2340 1435/2354/2339
f 1435/2354/2339 1434/2357/2340 1437/2358/2341 1438/2359/2342
f 1433/2353/2338 1425/2346/2335 1436/2360/2343
f 1429/2348/2337 1435/2354/2339 1438/2359/2342
f 1434/2355/2340 1433/2353/2338 1436/2360/2343 1437/2361/2341
f 1438/2359/2342 1437/2358/2341 1440/2362/2344 1441/2363/2345
f 1436/2360/2343 1425/2346/2335 1439/2364/2346
f 1429/2348/2337 1438/2359/2342 1441/2363/2345
f 1437/2361/2341 1436/2360/2343 1439/2364/2346 1440/2365/2344
f 1441/2363/2345 1440/2362/2344 1443/2366/2347 1444/2367/2348
f 1439/2364/2346 1425/2346/2335 1442/2368/2349
f 1429/2348/2337 1441/2363/2345 1444/2367/2348
f 1440/2369/2344 1439/2370/2346 1442/2371/2349 1443/2372/2347
f 1444/2367/2348 1443/2366/2347 1446/2373/2350 1447/2374/2351
f 1442/2368/2349 1425/2346/2335 1445/2375/2352
f 1429/2348/2337 1444/2367/2348 1447/2374/2351
f 1443/2376/2347 1442/2368/2349 1445/2375/2352 1446/2377/2350
f 1447/2374/2351 1446/2373/2350 1449/2378/2353 1450/2379/2354
f 1445/2375/2352 1425/2346/2335 1448/2380/2355
f 1429/2348/2337 1447/2374/2351 1450/2379/2354
f 1446/2377/2350 1445/2375/2352 1448/2380/2355 1449/2381/2353
f 1449/2381/2353 1448/2380/2355 1426/2345/2334 1427/2351/2331
f 1450/2379/2354 1449/2378/2353 1427/2382/2331 1428/2349/2330
f 1448/2380/2355 1425/2346/2335 1426/2345/2334
f 1429/2348/2337 1450/2379/2354 1428/2349/2330
f 1455/2383/2228 1454/2384/2356 1458/2385/2357
f 1453/2386/2358 1452/2387/2359 1456/2388/2360 1457/2389/2361
f 1454/2384/2356 1453/2390/2358 1457/2391/2361 1458/2385/2357
f 1452/2387/2359 1451/2392/2362 1456/2388/2360
f 1455/2383/2228 1458/2385/2357 1461/2393/2363
f 1457/2389/2361 1456/2388/2360 1459/2394/2364 1460/2395/2365
f 1458/2385/2357 1457/2391/2361 1460/2396/2365 1461/2393/2363
f 1456/2388/2360 1451/2392/2362 1459/2394/2364
f 1455/2383/2228 1461/2393/2363 1464/2397/2366
f 1460/2395/2365 1459/2394/2364 1462/2398/2367 1463/2399/2368
f 1461/2393/2363 1460/2396/2365 1463/2400/2368 1464/2397/2366
f 1459/2394/2364 1451/2392/2362 1462/2398/2367
f 1455/2383/2228 1464/2397/2366 1467/2401/2369
f 1463/2399/2368 1462/2398/2367 1465/2402/2370 1466/2403/2371
f 1464/2397/2366 1463/2400/2368 1466/2404/2371 1467/2401/2369
f 1462/2398/2367 1451/2392/2362 1465/2402/2370
f 1455/2383/2228 1467/2401/2369 1470/2405/2372
f 1466/2403/2371 1465/2402/2370 1468/2406/2373 1469/2407/2374
f 1467/2401/2369 1466/2404/2371 1469/2408/2374 1470/2405/2372
f 1465/2402/2370 1451/2392/2362 1468/2406/2373
f 1468/2406/2373 1451/2392/2362 1471/2409/2375
f 1455/2383/2228 1470/2405/2372 1473/2410/2376
f 1469/2407/2374 1468/2406/2373 1471/2409/2375 1472/2411/2377
f 1470/2405/2372 1469/2408/2374 1472/2412/2377 1473/2410/2376
f 1473/2410/2376 1472/2412/2377 1475/2413/2378 1476/2414/2379
f 1471/2409/2375 1451/2392/2362 1474/2415/2380
f 1455/2383/2228 1473/2410/2376 1476/2414/2379
f 1472/2411/2377 1471/2409/2375 1474/2415/2380 1475/2416/2378
f 1476/2414/2379 1475/2413/2378 1453/2390/2358 1454/2384/2356
f 1474/2415/2380 1451/2392/2362 1452/2387/2359
f 1455/2383/2228 1476/2414/2379 1454/2384/2356
f 1475/2416/2378 1474/2415/2380 1452/2387/2359 1453/2386/2358
f 1480/2417/2381 1479/2418/2382 1483/2419/2383 1484/2420/2384
f 1478/2421/2385 1477/2422/2386 1482/2423/2387
f 1481/2424/2388 1480/2417/2381 1484/2420/2384
f 1479/2425/2382 1478/2421/2385 1482/2423/2387 1483/2426/2383
f 1484/2420/2384 1483/2419/2383 1486/2427/2389 1487/2428/2390
f 1482/2423/2387 1477/2422/2386 1485/2429/2391
f 1481/2424/2388 1484/2420/2384 1487/2428/2390
f 1483/2426/2383 1482/2423/2387 1485/2429/2391 1486/2430/2389
f 1487/2428/2390 1486/2427/2389 1489/2431/2392 1490/2432/2393
f 1485/2429/2391 1477/2422/2386 1488/2433/2394
f 1481/2424/2388 1487/2428/2390 1490/2432/2393
f 1486/2430/2389 1485/2429/2391 1488/2433/2394 1489/2434/2392
f 1490/2432/2393 1489/2431/2392 1492/2435/2395 1493/2436/2396
f 1488/2433/2394 1477/2422/2386 1491/2437/2397
f 1481/2424/2388 1490/2432/2393 1493/2436/2396
f 1489/2434/2392 1488/2433/2394 1491/2437/2397 1492/2438/2395
f 1492/2438/2395 1491/2437/2397 1494/2439/2398 1495/2440/2399
f 1493/2436/2396 1492/2435/2395 1495/2441/2399 1496/2442/2400
f 1491/2437/2397 1477/2422/2386 1494/2439/2398
f 1481/2424/2388 1493/2436/2396 1496/2442/2400
f 1481/2424/2388 1496/2442/2400 1499/2443/2401
f 1495/2440/2399 1494/2439/2398 1497/2444/2402 1498/2445/2403
f 1496/2442/2400 1495/2441/2399 1498/2446/2403 1499/2443/2401
f 1494/2439/2398 1477/2422/2386 1497/2444/2402
f 1481/2424/2388 1499/2443/2401 1502/2447/2404
f 1498/2445/2403 1497/2444/2402 1500/2448/2405 1501/2449/2406
f 1499/2443/2401 1498/2446/2403 1501/2450/2406 1502/2447/2404
f 1497/2444/2402 1477/2422/2386 1500/2448/2405
f 1481/2424/2388 1502/2447/2404 1480/2417/2381
f 1501/2449/2406 1500/2448/2405 1478/2421/2385 1479/2425/2382
f 1502/2447/2404 1501/2450/2406 1479/2418/2382 1480/2417/2381
f 1500/2448/2405 1477/2422/2386 1478/2421/2385
f 1506/2451/2407 1505/2452/2408 1509/2453/2409 1510/2454/2410
f 1504/2455/2411 1503/2456/2386 1508/2457/2412
f 1507/2458/303 1506/2459/2407 1510/2460/2410
f 1505/2461/2408 1504/2455/2411 1508/2457/2412 1509/2462/2409
f 1507/2458/303 1510/2460/2410 1513/2463/2413
f 1509/2462/2409 1508/2457/2412 1511/2464/2414 1512/2465/2415
f 1510/2460/2410 1509/2466/2409 1512/2467/2415 1513/2463/2413
f 1508/2457/2412 1503/2456/2386 1511/2464/2414
f 1511/2464/2414 1503/2456/2386 1514/2468/2416
f 1507/2458/303 1513/2463/2413 1516/2469/2417
f 1512/2465/2415 1511/2464/2414 1514/2468/2416 1515/2470/2418
f 1513/2463/2413 1512/2467/2415 1515/2471/2418 1516/2469/2417
f 1516/2469/2417 1515/2471/2418 1518/2472/2419 1519/2473/2420
f 1514/2468/2416 1503/2456/2386 1517/2474/2421
f 1507/2458/303 1516/2469/2417 1519/2473/2420
f 1515/2470/2418 1514/2468/2416 1517/2474/2421 1518/2475/2419
f 1519/2473/2420 1518/2472/2419 1521/2476/2422 1522/2477/2423
f 1517/2474/2421 1503/2456/2386 1520/2478/2424
f 1507/2458/303 1519/2473/2420 1522/2477/2423
f 1518/2479/2419 1517/2480/2421 1520/2481/2424 1521/2482/2422
f 1522/2477/2423 1521/2476/2422 1524/2483/2425 1525/2484/2426
f 1520/2478/2424 1503/2456/2386 1523/2485/2427
f 1507/2458/303 1522/2477/2423 1525/2484/2426
f 1521/2486/2422 1520/2478/2424 1523/2485/2427 1524/2487/2425
f 1525/2484/2426 1524/2483/2425 1527/2488/2428 1528/2489/2429
f 1523/2485/2427 1503/2456/2386 1526/2490/2430
f 1507/2458/303 1525/2484/2426 1528/2489/2429
f 1524/2487/2425 1523/2485/2427 1526/2490/2430 1527/2491/2428
f 1528/2489/2429 1527/2488/2428 1505/2492/2408 1506/2459/2407
f 1526/2490/2430 1503/2456/2386 1504/2455/2411
f 1507/2458/303 1528/2489/2429 1506/2459/2407
f 1527/2491/2428 1526/2490/2430 1504/2455/2411 1505/2461/2408
f 1533/2493/2431 1532/2494/2432 1536/2495/2433
f 1531/2496/2434 1530/2497/2435 1534/2498/2436 1535/2499/2437
f 1532/2494/2432 1531/2500/2434 1535/2501/2437 1536/2495/2433
f 1530/2497/2435 1529/2502/2438 1534/2498/2436
f 1535/2499/2437 1534/2498/2436 1537/2503/2439 1538/2504/2440
f 1536/2495/2433 1535/2501/2437 1538/2505/2440 1539/2506/2441
f 1534/2498/2436 1529/2502/2438 1537/2503/2439
f 1533/2493/2431 1536/2495/2433 1539/2506/2441
f 1533/2493/2431 1539/2506/2441 1542/2507/2442
f 1538/2504/2440 1537/2503/2439 1540/2508/2443 1541/2509/2444
f 1539/2506/2441 1538/2505/2440 1541/2510/2444 1542/2507/2442
f 1537/2503/2439 1529/2502/2438 1540/2508/2443
f 1533/2493/2431 1542/2507/2442 1545/2511/2445
f 1541/2509/2444 1540/2508/2443 1543/2512/2446 1544/2513/2447
f 1542/2507/2442 1541/2510/2444 1544/2514/2447 1545/2511/2445
f 1540/2508/2443 1529/2502/2438 1543/2512/2446
f 1533/2493/2431 1545/2511/2445 1548/2515/2448
f 1544/2513/2447 1543/2512/2446 1546/2516/2449 1547/2517/2450
f 1545/2511/2445 1544/2514/2447 1547/2518/2450 1548/2515/2448
f 1543/2512/2446 1529/2502/2438 1546/2516/2449
f 1533/2493/2431 1548/2515/2448 1551/2519/2451
f 1547/2517/2450 1546/2516/2449 1549/2520/2452 1550/2521/2453
f 1548/2515/2448 1547/2518/2450 1550/2522/2453 1551/2519/2451
f 1546/2516/2449 1529/2502/2438 1549/2520/2452
f 1549/2520/2452 1529/2502/2438 1552/2523/2454
f 1533/2493/2431 1551/2519/2451 1554/2524/2455
f 1550/2521/2453 1549/2520/2452 1552/2523/2454 1553/2525/2456
f 1551/2519/2451 1550/2522/2453 1553/2526/2456 1554/2524/2455
f 1554/2524/2455 1553/2526/2456 1531/2500/2434 1532/2494/2432
f 1552/2523/2454 1529/2502/2438 1530/2497/2435
f 1533/2493/2431 1554/2524/2455 1532/2494/2432
f 1553/2525/2456 1552/2523/2454 1530/2497/2435 1531/2496/2434
f 1558/2527/2457 1557/2528/2458 1561/2529/2459 1562/2530/2460
f 1556/2531/2461 1555/2532/2462 1560/2533/2463
f 1559/2534/2464 1558/2527/2457 1562/2530/2460
f 1557/2535/2458 1556/2531/2461 1560/2533/2463 1561/2536/2459
f 1562/2530/2460 1561/2529/2459 1564/2537/2465 1565/2538/2466
f 1560/2533/2463 1555/2532/2462 1563/2539/2467
f 1559/2534/2464 1562/2530/2460 1565/2538/2466
f 1561/2536/2459 1560/2533/2463 1563/2539/2467 1564/2540/2465
f 1565/2538/2466 1564/2537/2465 1567/2541/2468 1568/2542/2469
f 1563/2539/2467 1555/2532/2462 1566/2543/2470
f 1559/2534/2464 1565/2538/2466 1568/2542/2469
f 1564/2540/2465 1563/2539/2467 1566/2543/2470 1567/2544/2468
f 1568/2542/2469 1567/2541/2468 1570/2545/2471 1571/2546/2472
f 1566/2543/2470 1555/2532/2462 1569/2547/2473
f 1559/2534/2464 1568/2542/2469 1571/2546/2472
f 1567/2544/2468 1566/2543/2470 1569/2547/2473 1570/2548/2471
f 1571/2546/2472 1570/2545/2471 1573/2549/2474 1574/2550/2475
f 1569/2547/2473 1555/2532/2462 1572/2551/2476
f 1559/2534/2464 1571/2546/2472 1574/2550/2475
f 1570/2548/2471 1569/2547/2473 1572/2551/2476 1573/2552/2474
f 1573/2552/2474 1572/2551/2476 1575/2553/2477 1576/2554/2478
f 1574/2550/2475 1573/2549/2474 1576/2555/2478 1577/2556/2479
f 1572/2551/2476 1555/2532/2462 1575/2553/2477
f 1559/2534/2464 1574/2550/2475 1577/2556/2479
f 1559/2534/2464 1577/2556/2479 1580/2557/2480
f 1576/2554/2478 1575/2553/2477 1578/2558/2481 1579/2559/2482
f 1577/2556/2479 1576/2555/2478 1579/2560/2482 1580/2557/2480
f 1575/2553/2477 1555/2532/2462 1578/2558/2481
f 1559/2534/2464 1580/2557/2480 1558/2527/2457
f 1579/2559/2482 1578/2558/2481 1556/2531/2461 1557/2535/2458
f 1580/2557/2480 1579/2560/2482 1557/2528/2458 1558/2527/2457
f 1578/2558/2481 1555/2532/2462 1556/2531/2461
f 1582/2561/2483 1581/2562/2484 1586/2563/2485
f 1585/2564/2486 1584/2565/2487 1588/2566/2488
f 1583/2567/2489 1582/2561/2483 1586/2563/2485 1587/2568/2490
f 1584/2565/2487 1583/2569/2489 1587/2570/2490 1588/2566/2488
f 1585/2564/2486 1588/2566/2488 1591/2571/2491
f 1587/2568/2490 1586/2563/2485 1589/2572/2492 1590/2573/2493
f 1588/2566/2488 1587/2570/2490 1590/2574/2493 1591/2571/2491
f 1586/2563/2485 1581/2562/2484 1589/2572/2492
f 1585/2564/2486 1591/2571/2491 1594/2575/2494
f 1590/2573/2493 1589/2572/2492 1592/2576/2495 1593/2577/2496
f 1591/2571/2491 1590/2574/2493 1593/2578/2496 1594/2575/2494
f 1589/2572/2492 1581/2562/2484 1592/2576/2495
f 1592/2576/2495 1581/2562/2484 1595/2579/2497
f 1585/2564/2486 1594/2575/2494 1597/2580/2498
f 1593/2577/2496 1592/2576/2495 1595/2579/2497 1596/2581/2499
f 1594/2575/2494 1593/2578/2496 1596/2582/2499 1597/2580/2498
f 1597/2580/2498 1596/2582/2499 1599/2583/2500 1600/2584/2501
f 1595/2579/2497 1581/2562/2484 1598/2585/2502
f 1585/2564/2486 1597/2580/2498 1600/2584/2501
f 1596/2581/2499 1595/2579/2497 1598/2585/2502 1599/2586/2500
f 1600/2584/2501 1599/2583/2500 1602/2587/2503 1603/2588/2504
f 1598/2585/2502 1581/2562/2484 1601/2589/2505
f 1585/2564/2486 1600/2584/2501 1603/2588/2504
f 1599/2586/2500 1598/2585/2502 1601/2589/2505 1602/2590/2503
f 1603/2588/2504 1602/2587/2503 1605/2591/2506 1606/2592/2507
f 1601/2589/2505 1581/2562/2484 1604/2593/2508
f 1585/2564/2486 1603/2588/2504 1606/2592/2507
f 1602/2590/2503 1601/2589/2505 1604/2593/2508 1605/2594/2506
f 1606/2592/2507 1605/2591/2506 1583/2569/2489 1584/2565/2487
f 1604/2593/2508 1581/2562/2484 1582/2561/2483
f 1585/2564/2486 1606/2592/2507 1584/2565/2487
f 1605/2594/2506 1604/2593/2508 1582/2561/2483 1583/2567/2489
f 1611/2595/1721 1610/2596/2509 1614/2597/2510
f 1609/2598/2511 1608/2599/2512 1612/2600/2513 1613/2601/2514
f 1610/2596/2509 1609/2602/2511 1613/2603/2514 1614/2597/2510
f 1608/2599/2512 1607/2604/1694 1612/2600/2513
f 1614/2597/2510 1613/2603/2514 1616/2605/2515 1617/2606/2516
f 1612/2600/2513 1607/2604/1694 1615/2607/2517
f 1611/2595/1721 1614/2597/2510 1617/2606/2516
f 1613/2601/2514 1612/2600/2513 1615/2607/2517 1616/2608/2515
f 1616/2608/2515 1615/2607/2517 1618/2609/2518 1619/2610/2519
f 1617/2606/2516 1616/2605/2515 1619/2611/2519 1620/2612/2520
f 1615/2607/2517 1607/2604/1694 1618/2609/2518
f 1611/2595/1721 1617/2606/2516 1620/2612/2520
f 1611/2595/1721 1620/2612/2520 1623/2613/2521
f 1619/2610/2519 1618/2609/2518 1621/2614/2522 1622/2615/2523
f 1620/2612/2520 1619/2611/2519 1622/2616/2523 1623/2613/2521
f 1618/2609/2518 1607/2604/1694 1621/2614/2522
f 1611/2595/1721 1623/2613/2521 1626/2617/2524
f 1622/2615/2523 1621/2614/2522 1624/2618/2525 1625/2619/2526
f 1623/2613/2521 1622/2616/2523 1625/2620/2526 1626/2617/2524
f 1621/2614/2522 1607/2604/1694 1624/2618/2525
f 1611/2595/1721 1626/2617/2524 1629/2621/2527
f 1625/2619/2526 1624/2618/2525 1627/2622/2528 1628/2623/2529
f 1626/2617/2524 1625/2620/2526 1628/2624/2529 1629/2621/2527
f 1624/2618/2525 1607/2604/1694 1627/2622/2528
f 1611/2595/1721 1629/2621/2527 1632/2625/2530
f 1628/2623/2529 1627/2622/2528 1630/2626/2531 1631/2627/2532
f 1629/2621/2527 1628/2624/2529 1631/2628/2532 1632/2625/2530
f 1627/2622/2528 1607/2604/1694 1630/2626/2531
f 1630/2626/2531 1607/2604/1694 1608/2599/2512
f 1611/2595/1721 1632/2625/2530 1610/2596/2509
f 1631/2627/2532 1630/2626/2531 1608/2599/2512 1609/2598/2511
f 1632/2625/2530 1631/2628/2532 1609/2602/2511 1610/2596/2509
f 1637/2629/2132 1636/2630/2533 1640/2631/2534
f 1635/2632/2535 1634/2633/2536 1638/2634/2537 1639/2635/2538
f 1636/2630/2533 1635/2636/2535 1639/2637/2538 1640/2631/2534
f 1634/2633/2536 1633/2638/1669 1638/2634/2537
f 1639/2635/2538 1638/2634/2537 1641/2639/2539 1642/2640/2540
f 1640/2631/2534 1639/2637/2538 1642/2641/2540 1643/2642/2541
f 1638/2634/2537 1633/2638/1669 1641/2639/2539
f 1637/2629/2132 1640/2631/2534 1643/2642/2541
f 1637/2629/2132 1643/2642/2541 1646/2643/2542
f 1642/2640/2540 1641/2639/2539 1644/2644/2543 1645/2645/2544
f 1643/2642/2541 1642/2641/2540 1645/2646/2544 1646/2643/2542
f 1641/2639/2539 1633/2638/1669 1644/2644/2543
f 1637/2629/2132 1646/2643/2542 1649/2647/2545
f 1645/2645/2544 1644/2644/2543 1647/2648/2546 1648/2649/2547
f 1646/2643/2542 1645/2646/2544 1648/2650/2547 1649/2647/2545
f 1644/2644/2543 1633/2638/1669 1647/2648/2546
f 1637/2629/2132 1649/2647/2545 1652/2651/2548
f 1648/2649/2547 1647/2648/2546 1650/2652/2549 1651/2653/2550
f 1649/2647/2545 1648/2650/2547 1651/2654/2550 1652/2651/2548
f 1647/2648/2546 1633/2638/1669 1650/2652/2549
f 1637/2629/2132 1652/2651/2548 1655/2655/2551
f 1651/2653/2550 1650/2652/2549 1653/2656/2552 1654/2657/2553
f 1652/2651/2548 1651/2654/2550 1654/2658/2553 1655/2655/2551
f 1650/2652/2549 1633/2638/1669 1653/2656/2552
f 1653/2656/2552 1633/2638/1669 1656/2659/2554
f 1637/2629/2132 1655/2655/2551 1658/2660/2555
f 1654/2657/2553 1653/2656/2552 1656/2659/2554 1657/2661/2556
f 1655/2655/2551 1654/2658/2553 1657/2662/2556 1658/2660/2555
f 1658/2660/2555 1657/2662/2556 1635/2636/2535 1636/2630/2533
f 1656/2659/2554 1633/2638/1669 1634/2633/2536
f 1637/2629/2132 1658/2660/2555 1636/2630/2533
f 1657/2661/2556 1656/2659/2554 1634/2633/2536 1635/2632/2535
f 1662/2663/2557 1661/2664/2558 1665/2665/2559 1666/2666/2560
f 1660/2667/2561 1659/2668/2562 1664/2669/2563
f 1663/2670/2564 1662/2663/2557 1666/2666/2560
f 1661/2671/2558 1660/2667/2561 1664/2669/2563 1665/2672/2559
f 1666/2666/2560 1665/2665/2559 1668/2673/2565 1669/2674/2566
f 1664/2669/2563 1659/2668/2562 1667/2675/2567
f 1663/2670/2564 1666/2666/2560 1669/2674/2566
f 1665/2672/2559 1664/2669/2563 1667/2675/2567 1668/2676/2565
f 1669/2674/2566 1668/2673/2565 1671/2677/2568 1672/2678/2569
f 1667/2675/2567 1659/2668/2562 1670/2679/2570
f 1663/2670/2564 1669/2674/2566 1672/2678/2569
f 1668/2676/2565 1667/2675/2567 1670/2679/2570 1671/2680/2568
f 1672/2678/2569 1671/2677/2568 1674/2681/2571 1675/2682/2572
f 1670/2679/2570 1659/2668/2562 1673/2683/2573
f 1663/2670/2564 1672/2678/2569 1675/2682/2572
f 1671/2680/2568 1670/2679/2570 1673/2683/2573 1674/2684/2571
f 1675/2682/2572 1674/2681/2571 1677/2685/2574 1678/2686/2575
f 1673/2683/2573 1659/2668/2562 1676/2687/2576
f 1663/2670/2564 1675/2682/2572 1678/2686/2575
f 1674/2684/2571 1673/2683/2573 1676/2687/2576 1677/2688/2574
f 1678/2686/2575 1677/2685/2574 1680/2689/2577 1681/2690/2578
f 1676/2687/2576 1659/2668/2562 1679/2691/2579
f 1663/2670/2564 1678/2686/2575 1681/2690/2578
f 1677/2688/2574 1676/2687/2576 1679/2691/2579 1680/2692/2577
f 1680/2692/2577 1679/2691/2579 1682/2693/2580 1683/2694/2581
f 1681/2690/2578 1680/2689/2577 1683/2695/2581 1684/2696/2582
f 1679/2691/2579 1659/2668/2562 1682/2693/2580
f 1663/2670/2564 1681/2690/2578 1684/2696/2582
f 1663/2670/2564 1684/2696/2582 1662/2663/2557
f 1683/2694/2581 1682/2693/2580 1660/2667/2561 1661/2671/2558
f 1684/2696/2582 1683/2695/2581 1661/2664/2558 1662/2663/2557
f 1682/2693/2580 1659/2668/2562 1660/2667/2561
f 1689/2697/2583 1688/2698/2584 1692/2699/2585
f 1687/2700/2586 1686/2701/2587 1690/2702/2588 1691/2703/2589
f 1688/2698/2584 1687/2704/2586 1691/2705/2589 1692/2699/2585
f 1686/2701/2587 1685/2706/2590 1690/2702/2588
f 1689/2697/2583 1692/2699/2585 1695/2707/2591
f 1691/2703/2589 1690/2702/2588 1693/2708/2592 1694/2709/2593
f 1692/2699/2585 1691/2705/2589 1694/2710/2593 1695/2707/2591
f 1690/2702/2588 1685/2706/2590 1693/2708/2592
f 1689/2697/2583 1695/2707/2591 1698/2711/2594
f 1694/2709/2593 1693/2708/2592 1696/2712/2595 1697/2713/2596
f 1695/2707/2591 1694/2710/2593 1697/2714/2596 1698/2711/2594
f 1693/2708/2592 1685/2706/2590 1696/2712/2595
f 1689/2697/2583 1698/2711/2594 1701/2715/2597
f 1697/2713/2596 1696/2712/2595 1699/2716/2598 1700/2717/2599
f 1698/2711/2594 1697/2714/2596 1700/2718/2599 1701/2715/2597
f 1696/2712/2595 1685/2706/2590 1699/2716/2598
f 1689/2697/2583 1701/2715/2597 1704/2719/2600
f 1700/2717/2599 1699/2716/2598 1702/2720/2601 1703/2721/2602
f 1701/2715/2597 1700/2718/2599 1703/2722/2602 1704/2719/2600
f 1699/2716/2598 1685/2706/2590 1702/2720/2601
f 1702/2720/2601 1685/2706/2590 1705/2723/2603
f 1689/2697/2583 1704/2719/2600 1707/2724/2604
f 1703/2721/2602 1702/2720/2601 1705/2723/2603 1706/2725/2605
f 1704/2719/2600 1703/2722/2602 1706/2726/2605 1707/2724/2604
f 1707/2724/2604 1706/2726/2605 1709/2727/2606 1710/2728/2607
f 1705/2723/2603 1685/2706/2590 1708/2729/2608
f 1689/2697/2583 1707/2724/2604 1710/2728/2607
f 1706/2725/2605 1705/2723/2603 1708/2729/2608 1709/2730/2606
f 1710/2728/2607 1709/2727/2606 1687/2704/2586 1688/2698/2584
f 1708/2729/2608 1685/2706/2590 1686/2701/2587
f 1689/2697/2583 1710/2728/2607 1688/2698/2584
f 1709/2730/2606 1708/2729/2608 1686/2701/2587 1687/2700/2586
f 1714/2731/2609 1713/2732/2610 1717/2733/2611 1718/2734/2612
f 1712/2735/2613 1711/2736/2614 1716/2737/2615
f 1715/2738/1721 1714/2731/2609 1718/2734/2612
f 1713/2739/2610 1712/2735/2613 1716/2737/2615 1717/2740/2611
f 1718/2734/2612 1717/2733/2611 1720/2741/2616 1721/2742/2617
f 1716/2737/2615 1711/2736/2614 1719/2743/2618
f 1715/2738/1721 1718/2734/2612 1721/2742/2617
f 1717/2740/2611 1716/2737/2615 1719/2743/2618 1720/2744/2616
f 1721/2742/2617 1720/2741/2616 1723/2745/2619 1724/2746/2620
f 1719/2743/2618 1711/2736/2614 1722/2747/2621
f 1715/2738/1721 1721/2742/2617 1724/2746/2620
f 1720/2744/2616 1719/2743/2618 1722/2747/2621 1723/2748/2619
f 1724/2746/2620 1723/2745/2619 1726/2749/2622 1727/2750/2623
f 1722/2747/2621 1711/2736/2614 1725/2751/2624
f 1715/2738/1721 1724/2746/2620 1727/2750/2623
f 1723/2748/2619 1722/2747/2621 1725/2751/2624 1726/2752/2622
f 1727/2750/2623 1726/2749/2622 1729/2753/2625 1730/2754/2626
f 1725/2751/2624 1711/2736/2614 1728/2755/2627
f 1715/2738/1721 1727/2750/2623 1730/2754/2626
f 1726/2752/2622 1725/2751/2624 1728/2755/2627 1729/2756/2625
f 1729/2756/2625 1728/2755/2627 1731/2757/2628 1732/2758/2629
f 1730/2754/2626 1729/2753/2625 1732/2759/2629 1733/2760/2630
f 1728/2755/2627 1711/2736/2614 1731/2757/2628
f 1715/2738/1721 1730/2754/2626 1733/2760/2630
f 1715/2738/1721 1733/2760/2630 1736/2761/2631
f 1732/2758/2629 1731/2757/2628 1734/2762/2632 1735/2763/2633
f 1733/2760/2630 1732/2759/2629 1735/2764/2633 1736/2761/2631
f 1731/2757/2628 1711/2736/2614 1734/2762/2632
f 1715/2738/1721 1736/2761/2631 1714/2731/2609
f 1735/2763/2633 1734/2762/2632 1712/2735/2613 1713/2739/2610
f 1736/2761/2631 1735/2764/2633 1713/2732/2610 1714/2731/2609
f 1734/2762/2632 1711/2736/2614 1712/2735/2613
f 1741/2765/2634 1740/2766/2635 1744/2767/2636
f 1739/2768/2637 1738/2769/2638 1742/2770/2639 1743/2771/2640
f 1740/2766/2635 1739/2772/2637 1743/2773/2640 1744/2767/2636
f 1738/2769/2638 1737/2774/304 1742/2770/2639
f 1741/2765/2634 1744/2767/2636 1747/2775/2641
f 1743/2771/2640 1742/2770/2639 1745/2776/2642 1746/2777/2643
f 1744/2767/2636 1743/2773/2640 1746/2778/2643 1747/2775/2641
f 1742/2770/2639 1737/2774/304 1745/2776/2642
f 1741/2765/2634 1747/2775/2641 1750/2779/2644
f 1746/2777/2643 1745/2776/2642 1748/2780/2645 1749/2781/2646
f 1747/2775/2641 1746/2778/2643 1749/2782/2646 1750/2779/2644
f 1745/2776/2642 1737/2774/304 1748/2780/2645
f 1741/2765/2634 1750/2779/2644 1753/2783/2647
f 1749/2781/2646 1748/2780/2645 1751/2784/2648 1752/2785/2649
f 1750/2779/2644 1749/2782/2646 1752/2786/2649 1753/2783/2647
f 1748/2780/2645 1737/2774/304 1751/2784/2648
f 1751/2784/2648 1737/2774/304 1754/2787/2650
f 1741/2765/2634 1753/2783/2647 1756/2788/2651
f 1752/2785/2649 1751/2784/2648 1754/2787/2650 1755/2789/2652
f 1753/2783/2647 1752/2786/2649 1755/2790/2652 1756/2788/2651
f 1756/2788/2651 1755/2790/2652 1758/2791/2653 1759/2792/2654
f 1754/2787/2650 1737/2774/304 1757/2793/2655
f 1741/2765/2634 1756/2788/2651 1759/2792/2654
f 1755/2789/2652 1754/2787/2650 1757/2793/2655 1758/2794/2653
f 1759/2792/2654 1758/2791/2653 1761/2795/2656 1762/2796/2657
f 1757/2793/2655 1737/2774/304 1760/2797/2658
f 1741/2765/2634 1759/2792/2654 1762/2796/2657
f 1758/2794/2653 1757/2793/2655 1760/2797/2658 1761/2798/2656
f 1762/2796/2657 1761/2795/2656 1739/2772/2637 1740/2766/2635
f 1760/2797/2658 1737/2774/304 1738/2769/2638
f 1741/2765/2634 1762/2796/2657 1740/2766/2635
f 1761/2798/2656 1760/2797/2658 1738/2769/2638 1739/2768/2637
f 1766/2799/2659 1765/2800/2660 1769/2801/2661 1770/2802/2662
f 1764/2803/2663 1763/2804/2030 1768/2805/2664
f 1767/2806/2665 1766/2799/2659 1770/2802/2662
f 1765/2807/2660 1764/2803/2663 1768/2805/2664 1769/2808/2661
f 1770/2802/2662 1769/2801/2661 1772/2809/2666 1773/2810/2667
f 1768/2805/2664 1763/2804/2030 1771/2811/2668
f 1767/2806/2665 1770/2802/2662 1773/2810/2667
f 1769/2808/2661 1768/2805/2664 1771/2811/2668 1772/2812/2666
f 1773/2810/2667 1772/2809/2666 1775/2813/2669 1776/2814/2670
f 1771/2811/2668 1763/2804/2030 1774/2815/2671
f 1767/2806/2665 1773/2810/2667 1776/2814/2670
f 1772/2812/2666 1771/2811/2668 1774/2815/2671 1775/2816/2669
f 1776/2814/2670 1775/2813/2669 1778/2817/2672 1779/2818/2673
f 1774/2815/2671 1763/2804/2030 1777/2819/2674
f 1767/2806/2665 1776/2814/2670 1779/2818/2673
f 1775/2816/2669 1774/2815/2671 1777/2819/2674 1778/2820/2672
f 1778/2820/2672 1777/2819/2674 1780/2821/2675 1781/2822/2676
f 1779/2818/2673 1778/2817/2672 1781/2823/2676 1782/2824/2677
f 1777/2819/2674 1763/2804/2030 1780/2821/2675
f 1767/2806/2665 1779/2818/2673 1782/2824/2677
f 1767/2806/2665 1782/2824/2677 1785/2825/2678
f 1781/2822/2676 1780/2821/2675 1783/2826/2679 1784/2827/2680
f 1782/2824/2677 1781/2823/2676 1784/2828/2680 1785/2825/2678
f 1780/2821/2675 1763/2804/2030 1783/2826/2679
f 1767/2806/2665 1785/2825/2678 1788/2829/2681
f 1784/2827/2680 1783/2826/2679 1786/2830/2682 1787/2831/2683
f 1785/2825/2678 1784/2828/2680 1787/2832/2683 1788/2829/2681
f 1783/2826/2679 1763/2804/2030 1786/2830/2682
f 1767/2806/2665 1788/2829/2681 1766/2799/2659
f 1787/2831/2683 1786/2830/2682 1764/2803/2663 1765/2807/2660
f 1788/2829/2681 1787/2832/2683 1765/2800/2660 1766/2799/2659
f 1786/2830/2682 1763/2804/2030 1764/2803/2663
f 1792/2833/2684 1791/2834/2685 1795/2835/2686 1796/2836/2687
f 1790/2837/2688 1789/2838/1669 1794/2839/2689
f 1793/2840/2132 1792/2833/2684 1796/2836/2687
f 1791/2841/2685 1790/2837/2688 1794/2839/2689 1795/2842/2686
f 1796/2836/2687 1795/2835/2686 1798/2843/2690 1799/2844/2691
f 1794/2839/2689 1789/2838/1669 1797/2845/2692
f 1793/2840/2132 1796/2836/2687 1799/2844/2691
f 1795/2842/2686 1794/2839/2689 1797/2845/2692 1798/2846/2690
f 1799/2844/2691 1798/2843/2690 1801/2847/2693 1802/2848/2694
f 1797/2845/2692 1789/2838/1669 1800/2849/2695
f 1793/2840/2132 1799/2844/2691 1802/2848/2694
f 1798/2846/2690 1797/2845/2692 1800/2849/2695 1801/2850/2693
f 1802/2848/2694 1801/2847/2693 1804/2851/2696 1805/2852/2697
f 1800/2849/2695 1789/2838/1669 1803/2853/2698
f 1793/2840/2132 1802/2848/2694 1805/2852/2697
f 1801/2850/2693 1800/2849/2695 1803/2853/2698 1804/2854/2696
f 1805/2852/2697 1804/2851/2696 1807/2855/2699 1808/2856/2700
f 1803/2853/2698 1789/2838/1669 1806/2857/2701
f 1793/2840/2132 1805/2852/2697 1808/2856/2700
f 1804/2854/2696 1803/2853/2698 1806/2857/2701 1807/2858/2699
f 1807/2858/2699 1806/2857/2701 1809/2859/2702 1810/2860/2703
f 1808/2856/2700 1807/2855/2699 1810/2861/2703 1811/2862/2704
f 1806/2857/2701 1789/2838/1669 1809/2859/2702
f 1793/2840/2132 1808/2856/2700 1811/2862/2704
f 1793/2840/2132 1811/2862/2704 1814/2863/2705
f 1810/2860/2703 1809/2859/2702 1812/2864/2706 1813/2865/2707
f 1811/2862/2704 1810/2861/2703 1813/2866/2707 1814/2863/2705
f 1809/2859/2702 1789/2838/1669 1812/2864/2706
f 1793/2840/2132 1814/2863/2705 1792/2833/2684
f 1813/2865/2707 1812/2864/2706 1790/2837/2688 1791/2841/2685
f 1814/2863/2705 1813/2866/2707 1791/2834/2685 1792/2833/2684
f 1812/2864/2706 1789/2838/1669 1790/2837/2688
f 1819/2867/2708 1818/2868/2709 1822/2869/2710
f 1817/2870/2711 1816/2871/2712 1820/2872/2713 1821/2873/2714
f 1818/2868/2709 1817/2874/2711 1821/2875/2714 1822/2869/2710
f 1816/2871/2712 1815/2876/2715 1820/2872/2713
f 1819/2867/2708 1822/2869/2710 1825/2877/2716
f 1821/2873/2714 1820/2872/2713 1823/2878/2717 1824/2879/2718
f 1822/2869/2710 1821/2875/2714 1824/2880/2718 1825/2877/2716
f 1820/2872/2713 1815/2876/2715 1823/2878/2717
f 1819/2867/2708 1825/2877/2716 1828/2881/2719
f 1824/2879/2718 1823/2878/2717 1826/2882/2720 1827/2883/2721
f 1825/2877/2716 1824/2880/2718 1827/2884/2721 1828/2881/2719
f 1823/2878/2717 1815/2876/2715 1826/2882/2720
f 1819/2867/2708 1828/2881/2719 1831/2885/2722
f 1827/2883/2721 1826/2882/2720 1829/2886/2723 1830/2887/2724
f 1828/2881/2719 1827/2884/2721 1830/2888/2724 1831/2885/2722
f 1826/2882/2720 1815/2876/2715 1829/2886/2723
f 1829/2886/2723 1815/2876/2715 1832/2889/2725
f 1819/2867/2708 1831/2885/2722 1834/2890/2726
f 1830/2887/2724 1829/2886/2723 1832/2889/2725 1833/2891/2727
f 1831/2885/2722 1830/2888/2724 1833/2892/2727 1834/2890/2726
f 1834/2890/2726 1833/2892/2727 1836/2893/2728 1837/2894/2729
f 1832/2889/2725 1815/2876/2715 1835/2895/2730
f 1819/2867/2708 1834/2890/2726 1837/2894/2729
f 1833/2891/2727 1832/2889/2725 1835/2895/2730 1836/2896/2728
f 1837/2894/2729 1836/2893/2728 1839/2897/2731 1840/2898/2732
f 1835/2895/2730 1815/2876/2715 1838/2899/2733
f 1819/2867/2708 1837/2894/2729 1840/2898/2732
f 1836/2896/2728 1835/2895/2730 1838/2899/2733 1839/2900/2731
f 1840/2898/2732 1839/2897/2731 1817/2874/2711 1818/2868/2709
f 1838/2899/2733 1815/2876/2715 1816/2871/2712
f 1819/2867/2708 1840/2898/2732 1818/2868/2709
f 1839/2900/2731 1838/2899/2733 1816/2871/2712 1817/2870/2711
f 1844/2901/2734 1843/2902/2735 1847/2903/2736 1848/2904/2737
f 1842/2905/2738 1841/2906/2739 1846/2907/2740
f 1845/2908/2634 1844/2901/2734 1848/2904/2737
f 1843/2909/2735 1842/2905/2738 1846/2907/2740 1847/2910/2736
f 1848/2904/2737 1847/2903/2736 1850/2911/2741 1851/2912/2742
f 1846/2907/2740 1841/2906/2739 1849/2913/2743
f 1845/2908/2634 1848/2904/2737 1851/2912/2742
f 1847/2910/2736 1846/2907/2740 1849/2913/2743 1850/2914/2741
f 1851/2912/2742 1850/2911/2741 1853/2915/2744 1854/2916/2745
f 1849/2913/2743 1841/2906/2739 1852/2917/2746
f 1845/2908/2634 1851/2912/2742 1854/2916/2745
f 1850/2914/2741 1849/2913/2743 1852/2917/2746 1853/2918/2744
f 1854/2916/2745 1853/2915/2744 1856/2919/2747 1857/2920/2748
f 1852/2917/2746 1841/2906/2739 1855/2921/2749
f 1845/2908/2634 1854/2916/2745 1857/2920/2748
f 1853/2918/2744 1852/2917/2746 1855/2921/2749 1856/2922/2747
f 1856/2922/2747 1855/2921/2749 1858/2923/2750 1859/2924/2751
f 1857/2920/2748 1856/2919/2747 1859/2925/2751 1860/2926/2752
f 1855/2921/2749 1841/2906/2739 1858/2923/2750
f 1845/2908/2634 1857/2920/2748 1860/2926/2752
f 1845/2908/2634 1860/2926/2752 1863/2927/2753
f 1859/2924/2751 1858/2923/2750 1861/2928/2754 1862/2929/2755
f 1860/2926/2752 1859/2925/2751 1862/2930/2755 1863/2927/2753
f 1858/2923/2750 1841/2906/2739 1861/2928/2754
f 1845/2908/2634 1863/2927/2753 1866/2931/2756
f 1862/2929/2755 1861/2928/2754 1864/2932/2757 1865/2933/2758
f 1863/2927/2753 1862/2930/2755 1865/2934/2758 1866/2931/2756
f 1861/2928/2754 1841/2906/2739 1864/2932/2757
f 1845/2908/2634 1866/2931/2756 1844/2901/2734
f 1865/2933/2758 1864/2932/2757 1842/2905/2738 1843/2909/2735
f 1866/2931/2756 1865/2934/2758 1843/2902/2735 1844/2901/2734
f 1864/2932/2757 1841/2906/2739 1842/2905/2738
f 1869/2935/2759 1868/2936/2760 1872/2937/2761 1873/2938/2762
f 1870/2939/2763 1869/2940/2759 1873/2941/2762 1874/2942/2764
f 1868/2936/2760 1867/2943/2614 1872/2937/2761
f 1871/2944/2765 1870/2945/2763 1874/2946/2764
f 1874/2946/2764 1873/2947/2762 1876/2948/2766 1877/2949/2767
f 1872/2937/2761 1867/2943/2614 1875/2950/2768
f 1871/2944/2765 1874/2946/2764 1877/2949/2767
f 1873/2938/2762 1872/2937/2761 1875/2950/2768 1876/2951/2766
f 1877/2949/2767 1876/2948/2766 1879/2952/2769 1880/2953/2770
f 1875/2950/2768 1867/2943/2614 1878/2954/2771
f 1871/2944/2765 1877/2949/2767 1880/2953/2770
f 1876/2951/2766 1875/2950/2768 1878/2954/2771 1879/2955/2769
f 1879/2955/2769 1878/2954/2771 1881/2956/2772 1882/2957/2773
f 1880/2953/2770 1879/2952/2769 1882/2958/2773 1883/2959/2774
f 1878/2954/2771 1867/2943/2614 1881/2956/2772
f 1871/2944/2765 1880/2953/2770 1883/2959/2774
f 1871/2944/2765 1883/2959/2774 1886/2960/2775
f 1882/2961/2773 1881/2962/2772 1884/2963/2776 1885/2964/2777
f 1883/2959/2774 1882/2958/2773 1885/2965/2777 1886/2960/2775
f 1881/2956/2772 1867/2943/2614 1884/2966/2776
f 1871/2944/2765 1886/2960/2775 1889/2967/2778
f 1885/2968/2777 1884/2966/2776 1887/2969/2779 1888/2970/2780
f 1886/2960/2775 1885/2965/2777 1888/2971/2780 1889/2967/2778
f 1884/2966/2776 1867/2943/2614 1887/2969/2779
f 1871/2944/2765 1889/2967/2778 1892/2972/2781
f 1888/2970/2780 1887/2969/2779 1890/2973/2782 1891/2974/2783
f 1889/2967/2778 1888/2971/2780 1891/2975/2783 1892/2972/2781
f 1887/2969/2779 1867/2943/2614 1890/2973/2782
f 1871/2944/2765 1892/2972/2781 1870/2945/2763
f 1891/2974/2783 1890/2973/2782 1868/2936/2760 1869/2935/2759
f 1892/2972/2781 1891/2975/2783 1869/2976/2759 1870/2945/2763
f 1890/2973/2782 1867/2943/2614 1868/2936/2760
f 1896/2977/2784 1895/2978/2785 1899/2979/2786 1900/2980/2787
f 1894/2981/2788 1893/2982/2789 1898/2983/2790
f 1897/2984/2791 1896/2977/2784 1900/2980/2787
f 1895/2985/2785 1894/2981/2788 1898/2983/2790 1899/2986/2786
f 1900/2980/2787 1899/2979/2786 1902/2987/2792 1903/2988/2793
f 1898/2983/2790 1893/2982/2789 1901/2989/2794
f 1897/2984/2791 1900/2980/2787 1903/2988/2793
f 1899/2986/2786 1898/2983/2790 1901/2989/2794 1902/2990/2792
f 1903/2988/2793 1902/2987/2792 1905/2991/2795 1906/2992/2796
f 1901/2989/2794 1893/2982/2789 1904/2993/2797
f 1897/2984/2791 1903/2988/2793 1906/2992/2796
f 1902/2990/2792 1901/2989/2794 1904/2993/2797 1905/2994/2795
f 1906/2992/2796 1905/2991/2795 1908/2995/2798 1909/2996/2799
f 1904/2993/2797 1893/2982/2789 1907/2997/2800
f 1897/2984/2791 1906/2992/2796 1909/2996/2799
f 1905/2994/2795 1904/2993/2797 1907/2997/2800 1908/2998/2798
f 1908/2998/2798 1907/2997/2800 1910/2999/2801 1911/3000/2802
f 1909/2996/2799 1908/2995/2798 1911/3001/2802 1912/3002/2803
f 1907/2997/2800 1893/2982/2789 1910/2999/2801
f 1897/2984/2791 1909/2996/2799 1912/3002/2803
f 1897/2984/2791 1912/3002/2803 1915/3003/2804
f 1911/3000/2802 1910/2999/2801 1913/3004/2805 1914/3005/2806
f 1912/3002/2803 1911/3001/2802 1914/3006/2806 1915/3003/2804
f 1910/2999/2801 1893/2982/2789 1913/3004/2805
f 1897/2984/2791 1915/3003/2804 1918/3007/2807
f 1914/3005/2806 1913/3004/2805 1916/3008/2808 1917/3009/2809
f 1915/3003/2804 1914/3006/2806 1917/3010/2809 1918/3007/2807
f 1913/3004/2805 1893/2982/2789 1916/3008/2808
f 1897/2984/2791 1918/3007/2807 1896/2977/2784
f 1917/3009/2809 1916/3008/2808 1894/2981/2788 1895/2985/2785
f 1918/3007/2807 1917/3010/2809 1895/2978/2785 1896/2977/2784
f 1916/3008/2808 1893/2982/2789 1894/2981/2788
f 1922/3011/2810 1921/3012/2811 1925/3013/2812 1926/3014/2813
f 1920/3015/2814 1919/3016/1644 1924/3017/2815
f 1923/3018/2816 1922/3011/2810 1926/3014/2813
f 1921/3019/2811 1920/3015/2814 1924/3017/2815 1925/3020/2812
f 1926/3014/2813 1925/3013/2812 1928/3021/2817 1929/3022/2818
f 1924/3017/2815 1919/3016/1644 1927/3023/2819
f 1923/3018/2816 1926/3014/2813 1929/3022/2818
f 1925/3020/2812 1924/3017/2815 1927/3023/2819 1928/3024/2817
f 1929/3022/2818 1928/3021/2817 1931/3025/2820 1932/3026/2821
f 1927/3023/2819 1919/3016/1644 1930/3027/2822
f 1923/3018/2816 1929/3022/2818 1932/3026/2821
f 1928/3024/2817 1927/3023/2819 1930/3027/2822 1931/3028/2820
f 1932/3026/2821 1931/3025/2820 1934/3029/2823 1935/3030/2824
f 1930/3027/2822 1919/3016/1644 1933/3031/2825
f 1923/3018/2816 1932/3026/2821 1935/3030/2824
f 1931/3028/2820 1930/3027/2822 1933/3031/2825 1934/3032/2823
f 1935/3030/2824 1934/3029/2823 1937/3033/2826 1938/3034/2827
f 1933/3031/2825 1919/3016/1644 1936/3035/2828
f 1923/3018/2816 1935/3030/2824 1938/3034/2827
f 1934/3032/2823 1933/3031/2825 1936/3035/2828 1937/3036/2826
f 1937/3036/2826 1936/3035/2828 1939/3037/2829 1940/3038/2830
f 1938/3034/2827 1937/3033/2826 1940/3039/2830 1941/3040/2831
f 1936/3035/2828 1919/3016/1644 1939/3037/2829
f 1923/3018/2816 1938/3034/2827 1941/3040/2831
f 1923/3018/2816 1941/3040/2831 1944/3041/2832
f 1940/3038/2830 1939/3037/2829 1942/3042/2833 1943/3043/2834
f 1941/3040/2831 1940/3039/2830 1943/3044/2834 1944/3041/2832
f 1939/3037/2829 1919/3016/1644 1942/3042/2833
f 1923/3018/2816 1944/3041/2832 1922/3011/2810
f 1943/3043/2834 1942/3042/2833 1920/3015/2814 1921/3019/2811
f 1944/3041/2832 1943/3044/2834 1921/3012/2811 1922/3011/2810
f 1942/3042/2833 1919/3016/1644 1920/3015/2814
f 1948/3045/2835 1947/3046/2836 1951/3047/2837 1952/3048/2838
f 1946/3049/2839 1945/3050/304 1950/3051/2840
f 1949/3052/2841 1948/3045/2835 1952/3048/2838
f 1947/3053/2836 1946/3049/2839 1950/3051/2840 1951/3054/2837
f 1952/3048/2838 1951/3047/2837 1954/3055/2842 1955/3056/2843
f 1950/3051/2840 1945/3050/304 1953/3057/2844
f 1949/3052/2841 1952/3048/2838 1955/3056/2843
f 1951/3054/2837 1950/3051/2840 1953/3057/2844 1954/3058/2842
f 1955/3056/2843 1954/3055/2842 1957/3059/2845 1958/3060/2846
f 1953/3057/2844 1945/3050/304 1956/3061/2847
f 1949/3052/2841 1955/3056/2843 1958/3060/2846
f 1954/3058/2842 1953/3057/2844 1956/3061/2847 1957/3062/2845
f 1958/3060/2846 1957/3059/2845 1960/3063/2848 1961/3064/2849
f 1956/3061/2847 1945/3050/304 1959/3065/2850
f 1949/3052/2841 1958/3060/2846 1961/3064/2849
f 1957/3062/2845 1956/3061/2847 1959/3065/2850 1960/3066/2848
f 1961/3064/2849 1960/3063/2848 1963/3067/2851 1964/3068/2852
f 1959/3065/2850 1945/3050/304 1962/3069/2853
f 1949/3052/2841 1961/3064/2849 1964/3068/2852
f 1960/3066/2848 1959/3065/2850 1962/3069/2853 1963/3070/2851
f 1964/3068/2852 1963/3067/2851 1966/3071/2854 1967/3072/2855
f 1962/3069/2853 1945/3050/304 1965/3073/2856
f 1949/3052/2841 1964/3068/2852 1967/3072/2855
f 1963/3070/2851 1962/3069/2853 1965/3073/2856 1966/3074/2854
f 1966/3074/2854 1965/3073/2856 1968/3075/2857 1969/3076/2858
f 1967/3072/2855 1966/3071/2854 1969/3077/2858 1970/3078/2859
f 1965/3073/2856 1945/3050/304 1968/3075/2857
f 1949/3052/2841 1967/3072/2855 1970/3078/2859
f 1949/3052/2841 1970/3078/2859 1948/3045/2835
f 1969/3076/2858 1968/3075/2857 1946/3049/2839 1947/3053/2836
f 1970/3078/2859 1969/3077/2858 1947/3046/2836 1948/3045/2835
f 1968/3075/2857 1945/3050/304 1946/3049/2839
f 1974/3079/2860 1973/3080/2861 1977/3081/2862 1978/3082/2863
f 1972/3083/2864 1971/3084/2865 1976/3085/2866
f 1975/3086/2867 1974/3079/2860 1978/3082/2863
f 1973/3087/2861 1972/3083/2864 1976/3085/2866 1977/3088/2862
f 1976/3085/2866 1971/3084/2865 1979/3089/2868
f 1975/3086/2867 1978/3082/2863 1981/3090/2869
f 1977/3088/2862 1976/3085/2866 1979/3089/2868 1980/3091/2870
f 1978/3082/2863 1977/3081/2862 1980/3092/2870 1981/3090/2869
f 1981/3090/2869 1980/3092/2870 1983/3093/2871 1984/3094/2872
f 1979/3089/2868 1971/3084/2865 1982/3095/2873
f 1975/3086/2867 1981/3090/2869 1984/3094/2872
f 1980/3091/2870 1979/3089/2868 1982/3095/2873 1983/3096/2871
f 1984/3094/2872 1983/3093/2871 1986/3097/2874 1987/3098/2875
f 1982/3095/2873 1971/3084/2865 1985/3099/2876
f 1975/3086/2867 1984/3094/2872 1987/3098/2875
f 1983/3096/2871 1982/3095/2873 1985/3099/2876 1986/3100/2874
f 1987/3098/2875 1986/3097/2874 1989/3101/2877 1990/3102/2878
f 1985/3099/2876 1971/3084/2865 1988/3103/2879
f 1975/3086/2867 1987/3098/2875 1990/3102/2878
f 1986/3100/2874 1985/3099/2876 1988/3103/2879 1989/3104/2877
f 1990/3102/2878 1989/3101/2877 1992/3105/2880 1993/3106/2881
f 1988/3103/2879 1971/3084/2865 1991/3107/2882
f 1975/3086/2867 1990/3102/2878 1993/3106/2881
f 1989/3104/2877 1988/3103/2879 1991/3107/2882 1992/3108/2880
f 1993/3106/2881 1992/3105/2880 1995/3109/2883 1996/3110/2884
f 1991/3107/2882 1971/3084/2865 1994/3111/2885
f 1975/3086/2867 1993/3106/2881 1996/3110/2884
f 1992/3108/2880 1991/3107/2882 1994/3111/2885 1995/3112/2883
f 1995/3112/2883 1994/3111/2885 1972/3083/2864 1973/3087/2861
f 1996/3110/2884 1995/3109/2883 1973/3080/2861 1974/3079/2860
f 1994/3111/2885 1971/3084/2865 1972/3083/2864
f 1975/3086/2867 1996/3110/2884 1974/3079/2860
f 2000/3113/2886 1999/3114/2887 2003/3115/2888 2004/3116/2889
f 1998/3117/2890 1997/3118/2891 2002/3119/2892
f 2001/3120/1721 2000/3113/2886 2004/3116/2889
f 1999/3121/2887 1998/3117/2890 2002/3119/2892 2003/3122/2888
f 2001/3120/1721 2004/3116/2889 2007/3123/2893
f 2003/3122/2888 2002/3119/2892 2005/3124/2894 2006/3125/2895
f 2004/3116/2889 2003/3115/2888 2006/3126/2895 2007/3123/2893
f 2002/3119/2892 1997/3118/2891 2005/3124/2894
f 2005/3124/2894 1997/3118/2891 2008/3127/2896
f 2001/3120/1721 2007/3123/2893 2010/3128/2897
f 2006/3125/2895 2005/3124/2894 2008/3127/2896 2009/3129/2898
f 2007/3123/2893 2006/3126/2895 2009/3130/2898 2010/3128/2897
f 2010/3128/2897 2009/3130/2898 2012/3131/2899 2013/3132/2900
f 2008/3127/2896 1997/3118/2891 2011/3133/2901
f 2001/3120/1721 2010/3128/2897 2013/3132/2900
f 2009/3129/2898 2008/3127/2896 2011/3133/2901 2012/3134/2899
f 2013/3132/2900 2012/3131/2899 2015/3135/2902 2016/3136/2903
f 2011/3133/2901 1997/3118/2891 2014/3137/2904
f 2001/3120/1721 2013/3132/2900 2016/3136/2903
f 2012/3134/2899 2011/3133/2901 2014/3137/2904 2015/3138/2902
f 2016/3136/2903 2015/3135/2902 2018/3139/2905 2019/3140/2906
f 2014/3137/2904 1997/3118/2891 2017/3141/2907
f 2001/3120/1721 2016/3136/2903 2019/3140/2906
f 2015/3138/2902 2014/3137/2904 2017/3141/2907 2018/3142/2905
f 2019/3140/2906 2018/3139/2905 2021/3143/2908 2022/3144/2909
f 2017/3141/2907 1997/3118/2891 2020/3145/2910
f 2001/3120/1721 2019/3140/2906 2022/3144/2909
f 2018/3142/2905 2017/3141/2907 2020/3145/2910 2021/3146/2908
f 2022/3144/2909 2021/3143/2908 1999/3114/2887 2000/3113/2886
f 2020/3145/2910 1997/3118/2891 1998/3117/2890
f 2001/3120/1721 2022/3144/2909 2000/3113/2886
f 2021/3146/2908 2020/3145/2910 1998/3117/2890 1999/3121/2887
f 2024/3147/2911 2023/3148/1747 2028/3149/2912
f 2027/3150/2183 2026/3151/2913 2030/3152/2914
f 2025/3153/2915 2024/3147/2911 2028/3149/2912 2029/3154/2916
f 2026/3151/2913 2025/3155/2915 2029/3156/2916 2030/3152/2914
f 2027/3150/2183 2030/3152/2914 2033/3157/2917
f 2029/3154/2916 2028/3149/2912 2031/3158/2918 2032/3159/2919
f 2030/3152/2914 2029/3156/2916 2032/3160/2919 2033/3157/2917
f 2028/3149/2912 2023/3148/1747 2031/3158/2918
f 2027/3150/2183 2033/3157/2917 2036/3161/2920
f 2032/3159/2919 2031/3158/2918 2034/3162/2921 2035/3163/2922
f 2033/3157/2917 2032/3160/2919 2035/3164/2922 2036/3161/2920
f 2031/3158/2918 2023/3148/1747 2034/3162/2921
f 2034/3162/2921 2023/3148/1747 2037/3165/2923
f 2027/3150/2183 2036/3161/2920 2039/3166/2924
f 2035/3163/2922 2034/3162/2921 2037/3165/2923 2038/3167/2925
f 2036/3161/2920 2035/3164/2922 2038/3168/2925 2039/3166/2924
f 2039/3166/2924 2038/3168/2925 2041/3169/2926 2042/3170/2927
f 2037/3165/2923 2023/3148/1747 2040/3171/2928
f 2027/3150/2183 2039/3166/2924 2042/3170/2927
f 2038/3167/2925 2037/3165/2923 2040/3171/2928 2041/3172/2926
f 2042/3170/2927 2041/3169/2926 2044/3173/2929 2045/3174/2930
f 2040/3171/2928 2023/3148/1747 2043/3175/2931
f 2027/3150/2183 2042/3170/2927 2045/3174/2930
f 2041/3172/2926 2040/3171/2928 2043/3175/2931 2044/3176/2929
f 2045/3174/2930 2044/3173/2929 2047/3177/2932 2048/3178/2933
f 2043/3175/2931 2023/3148/1747 2046/3179/2934
f 2027/3150/2183 2045/3174/2930 2048/3178/2933
f 2044/3176/2929 2043/3175/2931 2046/3179/2934 2047/3180/2932
f 2048/3178/2933 2047/3177/2932 2025/3155/2915 2026/3151/2913
f 2046/3179/2934 2023/3148/1747 2024/3147/2911
f 2027/3150/2183 2048/3178/2933 2026/3151/2913
f 2047/3180/2932 2046/3179/2934 2024/3147/2911 2025/3153/2915
f 2053/3181/2791 2052/3182/2935 2056/3183/2936
f 2051/3184/2937 2050/3185/2938 2054/3186/2939 2055/3187/2940
f 2052/3182/2935 2051/3188/2937 2055/3189/2940 2056/3183/2936
f 2050/3185/2938 2049/3190/2941 2054/3186/2939
f 2053/3181/2791 2056/3183/2936 2059/3191/2942
f 2055/3187/2940 2054/3186/2939 2057/3192/2943 2058/3193/2944
f 2056/3183/2936 2055/3189/2940 2058/3194/2944 2059/3191/2942
f 2054/3186/2939 2049/3190/2941 2057/3192/2943
f 2053/3181/2791 2059/3191/2942 2062/3195/2945
f 2058/3193/2944 2057/3192/2943 2060/3196/2946 2061/3197/2947
f 2059/3191/2942 2058/3194/2944 2061/3198/2947 2062/3195/2945
f 2057/3192/2943 2049/3190/2941 2060/3196/2946
f 2053/3181/2791 2062/3195/2945 2065/3199/2948
f 2061/3197/2947 2060/3196/2946 2063/3200/2949 2064/3201/2950
f 2062/3202/2945 2061/3203/2947 2064/3204/2950 2065/3205/2948
f 2060/3196/2946 2049/3190/2941 2063/3200/2949
f 2063/3200/2949 2049/3190/2941 2066/3206/2951
f 2053/3181/2791 2065/3199/2948 2068/3207/2952
f 2064/3201/2950 2063/3200/2949 2066/3206/2951 2067/3208/2953
f 2065/3199/2948 2064/3209/2950 2067/3210/2953 2068/3207/2952
f 2068/3207/2952 2067/3210/2953 2070/3211/2954 2071/3212/2955
f 2066/3206/2951 2049/3190/2941 2069/3213/2956
f 2053/3181/2791 2068/3207/2952 2071/3212/2955
f 2067/3208/2953 2066/3206/2951 2069/3213/2956 2070/3214/2954
f 2071/3212/2955 2070/3211/2954 2073/3215/2957 2074/3216/2958
f 2069/3213/2956 2049/3190/2941 2072/3217/2959
f 2053/3181/2791 2071/3212/2955 2074/3216/2958
f 2070/3214/2954 2069/3213/2956 2072/3217/2959 2073/3218/2957
f 2074/3216/2958 2073/3215/2957 2051/3188/2937 2052/3182/2935
f 2072/3217/2959 2049/3190/2941 2050/3185/2938
f 2053/3181/2791 2074/3216/2958 2052/3182/2935
f 2073/3219/2957 2072/3220/2959 2050/3221/2938 2051/3222/2937
f 2078/3223/2960 2077/3224/2961 2081/3225/2962 2082/3226/2963
f 2076/3227/2964 2075/3228/2965 2080/3229/2966
f 2079/3230/2260 2078/3223/2960 2082/3226/2963
f 2077/3231/2961 2076/3227/2964 2080/3229/2966 2081/3232/2962
f 2080/3229/2966 2075/3228/2965 2083/3233/2967
f 2079/3230/2260 2082/3226/2963 2085/3234/2968
f 2081/3232/2962 2080/3229/2966 2083/3233/2967 2084/3235/2969
f 2082/3226/2963 2081/3225/2962 2084/3236/2969 2085/3234/2968
f 2085/3234/2968 2084/3236/2969 2087/3237/2970 2088/3238/2971
f 2083/3233/2967 2075/3228/2965 2086/3239/2972
f 2079/3230/2260 2085/3234/2968 2088/3238/2971
f 2084/3235/2969 2083/3233/2967 2086/3239/2972 2087/3240/2970
f 2088/3238/2971 2087/3237/2970 2090/3241/2973 2091/3242/2974
f 2086/3239/2972 2075/3228/2965 2089/3243/2975
f 2079/3230/2260 2088/3238/2971 2091/3242/2974
f 2087/3240/2970 2086/3239/2972 2089/3243/2975 2090/3244/2973
f 2091/3242/2974 2090/3241/2973 2093/3245/2976 2094/3246/2977
f 2089/3243/2975 2075/3228/2965 2092/3247/2978
f 2079/3230/2260 2091/3242/2974 2094/3246/2977
f 2090/3244/2973 2089/3243/2975 2092/3247/2978 2093/3248/2976
f 2094/3246/2977 2093/3245/2976 2096/3249/2979 2097/3250/2980
f 2092/3247/2978 2075/3228/2965 2095/3251/2981
f 2079/3230/2260 2094/3246/2977 2097/3250/2980
f 2093/3248/2976 2092/3247/2978 2095/3251/2981 2096/3252/2979
f 2097/3250/2980 2096/3249/2979 2099/3253/2982 2100/3254/2983
f 2095/3251/2981 2075/3228/2965 2098/3255/2984
f 2079/3230/2260 2097/3250/2980 2100/3254/2983
f 2096/3252/2979 2095/3251/2981 2098/3255/2984 2099/3256/2982
f 2099/3256/2982 2098/3255/2984 2076/3227/2964 2077/3231/2961
f 2100/3254/2983 2099/3253/2982 2077/3224/2961 2078/3223/2960
f 2098/3255/2984 2075/3228/2965 2076/3227/2964
f 2079/3230/2260 2100/3254/2983 2078/3223/2960
f 2104/3257/2985 2103/3258/2986 2107/3259/2987 2108/3260/2988
f 2102/3261/2989 2101/3262/2990 2106/3263/2991
f 2105/3264/2023 2104/3257/2985 2108/3260/2988
f 2103/3265/2986 2102/3261/2989 2106/3263/2991 2107/3266/2987
f 2105/3264/2023 2108/3260/2988 2111/3267/2992
f 2107/3266/2987 2106/3263/2991 2109/3268/2993 2110/3269/2994
f 2108/3260/2988 2107/3259/2987 2110/3270/2994 2111/3267/2992
f 2106/3263/2991 2101/3262/2990 2109/3268/2993
f 2109/3268/2993 2101/3262/2990 2112/3271/2995
f 2105/3264/2023 2111/3267/2992 2114/3272/2996
f 2110/3269/2994 2109/3268/2993 2112/3271/2995 2113/3273/2997
f 2111/3267/2992 2110/3270/2994 2113/3274/2997 2114/3272/2996
f 2114/3272/2996 2113/3274/2997 2116/3275/2998 2117/3276/2999
f 2112/3271/2995 2101/3262/2990 2115/3277/3000
f 2105/3264/2023 2114/3272/2996 2117/3276/2999
f 2113/3273/2997 2112/3271/2995 2115/3277/3000 2116/3278/2998
f 2117/3276/2999 2116/3275/2998 2119/3279/3001 2120/3280/3002
f 2115/3277/3000 2101/3262/2990 2118/3281/3003
f 2105/3264/2023 2117/3276/2999 2120/3280/3002
f 2116/3278/2998 2115/3277/3000 2118/3281/3003 2119/3282/3001
f 2120/3280/3002 2119/3279/3001 2122/3283/3004 2123/3284/3005
f 2118/3281/3003 2101/3262/2990 2121/3285/3006
f 2105/3264/2023 2120/3280/3002 2123/3284/3005
f 2119/3282/3001 2118/3281/3003 2121/3285/3006 2122/3286/3004
f 2123/3284/3005 2122/3283/3004 2125/3287/3007 2126/3288/3008
f 2121/3285/3006 2101/3262/2990 2124/3289/3009
f 2105/3264/2023 2123/3284/3005 2126/3288/3008
f 2122/3286/3004 2121/3285/3006 2124/3289/3009 2125/3290/3007
f 2126/3288/3008 2125/3287/3007 2103/3258/2986 2104/3257/2985
f 2124/3289/3009 2101/3262/2990 2102/3261/2989
f 2105/3264/2023 2126/3288/3008 2104/3257/2985
f 2125/3290/3007 2124/3289/3009 2102/3261/2989 2103/3265/2986
f 2128/3291/3010 2127/3292/2130 2132/3293/3011
f 2131/3294/2583 2130/3295/3012 2134/3296/3013
f 2129/3297/3014 2128/3291/3010 2132/3293/3011 2133/3298/3015
f 2130/3295/3012 2129/3299/3014 2133/3300/3015 2134/3296/3013
f 2131/3294/2583 2134/3296/3013 2137/3301/3016
f 2133/3298/3015 2132/3293/3011 2135/3302/3017 2136/3303/3018
f 2134/3296/3013 2133/3300/3015 2136/3304/3018 2137/3301/3016
f 2132/3293/3011 2127/3292/2130 2135/3302/3017
f 2131/3294/2583 2137/3301/3016 2140/3305/3019
f 2136/3303/3018 2135/3302/3017 2138/3306/3020 2139/3307/3021
f 2137/3301/3016 2136/3304/3018 2139/3308/3021 2140/3305/3019
f 2135/3302/3017 2127/3292/2130 2138/3306/3020
f 2138/3306/3020 2127/3292/2130 2141/3309/3022
f 2131/3294/2583 2140/3305/3019 2143/3310/3023
f 2139/3307/3021 2138/3306/3020 2141/3309/3022 2142/3311/3024
f 2140/3305/3019 2139/3308/3021 2142/3312/3024 2143/3310/3023
f 2143/3310/3023 2142/3312/3024 2145/3313/3025 2146/3314/3026
f 2141/3309/3022 2127/3292/2130 2144/3315/3027
f 2131/3294/2583 2143/3310/3023 2146/3314/3026
f 2142/3311/3024 2141/3309/3022 2144/3315/3027 2145/3316/3025
f 2146/3314/3026 2145/3313/3025 2148/3317/3028 2149/3318/3029
f 2144/3315/3027 2127/3292/2130 2147/3319/3030
f 2131/3294/2583 2146/3314/3026 2149/3318/3029
f 2145/3316/3025 2144/3315/3027 2147/3319/3030 2148/3320/3028
f 2149/3318/3029 2148/3317/3028 2151/3321/3031 2152/3322/3032
f 2147/3319/3030 2127/3292/2130 2150/3323/3033
f 2131/3294/2583 2149/3318/3029 2152/3322/3032
f 2148/3320/3028 2147/3319/3030 2150/3323/3033 2151/3324/3031
f 2152/3322/3032 2151/3321/3031 2129/3299/3014 2130/3295/3012
f 2150/3323/3033 2127/3292/2130 2128/3291/3010
f 2131/3294/2583 2152/3322/3032 2130/3295/3012
f 2151/3324/3031 2150/3323/3033 2128/3291/3010 2129/3297/3014
f 2157/3325/303 2156/3326/3034 2160/3327/3035
f 2155/3328/3036 2154/3329/3037 2158/3330/3038 2159/3331/3039
f 2156/3326/3034 2155/3332/3036 2159/3333/3039 2160/3327/3035
f 2154/3329/3037 2153/3334/1822 2158/3330/3038
f 2157/3325/303 2160/3327/3035 2163/3335/3040
f 2159/3331/3039 2158/3330/3038 2161/3336/3041 2162/3337/3042
f 2160/3327/3035 2159/3333/3039 2162/3338/3042 2163/3335/3040
f 2158/3330/3038 2153/3334/1822 2161/3336/3041
f 2157/3325/303 2163/3335/3040 2166/3339/3043
f 2162/3337/3042 2161/3336/3041 2164/3340/3044 2165/3341/3045
f 2163/3335/3040 2162/3338/3042 2165/3342/3045 2166/3339/3043
f 2161/3336/3041 2153/3334/1822 2164/3340/3044
f 2157/3325/303 2166/3339/3043 2169/3343/3046
f 2165/3341/3045 2164/3340/3044 2167/3344/3047 2168/3345/3048
f 2166/3339/3043 2165/3342/3045 2168/3346/3048 2169/3343/3046
f 2164/3340/3044 2153/3334/1822 2167/3344/3047
f 2167/3344/3047 2153/3334/1822 2170/3347/3049
f 2157/3325/303 2169/3343/3046 2172/3348/3050
f 2168/3345/3048 2167/3344/3047 2170/3347/3049 2171/3349/3051
f 2169/3343/3046 2168/3346/3048 2171/3350/3051 2172/3348/3050
f 2172/3348/3050 2171/3350/3051 2174/3351/3052 2175/3352/3053
f 2170/3347/3049 2153/3334/1822 2173/3353/3054
f 2157/3325/303 2172/3348/3050 2175/3352/3053
f 2171/3349/3051 2170/3347/3049 2173/3353/3054 2174/3354/3052
f 2175/3352/3053 2174/3351/3052 2177/3355/3055 2178/3356/3056
f 2173/3353/3054 2153/3334/1822 2176/3357/3057
f 2157/3325/303 2175/3352/3053 2178/3356/3056
f 2174/3354/3052 2173/3353/3054 2176/3357/3057 2177/3358/3055
f 2178/3356/3056 2177/3355/3055 2155/3332/3036 2156/3326/3034
f 2176/3357/3057 2153/3334/1822 2154/3329/3037
f 2157/3325/303 2178/3356/3056 2156/3326/3034
f 2177/3358/3055 2176/3357/3057 2154/3329/3037 2155/3328/3036
f 2183/3359/3058 2182/3360/3059 2186/3361/3060
f 2181/3362/3061 2180/3363/3062 2184/3364/3063 2185/3365/3064
f 2182/3360/3059 2181/3366/3061 2185/3367/3064 2186/3361/3060
f 2180/3363/3062 2179/3368/3065 2184/3364/3063
f 2183/3359/3058 2186/3361/3060 2189/3369/3066
f 2185/3365/3064 2184/3364/3063 2187/3370/3067 2188/3371/3068
f 2186/3361/3060 2185/3367/3064 2188/3372/3068 2189/3369/3066
f 2184/3364/3063 2179/3368/3065 2187/3370/3067
f 2183/3359/3058 2189/3369/3066 2192/3373/3069
f 2188/3371/3068 2187/3370/3067 2190/3374/3070 2191/3375/3071
f 2189/3369/3066 2188/3372/3068 2191/3376/3071 2192/3373/3069
f 2187/3370/3067 2179/3368/3065 2190/3374/3070
f 2183/3359/3058 2192/3373/3069 2195/3377/3072
f 2191/3375/3071 2190/3374/3070 2193/3378/3073 2194/3379/3074
f 2192/3373/3069 2191/3376/3071 2194/3380/3074 2195/3377/3072
f 2190/3374/3070 2179/3368/3065 2193/3378/3073
f 2183/3359/3058 2195/3377/3072 2198/3381/3075
f 2194/3379/3074 2193/3378/3073 2196/3382/3076 2197/3383/3077
f 2195/3377/3072 2194/3380/3074 2197/3384/3077 2198/3381/3075
f 2193/3378/3073 2179/3368/3065 2196/3382/3076
f 2196/3382/3076 2179/3368/3065 2199/3385/3078
f 2183/3359/3058 2198/3381/3075 2201/3386/3079
f 2197/3383/3077 2196/3382/3076 2199/3385/3078 2200/3387/3080
f 2198/3381/3075 2197/3384/3077 2200/3388/3080 2201/3386/3079
f 2201/3386/3079 2200/3388/3080 2203/3389/3081 2204/3390/3082
f 2199/3385/3078 2179/3368/3065 2202/3391/3083
f 2183/3359/3058 2201/3386/3079 2204/3390/3082
f 2200/3387/3080 2199/3385/3078 2202/3391/3083 2203/3392/3081
f 2204/3390/3082 2203/3389/3081 2181/3366/3061 2182/3360/3059
f 2202/3391/3083 2179/3368/3065 2180/3363/3062
f 2183/3359/3058 2204/3390/3082 2182/3360/3059
f 2203/3392/3081 2202/3391/3083 2180/3363/3062 2181/3362/3061
f 2209/3393/303 2208/3394/3084 2212/3395/3085
f 2207/3396/395 2206/3397/3086 2210/3398/3087 2211/3399/3088
f 2208/3394/3084 2207/3400/395 2211/3401/3088 2212/3395/3085
f 2206/3397/3086 2205/3402/304 2210/3398/3087
f 2211/3399/3088 2210/3398/3087 2213/3403/3089 2214/3404/3090
f 2212/3395/3085 2211/3401/3088 2214/3405/3090 2215/3406/3091
f 2210/3398/3087 2205/3402/304 2213/3403/3089
f 2209/3393/303 2212/3395/3085 2215/3406/3091
f 2209/3393/303 2215/3406/3091 2218/3407/3092
f 2214/3404/3090 2213/3403/3089 2216/3408/3093 2217/3409/3094
f 2215/3406/3091 2214/3405/3090 2217/3410/3094 2218/3407/3092
f 2213/3403/3089 2205/3402/304 2216/3408/3093
f 2209/3393/303 2218/3407/3092 2221/3411/3095
f 2217/3409/3094 2216/3408/3093 2219/3412/3096 2220/3413/3097
f 2218/3407/3092 2217/3410/3094 2220/3414/3097 2221/3411/3095
f 2216/3408/3093 2205/3402/304 2219/3412/3096
f 2209/3393/303 2221/3411/3095 2224/3415/3098
f 2220/3413/3097 2219/3412/3096 2222/3416/3099 2223/3417/3100
f 2221/3411/3095 2220/3414/3097 2223/3418/3100 2224/3415/3098
f 2219/3412/3096 2205/3402/304 2222/3416/3099
f 2209/3393/303 2224/3415/3098 2227/3419/3101
f 2223/3417/3100 2222/3416/3099 2225/3420/3102 2226/3421/3103
f 2224/3415/3098 2223/3418/3100 2226/3422/3103 2227/3419/3101
f 2222/3416/3099 2205/3402/304 2225/3420/3102
f 2225/3420/3102 2205/3402/304 2228/3423/3104
f 2209/3393/303 2227/3419/3101 2230/3424/3105
f 2226/3421/3103 2225/3420/3102 2228/3423/3104 2229/3425/3106
f 2227/3419/3101 2226/3422/3103 2229/3426/3106 2230/3424/3105
f 2230/3424/3105 2229/3426/3106 2207/3400/395 2208/3394/3084
f 2228/3423/3104 2205/3402/304 2206/3397/3086
f 2209/3393/303 2230/3424/3105 2208/3394/3084
f 2229/3425/3106 2228/3423/3104 2206/3397/3086 2207/3396/395
f 2235/3427/1637 2234/3428/3107 2238/3429/3108
f 2233/3430/3109 2232/3431/3110 2236/3432/3111 2237/3433/3112
f 2234/3428/3107 2233/3434/3109 2237/3435/3112 2238/3429/3108
f 2232/3431/3110 2231/3436/3113 2236/3432/3111
f 2238/3429/3108 2237/3435/3112 2240/3437/3114 2241/3438/3115
f 2236/3432/3111 2231/3436/3113 2239/3439/3116
f 2235/3427/1637 2238/3429/3108 2241/3438/3115
f 2237/3433/3112 2236/3432/3111 2239/3439/3116 2240/3440/3114
f 2240/3440/3114 2239/3439/3116 2242/3441/3117 2243/3442/3118
f 2241/3438/3115 2240/3437/3114 2243/3443/3118 2244/3444/3119
f 2239/3439/3116 2231/3436/3113 2242/3441/3117
f 2235/3427/1637 2241/3438/3115 2244/3444/3119
f 2235/3427/1637 2244/3444/3119 2247/3445/3120
f 2243/3442/3118 2242/3441/3117 2245/3446/3121 2246/3447/3122
f 2244/3444/3119 2243/3443/3118 2246/3448/3122 2247/3445/3120
f 2242/3441/3117 2231/3436/3113 2245/3446/3121
f 2235/3427/1637 2247/3445/3120 2250/3449/3123
f 2246/3447/3122 2245/3446/3121 2248/3450/3099 2249/3451/3124
f 2247/3445/3120 2246/3448/3122 2249/3452/3124 2250/3449/3123
f 2245/3446/3121 2231/3436/3113 2248/3450/3099
f 2235/3427/1637 2250/3449/3123 2253/3453/3125
f 2249/3451/3124 2248/3450/3099 2251/3454/3126 2252/3455/3127
f 2250/3449/3123 2249/3452/3124 2252/3456/3127 2253/3453/3125
f 2248/3450/3099 2231/3436/3113 2251/3454/3126
f 2235/3427/1637 2253/3453/3125 2256/3457/3128
f 2252/3455/3127 2251/3454/3126 2254/3458/3129 2255/3459/3130
f 2253/3453/3125 2252/3456/3127 2255/3460/3130 2256/3457/3128
f 2251/3454/3126 2231/3436/3113 2254/3458/3129
f 2254/3458/3129 2231/3436/3113 2232/3431/3110
f 2235/3427/1637 2256/3457/3128 2234/3428/3107
f 2255/3459/3130 2254/3458/3129 2232/3431/3110 2233/3430/3109
f 2256/3457/3128 2255/3460/3130 2233/3434/3109 2234/3428/3107
f 2259/3461/3131 2258/3462/3132 2262/3463/3133 2263/3464/3134
f 2260/3465/3135 2259/3466/3131 2263/3467/3134 2264/3468/3136
f 2258/3462/3132 2257/3469/2965 2262/3463/3133
f 2261/3470/1791 2260/3465/3135 2264/3468/3136
f 2264/3468/3136 2263/3467/3134 2266/3471/3137 2267/3472/3138
f 2262/3463/3133 2257/3469/2965 2265/3473/3139
f 2261/3470/1791 2264/3468/3136 2267/3472/3138
f 2263/3464/3134 2262/3463/3133 2265/3473/3139 2266/3474/3137
f 2267/3472/3138 2266/3471/3137 2269/3475/3140 2270/3476/3141
f 2265/3473/3139 2257/3469/2965 2268/3477/3142
f 2261/3470/1791 2267/3472/3138 2270/3476/3141
f 2266/3474/3137 2265/3473/3139 2268/3477/3142 2269/3478/3140
f 2269/3478/3140 2268/3477/3142 2271/3479/3143 2272/3480/3144
f 2270/3476/3141 2269/3475/3140 2272/3481/3144 2273/3482/3145
f 2268/3477/3142 2257/3469/2965 2271/3479/3143
f 2261/3470/1791 2270/3476/3141 2273/3482/3145
f 2261/3470/1791 2273/3482/3145 2276/3483/3146
f 2272/3480/3144 2271/3479/3143 2274/3484/3147 2275/3485/3148
f 2273/3482/3145 2272/3481/3144 2275/3486/3148 2276/3483/3146
f 2271/3479/3143 2257/3469/2965 2274/3484/3147
f 2261/3470/1791 2276/3483/3146 2279/3487/3149
f 2275/3485/3148 2274/3484/3147 2277/3488/3150 2278/3489/3151
f 2276/3483/3146 2275/3486/3148 2278/3490/3151 2279/3487/3149
f 2274/3484/3147 2257/3469/2965 2277/3488/3150
f 2261/3470/1791 2279/3487/3149 2282/3491/3152
f 2278/3489/3151 2277/3488/3150 2280/3492/3153 2281/3493/3154
f 2279/3487/3149 2278/3490/3151 2281/3494/3154 2282/3491/3152
f 2277/3488/3150 2257/3469/2965 2280/3492/3153
f 2261/3470/1791 2282/3491/3152 2260/3465/3135
f 2281/3493/3154 2280/3492/3153 2258/3462/3132 2259/3461/3131
f 2282/3491/3152 2281/3494/3154 2259/3466/3131 2260/3465/3135
f 2280/3492/3153 2257/3469/2965 2258/3462/3132
f 2287/3495/3155 2286/3496/3156 2290/3497/3157
f 2285/3498/3158 2284/3499/3159 2288/3500/3160 2289/3501/3161
f 2286/3496/3156 2285/3502/3158 2289/3503/3161 2290/3497/3157
f 2284/3499/3159 2283/3504/3162 2288/3500/3160
f 2290/3497/3157 2289/3503/3161 2292/3505/3163 2293/3506/3164
f 2288/3500/3160 2283/3504/3162 2291/3507/3165
f 2287/3495/3155 2290/3497/3157 2293/3506/3164
f 2289/3501/3161 2288/3500/3160 2291/3507/3165 2292/3508/3163
f 2292/3508/3163 2291/3507/3165 2294/3509/3166 2295/3510/3167
f 2293/3506/3164 2292/3505/3163 2295/3511/3167 2296/3512/3168
f 2291/3507/3165 2283/3504/3162 2294/3509/3166
f 2287/3495/3155 2293/3506/3164 2296/3512/3168
f 2287/3495/3155 2296/3512/3168 2299/3513/3169
f 2295/3510/3167 2294/3509/3166 2297/3514/3170 2298/3515/3171
f 2296/3512/3168 2295/3511/3167 2298/3516/3171 2299/3513/3169
f 2294/3509/3166 2283/3504/3162 2297/3514/3170
f 2287/3495/3155 2299/3513/3169 2302/3517/3172
f 2298/3515/3171 2297/3514/3170 2300/3518/3173 2301/3519/3174
f 2299/3513/3169 2298/3516/3171 2301/3520/3174 2302/3517/3172
f 2297/3514/3170 2283/3504/3162 2300/3518/3173
f 2287/3495/3155 2302/3517/3172 2305/3521/3175
f 2301/3519/3174 2300/3518/3173 2303/3522/3176 2304/3523/3177
f 2302/3517/3172 2301/3520/3174 2304/3524/3177 2305/3521/3175
f 2300/3518/3173 2283/3504/3162 2303/3522/3176
f 2287/3495/3155 2305/3521/3175 2308/3525/3178
f 2304/3523/3177 2303/3522/3176 2306/3526/3179 2307/3527/3180
f 2305/3521/3175 2304/3524/3177 2307/3528/3180 2308/3525/3178
f 2303/3522/3176 2283/3504/3162 2306/3526/3179
f 2306/3526/3179 2283/3504/3162 2284/3499/3159
f 2287/3495/3155 2308/3525/3178 2286/3496/3156
f 2307/3527/3180 2306/3526/3179 2284/3499/3159 2285/3498/3158
f 2308/3525/3178 2307/3528/3180 2285/3502/3158 2286/3496/3156
f 2311/3529/3181 2310/3530/3182 2314/3531/3183 2315/3532/3184
f 2312/3533/3185 2311/3534/3181 2315/3535/3184 2316/3536/3186
f 2310/3530/3182 2309/3537/2438 2314/3531/3183
f 2313/3538/1791 2312/3533/3185 2316/3536/3186
f 2316/3536/3186 2315/3535/3184 2318/3539/3187 2319/3540/3188
f 2314/3531/3183 2309/3537/2438 2317/3541/3189
f 2313/3538/1791 2316/3536/3186 2319/3540/3188
f 2315/3532/3184 2314/3531/3183 2317/3541/3189 2318/3542/3187
f 2319/3540/3188 2318/3539/3187 2321/3543/3190 2322/3544/3191
f 2317/3541/3189 2309/3537/2438 2320/3545/3192
f 2313/3538/1791 2319/3540/3188 2322/3544/3191
f 2318/3542/3187 2317/3541/3189 2320/3545/3192 2321/3546/3190
f 2321/3546/3190 2320/3545/3192 2323/3547/3193 2324/3548/3194
f 2322/3544/3191 2321/3543/3190 2324/3549/3194 2325/3550/3195
f 2320/3545/3192 2309/3537/2438 2323/3547/3193
f 2313/3538/1791 2322/3544/3191 2325/3550/3195
f 2313/3538/1791 2325/3550/3195 2328/3551/3196
f 2324/3548/3194 2323/3547/3193 2326/3552/3197 2327/3553/3198
f 2325/3550/3195 2324/3549/3194 2327/3554/3198 2328/3551/3196
f 2323/3547/3193 2309/3537/2438 2326/3552/3197
f 2313/3538/1791 2328/3551/3196 2331/3555/3199
f 2327/3553/3198 2326/3552/3197 2329/3556/3200 2330/3557/3201
f 2328/3551/3196 2327/3554/3198 2330/3558/3201 2331/3555/3199
f 2326/3552/3197 2309/3537/2438 2329/3556/3200
f 2313/3538/1791 2331/3555/3199 2334/3559/3202
f 2330/3557/3201 2329/3556/3200 2332/3560/3203 2333/3561/3204
f 2331/3555/3199 2330/3558/3201 2333/3562/3204 2334/3559/3202
f 2329/3556/3200 2309/3537/2438 2332/3560/3203
f 2313/3538/1791 2334/3559/3202 2312/3533/3185
f 2333/3561/3204 2332/3560/3203 2310/3530/3182 2311/3529/3181
f 2334/3559/3202 2333/3562/3204 2311/3534/3181 2312/3533/3185
f 2332/3560/3203 2309/3537/2438 2310/3530/3182
f 2338/3563/3205 2337/3564/3206 2341/3565/3207 2342/3566/3208
f 2336/3567/3209 2335/3568/3210 2340/3569/3211
f 2339/3570/3212 2338/3563/3205 2342/3566/3208
f 2337/3571/3206 2336/3567/3209 2340/3569/3211 2341/3572/3207
f 2342/3566/3208 2341/3565/3207 2344/3573/3213 2345/3574/3214
f 2340/3569/3211 2335/3568/3210 2343/3575/3215
f 2339/3570/3212 2342/3566/3208 2345/3574/3214
f 2341/3572/3207 2340/3569/3211 2343/3575/3215 2344/3576/3213
f 2345/3574/3214 2344/3573/3213 2347/3577/3216 2348/3578/3217
f 2343/3575/3215 2335/3568/3210 2346/3579/3218
f 2339/3570/3212 2345/3574/3214 2348/3578/3217
f 2344/3576/3213 2343/3575/3215 2346/3579/3218 2347/3580/3216
f 2348/3578/3217 2347/3577/3216 2350/3581/3219 2351/3582/3220
f 2346/3579/3218 2335/3568/3210 2349/3583/3221
f 2339/3570/3212 2348/3578/3217 2351/3582/3220
f 2347/3580/3216 2346/3579/3218 2349/3583/3221 2350/3584/3219
f 2350/3584/3219 2349/3583/3221 2352/3585/3222 2353/3586/3223
f 2351/3582/3220 2350/3581/3219 2353/3587/3223 2354/3588/3224
f 2349/3583/3221 2335/3568/3210 2352/3585/3222
f 2339/3570/3212 2351/3582/3220 2354/3588/3224
f 2339/3570/3212 2354/3588/3224 2357/3589/3225
f 2353/3586/3223 2352/3585/3222 2355/3590/3226 2356/3591/3227
f 2354/3588/3224 2353/3587/3223 2356/3592/3227 2357/3589/3225
f 2352/3585/3222 2335/3568/3210 2355/3590/3226
f 2339/3570/3212 2357/3589/3225 2360/3593/3228
f 2356/3591/3227 2355/3590/3226 2358/3594/3229 2359/3595/3230
f 2357/3589/3225 2356/3592/3227 2359/3596/3230 2360/3593/3228
f 2355/3590/3226 2335/3568/3210 2358/3594/3229
f 2339/3570/3212 2360/3593/3228 2338/3563/3205
f 2359/3595/3230 2358/3594/3229 2336/3567/3209 2337/3571/3206
f 2360/3593/3228 2359/3596/3230 2337/3564/3206 2338/3563/3205
f 2358/3594/3229 2335/3568/3210 2336/3567/3209
f 2365/3597/1637 2364/3598/3231 2368/3599/3232
f 2363/3600/3233 2362/3601/3234 2366/3602/3235 2367/3603/3236
f 2364/3598/3231 2363/3604/3233 2367/3605/3236 2368/3599/3232
f 2362/3601/3234 2361/3606/3113 2366/3602/3235
f 2367/3603/3236 2366/3602/3235 2369/3607/3237 2370/3608/3238
f 2368/3599/3232 2367/3605/3236 2370/3609/3238 2371/3610/3239
f 2366/3602/3235 2361/3606/3113 2369/3607/3237
f 2365/3597/1637 2368/3599/3232 2371/3610/3239
f 2365/3597/1637 2371/3610/3239 2374/3611/3240
f 2370/3608/3238 2369/3607/3237 2372/3612/3241 2373/3613/3242
f 2371/3610/3239 2370/3609/3238 2373/3614/3242 2374/3611/3240
f 2369/3607/3237 2361/3606/3113 2372/3612/3241
f 2365/3597/1637 2374/3611/3240 2377/3615/3243
f 2373/3613/3242 2372/3612/3241 2375/3616/3244 2376/3617/3245
f 2374/3611/3240 2373/3614/3242 2376/3618/3245 2377/3615/3243
f 2372/3612/3241 2361/3606/3113 2375/3616/3244
f 2365/3597/1637 2377/3615/3243 2380/3619/3246
f 2376/3617/3245 2375/3616/3244 2378/3620/3247 2379/3621/3248
f 2377/3615/3243 2376/3618/3245 2379/3622/3248 2380/3619/3246
f 2375/3616/3244 2361/3606/3113 2378/3620/3247
f 2365/3597/1637 2380/3619/3246 2383/3623/3249
f 2379/3621/3248 2378/3620/3247 2381/3624/3250 2382/3625/3251
f 2380/3619/3246 2379/3622/3248 2382/3626/3251 2383/3623/3249
f 2378/3620/3247 2361/3606/3113 2381/3624/3250
f 2381/3624/3250 2361/3606/3113 2384/3627/3252
f 2365/3597/1637 2383/3623/3249 2386/3628/3253
f 2382/3625/3251 2381/3624/3250 2384/3627/3252 2385/3629/3254
f 2383/3623/3249 2382/3626/3251 2385/3630/3254 2386/3628/3253
f 2386/3628/3253 2385/3630/3254 2363/3604/3233 2364/3598/3231
f 2384/3627/3252 2361/3606/3113 2362/3601/3234
f 2365/3597/1637 2386/3628/3253 2364/3598/3231
f 2385/3629/3254 2384/3627/3252 2362/3601/3234 2363/3600/3233
f 2388/3631/3255 2387/3632/3256 2392/3633/3257
f 2391/3634/1637 2390/3635/3258 2394/3636/3259
f 2389/3637/3260 2388/3631/3255 2392/3633/3257 2393/3638/3261
f 2390/3635/3258 2389/3639/3260 2393/3640/3261 2394/3636/3259
f 2391/3634/1637 2394/3636/3259 2397/3641/3262
f 2393/3638/3261 2392/3633/3257 2395/3642/3263 2396/3643/3264
f 2394/3636/3259 2393/3640/3261 2396/3644/3264 2397/3641/3262
f 2392/3633/3257 2387/3632/3256 2395/3642/3263
f 2391/3634/1637 2397/3641/3262 2400/3645/3265
f 2396/3643/3264 2395/3642/3263 2398/3646/3266 2399/3647/3267
f 2397/3641/3262 2396/3644/3264 2399/3648/3267 2400/3645/3265
f 2395/3642/3263 2387/3632/3256 2398/3646/3266
f 2398/3646/3266 2387/3632/3256 2401/3649/3268
f 2391/3634/1637 2400/3645/3265 2403/3650/3269
f 2399/3647/3267 2398/3646/3266 2401/3649/3268 2402/3651/3270
f 2400/3645/3265 2399/3648/3267 2402/3652/3270 2403/3650/3269
f 2403/3650/3269 2402/3652/3270 2405/3653/3271 2406/3654/3272
f 2401/3649/3268 2387/3632/3256 2404/3655/3273
f 2391/3634/1637 2403/3650/3269 2406/3654/3272
f 2402/3651/3270 2401/3649/3268 2404/3655/3273 2405/3656/3271
f 2406/3654/3272 2405/3653/3271 2408/3657/3274 2409/3658/3275
f 2404/3655/3273 2387/3632/3256 2407/3659/3276
f 2391/3634/1637 2406/3654/3272 2409/3658/3275
f 2405/3656/3271 2404/3655/3273 2407/3659/3276 2408/3660/3274
f 2409/3658/3275 2408/3657/3274 2411/3661/3277 2412/3662/3278
f 2407/3659/3276 2387/3632/3256 2410/3663/3279
f 2391/3634/1637 2409/3658/3275 2412/3662/3278
f 2408/3660/3274 2407/3659/3276 2410/3663/3279 2411/3664/3277
f 2412/3662/3278 2411/3661/3277 2389/3639/3260 2390/3635/3258
f 2410/3663/3279 2387/3632/3256 2388/3631/3255
f 2391/3634/1637 2412/3662/3278 2390/3635/3258
f 2411/3664/3277 2410/3663/3279 2388/3631/3255 2389/3637/3260
f 2417/3665/1791 2416/3666/3280 2420/3667/3281
f 2415/3668/3282 2414/3669/3283 2418/3670/3284 2419/3671/3285
f 2416/3666/3280 2415/3672/3282 2419/3673/3285 2420/3667/3281
f 2414/3669/3283 2413/3674/2002 2418/3670/3284
f 2417/3665/1791 2420/3667/3281 2423/3675/3286
f 2419/3671/3285 2418/3670/3284 2421/3676/3287 2422/3677/3288
f 2420/3667/3281 2419/3673/3285 2422/3678/3288 2423/3675/3286
f 2418/3670/3284 2413/3674/2002 2421/3676/3287
f 2417/3665/1791 2423/3675/3286 2426/3679/3289
f 2422/3677/3288 2421/3676/3287 2424/3680/3290 2425/3681/3291
f 2423/3675/3286 2422/3678/3288 2425/3682/3291 2426/3679/3289
f 2421/3676/3287 2413/3674/2002 2424/3680/3290
f 2417/3665/1791 2426/3679/3289 2429/3683/3243
f 2425/3681/3291 2424/3680/3290 2427/3684/3292 2428/3685/3293
f 2426/3679/3289 2425/3682/3291 2428/3686/3293 2429/3683/3243
f 2424/3680/3290 2413/3674/2002 2427/3684/3292
f 2427/3684/3292 2413/3674/2002 2430/3687/3294
f 2417/3665/1791 2429/3683/3243 2432/3688/3295
f 2428/3685/3293 2427/3684/3292 2430/3687/3294 2431/3689/3296
f 2429/3683/3243 2428/3686/3293 2431/3690/3296 2432/3688/3295
f 2432/3688/3295 2431/3690/3296 2434/3691/3297 2435/3692/3298
f 2430/3687/3294 2413/3674/2002 2433/3693/3299
f 2417/3665/1791 2432/3688/3295 2435/3692/3298
f 2431/3689/3296 2430/3687/3294 2433/3693/3299 2434/3694/3297
f 2435/3692/3298 2434/3691/3297 2437/3695/3300 2438/3696/3301
f 2433/3693/3299 2413/3674/2002 2436/3697/3302
f 2417/3665/1791 2435/3692/3298 2438/3696/3301
f 2434/3694/3297 2433/3693/3299 2436/3697/3302 2437/3698/3300
f 2438/3696/3301 2437/3695/3300 2415/3672/3282 2416/3666/3280
f 2436/3697/3302 2413/3674/2002 2414/3669/3283
f 2417/3665/1791 2438/3696/3301 2416/3666/3280
f 2437/3698/3300 2436/3697/3302 2414/3669/3283 2415/3668/3282
f 2443/3699/1637 2442/3700/3303 2446/3701/3304
f 2441/3702/3305 2440/3703/3306 2444/3704/3307 2445/3705/3308
f 2442/3700/3303 2441/3706/3305 2445/3707/3308 2446/3701/3304
f 2440/3703/3306 2439/3708/1694 2444/3704/3307
f 2443/3699/1637 2446/3701/3304 2449/3709/3309
f 2445/3705/3308 2444/3704/3307 2447/3710/3310 2448/3711/3311
f 2446/3701/3304 2445/3707/3308 2448/3712/3311 2449/3709/3309
f 2444/3704/3307 2439/3708/1694 2447/3710/3310
f 2443/3699/1637 2449/3709/3309 2452/3713/3119
f 2448/3711/3311 2447/3710/3310 2450/3714/3312 2451/3715/3313
f 2449/3709/3309 2448/3712/3311 2451/3716/3313 2452/3713/3119
f 2447/3710/3310 2439/3708/1694 2450/3714/3312
f 2443/3699/1637 2452/3713/3119 2455/3717/3314
f 2451/3715/3313 2450/3714/3312 2453/3718/3315 2454/3719/3122
f 2452/3713/3119 2451/3716/3313 2454/3720/3122 2455/3717/3314
f 2450/3714/3312 2439/3708/1694 2453/3718/3315
f 2443/3699/1637 2455/3717/3314 2458/3721/3316
f 2454/3719/3122 2453/3718/3315 2456/3722/3317 2457/3723/3318
f 2455/3717/3314 2454/3720/3122 2457/3724/3318 2458/3721/3316
f 2453/3718/3315 2439/3708/1694 2456/3722/3317
f 2456/3722/3317 2439/3708/1694 2459/3725/3319
f 2443/3699/1637 2458/3721/3316 2461/3726/3320
f 2457/3723/3318 2456/3722/3317 2459/3725/3319 2460/3727/3321
f 2458/3721/3316 2457/3724/3318 2460/3728/3321 2461/3726/3320
f 2461/3726/3320 2460/3728/3321 2463/3729/3322 2464/3730/3323
f 2459/3725/3319 2439/3708/1694 2462/3731/3324
f 2443/3699/1637 2461/3726/3320 2464/3730/3323
f 2460/3727/3321 2459/3725/3319 2462/3731/3324 2463/3732/3322
f 2464/3730/3323 2463/3729/3322 2441/3706/3305 2442/3700/3303
f 2462/3731/3324 2439/3708/1694 2440/3703/3306
f 2443/3699/1637 2464/3730/3323 2442/3700/3303
f 2463/3732/3322 2462/3731/3324 2440/3703/3306 2441/3702/3305
f 2469/3733/3212 2468/3734/3325 2472/3735/3326
f 2467/3736/3327 2466/3737/3328 2470/3738/3329 2471/3739/3330
f 2468/3734/3325 2467/3740/3327 2471/3741/3330 2472/3735/3326
f 2466/3737/3328 2465/3742/3331 2470/3738/3329
f 2471/3739/3330 2470/3738/3329 2473/3743/3332 2474/3744/3333
f 2472/3735/3326 2471/3741/3330 2474/3745/3333 2475/3746/3334
f 2470/3738/3329 2465/3742/3331 2473/3743/3332
f 2469/3733/3212 2472/3735/3326 2475/3746/3334
f 2469/3733/3212 2475/3746/3334 2478/3747/3335
f 2474/3744/3333 2473/3743/3332 2476/3748/3336 2477/3749/3337
f 2475/3746/3334 2474/3745/3333 2477/3750/3337 2478/3747/3335
f 2473/3743/3332 2465/3742/3331 2476/3748/3336
f 2469/3733/3212 2478/3747/3335 2481/3751/3338
f 2477/3749/3337 2476/3748/3336 2479/3752/3339 2480/3753/3340
f 2478/3747/3335 2477/3750/3337 2480/3754/3340 2481/3751/3338
f 2476/3748/3336 2465/3742/3331 2479/3752/3339
f 2469/3733/3212 2481/3751/3338 2484/3755/3341
f 2480/3753/3340 2479/3752/3339 2482/3756/3342 2483/3757/3343
f 2481/3751/3338 2480/3754/3340 2483/3758/3343 2484/3755/3341
f 2479/3752/3339 2465/3742/3331 2482/3756/3342
f 2469/3733/3212 2484/3755/3341 2487/3759/3125
f 2483/3757/3343 2482/3756/3342 2485/3760/3344 2486/3761/3345
f 2484/3755/3341 2483/3758/3343 2486/3762/3345 2487/3759/3125
f 2482/3756/3342 2465/3742/3331 2485/3760/3344
f 2485/3760/3344 2465/3742/3331 2488/3763/3346
f 2469/3733/3212 2487/3759/3125 2490/3764/3347
f 2486/3761/3345 2485/3760/3344 2488/3763/3346 2489/3765/3348
f 2487/3759/3125 2486/3762/3345 2489/3766/3348 2490/3764/3347
f 2490/3764/3347 2489/3766/3348 2467/3740/3327 2468/3734/3325
f 2488/3763/3346 2465/3742/3331 2466/3737/3328
f 2469/3733/3212 2490/3764/3347 2468/3734/3325
f 2489/3765/3348 2488/3763/3346 2466/3737/3328 2467/3736/3327
f 2495/3767/3349 2494/3768/3350 2498/3769/3351
f 2493/3770/3352 2492/3771/3353 2496/3772/3354 2497/3773/3355
f 2494/3768/3350 2493/3774/3352 2497/3775/3355 2498/3769/3351
f 2492/3771/3353 2491/3776/3065 2496/3772/3354
f 2498/3769/3351 2497/3775/3355 2500/3777/3356 2501/3778/3357
f 2496/3772/3354 2491/3776/3065 2499/3779/3358
f 2495/3767/3349 2498/3769/3351 2501/3778/3357
f 2497/3773/3355 2496/3772/3354 2499/3779/3358 2500/3780/3356
f 2500/3780/3356 2499/3779/3358 2502/3781/3359 2503/3782/3360
f 2501/3778/3357 2500/3777/3356 2503/3783/3360 2504/3784/3361
f 2499/3779/3358 2491/3776/3065 2502/3781/3359
f 2495/3767/3349 2501/3778/3357 2504/3784/3361
f 2495/3767/3349 2504/3784/3361 2507/3785/3362
f 2503/3782/3360 2502/3781/3359 2505/3786/3363 2506/3787/3364
f 2504/3784/3361 2503/3783/3360 2506/3788/3364 2507/3785/3362
f 2502/3781/3359 2491/3776/3065 2505/3786/3363
f 2495/3767/3349 2507/3785/3362 2510/3789/3365
f 2506/3787/3364 2505/3786/3363 2508/3790/3366 2509/3791/3367
f 2507/3785/3362 2506/3788/3364 2509/3792/3367 2510/3789/3365
f 2505/3786/3363 2491/3776/3065 2508/3790/3366
f 2495/3767/3349 2510/3789/3365 2513/3793/3368
f 2509/3791/3367 2508/3790/3366 2511/3794/3369 2512/3795/3370
f 2510/3789/3365 2509/3792/3367 2512/3796/3370 2513/3793/3368
f 2508/3790/3366 2491/3776/3065 2511/3794/3369
f 2495/3767/3349 2513/3793/3368 2516/3797/3371
f 2512/3795/3370 2511/3794/3369 2514/3798/3372 2515/3799/3373
f 2513/3793/3368 2512/3796/3370 2515/3800/3373 2516/3797/3371
f 2511/3794/3369 2491/3776/3065 2514/3798/3372
f 2514/3798/3372 2491/3776/3065 2492/3771/3353
f 2495/3767/3349 2516/3797/3371 2494/3768/3350
f 2515/3799/3373 2514/3798/3372 2492/3771/3353 2493/3770/3352
f 2516/3797/3371 2515/3800/3373 2493/3774/3352 2494/3768/3350
f 2519/3801/3374 2518/3802/3375 2522/3803/3376 2523/3804/3377
f 2520/3805/3378 2519/3806/3374 2523/3807/3377 2524/3808/3379
f 2518/3802/3375 2517/3809/1719 2522/3803/3376
f 2521/3810/2158 2520/3805/3378 2524/3808/3379
f 2524/3808/3379 2523/3807/3377 2526/3811/3380 2527/3812/3381
f 2522/3803/3376 2517/3809/1719 2525/3813/3382
f 2521/3810/2158 2524/3808/3379 2527/3812/3381
f 2523/3804/3377 2522/3803/3376 2525/3813/3382 2526/3814/3380
f 2527/3812/3381 2526/3811/3380 2529/3815/3383 2530/3816/3384
f 2525/3813/3382 2517/3809/1719 2528/3817/3385
f 2521/3810/2158 2527/3812/3381 2530/3816/3384
f 2526/3814/3380 2525/3813/3382 2528/3817/3385 2529/3818/3383
f 2529/3818/3383 2528/3817/3385 2531/3819/3386 2532/3820/3387
f 2530/3816/3384 2529/3815/3383 2532/3821/3387 2533/3822/3388
f 2528/3817/3385 2517/3809/1719 2531/3819/3386
f 2521/3810/2158 2530/3816/3384 2533/3822/3388
f 2521/3810/2158 2533/3822/3388 2536/3823/3389
f 2532/3820/3387 2531/3819/3386 2534/3824/3317 2535/3825/3390
f 2533/3822/3388 2532/3821/3387 2535/3826/3390 2536/3823/3389
f 2531/3819/3386 2517/3809/1719 2534/3824/3317
f 2521/3810/2158 2536/3823/3389 2539/3827/3391
f 2535/3825/3390 2534/3824/3317 2537/3828/3392 2538/3829/3393
f 2536/3823/3389 2535/3826/3390 2538/3830/3393 2539/3827/3391
f 2534/3824/3317 2517/3809/1719 2537/3828/3392
f 2521/3810/2158 2539/3827/3391 2542/3831/3394
f 2538/3829/3393 2537/3828/3392 2540/3832/3395 2541/3833/3396
f 2539/3827/3391 2538/3830/3393 2541/3834/3396 2542/3831/3394
f 2537/3828/3392 2517/3809/1719 2540/3832/3395
f 2521/3810/2158 2542/3831/3394 2520/3805/3378
f 2541/3833/3396 2540/3832/3395 2518/3802/3375 2519/3801/3374
f 2542/3831/3394 2541/3834/3396 2519/3806/3374 2520/3805/3378
f 2540/3832/3395 2517/3809/1719 2518/3802/3375
f 2546/3835/3397 2545/3836/3398 2549/3837/3399 2550/3838/3400
f 2544/3839/3401 2543/3840/3402 2548/3841/3403
f 2547/3842/1637 2546/3835/3397 2550/3838/3400
f 2545/3843/3398 2544/3839/3401 2548/3841/3403 2549/3844/3399
f 2550/3838/3400 2549/3837/3399 2552/3845/3404 2553/3846/3405
f 2548/3841/3403 2543/3840/3402 2551/3847/3406
f 2547/3842/1637 2550/3838/3400 2553/3846/3405
f 2549/3844/3399 2548/3841/3403 2551/3847/3406 2552/3848/3404
f 2553/3846/3405 2552/3845/3404 2555/3849/3407 2556/3850/3408
f 2551/3847/3406 2543/3840/3402 2554/3851/3409
f 2547/3842/1637 2553/3846/3405 2556/3850/3408
f 2552/3848/3404 2551/3847/3406 2554/3851/3409 2555/3852/3407
f 2556/3850/3408 2555/3849/3407 2558/3853/3410 2559/3854/3411
f 2554/3851/3409 2543/3840/3402 2557/3855/3412
f 2547/3842/1637 2556/3850/3408 2559/3854/3411
f 2555/3852/3407 2554/3851/3409 2557/3855/3412 2558/3856/3410
f 2558/3856/3410 2557/3855/3412 2560/3857/3413 2561/3858/3414
f 2559/3854/3411 2558/3853/3410 2561/3859/3414 2562/3860/3415
f 2557/3855/3412 2543/3840/3402 2560/3857/3413
f 2547/3842/1637 2559/3854/3411 2562/3860/3415
f 2547/3842/1637 2562/3860/3415 2565/3861/3416
f 2561/3858/3414 2560/3857/3413 2563/3862/3417 2564/3863/3418
f 2562/3860/3415 2561/3859/3414 2564/3864/3418 2565/3861/3416
f 2560/3857/3413 2543/3840/3402 2563/3862/3417
f 2547/3842/1637 2565/3861/3416 2568/3865/3419
f 2564/3863/3418 2563/3862/3417 2566/3866/3420 2567/3867/3421
f 2565/3861/3416 2564/3864/3418 2567/3868/3421 2568/3865/3419
f 2563/3862/3417 2543/3840/3402 2566/3866/3420
f 2547/3842/1637 2568/3865/3419 2546/3835/3397
f 2567/3867/3421 2566/3866/3420 2544/3839/3401 2545/3843/3398
f 2568/3865/3419 2567/3868/3421 2545/3836/3398 2546/3835/3397
f 2566/3866/3420 2543/3840/3402 2544/3839/3401
f 2572/3869/3422 2571/3870/3423 2575/3871/3424 2576/3872/3425
f 2570/3873/3426 2569/3874/3427 2574/3875/3428
f 2573/3876/3349 2572/3869/3422 2576/3872/3425
f 2571/3877/3423 2570/3873/3426 2574/3875/3428 2575/3878/3424
f 2576/3872/3425 2575/3871/3424 2578/3879/3429 2579/3880/3430
f 2574/3875/3428 2569/3874/3427 2577/3881/3431
f 2573/3876/3349 2576/3872/3425 2579/3880/3430
f 2575/3878/3424 2574/3875/3428 2577/3881/3431 2578/3882/3429
f 2579/3880/3430 2578/3879/3429 2581/3883/3432 2582/3884/3433
f 2577/3881/3431 2569/3874/3427 2580/3885/3434
f 2573/3876/3349 2579/3880/3430 2582/3884/3433
f 2578/3882/3429 2577/3881/3431 2580/3885/3434 2581/3886/3432
f 2582/3884/3433 2581/3883/3432 2584/3887/3435 2585/3888/3436
f 2580/3885/3434 2569/3874/3427 2583/3889/3437
f 2573/3876/3349 2582/3884/3433 2585/3888/3436
f 2581/3886/3432 2580/3885/3434 2583/3889/3437 2584/3890/3435
f 2585/3888/3436 2584/3887/3435 2587/3891/3438 2588/3892/3439
f 2583/3889/3437 2569/3874/3427 2586/3893/3440
f 2573/3876/3349 2585/3888/3436 2588/3892/3439
f 2584/3890/3435 2583/3889/3437 2586/3893/3440 2587/3894/3438
f 2587/3894/3438 2586/3893/3440 2589/3895/3441 2590/3896/3442
f 2588/3892/3439 2587/3891/3438 2590/3897/3442 2591/3898/3443
f 2586/3893/3440 2569/3874/3427 2589/3895/3441
f 2573/3876/3349 2588/3892/3439 2591/3898/3443
f 2573/3876/3349 2591/3898/3443 2594/3899/3444
f 2590/3896/3442 2589/3895/3441 2592/3900/3445 2593/3901/3446
f 2591/3898/3443 2590/3897/3442 2593/3902/3446 2594/3899/3444
f 2589/3895/3441 2569/3874/3427 2592/3900/3445
f 2573/3876/3349 2594/3899/3444 2572/3869/3422
f 2593/3901/3446 2592/3900/3445 2570/3873/3426 2571/3877/3423
f 2594/3899/3444 2593/3902/3446 2571/3870/3423 2572/3869/3422
f 2592/3900/3445 2569/3874/3427 2570/3873/3426
f 2598/3903/3447 2597/3904/3448 2601/3905/3449 2602/3906/3450
f 2596/3907/3451 2595/3908/3452 2600/3909/3453
f 2599/3910/1637 2598/3903/3447 2602/3906/3450
f 2597/3911/3448 2596/3907/3451 2600/3909/3453 2601/3912/3449
f 2602/3906/3450 2601/3905/3449 2604/3913/3454 2605/3914/3455
f 2600/3909/3453 2595/3908/3452 2603/3915/3456
f 2599/3910/1637 2602/3906/3450 2605/3914/3455
f 2601/3912/3449 2600/3909/3453 2603/3915/3456 2604/3916/3454
f 2605/3914/3455 2604/3913/3454 2607/3917/3457 2608/3918/3458
f 2603/3915/3456 2595/3908/3452 2606/3919/3459
f 2599/3910/1637 2605/3914/3455 2608/3918/3458
f 2604/3916/3454 2603/3915/3456 2606/3919/3459 2607/3920/3457
f 2608/3918/3458 2607/3917/3457 2610/3921/3460 2611/3922/3461
f 2606/3919/3459 2595/3908/3452 2609/3923/3462
f 2599/3910/1637 2608/3918/3458 2611/3922/3461
f 2607/3920/3457 2606/3919/3459 2609/3923/3462 2610/3924/3460
f 2611/3922/3461 2610/3921/3460 2613/3925/3463 2614/3926/3464
f 2609/3923/3462 2595/3908/3452 2612/3927/3465
f 2599/3910/1637 2611/3922/3461 2614/3926/3464
f 2610/3924/3460 2609/3923/3462 2612/3927/3465 2613/3928/3463
f 2614/3926/3464 2613/3925/3463 2616/3929/3466 2617/3930/3467
f 2612/3927/3465 2595/3908/3452 2615/3931/3468
f 2599/3910/1637 2614/3926/3464 2617/3930/3467
f 2613/3928/3463 2612/3927/3465 2615/3931/3468 2616/3932/3466
f 2616/3932/3466 2615/3931/3468 2618/3933/3469 2619/3934/3081
f 2617/3930/3467 2616/3929/3466 2619/3935/3081 2620/3936/3470
f 2615/3931/3468 2595/3908/3452 2618/3933/3469
f 2599/3910/1637 2617/3930/3467 2620/3936/3470
f 2599/3910/1637 2620/3936/3470 2598/3903/3447
f 2619/3934/3081 2618/3933/3469 2596/3907/3451 2597/3911/3448
f 2620/3936/3470 2619/3935/3081 2597/3904/3448 2598/3903/3447
f 2618/3933/3469 2595/3908/3452 2596/3907/3451
f 2624/3937/3471 2623/3938/3472 2627/3939/3473 2628/3940/3474
f 2622/3941/3475 2621/3942/1875 2626/3943/3476
f 2625/3944/3349 2624/3937/3471 2628/3940/3474
f 2623/3945/3472 2622/3941/3475 2626/3943/3476 2627/3946/3473
f 2626/3943/3476 2621/3942/1875 2629/3947/3477
f 2625/3944/3349 2628/3940/3474 2631/3948/3478
f 2627/3946/3473 2626/3943/3476 2629/3947/3477 2630/3949/3479
f 2628/3940/3474 2627/3939/3473 2630/3950/3479 2631/3948/3478
f 2631/3948/3478 2630/3950/3479 2633/3951/3480 2634/3952/3481
f 2629/3947/3477 2621/3942/1875 2632/3953/3482
f 2625/3944/3349 2631/3948/3478 2634/3952/3481
f 2630/3949/3479 2629/3947/3477 2632/3953/3482 2633/3954/3480
f 2634/3952/3481 2633/3951/3480 2636/3955/3483 2637/3956/3411
f 2632/3953/3482 2621/3942/1875 2635/3957/3484
f 2625/3944/3349 2634/3952/3481 2637/3956/3411
f 2633/3954/3480 2632/3953/3482 2635/3957/3484 2636/3958/3483
f 2637/3956/3411 2636/3955/3483 2639/3959/3485 2640/3960/3486
f 2635/3957/3484 2621/3942/1875 2638/3961/3487
f 2625/3944/3349 2637/3956/3411 2640/3960/3486
f 2636/3958/3483 2635/3957/3484 2638/3961/3487 2639/3962/3485
f 2640/3960/3486 2639/3959/3485 2642/3963/3488 2643/3964/3125
f 2638/3961/3487 2621/3942/1875 2641/3965/3489
f 2625/3944/3349 2640/3960/3486 2643/3964/3125
f 2639/3962/3485 2638/3961/3487 2641/3965/3489 2642/3966/3488
f 2643/3964/3125 2642/3963/3488 2645/3967/3490 2646/3968/3491
f 2641/3965/3489 2621/3942/1875 2644/3969/3492
f 2625/3944/3349 2643/3964/3125 2646/3968/3491
f 2642/3966/3488 2641/3965/3489 2644/3969/3492 2645/3970/3490
f 2645/3970/3490 2644/3969/3492 2622/3941/3475 2623/3945/3472
f 2646/3968/3491 2645/3967/3490 2623/3938/3472 2624/3937/3471
f 2644/3969/3492 2621/3942/1875 2622/3941/3475
f 2625/3944/3349 2646/3968/3491 2624/3937/3471
f 2650/3971/3493 2649/3972/3494 2653/3973/3495 2654/3974/3496
f 2648/3975/3497 2647/3976/2130 2652/3977/3498
f 2651/3978/3212 2650/3971/3493 2654/3974/3496
f 2649/3979/3494 2648/3975/3497 2652/3977/3498 2653/3980/3495
f 2651/3978/3212 2654/3974/3496 2657/3981/3499
f 2653/3980/3495 2652/3977/3498 2655/3982/3500 2656/3983/3501
f 2654/3974/3496 2653/3973/3495 2656/3984/3501 2657/3981/3499
f 2652/3977/3498 2647/3976/2130 2655/3982/3500
f 2655/3982/3500 2647/3976/2130 2658/3985/3502
f 2651/3978/3212 2657/3981/3499 2660/3986/3503
f 2656/3983/3501 2655/3982/3500 2658/3985/3502 2659/3987/3504
f 2657/3981/3499 2656/3984/3501 2659/3988/3504 2660/3986/3503
f 2660/3986/3503 2659/3988/3504 2662/3989/3505 2663/3990/3506
f 2658/3985/3502 2647/3976/2130 2661/3991/3507
f 2651/3978/3212 2660/3986/3503 2663/3990/3506
f 2659/3987/3504 2658/3985/3502 2661/3991/3507 2662/3992/3505
f 2663/3990/3506 2662/3989/3505 2665/3993/3508 2666/3994/3509
f 2661/3991/3507 2647/3976/2130 2664/3995/3510
f 2651/3978/3212 2663/3990/3506 2666/3994/3509
f 2662/3992/3505 2661/3991/3507 2664/3995/3510 2665/3996/3508
f 2666/3994/3509 2665/3993/3508 2668/3997/3511 2669/3998/3512
f 2664/3995/3510 2647/3976/2130 2667/3999/3513
f 2651/3978/3212 2666/3994/3509 2669/3998/3512
f 2665/3996/3508 2664/3995/3510 2667/3999/3513 2668/4000/3511
f 2669/3998/3512 2668/3997/3511 2671/4001/3514 2672/4002/3515
f 2667/3999/3513 2647/3976/2130 2670/4003/3516
f 2651/3978/3212 2669/3998/3512 2672/4002/3515
f 2668/4000/3511 2667/3999/3513 2670/4003/3516 2671/4004/3514
f 2672/4002/3515 2671/4001/3514 2649/3972/3494 2650/3971/3493
f 2670/4003/3516 2647/3976/2130 2648/3975/3497
f 2651/3978/3212 2672/4002/3515 2650/3971/3493
f 2671/4004/3514 2670/4003/3516 2648/3975/3497 2649/3979/3494
f 2676/4005/3517 2675/4006/3518 2679/4007/3519 2680/4008/3520
f 2674/4009/3521 2673/4010/2990 2678/4011/3522
f 2677/4012/1637 2676/4005/3517 2680/4008/3520
f 2675/4013/3518 2674/4009/3521 2678/4011/3522 2679/4014/3519
f 2678/4011/3522 2673/4010/2990 2681/4015/3523
f 2677/4012/1637 2680/4008/3520 2683/4016/3524
f 2679/4014/3519 2678/4011/3522 2681/4015/3523 2682/4017/3525
f 2680/4008/3520 2679/4007/3519 2682/4018/3525 2683/4016/3524
f 2683/4016/3524 2682/4018/3525 2685/4019/3526 2686/4020/3527
f 2681/4015/3523 2673/4010/2990 2684/4021/3528
f 2677/4012/1637 2683/4016/3524 2686/4020/3527
f 2682/4017/3525 2681/4015/3523 2684/4021/3528 2685/4022/3526
f 2686/4020/3527 2685/4019/3526 2688/4023/3529 2689/4024/3530
f 2684/4021/3528 2673/4010/2990 2687/4025/3531
f 2677/4012/1637 2686/4020/3527 2689/4024/3530
f 2685/4022/3526 2684/4021/3528 2687/4025/3531 2688/4026/3529
f 2689/4024/3530 2688/4023/3529 2691/4027/3532 2692/4028/3533
f 2687/4025/3531 2673/4010/2990 2690/4029/3534
f 2677/4012/1637 2689/4024/3530 2692/4028/3533
f 2688/4026/3529 2687/4025/3531 2690/4029/3534 2691/4030/3532
f 2692/4028/3533 2691/4027/3532 2694/4031/3535 2695/4032/3536
f 2690/4029/3534 2673/4010/2990 2693/4033/3537
f 2677/4012/1637 2692/4028/3533 2695/4032/3536
f 2691/4030/3532 2690/4029/3534 2693/4033/3537 2694/4034/3535
f 2695/4032/3536 2694/4031/3535 2697/4035/3538 2698/4036/3202
f 2693/4033/3537 2673/4010/2990 2696/4037/3539
f 2677/4012/1637 2695/4032/3536 2698/4036/3202
f 2694/4034/3535 2693/4033/3537 2696/4037/3539 2697/4038/3538
f 2697/4038/3538 2696/4037/3539 2674/4009/3521 2675/4013/3518
f 2698/4036/3202 2697/4035/3538 2675/4006/3518 2676/4005/3517
f 2696/4037/3539 2673/4010/2990 2674/4009/3521
f 2677/4012/1637 2698/4036/3202 2676/4005/3517
f 2699/4039/3540 2700/4040/3541 2702/4041/3542 2701/4042/3543
f 2701/4042/3543 2702/4041/3542 2704/4043/3544 2703/4044/3545
f 2703/4045/3545 2704/4046/3544 2706/4047/3546 2705/4048/3547
f 2705/4049/3547 2706/4050/3546 2708/4051/3548 2707/4052/3549
f 2707/4053/3549 2708/4054/3548 2710/4055/3550 2709/4056/3551
f 2702/4057/3542 2700/4058/3541 2712/4059/3552 2710/4060/3550 2708/4051/3548 2706/4050/3546 2704/4061/3544
f 2709/4062/3551 2710/4063/3550 2712/4064/3552 2711/4065/3553
f 2711/4065/3553 2712/4064/3552 2700/4066/3541 2699/4067/3540
f 2699/4068/3540 2701/4069/3543 2703/4070/3545 2705/4071/3547 2707/4072/3549 2709/4073/3551 2711/4074/3553
f 2713/4075/3554 2714/4076/3555 2716/4077/3556 2715/4078/3557
f 2715/4078/3557 2716/4077/3556 2718/4079/3558 2717/4080/3559
f 2717/4081/3559 2718/4082/3558 2720/4083/3560 2719/4084/3561
f 2719/4085/3561 2720/4086/3560 2722/4087/3562 2721/4088/3563
f 2721/4089/3563 2722/4090/3562 2724/4091/3564 2723/4092/3565
f 2716/4093/3556 2714/4094/3555 2726/4095/3566 2724/4096/3564 2722/4087/3562 2720/4086/3560 2718/4097/3558
f 2723/4098/3565 2724/4099/3564 2726/4100/3566 2725/4101/3567
f 2725/4101/3567 2726/4100/3566 2714/4102/3555 2713/4103/3554
f 2713/4104/3554 2715/4105/3557 2717/4106/3559 2719/4107/3561 2721/4108/3563 2723/4109/3565 2725/4110/3567
f 2730/4111/3568 2729/4112/3352 2733/4113/3569 2734/4114/3570
f 2728/4115/3571 2727/4116/1822 2732/4117/3572
f 2731/4118/2158 2730/4119/3568 2734/4120/3570
f 2729/4112/3352 2728/4121/3571 2732/4122/3572 2733/4113/3569
f 2731/4118/2158 2734/4120/3570 2737/4123/3573
f 2733/4124/3569 2732/4125/3572 2735/4126/3574 2736/4127/3238
f 2734/4128/3570 2733/4124/3569 2736/4127/3238 2737/4129/3573
f 2732/4117/3572 2727/4116/1822 2735/4130/3574
f 2735/4130/3574 2727/4116/1822 2738/4131/3575
f 2731/4118/2158 2737/4123/3573 2740/4132/3576
f 2736/4127/3238 2735/4126/3574 2738/4133/3575 2739/4134/3577
f 2737/4129/3573 2736/4127/3238 2739/4134/3577 2740/4135/3576
f 2740/4136/3576 2739/4137/3577 2742/4138/3578 2743/4139/3579
f 2738/4131/3575 2727/4116/1822 2741/4140/3580
f 2731/4118/2158 2740/4132/3576 2743/4141/3579
f 2739/4137/3577 2738/4142/3575 2741/4143/3580 2742/4138/3578
f 2743/4139/3579 2742/4138/3578 2745/4144/3581 2746/4145/3582
f 2741/4140/3580 2727/4116/1822 2744/4146/3583
f 2731/4118/2158 2743/4141/3579 2746/4147/3582
f 2742/4138/3578 2741/4143/3580 2744/4148/3583 2745/4144/3581
f 2746/4149/3582 2745/4150/3581 2748/4151/3584 2749/4152/3585
f 2744/4146/3583 2727/4116/1822 2747/4153/3586
f 2731/4118/2158 2746/4147/3582 2749/4154/3585
f 2745/4150/3581 2744/4155/3583 2747/4156/3586 2748/4151/3584
f 2749/4152/3585 2748/4151/3584 2751/4157/3587 2752/4158/3588
f 2747/4153/3586 2727/4116/1822 2750/4159/3589
f 2731/4118/2158 2749/4154/3585 2752/4160/3588
f 2748/4151/3584 2747/4156/3586 2750/4161/3589 2751/4157/3587
f 2752/4162/3588 2751/4163/3587 2729/4112/3352 2730/4111/3568
f 2750/4159/3589 2727/4116/1822 2728/4115/3571
f 2731/4118/2158 2752/4160/3588 2730/4119/3568
f 2751/4163/3587 2750/4164/3589 2728/4121/3571 2729/4112/3352
f 2754/4165/3590 2753/4166/1694 2758/4167/3572
f 2757/4168/2158 2756/4169/3591 2760/4170/3592
f 2755/4171/3352 2754/4172/3590 2758/4173/3572 2759/4174/3569
f 2756/4175/3591 2755/4171/3352 2759/4174/3569 2760/4176/3592
f 2757/4168/2158 2760/4170/3592 2763/4177/3573
f 2759/4178/3569 2758/4179/3572 2761/4180/3574 2762/4181/3593
f 2760/4182/3592 2759/4178/3569 2762/4181/3593 2763/4183/3573
f 2758/4167/3572 2753/4166/1694 2761/4184/3574
f 2757/4168/2158 2763/4177/3573 2766/4185/3576
f 2762/4181/3593 2761/4180/3574 2764/4186/3594 2765/4187/3595
f 2763/4183/3573 2762/4181/3593 2765/4187/3595 2766/4188/3576
f 2761/4184/3574 2753/4166/1694 2764/4189/3594
f 2764/4189/3594 2753/4166/1694 2767/4190/3580
f 2757/4168/2158 2766/4185/3576 2769/4191/3596
f 2765/4192/3595 2764/4193/3594 2767/4194/3580 2768/4195/3597
f 2766/4196/3576 2765/4192/3595 2768/4195/3597 2769/4197/3596
f 2769/4197/3596 2768/4195/3597 2771/4198/3581 2772/4199/3582
f 2767/4190/3580 2753/4166/1694 2770/4200/3598
f 2757/4168/2158 2769/4191/3596 2772/4201/3582
f 2768/4195/3597 2767/4194/3580 2770/4202/3598 2771/4198/3581
f 2772/4203/3582 2771/4204/3581 2774/4205/3584 2775/4206/3599
f 2770/4200/3598 2753/4166/1694 2773/4207/3600
f 2757/4168/2158 2772/4201/3582 2775/4208/3599
f 2771/4204/3581 2770/4209/3598 2773/4210/3600 2774/4205/3584
f 2775/4206/3599 2774/4205/3584 2777/4211/3300 2778/4212/3601
f 2773/4207/3600 2753/4166/1694 2776/4213/3589
f 2757/4168/2158 2775/4208/3599 2778/4214/3601
f 2774/4205/3584 2773/4210/3600 2776/4215/3589 2777/4211/3300
f 2778/4216/3601 2777/4217/3300 2755/4171/3352 2756/4175/3591
f 2776/4213/3589 2753/4166/1694 2754/4165/3590
f 2757/4168/2158 2778/4214/3601 2756/4169/3591
f 2777/4217/3300 2776/4218/3589 2754/4172/3590 2755/4171/3352
f 2781/4219/3602 2780/4220/3603 2783/4221/3604
f 2780/4222/3603 2792/4223/3605 2782/4224/3606 2783/4225/3604
f 2792/4226/3605 2779/4227/2438 2782/4228/3606
f 2781/4219/3602 2783/4221/3604 2785/4229/3607
f 2783/4230/3604 2782/4231/3606 2784/4232/3608 2785/4233/3607
f 2782/4228/3606 2779/4227/2438 2784/4234/3608
f 2781/4219/3602 2785/4229/3607 2787/4235/3609
f 2785/4236/3607 2784/4237/3608 2786/4238/3610 2787/4239/3609
f 2784/4234/3608 2779/4227/2438 2786/4240/3610
f 2781/4219/3602 2787/4235/3609 2789/4241/3611
f 2787/4239/3609 2786/4238/3610 2788/4242/3612 2789/4243/3611
f 2786/4240/3610 2779/4227/2438 2788/4244/3612
f 2781/4219/3602 2789/4241/3611 2791/4245/3613
f 2789/4246/3611 2788/4247/3612 2790/4248/3614 2791/4249/3613
f 2788/4244/3612 2779/4227/2438 2790/4250/3614
f 2781/4219/3602 2791/4245/3613 2780/4220/3603
f 2791/4251/3613 2790/4252/3614 2792/4223/3605 2780/4222/3603
f 2790/4250/3614 2779/4227/2438 2792/4226/3605
f 2795/4253/3602 2794/4254/3615 2797/4255/3616
f 2794/4256/3615 2806/4257/3617 2796/4258/3618 2797/4259/3616
f 2806/4260/3617 2793/4261/1694 2796/4262/3618
f 2795/4253/3602 2797/4255/3616 2799/4263/3619
f 2797/4264/3616 2796/4265/3618 2798/4266/3608 2799/4267/3619
f 2796/4262/3618 2793/4261/1694 2798/4268/3608
f 2795/4253/3602 2799/4263/3619 2801/4269/3620
f 2799/4270/3619 2798/4271/3608 2800/4272/3610 2801/4273/3620
f 2798/4268/3608 2793/4261/1694 2800/4274/3610
f 2795/4253/3602 2801/4269/3620 2803/4275/3621
f 2801/4273/3620 2800/4272/3610 2802/4276/3622 2803/4277/3621
f 2800/4274/3610 2793/4261/1694 2802/4278/3622
f 2795/4253/3602 2803/4275/3621 2805/4279/3623
f 2803/4280/3621 2802/4281/3622 2804/4282/3624 2805/4283/3623
f 2802/4278/3622 2793/4261/1694 2804/4284/3624
f 2795/4253/3602 2805/4279/3623 2794/4254/3615
f 2805/4285/3623 2804/4286/3624 2806/4257/3617 2794/4256/3615
f 2804/4284/3624 2793/4261/1694 2806/4260/3617
f 2807/4287/3625 2808/4288/3626 2810/4289/3627 2809/4290/3628
f 2809/4290/3628 2810/4289/3627 2812/4291/3629 2811/4292/3630
f 2811/4293/3630 2812/4294/3629 2814/4295/3631 2813/4296/3632
f 2813/4297/3632 2814/4298/3631 2816/4299/3633 2815/4300/3634
f 2810/4301/3627 2808/4302/3626 2818/4303/3635 2816/4304/3633 2814/4305/3631 2812/4306/3629
f 2815/4300/3634 2816/4299/3633 2818/4307/3635 2817/4308/3636
f 2817/4309/3636 2818/4310/3635 2808/4311/3626 2807/4312/3625
f 2807/4313/3625 2809/4314/3628 2811/4315/3630 2813/4316/3632 2815/4317/3634 2817/4318/3636
f 2819/4319/3637 2820/4320/3638 2822/4321/3639 2821/4322/3640
f 2821/4323/3640 2822/4324/3639 2824/4325/3641 2823/4326/3642
f 2823/4326/3642 2824/4325/3641 2826/4327/3643 2825/4328/3644
f 2825/4329/3644 2826/4330/3643 2828/4331/3645 2827/4332/3646
f 2822/4333/3639 2820/4334/3638 2830/4335/3647 2828/4336/3645 2826/4337/3643 2824/4338/3641
f 2827/4339/3646 2828/4340/3645 2830/4341/3647 2829/4342/3648
f 2829/4342/3648 2830/4341/3647 2820/4343/3638 2819/4344/3637
f 2819/4345/3637 2821/4346/3640 2823/4347/3642 2825/4348/3644 2827/4349/3646 2829/4350/3648
f 2831/4351/3649 2832/4352/3650 2834/4353/3651 2833/4354/3652
f 2833/4354/3652 2834/4353/3651 2836/4355/3653 2835/4356/3654
f 2835/4357/3654 2836/4358/3653 2838/4359/3655 2837/4360/3656
f 2837/4361/3656 2838/4362/3655 2840/4363/3657 2839/4364/3658
f 2834/4365/3651 2832/4366/3650 2842/4367/3659 2840/4368/3657 2838/4369/3655 2836/4370/3653
f 2839/4364/3658 2840/4363/3657 2842/4371/3659 2841/4372/3660
f 2841/4373/3660 2842/4374/3659 2832/4375/3650 2831/4376/3649
f 2831/4377/3649 2833/4378/3652 2835/4379/3654 2837/4380/3656 2839/4381/3658 2841/4382/3660
f 2843/4383/3661 2844/4384/3662 2846/4385/3663 2845/4386/3664
f 2845/4387/3664 2846/4388/3663 2848/4389/3665 2847/4390/3666
f 2847/4390/3666 2848/4389/3665 2850/4391/3667 2849/4392/3668
f 2849/4393/3668 2850/4394/3667 2852/4395/3669 2851/4396/3670
f 2846/4397/3663 2844/4398/3662 2854/4399/3671 2852/4400/3669 2850/4401/3667 2848/4402/3665
f 2851/4403/3670 2852/4404/3669 2854/4405/3671 2853/4406/3672
f 2853/4406/3672 2854/4405/3671 2844/4407/3662 2843/4408/3661
f 2843/4409/3661 2845/4410/3664 2847/4411/3666 2849/4412/3668 2851/4413/3670 2853/4414/3672
f 2855/4415/3673 2856/4416/3674 2858/4417/3675 2857/4418/3676
f 2857/4419/3676 2858/4420/3675 2860/4421/3677 2859/4422/3678
f 2859/4423/3678 2860/4424/3677 2862/4425/3679 2861/4426/3680
f 2861/4426/3680 2862/4425/3679 2864/4427/3681 2863/4428/3682
f 2858/4429/3675 2856/4430/3674 2866/4431/3683 2864/4432/3681 2862/4433/3679 2860/4434/3677
f 2863/4435/3682 2864/4436/3681 2866/4437/3683 2865/4438/3684
f 2865/4439/3684 2866/4440/3683 2856/4416/3674 2855/4415/3673
f 2855/4441/3673 2857/4442/3676 2859/4443/3678 2861/4444/3680 2863/4445/3682 2865/4446/3684
f 2867/4447/3685 2868/4448/3686 2870/4449/3687 2869/4450/3688
f 2869/4451/3688 2870/4452/3687 2872/4453/3689 2871/4454/3690
f 2871/4455/3690 2872/4456/3689 2874/4457/3691 2873/4458/3692
f 2873/4458/3692 2874/4457/3691 2876/4459/3693 2875/4460/3694
f 2870/4461/3687 2868/4462/3686 2878/4463/3695 2876/4464/3693 2874/4465/3691 2872/4466/3689
f 2875/4467/3694 2876/4468/3693 2878/4469/3695 2877/4470/3696
f 2877/4471/3696 2878/4472/3695 2868/4448/3686 2867/4447/3685
f 2867/4473/3685 2869/4474/3688 2871/4475/3690 2873/4476/3692 2875/4477/3694 2877/4478/3696
f 2879/4479/3697 2880/4480/3698 2882/4481/3699 2881/4482/3700
f 2881/4483/3700 2882/4484/3699 2884/4485/3701 2883/4486/3702
f 2883/4486/3702 2884/4485/3701 2886/4487/3703 2885/4488/3704
f 2885/4489/3704 2886/4490/3703 2888/4491/3705 2887/4492/3706
f 2882/4481/3699 2880/4480/3698 2890/4493/3707 2888/4494/3705 2886/4495/3703 2884/4496/3701
f 2887/4497/3706 2888/4498/3705 2890/4499/3707 2889/4500/3708
f 2889/4500/3708 2890/4499/3707 2880/4501/3698 2879/4502/3697
f 2879/4503/3697 2881/4504/3700 2883/4505/3702 2885/4489/3704 2887/4492/3706 2889/4506/3708
f 2891/4507/3709 2892/4508/3710 2894/4509/3711 2893/4510/3712
f 2893/4510/3712 2894/4509/3711 2896/4511/3713 2895/4512/3714
f 2895/4513/3714 2896/4514/3713 2898/4515/3715 2897/4516/3716
f 2897/4517/3716 2898/4518/3715 2900/4519/3717 2899/4520/3718
f 2894/4521/3711 2892/4522/3710 2902/4523/3719 2900/4524/3717 2898/4525/3715 2896/4526/3713
f 2899/4520/3718 2900/4519/3717 2902/4527/3719 2901/4528/3720
f 2901/4529/3720 2902/4523/3719 2892/4522/3710 2891/4530/3709
f 2891/4531/3709 2893/4532/3712 2895/4513/3714 2897/4516/3716 2899/4533/3718 2901/4534/3720
f 2903/4535/3721 2904/4536/3722 2906/4537/3723 2905/4538/3724
f 2905/4539/3724 2906/4540/3723 2908/4541/3725 2907/4542/3726
f 2907/4543/3726 2908/4544/3725 2910/4545/3679 2909/4546/3727
f 2909/4546/3727 2910/4545/3679 2912/4547/3728 2911/4548/3729
f 2906/4549/3723 2904/4550/3722 2914/4551/3730 2912/4552/3728 2910/4553/3679 2908/4554/3725
f 2911/4555/3729 2912/4556/3728 2914/4557/3730 2913/4558/3731
f 2913/4559/3731 2914/4560/3730 2904/4536/3722 2903/4535/3721
f 2903/4561/3721 2905/4562/3724 2907/4563/3726 2909/4564/3727 2911/4565/3729 2913/4566/3731
f 2915/4567/3732 2916/4568/3733 2918/4569/3734 2917/4570/3735
f 2917/4571/3735 2918/4572/3734 2920/4573/3736 2919/4574/3737
f 2919/4575/3737 2920/4576/3736 2922/4577/3738 2921/4578/3739
f 2921/4578/3739 2922/4577/3738 2924/4579/3740 2923/4580/3741
f 2918/4581/3734 2916/4582/3733 2926/4583/3742 2924/4584/3740 2922/4585/3738 2920/4586/3736
f 2923/4587/3741 2924/4588/3740 2926/4589/3742 2925/4590/3743
f 2925/4591/3743 2926/4592/3742 2916/4568/3733 2915/4567/3732
f 2915/4593/3732 2917/4594/3735 2919/4595/3737 2921/4596/3739 2923/4597/3741 2925/4598/3743
f 2927/4599/3744 2928/4600/3745 2930/4601/3746 2929/4602/3747
f 2929/4603/3747 2930/4604/3746 2932/4605/3748 2931/4606/3749
f 2931/4606/3749 2932/4605/3748 2934/4607/3750 2933/4608/3751
f 2933/4609/3751 2934/4610/3750 2936/4611/3752 2935/4612/3753
f 2930/4601/3746 2928/4600/3745 2938/4613/3754 2936/4614/3752 2934/4615/3750 2932/4616/3748
f 2935/4617/3753 2936/4618/3752 2938/4619/3754 2937/4620/3755
f 2937/4620/3755 2938/4619/3754 2928/4621/3745 2927/4622/3744
f 2927/4623/3744 2929/4624/3747 2931/4625/3749 2933/4609/3751 2935/4612/3753 2937/4626/3755
f 2939/4627/3756 2940/4628/3757 2942/4629/3758 2941/4630/3759
f 2941/4630/3759 2942/4629/3758 2944/4631/3760 2943/4632/3761
f 2943/4633/3761 2944/4634/3760 2946/4635/3762 2945/4636/3763
f 2945/4637/3763 2946/4638/3762 2948/4639/3764 2947/4640/3765
f 2942/4641/3758 2940/4642/3757 2950/4643/3766 2948/4644/3764 2946/4645/3762 2944/4646/3760
f 2947/4640/3765 2948/4639/3764 2950/4647/3766 2949/4648/3767
f 2949/4649/3767 2950/4643/3766 2940/4642/3757 2939/4650/3756
f 2939/4651/3756 2941/4652/3759 2943/4633/3761 2945/4636/3763 2947/4653/3765 2949/4654/3767
f 2951/4655/3768 2952/4656/3769 2954/4657/3770 2953/4658/3771
f 2953/4659/3771 2954/4660/3770 2956/4661/3772 2955/4662/3773
f 2955/4663/3773 2956/4664/3772 2958/4665/3774 2957/4666/3775
f 2957/4666/3775 2958/4665/3774 2960/4667/3728 2959/4668/3776
f 2954/4669/3770 2952/4670/3769 2962/4671/3777 2960/4672/3728 2958/4673/3774 2956/4674/3772
f 2959/4675/3776 2960/4676/3728 2962/4677/3777 2961/4678/3731
f 2961/4679/3731 2962/4680/3777 2952/4656/3769 2951/4655/3768
f 2951/4681/3768 2953/4682/3771 2955/4683/3773 2957/4684/3775 2959/4685/3776 2961/4686/3731
f 2963/4687/3778 2964/4688/3779 2966/4689/3734 2965/4690/3735
f 2965/4691/3735 2966/4692/3734 2968/4693/3780 2967/4694/3781
f 2967/4695/3781 2968/4696/3780 2970/4697/3782 2969/4698/3783
f 2969/4698/3783 2970/4697/3782 2972/4699/3784 2971/4700/3785
f 2966/4701/3734 2964/4702/3779 2974/4703/3786 2972/4704/3784 2970/4705/3782 2968/4706/3780
f 2971/4707/3785 2972/4708/3784 2974/4709/3786 2973/4710/3787
f 2973/4711/3787 2974/4712/3786 2964/4688/3779 2963/4687/3778
f 2963/4713/3778 2965/4714/3735 2967/4715/3781 2969/4716/3783 2971/4717/3785 2973/4718/3787
f 2975/4719/3788 2976/4720/3789 2978/4721/3790 2977/4722/3791
f 2977/4723/3791 2978/4724/3790 2980/4725/3701 2979/4726/3792
f 2979/4726/3792 2980/4725/3701 2982/4727/3750 2981/4728/3793
f 2981/4729/3793 2982/4730/3750 2984/4731/3794 2983/4732/3795
f 2978/4721/3790 2976/4720/3789 2986/4733/3796 2984/4734/3794 2982/4735/3750 2980/4736/3701
f 2983/4737/3795 2984/4738/3794 2986/4739/3796 2985/4740/3797
f 2985/4740/3797 2986/4739/3796 2976/4741/3789 2975/4742/3788
f 2975/4743/3788 2977/4744/3791 2979/4745/3792 2981/4729/3793 2983/4732/3795 2985/4746/3797
f 2987/4747/3798 2988/4748/3799 2990/4749/3800 2989/4750/3801
f 2989/4750/3801 2990/4749/3800 2992/4751/3802 2991/4752/3803
f 2991/4753/3803 2992/4754/3802 2994/4755/3804 2993/4756/3805
f 2993/4757/3805 2994/4758/3804 2996/4759/3806 2995/4760/3807
f 2990/4761/3800 2988/4762/3799 2998/4763/3808 2996/4764/3806 2994/4765/3804 2992/4766/3802
f 2995/4760/3807 2996/4759/3806 2998/4767/3808 2997/4768/3809
f 2997/4769/3809 2998/4763/3808 2988/4762/3799 2987/4770/3798
f 2987/4771/3798 2989/4772/3801 2991/4753/3803 2993/4756/3805 2995/4773/3807 2997/4774/3809
f 2999/4775/3810 3000/4776/3722 3002/4777/3811 3001/4778/3812
f 3001/4779/3812 3002/4780/3811 3004/4781/3813 3003/4782/3814
f 3003/4783/3814 3004/4784/3813 3006/4785/3815 3005/4786/3816
f 3005/4786/3816 3006/4785/3815 3008/4787/3817 3007/4788/3818
f 3002/4789/3811 3000/4790/3722 3010/4791/3819 3008/4792/3817 3006/4793/3815 3004/4794/3813
f 3007/4795/3818 3008/4796/3817 3010/4797/3819 3009/4798/3684
f 3009/4799/3684 3010/4800/3819 3000/4776/3722 2999/4775/3810
f 2999/4801/3810 3001/4802/3812 3003/4803/3814 3005/4804/3816 3007/4805/3818 3009/4806/3684
f 3011/4807/3685 3012/4808/3820 3014/4809/3821 3013/4810/3688
f 3013/4811/3688 3014/4812/3821 3016/4813/3736 3015/4814/3822
f 3015/4815/3822 3016/4816/3736 3018/4817/3823 3017/4818/3824
f 3017/4818/3824 3018/4817/3823 3020/4819/3825 3019/4820/3826
f 3014/4821/3821 3012/4822/3820 3022/4823/3827 3020/4824/3825 3018/4825/3823 3016/4826/3736
f 3019/4827/3826 3020/4828/3825 3022/4829/3827 3021/4830/3828
f 3021/4831/3828 3022/4832/3827 3012/4808/3820 3011/4807/3685
f 3011/4833/3685 3013/4834/3688 3015/4835/3822 3017/4836/3824 3019/4837/3826 3021/4838/3828
f 3023/4839/3829 3024/4840/3830 3026/4841/3831 3025/4842/3747
f 3025/4843/3747 3026/4844/3831 3028/4845/3832 3027/4846/3833
f 3027/4846/3833 3028/4845/3832 3030/4847/3834 3029/4848/3835
f 3029/4849/3835 3030/4850/3834 3032/4851/3836 3031/4852/3837
f 3026/4841/3831 3024/4840/3830 3034/4853/3838 3032/4854/3836 3030/4855/3834 3028/4856/3832
f 3031/4857/3837 3032/4858/3836 3034/4859/3838 3033/4860/3839
f 3033/4860/3839 3034/4859/3838 3024/4861/3830 3023/4862/3829
f 3023/4863/3829 3025/4864/3747 3027/4865/3833 3029/4849/3835 3031/4852/3837 3033/4866/3839
f 3035/4867/3840 3036/4868/3841 3038/4869/3842 3037/4870/3843
f 3037/4870/3843 3038/4869/3842 3040/4871/3844 3039/4872/3845
f 3039/4873/3845 3040/4874/3844 3042/4875/3846 3041/4876/3847
f 3041/4877/3847 3042/4878/3846 3044/4879/3848 3043/4880/3849
f 3038/4881/3842 3036/4882/3841 3046/4883/3850 3044/4884/3848 3042/4885/3846 3040/4886/3844
f 3043/4880/3849 3044/4879/3848 3046/4887/3850 3045/4888/3851
f 3045/4889/3851 3046/4883/3850 3036/4882/3841 3035/4890/3840
f 3035/4891/3840 3037/4892/3843 3039/4873/3845 3041/4876/3847 3043/4893/3849 3045/4894/3851
s 0
f 3047/4895/3852 3048/4895/3853 3049/4895/3854
f 3050/4896/3855 3051/4896/3856 3052/4896/3857
f 3053/4897/3858 3054/4897/3859 3055/4897/3860
f 3056/4898/3861 3057/4898/3862 3058/4898/3863
f 3059/4899/3864 3060/4899/3865 3061/4899/3866
f 3062/4900/3867 3063/4900/3868 3064/4900/3869
f 3065/4901/3870 3066/4901/3871 3067/4901/3872
f 3068/4902/3873 3069/4902/3874 3070/4902/3875
f 3053/4903/3876 3047/4904/3877 3049/4905/3878 3054/4906/3879
f 3048/4907/3880 3050/4908/3881 3052/4909/3882 3049/4910/3883
f 3051/4911/3884 3056/4912/3885 3058/4913/3886 3052/4914/3887
f 3057/4915/3888 3055/4916/3889 3054/4917/3890 3058/4918/3891
f 3065/4919/3892 3053/4903/3893 3055/4920/3894 3066/4921/3895
f 3056/4922/3896 3068/4923/3897 3070/4924/3898 3057/4915/3899
f 3069/4925/3900 3067/4926/3901 3066/4927/3902 3070/4924/3903
f 3059/4928/3904 3065/4919/3905 3067/4929/3906 3060/4930/3907
f 3068/4931/3908 3062/4932/3909 3064/4933/3910 3069/4934/3911
f 3063/4935/3912 3061/4936/3913 3060/4937/3914 3064/4938/3915
f 3047/4904/3916 3059/4928/3917 3061/4939/3918 3048/4940/3919
f 3062/4941/3920 3051/4942/3921 3050/4908/3922 3063/4935/3923
f 3053/4903/3924 3065/4919/3925 3059/4928/3926 3047/4904/3927
f 3049/4943/3928 3052/4944/3929 3058/4945/3930 3054/4946/3931
f 3061/4936/3932 3063/4935/3933 3050/4908/3934 3048/4907/3935
f 3068/4931/3936 3056/4912/3937 3051/4911/3938 3062/4932/3939
f 3055/4916/3940 3057/4915/3941 3070/4924/3942 3066/4927/3943
f 3067/4947/3944 3069/4948/3945 3064/4949/3946 3060/4950/3947
f 3071/4951/3948 3072/4951/3949 3073/4951/3950
f 3074/4952/3951 3075/4952/3952 3076/4952/3953
f 3077/4953/3954 3078/4953/3955 3079/4953/3956
f 3080/4954/3957 3081/4954/3958 3082/4954/3959
f 3083/4955/3960 3084/4955/3961 3085/4955/3962
f 3086/4956/3963 3087/4956/3964 3088/4956/3965
f 3089/4957/3966 3090/4957/3967 3091/4957/3968
f 3092/4958/3969 3093/4958/3970 3094/4958/3971
f 3077/4959/3972 3071/4960/3973 3073/4961/3974 3078/4962/3975
f 3072/4963/3976 3074/4964/3977 3076/4965/3978 3073/4966/3979
f 3075/4967/3980 3080/4968/3981 3082/4969/3982 3076/4970/3983
f 3081/4971/3984 3079/4972/3985 3078/4973/3986 3082/4974/3987
f 3089/4975/3988 3077/4959/3989 3079/4976/3990 3090/4977/3991
f 3080/4968/3992 3092/4978/3993 3094/4979/3994 3081/4980/3995
f 3093/4981/3996 3091/4982/3997 3090/4983/3998 3094/4984/3999
f 3083/4985/4000 3089/4975/4001 3091/4986/4002 3084/4987/4003
f 3092/4978/4004 3086/4988/4005 3088/4989/4006 3093/4990/4007
f 3087/4991/4008 3085/4992/4009 3084/4993/4010 3088/4994/4011
f 3071/4960/4012 3083/4985/4013 3085/4995/4014 3072/4996/4015
f 3086/4988/4016 3075/4967/4017 3074/4997/4018 3087/4998/4019
f 3077/4959/4020 3089/4975/4021 3083/4985/4022 3071/4960/4023
f 3073/4966/4024 3076/4965/4025 3082/4999/4026 3078/5000/4027
f 3085/4992/4028 3087/4991/4029 3074/5001/4030 3072/5002/4031
f 3092/4978/4032 3080/4968/4033 3075/4967/4034 3086/4988/4035
f 3079/4972/4036 3081/4971/4037 3094/4984/4038 3090/4983/4039
f 3091/5003/4040 3093/5004/4041 3088/5005/4042 3084/5006/4043
f 3095/5007/4044 3096/5007/4045 3097/5007/4046
f 3098/5008/4047 3099/5008/4048 3100/5008/4049
f 3101/5009/4050 3102/5009/4051 3103/5009/4052
f 3104/5010/4053 3105/5010/4054 3106/5010/4055
f 3107/5011/4056 3108/5011/4057 3109/5011/4058
f 3110/5012/4059 3111/5012/4060 3112/5012/4061
f 3113/5013/4062 3114/5013/4063 3115/5013/4064
f 3116/5014/4065 3117/5014/4066 3118/5014/4067
f 3101/5015/4068 3095/5016/4069 3097/5017/4070 3102/5018/4071
f 3096/5019/4072 3098/5020/4073 3100/5021/4074 3097/5022/4075
f 3099/5023/4076 3104/5024/4077 3106/5025/4078 3100/5026/4079
f 3105/5027/4080 3103/5028/4081 3102/5029/4082 3106/5030/4083
f 3113/5031/4084 3101/5015/4085 3103/5032/4086 3114/5033/4087
f 3104/5024/4088 3116/5034/4089 3118/5035/4090 3105/5036/4091
f 3117/5037/4092 3115/5038/4093 3114/5039/4094 3118/5040/4095
f 3107/5041/4096 3113/5031/4097 3115/5042/4098 3108/5043/4099
f 3116/5034/4100 3110/5044/4101 3112/5045/4102 3117/5046/4103
f 3111/5047/4104 3109/5048/4105 3108/5049/4106 3112/5050/4107
f 3095/5016/4108 3107/5041/4109 3109/5051/4110 3096/5052/4111
f 3110/5044/4112 3099/5023/4113 3098/5053/4114 3111/5054/4115
f 3101/5015/4020 3113/5031/4116 3107/5041/4022 3095/5016/4117
f 3097/5055/4118 3100/5056/4119 3106/5057/4120 3102/5058/4121
f 3109/5048/4122 3111/5047/4123 3098/5020/4124 3096/5019/4125
f 3116/5034/4126 3104/5024/4127 3099/5023/4128 3110/5044/4035
f 3103/5028/4129 3105/5027/4130 3118/5040/4131 3114/5039/4132
f 3115/5059/4133 3117/5060/4134 3112/5061/4135 3108/5062/4136
f 3119/5063/4137 3120/5063/4138 3121/5063/4139
f 3122/5064/4140 3123/5064/4141 3124/5064/4142
f 3125/5065/4143 3126/5065/4144 3127/5065/4145
f 3128/5066/4146 3129/5066/4147 3130/5066/4148
f 3131/5067/4149 3132/5067/4150 3133/5067/4151
f 3134/5068/4152 3135/5068/4153 3136/5068/4154
f 3137/5069/4155 3138/5069/4156 3139/5069/4157
f 3140/5070/4158 3141/5070/4159 3142/5070/4160
f 3125/5071/4161 3119/5072/4162 3121/5073/4163 3126/5074/4164
f 3120/5075/4165 3122/5076/4166 3124/5077/4167 3121/5078/4168
f 3123/5079/4169 3128/5080/4170 3130/5081/4171 3124/5082/4172
f 3129/5083/4173 3127/5084/4174 3126/5085/4175 3130/5086/4176
f 3137/5087/4177 3125/5071/4178 3127/5088/4179 3138/5089/4180
f 3128/5080/4181 3140/5090/4182 3142/5091/4183 3129/5092/4184
f 3141/5093/4185 3139/5094/4186 3138/5095/4187 3142/5096/4188
f 3131/5097/4189 3137/5087/4190 3139/5098/4191 3132/5099/4192
f 3140/5090/4193 3134/5100/4194 3136/5101/4195 3141/5102/4196
f 3135/5103/4197 3133/5104/4198 3132/5105/4199 3136/5106/4200
f 3119/5072/4201 3131/5097/4202 3133/5107/4203 3120/5108/4204
f 3134/5100/4205 3123/5079/4206 3122/5109/4207 3135/5110/4208
f 3125/5071/4209 3137/5087/4116 3131/5097/4210 3119/5072/4211
f 3121/5111/4212 3124/5112/4213 3130/5113/4214 3126/5114/4215
f 3133/5104/4216 3135/5103/4217 3122/5076/4218 3120/5075/4219
f 3140/5090/4220 3128/5080/4221 3123/5079/4128 3134/5100/4222
f 3127/5084/4223 3129/5083/4224 3142/5096/4225 3138/5095/4226
f 3139/5115/4227 3141/5116/4228 3136/5117/4229 3132/5118/4230
f 3143/5119/4231 3144/5119/4232 3145/5119/4233
f 3146/5120/4234 3147/5120/4235 3148/5120/4236
f 3149/5121/4237 3150/5121/4238 3151/5121/4239
f 3152/5122/4240 3153/5122/4241 3154/5122/4242
f 3155/5123/4243 3156/5123/4244 3157/5123/4245
f 3158/5124/4246 3159/5124/4247 3160/5124/4248
f 3161/5125/4249 3162/5125/4250 3163/5125/4251
f 3164/5126/4252 3165/5126/4253 3166/5126/4254
f 3149/5127/4255 3143/5128/4256 3145/5129/4257 3150/5130/4258
f 3144/5131/4259 3146/5132/4260 3148/5133/4261 3145/5134/4262
f 3147/5135/4263 3152/5136/4264 3154/5137/4265 3148/5138/4266
f 3153/5139/4267 3151/5140/4268 3150/5141/4269 3154/5142/4270
f 3161/5143/4271 3149/5127/4272 3151/5144/4273 3162/5145/4274
f 3152/5136/4275 3164/5146/4276 3166/5147/4277 3153/5148/4278
f 3165/5149/4279 3163/5150/4280 3162/5151/4281 3166/5152/4282
f 3155/5153/4283 3161/5143/4284 3163/5154/4285 3156/5155/4286
f 3164/5146/4287 3158/5156/4288 3160/5157/4289 3165/5158/4290
f 3159/5159/4291 3157/5160/4292 3156/5161/4293 3160/5162/4294
f 3143/5128/4295 3155/5153/4296 3157/5163/4297 3144/5164/4298
f 3158/5156/4299 3147/5135/4300 3146/5165/4301 3159/5166/4302
f 3149/5127/4209 3161/5143/4303 3155/5153/4304 3143/5128/4305
f 3145/5167/4306 3148/5168/4307 3154/5169/4308 3150/5170/4309
f 3157/5160/4310 3159/5159/4311 3146/5132/4312 3144/5131/4313
f 3164/5146/4314 3152/5136/4315 3147/5135/4316 3158/5156/4222
f 3151/5140/4317 3153/5139/4318 3166/5152/4319 3162/5151/4320
f 3163/5171/4321 3165/5172/4322 3160/5173/4323 3156/5174/4324
f 3167/5175/4325 3168/5175/4326 3169/5175/4327
f 3170/5176/4328 3171/5176/4329 3172/5176/4330
f 3173/5177/4331 3174/5177/4332 3175/5177/4333
f 3176/5178/4334 3177/5178/4335 3178/5178/4336
f 3179/5179/4337 3180/5179/4338 3181/5179/4339
f 3182/5180/4340 3183/5180/4341 3184/5180/4342
f 3185/5181/4343 3186/5181/4344 3187/5181/4345
f 3188/5182/4346 3189/5182/4347 3190/5182/4348
f 3173/5183/4349 3167/5184/4350 3169/5185/4351 3174/5186/4352
f 3168/5187/4353 3170/5188/4354 3172/5189/4355 3169/5190/4356
f 3171/5191/4357 3176/5192/4358 3178/5193/4359 3172/5194/4360
f 3177/5195/4361 3175/5196/4362 3174/5197/4363 3178/5198/4364
f 3185/5199/4365 3173/5183/4366 3175/5200/4367 3186/5201/4368
f 3176/5192/4369 3188/5202/4370 3190/5203/4371 3177/5204/4372
f 3189/5205/4373 3187/5206/4374 3186/5207/4375 3190/5208/4376
f 3179/5209/4377 3185/5199/4378 3187/5210/4379 3180/5211/4380
f 3188/5202/4381 3182/5212/4382 3184/5213/4383 3189/5214/4384
f 3183/5215/4385 3181/5216/4386 3180/5217/4387 3184/5218/4388
f 3167/5184/4389 3179/5209/4390 3181/5219/4391 3168/5220/4392
f 3182/5212/4393 3171/5191/4394 3170/5221/4395 3183/5222/4396
f 3173/5183/4397 3185/5199/4116 3179/5209/4398 3167/5184/4305
f 3169/5223/4399 3172/5224/4400 3178/5198/4401 3174/5197/4402
f 3181/5225/4403 3183/5226/4404 3170/5188/4405 3168/5187/4406
f 3188/5202/4407 3176/5192/4408 3171/5191/4316 3182/5212/4409
f 3175/5227/4410 3177/5228/4411 3190/5208/4412 3186/5207/4413
f 3187/5229/4414 3189/5230/4415 3184/5218/4416 3180/5217/4417
f 3191/5231/4418 3192/5231/4419 3193/5231/4420
f 3194/5232/4421 3195/5232/4422 3196/5232/4423
f 3197/5233/4424 3198/5233/4425 3199/5233/4426
f 3200/5234/4427 3201/5234/4428 3202/5234/4429
f 3203/5235/4430 3204/5235/4431 3205/5235/4432
f 3206/5236/4433 3207/5236/4434 3208/5236/4435
f 3209/5237/4436 3210/5237/4437 3211/5237/4438
f 3212/5238/4439 3213/5238/4440 3214/5238/4441
f 3197/5239/4442 3191/5240/4443 3193/5241/4444 3198/5242/4445
f 3192/5243/4446 3194/5244/4447 3196/5245/4448 3193/5246/4449
f 3195/5247/4450 3200/5248/4451 3202/5249/4452 3196/5250/4453
f 3201/5251/4454 3199/5252/4455 3198/5253/4456 3202/5254/4457
f 3209/5255/4458 3197/5239/4459 3199/5256/4460 3210/5257/4461
f 3200/5248/4462 3212/5258/4463 3214/5259/4464 3201/5260/4465
f 3213/5261/4466 3211/5262/4467 3210/5263/4468 3214/5264/4469
f 3203/5265/4470 3209/5255/4471 3211/5266/4472 3204/5267/4473
f 3212/5258/4474 3206/5268/4475 3208/5269/4476 3213/5270/4477
f 3207/5271/4478 3205/5272/4479 3204/5273/4480 3208/5274/4481
f 3191/5240/4482 3203/5265/4483 3205/5275/4484 3192/5276/4485
f 3206/5268/4486 3195/5247/4487 3194/5277/4488 3207/5278/4489
f 3197/5239/4490 3209/5255/4491 3203/5265/4492 3191/5240/4493
f 3193/5246/4494 3196/5245/4495 3202/5254/4496 3198/5253/4497
f 3205/5279/4498 3207/5280/4499 3194/5281/4500 3192/5282/4501
f 3212/5258/4502 3200/5248/4503 3195/5247/4504 3206/5268/4505
f 3199/5283/4506 3201/5284/4507 3214/5285/4508 3210/5286/4509
f 3211/5262/4510 3213/5261/4511 3208/5274/4512 3204/5273/4513
f 3215/5287/4514 3216/5287/4515 3217/5287/4516
f 3218/5288/4517 3219/5288/4518 3220/5288/4519
f 3221/5289/4520 3222/5289/4521 3223/5289/4522
f 3224/5290/4523 3225/5290/4524 3226/5290/4525
f 3227/5291/4526 3228/5291/4527 3229/5291/4528
f 3230/5292/4529 3231/5292/4530 3232/5292/4531
f 3233/5293/4532 3234/5293/4533 3235/5293/4534
f 3236/5294/4535 3237/5294/4536 3238/5294/4537
f 3221/5295/4538 3215/5296/4539 3217/5297/4540 3222/5298/4541
f 3216/5299/4542 3218/5300/4543 3220/5301/4544 3217/5302/4545
f 3219/5303/4546 3224/5304/4547 3226/5305/4548 3220/5306/4549
f 3225/5307/4550 3223/5308/4551 3222/5309/4552 3226/5310/4553
f 3233/5311/4554 3221/5295/4555 3223/5312/4556 3234/5313/4557
f 3224/5304/4558 3236/5314/4559 3238/5315/4560 3225/5316/4561
f 3237/5317/4562 3235/5318/4563 3234/5319/4564 3238/5320/4565
f 3227/5321/4566 3233/5311/4567 3235/5322/4568 3228/5323/4569
f 3236/5314/4570 3230/5324/4571 3232/5325/4572 3237/5326/4573
f 3231/5327/4574 3229/5328/4575 3228/5329/4576 3232/5330/4577
f 3215/5296/4578 3227/5321/4579 3229/5331/4580 3216/5332/4581
f 3230/5324/4582 3219/5303/4583 3218/5333/4584 3231/5334/4585
f 3221/5295/4586 3233/5311/4587 3227/5321/4588 3215/5296/4589
f 3217/5302/4590 3220/5301/4591 3226/5310/4592 3222/5309/4593
f 3229/5335/4594 3231/5336/4595 3218/5337/4596 3216/5338/4597
f 3236/5314/4598 3224/5304/4599 3219/5303/4600 3230/5324/4601
f 3223/5339/4602 3225/5340/4603 3238/5341/4604 3234/5342/4605
f 3235/5318/4606 3237/5317/4607 3232/5330/4608 3228/5329/4609
