# Blender 5.1.1
# www.blender.org
mtllib fallback_snap_back_v13_REAL_FRONT_CLAWS_LOCKED_SIZE.mtl
o SnapBack_v13_REAL_FRONT_CLAWS_Handle
v 0.000000 0.209764 0.059415
v 0.000000 0.204415 0.055236
v 0.000000 0.200236 0.060585
v 0.001041 0.208862 0.057347
v 0.001804 0.206926 0.055990
v 0.002083 0.204473 0.055708
v 0.001804 0.202161 0.056575
v 0.001041 0.200611 0.058360
v 0.001876 0.208944 0.058008
v 0.003250 0.207066 0.057135
v 0.003753 0.204635 0.057030
v 0.003250 0.202302 0.057720
v 0.001876 0.200692 0.059021
v 0.002340 0.209061 0.058963
v 0.004053 0.207269 0.058789
v 0.004680 0.204870 0.058940
v 0.004053 0.202505 0.059374
v 0.002340 0.200809 0.059977
v 0.002340 0.209191 0.060023
v 0.004053 0.207495 0.060626
v 0.004680 0.205130 0.061060
v 0.004053 0.202731 0.061211
v 0.002340 0.200939 0.061037
v 0.001876 0.209308 0.060979
v 0.003250 0.207698 0.062280
v 0.003753 0.205365 0.062970
v 0.003250 0.202934 0.062865
v 0.001876 0.201056 0.061992
v 0.001041 0.209389 0.061640
v 0.001804 0.207839 0.063425
v 0.002083 0.205527 0.064292
v 0.001804 0.203074 0.064010
v 0.001041 0.201138 0.062653
v -0.000000 0.209418 0.061876
v -0.000000 0.207889 0.063833
v -0.000000 0.205585 0.064764
v -0.000000 0.203124 0.064418
v -0.000000 0.201167 0.062889
v -0.001041 0.209389 0.061640
v -0.001804 0.207839 0.063425
v -0.002083 0.205527 0.064292
v -0.001804 0.203074 0.064010
v -0.001041 0.201138 0.062653
v -0.001876 0.209308 0.060979
v -0.003250 0.207698 0.062280
v -0.003753 0.205365 0.062970
v -0.003250 0.202934 0.062865
v -0.001876 0.201056 0.061992
v -0.002340 0.209191 0.060023
v -0.004053 0.207495 0.060626
v -0.004680 0.205130 0.061060
v -0.004053 0.202731 0.061211
v -0.002340 0.200939 0.061037
v -0.002340 0.209061 0.058963
v -0.004053 0.207269 0.058789
v -0.004680 0.204870 0.058940
v -0.004053 0.202505 0.059374
v -0.002340 0.200809 0.059977
v -0.001876 0.208944 0.058008
v -0.003250 0.207066 0.057135
v -0.003753 0.204635 0.057030
v -0.003250 0.202302 0.057720
v -0.001876 0.200692 0.059021
v -0.001041 0.208862 0.057347
v -0.001804 0.206926 0.055990
v -0.002083 0.204473 0.055708
v -0.001804 0.202161 0.056575
v -0.001041 0.200611 0.058360
v 0.000000 0.208833 0.057111
v 0.000000 0.206875 0.055582
v 0.000000 0.202111 0.056167
v 0.000000 0.200582 0.058124
v 0.000000 0.209142 0.057406
v 0.000000 0.208633 0.056015
v 0.000000 0.206872 0.055308
v 0.000000 0.204531 0.055553
v 0.000000 0.202505 0.056657
v 0.000000 0.201567 0.058199
v 0.001123 0.208605 0.056212
v 0.001817 0.206825 0.055626
v 0.001817 0.204485 0.055871
v 0.001123 0.202476 0.056853
v 0.001945 0.208526 0.056748
v 0.003147 0.206699 0.056494
v 0.003147 0.204358 0.056739
v 0.001945 0.202398 0.057390
v 0.002246 0.208419 0.057481
v 0.003633 0.206525 0.057680
v 0.003633 0.204185 0.057925
v 0.002246 0.202291 0.058123
v 0.001945 0.208312 0.058214
v 0.003147 0.206352 0.058866
v 0.003147 0.204011 0.059111
v 0.001945 0.202184 0.058856
v 0.001123 0.208234 0.058751
v 0.001817 0.206225 0.059734
v 0.001817 0.203884 0.059979
v 0.001123 0.202105 0.059393
v 0.000000 0.208205 0.058947
v -0.000000 0.206179 0.060052
v -0.000000 0.203838 0.060297
v 0.000000 0.202077 0.059589
v -0.001123 0.208234 0.058751
v -0.001817 0.206225 0.059734
v -0.001817 0.203884 0.059979
v -0.001123 0.202105 0.059393
v -0.001945 0.208312 0.058214
v -0.003147 0.206352 0.058866
v -0.003147 0.204011 0.059111
v -0.001945 0.202184 0.058856
v -0.002246 0.208419 0.057481
v -0.003633 0.206525 0.057680
v -0.003633 0.204185 0.057925
v -0.002246 0.202291 0.058123
v -0.001945 0.208526 0.056748
v -0.003147 0.206699 0.056494
v -0.003147 0.204358 0.056739
v -0.001945 0.202398 0.057390
v -0.001123 0.208605 0.056212
v -0.001817 0.206825 0.055626
v -0.001817 0.204485 0.055871
v -0.001123 0.202476 0.056853
v -0.004102 0.198910 0.064511
v -0.004102 0.198912 0.064524
v -0.004114 0.198914 0.064511
v -0.004102 0.201429 0.064260
v -0.004102 0.201435 0.064247
v -0.004114 0.201431 0.064247
v -0.004102 0.200143 0.056072
v -0.004114 0.200147 0.056072
v -0.004102 0.200148 0.056059
v -0.004102 0.202668 0.055808
v -0.004102 0.202666 0.055796
v -0.004114 0.202664 0.055808
v 0.004102 0.198910 0.064511
v 0.004114 0.198914 0.064511
v 0.004102 0.198912 0.064524
v 0.004102 0.201435 0.064247
v 0.004102 0.201429 0.064260
v 0.004114 0.201431 0.064247
v 0.004102 0.200143 0.056072
v 0.004102 0.200148 0.056059
v 0.004114 0.200147 0.056072
v 0.004102 0.202668 0.055808
v 0.004114 0.202664 0.055808
v 0.004102 0.202666 0.055796
v 0.000000 0.208052 0.063439
v 0.000000 0.206971 0.062402
v 0.000000 0.204904 0.061952
v 0.000000 0.202641 0.062261
v 0.000000 0.201045 0.063210
v 0.000000 0.200727 0.064438
v 0.000734 0.207022 0.062554
v 0.001188 0.204987 0.062197
v 0.001188 0.202724 0.062506
v 0.000734 0.201096 0.063362
v 0.001272 0.207162 0.062968
v 0.002057 0.205213 0.062868
v 0.002057 0.202949 0.063177
v 0.001272 0.201236 0.063777
v 0.001468 0.207352 0.063534
v 0.002376 0.205521 0.063784
v 0.002376 0.203257 0.064093
v 0.001468 0.201426 0.064343
v 0.001272 0.207543 0.064101
v 0.002057 0.205829 0.064700
v 0.002057 0.203566 0.065009
v 0.001272 0.201617 0.064909
v 0.000734 0.207682 0.064515
v 0.001188 0.206055 0.065371
v 0.001188 0.203791 0.065680
v 0.000734 0.201756 0.065323
v 0.000000 0.207733 0.064667
v -0.000000 0.206137 0.065616
v -0.000000 0.203874 0.065925
v 0.000000 0.201807 0.065475
v -0.000734 0.207682 0.064515
v -0.001188 0.206055 0.065371
v -0.001188 0.203791 0.065680
v -0.000734 0.201756 0.065323
v -0.001272 0.207543 0.064101
v -0.002057 0.205829 0.064700
v -0.002057 0.203566 0.065009
v -0.001272 0.201617 0.064909
v -0.001468 0.207352 0.063534
v -0.002376 0.205521 0.063784
v -0.002376 0.203257 0.064093
v -0.001468 0.201426 0.064343
v -0.001272 0.207162 0.062968
v -0.002057 0.205213 0.062868
v -0.002057 0.202949 0.063177
v -0.001272 0.201236 0.063777
v -0.000734 0.207022 0.062554
v -0.001188 0.204987 0.062197
v -0.001188 0.202724 0.062506
v -0.000734 0.201096 0.063362
v -0.002008 0.203727 0.067210
v -0.001732 0.203632 0.065924
v -0.001562 0.202481 0.065229
v -0.001562 0.200714 0.065390
v -0.001732 0.199005 0.066346
v -0.002008 0.198008 0.067731
v -0.001345 0.203498 0.066320
v -0.000935 0.202265 0.065870
v -0.000935 0.200497 0.066031
v -0.001345 0.198871 0.066742
v -0.001135 0.203279 0.066968
v -0.000596 0.201911 0.066917
v -0.000596 0.200143 0.067078
v -0.001135 0.198652 0.067389
v -0.001159 0.203034 0.067693
v -0.000635 0.201514 0.068092
v -0.000635 0.199746 0.068253
v -0.001159 0.198407 0.068115
v -0.001411 0.202828 0.068303
v -0.001042 0.201180 0.069078
v -0.001042 0.199413 0.069239
v -0.001411 0.198201 0.068724
v -0.001823 0.202716 0.068633
v -0.001708 0.201000 0.069612
v -0.001708 0.199232 0.069773
v -0.001823 0.198090 0.069054
v -0.002284 0.202729 0.068595
v -0.002454 0.201021 0.069550
v -0.002454 0.199253 0.069711
v -0.002284 0.198102 0.069016
v -0.002671 0.202863 0.068199
v -0.003081 0.201237 0.068910
v -0.003081 0.199470 0.069071
v -0.002671 0.198236 0.068620
v -0.002881 0.203082 0.067551
v -0.003421 0.201591 0.067862
v -0.003421 0.199824 0.068023
v -0.002881 0.198455 0.067973
v -0.002857 0.203327 0.066826
v -0.003382 0.201988 0.066688
v -0.003382 0.200221 0.066849
v -0.002857 0.198700 0.067247
v -0.002605 0.203533 0.066216
v -0.002974 0.202322 0.065702
v -0.002974 0.200554 0.065863
v -0.002605 0.198906 0.066638
v -0.002194 0.203645 0.065886
v -0.002308 0.202502 0.065168
v -0.002308 0.200735 0.065329
v -0.002194 0.199018 0.066308
v -0.002694 0.203564 0.069166
v -0.002451 0.203285 0.068551
v -0.002351 0.202164 0.068388
v -0.002451 0.200859 0.068772
v -0.002694 0.200133 0.069479
v -0.002049 0.203122 0.069035
v -0.001782 0.201933 0.069072
v -0.002049 0.200695 0.069256
v -0.001819 0.202942 0.069566
v -0.001457 0.201679 0.069823
v -0.001819 0.200516 0.069787
v -0.001824 0.202795 0.070002
v -0.001464 0.201471 0.070439
v -0.001824 0.200368 0.070223
v -0.002062 0.202719 0.070226
v -0.001800 0.201364 0.070757
v -0.002062 0.200293 0.070447
v -0.002469 0.202735 0.070179
v -0.002376 0.201386 0.070690
v -0.002469 0.200309 0.070400
v -0.002936 0.202839 0.069872
v -0.003037 0.201533 0.070256
v -0.002936 0.200412 0.070093
v -0.003339 0.203002 0.069389
v -0.003606 0.201764 0.069573
v -0.003339 0.200576 0.069610
v -0.003568 0.203181 0.068858
v -0.003931 0.202018 0.068822
v -0.003568 0.200755 0.069079
v -0.003564 0.203329 0.068422
v -0.003924 0.202226 0.068205
v -0.003564 0.200902 0.068643
v -0.003326 0.203405 0.068197
v -0.003588 0.202334 0.067888
v -0.003326 0.200978 0.068418
v -0.002919 0.203389 0.068245
v -0.003012 0.202311 0.067955
v -0.002919 0.200962 0.068466
v -0.001224 0.200648 0.069432
v -0.001349 0.200415 0.068870
v -0.001400 0.199448 0.068717
v -0.001349 0.198312 0.069062
v -0.001224 0.197674 0.069703
v -0.000910 0.200461 0.068735
v -0.000780 0.199512 0.068526
v -0.000910 0.198358 0.068927
v -0.000556 0.200440 0.068798
v -0.000280 0.199483 0.068614
v -0.000556 0.198337 0.068989
v -0.000381 0.200358 0.069040
v -0.000032 0.199367 0.068958
v -0.000381 0.198255 0.069232
v -0.000432 0.200237 0.069399
v -0.000104 0.199195 0.069464
v -0.000432 0.198134 0.069590
v -0.000695 0.200109 0.069776
v -0.000476 0.199015 0.069998
v -0.000695 0.198006 0.069968
v -0.001100 0.200009 0.070072
v -0.001049 0.198873 0.070417
v -0.001100 0.197906 0.070264
v -0.001539 0.199963 0.070207
v -0.001669 0.198809 0.070608
v -0.001539 0.197860 0.070399
v -0.001893 0.199984 0.070145
v -0.002169 0.198839 0.070520
v -0.001893 0.197881 0.070337
v -0.002068 0.200066 0.069902
v -0.002417 0.198955 0.070177
v -0.002068 0.197963 0.070094
v -0.002017 0.200188 0.069544
v -0.002345 0.199126 0.069670
v -0.002017 0.198085 0.069736
v -0.001754 0.200315 0.069166
v -0.001973 0.199306 0.069136
v -0.001754 0.198212 0.069358
v -0.003820 0.202924 0.070568
v -0.003690 0.202719 0.070214
v -0.003636 0.201964 0.070128
v -0.003690 0.201101 0.070361
v -0.003820 0.200636 0.070777
v -0.003517 0.202638 0.070453
v -0.003392 0.201850 0.070466
v -0.003517 0.201021 0.070600
v -0.003460 0.202539 0.070748
v -0.003311 0.201709 0.070883
v -0.003460 0.200921 0.070895
v -0.003541 0.202458 0.070985
v -0.003425 0.201595 0.071219
v -0.003541 0.200841 0.071133
v -0.003728 0.202428 0.071076
v -0.003690 0.201552 0.071347
v -0.003728 0.200810 0.071223
v -0.003950 0.202459 0.070984
v -0.004004 0.201596 0.071217
v -0.003950 0.200841 0.071131
v -0.004123 0.202540 0.070745
v -0.004249 0.201710 0.070879
v -0.004123 0.200922 0.070892
v -0.004181 0.202639 0.070450
v -0.004330 0.201851 0.070462
v -0.004181 0.201022 0.070598
v -0.004100 0.202720 0.070212
v -0.004216 0.201965 0.070126
v -0.004100 0.201102 0.070360
v -0.003913 0.202750 0.070122
v -0.003951 0.202008 0.069999
v -0.003913 0.201133 0.070270
v -0.000490 0.199623 0.070496
v -0.000563 0.199440 0.070171
v -0.000593 0.198762 0.070091
v -0.000563 0.197984 0.070304
v -0.000490 0.197564 0.070683
v -0.000371 0.199448 0.070147
v -0.000321 0.198773 0.070058
v -0.000371 0.197993 0.070280
v -0.000224 0.199408 0.070267
v -0.000114 0.198716 0.070227
v -0.000224 0.197952 0.070400
v -0.000179 0.199334 0.070485
v -0.000050 0.198612 0.070535
v -0.000179 0.197878 0.070617
v -0.000253 0.199256 0.070717
v -0.000155 0.198501 0.070864
v -0.000253 0.197800 0.070850
v -0.000417 0.199202 0.070876
v -0.000387 0.198425 0.071088
v -0.000417 0.197746 0.071008
v -0.000609 0.199194 0.070899
v -0.000658 0.198414 0.071121
v -0.000609 0.197738 0.071032
v -0.000756 0.199235 0.070779
v -0.000866 0.198471 0.070952
v -0.000756 0.197779 0.070912
v -0.000800 0.199308 0.070562
v -0.000929 0.198575 0.070644
v -0.000800 0.197852 0.070694
v -0.000727 0.199387 0.070329
v -0.000825 0.198686 0.070315
v -0.000727 0.197931 0.070462
v -0.002405 0.198194 0.071606
v -0.002405 0.198196 0.071609
v -0.002406 0.198197 0.071605
v -0.002405 0.201050 0.071349
v -0.002405 0.201054 0.071345
v -0.002406 0.201051 0.071345
v -0.002155 0.199278 0.068400
v -0.002155 0.199281 0.068400
v -0.002155 0.199282 0.068397
v -0.002155 0.202138 0.068140
v -0.002155 0.202136 0.068137
v -0.002155 0.202135 0.068140
v -0.001862 0.198159 0.071711
v -0.001861 0.198162 0.071710
v -0.001862 0.198161 0.071714
v -0.001862 0.201018 0.071450
v -0.001862 0.201015 0.071454
v -0.001861 0.201016 0.071450
v -0.001611 0.199242 0.068505
v -0.001611 0.199246 0.068502
v -0.001611 0.199245 0.068505
v -0.001611 0.202102 0.068245
v -0.001611 0.202099 0.068245
v -0.001611 0.202100 0.068242
v 0.002008 0.203727 0.067210
v 0.001732 0.203632 0.065924
v 0.001562 0.202481 0.065229
v 0.001562 0.200714 0.065390
v 0.001732 0.199005 0.066346
v 0.002008 0.198008 0.067731
v 0.002194 0.203645 0.065886
v 0.002308 0.202502 0.065168
v 0.002308 0.200735 0.065329
v 0.002194 0.199018 0.066308
v 0.002605 0.203533 0.066216
v 0.002974 0.202322 0.065702
v 0.002974 0.200554 0.065863
v 0.002605 0.198906 0.066638
v 0.002857 0.203327 0.066826
v 0.003382 0.201988 0.066688
v 0.003382 0.200221 0.066849
v 0.002857 0.198700 0.067247
v 0.002881 0.203082 0.067551
v 0.003421 0.201591 0.067862
v 0.003421 0.199824 0.068023
v 0.002881 0.198455 0.067973
v 0.002671 0.202863 0.068199
v 0.003081 0.201237 0.068910
v 0.003081 0.199470 0.069071
v 0.002671 0.198236 0.068620
v 0.002284 0.202729 0.068595
v 0.002454 0.201021 0.069550
v 0.002454 0.199253 0.069711
v 0.002284 0.198102 0.069016
v 0.001823 0.202716 0.068633
v 0.001708 0.201000 0.069612
v 0.001708 0.199232 0.069773
v 0.001823 0.198090 0.069054
v 0.001411 0.202828 0.068303
v 0.001042 0.201180 0.069078
v 0.001042 0.199413 0.069239
v 0.001411 0.198201 0.068724
v 0.001159 0.203034 0.067693
v 0.000635 0.201514 0.068092
v 0.000635 0.199746 0.068253
v 0.001159 0.198407 0.068115
v 0.001135 0.203279 0.066968
v 0.000596 0.201911 0.066917
v 0.000596 0.200143 0.067078
v 0.001135 0.198652 0.067389
v 0.001345 0.203498 0.066320
v 0.000935 0.202265 0.065870
v 0.000935 0.200497 0.066031
v 0.001345 0.198871 0.066742
v 0.002694 0.203564 0.069166
v 0.002451 0.203285 0.068551
v 0.002351 0.202164 0.068388
v 0.002451 0.200859 0.068772
v 0.002694 0.200133 0.069479
v 0.002919 0.203389 0.068245
v 0.003012 0.202311 0.067955
v 0.002919 0.200962 0.068466
v 0.003326 0.203405 0.068197
v 0.003588 0.202334 0.067888
v 0.003326 0.200978 0.068418
v 0.003564 0.203329 0.068422
v 0.003924 0.202226 0.068205
v 0.003564 0.200902 0.068643
v 0.003568 0.203181 0.068858
v 0.003931 0.202018 0.068822
v 0.003568 0.200755 0.069079
v 0.003339 0.203002 0.069389
v 0.003606 0.201764 0.069573
v 0.003339 0.200576 0.069610
v 0.002936 0.202839 0.069872
v 0.003037 0.201533 0.070256
v 0.002936 0.200412 0.070093
v 0.002469 0.202735 0.070179
v 0.002376 0.201386 0.070690
v 0.002469 0.200309 0.070400
v 0.002062 0.202719 0.070226
v 0.001800 0.201364 0.070757
v 0.002062 0.200293 0.070447
v 0.001824 0.202795 0.070002
v 0.001464 0.201471 0.070439
v 0.001824 0.200368 0.070223
v 0.001819 0.202942 0.069566
v 0.001457 0.201679 0.069823
v 0.001819 0.200516 0.069787
v 0.002049 0.203122 0.069035
v 0.001782 0.201933 0.069072
v 0.002049 0.200695 0.069256
v 0.001224 0.200648 0.069432
v 0.001349 0.200415 0.068870
v 0.001400 0.199448 0.068717
v 0.001349 0.198312 0.069062
v 0.001224 0.197674 0.069703
v 0.001754 0.200315 0.069166
v 0.001973 0.199306 0.069136
v 0.001754 0.198212 0.069358
v 0.002017 0.200188 0.069544
v 0.002345 0.199126 0.069670
v 0.002017 0.198085 0.069736
v 0.002068 0.200066 0.069902
v 0.002417 0.198955 0.070177
v 0.002068 0.197963 0.070094
v 0.001893 0.199984 0.070145
v 0.002169 0.198839 0.070520
v 0.001893 0.197881 0.070337
v 0.001539 0.199963 0.070207
v 0.001669 0.198809 0.070608
v 0.001539 0.197860 0.070399
v 0.001100 0.200009 0.070072
v 0.001049 0.198873 0.070417
v 0.001100 0.197906 0.070264
v 0.000695 0.200109 0.069776
v 0.000476 0.199015 0.069998
v 0.000695 0.198006 0.069968
v 0.000432 0.200237 0.069399
v 0.000104 0.199195 0.069464
v 0.000432 0.198134 0.069590
v 0.000381 0.200358 0.069040
v 0.000032 0.199367 0.068958
v 0.000381 0.198255 0.069232
v 0.000556 0.200440 0.068798
v 0.000280 0.199483 0.068614
v 0.000556 0.198337 0.068989
v 0.000910 0.200461 0.068735
v 0.000780 0.199512 0.068526
v 0.000910 0.198358 0.068927
v 0.003820 0.202924 0.070568
v 0.003690 0.202719 0.070214
v 0.003636 0.201964 0.070128
v 0.003690 0.201101 0.070361
v 0.003820 0.200636 0.070777
v 0.003913 0.202750 0.070122
v 0.003951 0.202008 0.069999
v 0.003913 0.201133 0.070270
v 0.004100 0.202720 0.070212
v 0.004216 0.201965 0.070126
v 0.004100 0.201102 0.070360
v 0.004181 0.202639 0.070450
v 0.004330 0.201851 0.070462
v 0.004181 0.201022 0.070598
v 0.004123 0.202540 0.070745
v 0.004249 0.201710 0.070879
v 0.004123 0.200922 0.070892
v 0.003950 0.202459 0.070984
v 0.004004 0.201596 0.071217
v 0.003950 0.200841 0.071131
v 0.003728 0.202428 0.071076
v 0.003690 0.201552 0.071347
v 0.003728 0.200810 0.071223
v 0.003541 0.202458 0.070985
v 0.003425 0.201595 0.071219
v 0.003541 0.200841 0.071133
v 0.003460 0.202539 0.070748
v 0.003311 0.201709 0.070883
v 0.003460 0.200921 0.070895
v 0.003517 0.202638 0.070453
v 0.003392 0.201850 0.070466
v 0.003517 0.201021 0.070600
v 0.000490 0.199623 0.070496
v 0.000563 0.199440 0.070171
v 0.000593 0.198762 0.070091
v 0.000563 0.197984 0.070304
v 0.000490 0.197564 0.070683
v 0.000727 0.199387 0.070329
v 0.000825 0.198686 0.070315
v 0.000727 0.197931 0.070462
v 0.000800 0.199308 0.070562
v 0.000929 0.198575 0.070644
v 0.000800 0.197852 0.070694
v 0.000756 0.199235 0.070779
v 0.000866 0.198471 0.070952
v 0.000756 0.197779 0.070912
v 0.000609 0.199194 0.070899
v 0.000658 0.198414 0.071121
v 0.000609 0.197738 0.071032
v 0.000417 0.199202 0.070876
v 0.000387 0.198425 0.071088
v 0.000417 0.197746 0.071008
v 0.000253 0.199256 0.070717
v 0.000155 0.198501 0.070864
v 0.000253 0.197800 0.070850
v 0.000179 0.199334 0.070485
v 0.000050 0.198612 0.070535
v 0.000179 0.197878 0.070617
v 0.000224 0.199408 0.070267
v 0.000114 0.198716 0.070227
v 0.000224 0.197952 0.070400
v 0.000371 0.199448 0.070147
v 0.000321 0.198773 0.070058
v 0.000371 0.197993 0.070280
v 0.001862 0.198159 0.071711
v 0.001862 0.198161 0.071714
v 0.001861 0.198162 0.071710
v 0.001862 0.201015 0.071454
v 0.001862 0.201018 0.071450
v 0.001861 0.201016 0.071450
v 0.001611 0.199242 0.068505
v 0.001611 0.199245 0.068505
v 0.001611 0.199246 0.068502
v 0.001611 0.202102 0.068245
v 0.001611 0.202100 0.068242
v 0.001611 0.202099 0.068245
v 0.002405 0.198194 0.071606
v 0.002406 0.198197 0.071605
v 0.002405 0.198196 0.071609
v 0.002405 0.201054 0.071345
v 0.002405 0.201050 0.071349
v 0.002406 0.201051 0.071345
v 0.002155 0.199278 0.068400
v 0.002155 0.199282 0.068397
v 0.002155 0.199281 0.068400
v 0.002155 0.202138 0.068140
v 0.002155 0.202135 0.068140
v 0.002155 0.202136 0.068137
v -0.003067 0.203028 0.067310
v -0.003067 0.203029 0.067311
v -0.003069 0.203029 0.067309
v -0.003067 0.204170 0.067207
v -0.003067 0.204172 0.067206
v -0.003069 0.204171 0.067205
v -0.002995 0.203146 0.066959
v -0.002997 0.203148 0.066958
v -0.002995 0.203148 0.066959
v -0.002995 0.204290 0.066855
v -0.002995 0.204289 0.066855
v -0.002997 0.204289 0.066854
v -0.001022 0.202674 0.068356
v -0.001020 0.202675 0.068357
v -0.001022 0.202675 0.068356
v -0.001022 0.203818 0.068252
v -0.001022 0.203817 0.068252
v -0.001020 0.203817 0.068253
v -0.000949 0.202793 0.068005
v -0.000949 0.202794 0.068004
v -0.000947 0.202794 0.068006
v -0.000949 0.203937 0.067901
v -0.000947 0.203935 0.067902
v -0.000949 0.203936 0.067900
v -0.003234 0.203269 0.067908
v -0.003234 0.203270 0.067908
v -0.003236 0.203270 0.067907
v -0.003234 0.204183 0.067825
v -0.003234 0.204184 0.067825
v -0.003236 0.204184 0.067824
v -0.003151 0.203363 0.067630
v -0.003153 0.203365 0.067628
v -0.003151 0.203364 0.067629
v -0.003151 0.204278 0.067546
v -0.003151 0.204277 0.067546
v -0.003153 0.204278 0.067545
v -0.001551 0.202852 0.069143
v -0.001549 0.202852 0.069144
v -0.001551 0.202852 0.069143
v -0.001551 0.203767 0.069060
v -0.001551 0.203766 0.069060
v -0.001549 0.203765 0.069061
v -0.001468 0.202946 0.068864
v -0.001468 0.202947 0.068864
v -0.001466 0.202946 0.068865
v -0.001468 0.203861 0.068781
v -0.001466 0.203860 0.068782
v -0.001468 0.203860 0.068781
v -0.002547 0.201204 0.069754
v -0.002547 0.200730 0.069681
v -0.002547 0.200517 0.069817
v -0.002451 0.201052 0.069710
v -0.002451 0.200709 0.069741
v -0.002451 0.201012 0.069830
v -0.002451 0.200669 0.069861
v -0.002547 0.200992 0.069890
v -0.002547 0.200648 0.069921
v -0.002642 0.201012 0.069830
v -0.002642 0.200669 0.069861
v -0.002642 0.201052 0.069710
v -0.002642 0.200709 0.069741
v -0.002547 0.201073 0.069650
v -0.002841 0.200741 0.069976
v -0.002841 0.200267 0.069903
v -0.002841 0.200055 0.070038
v -0.002745 0.200590 0.069931
v -0.002745 0.200246 0.069963
v -0.002745 0.200549 0.070051
v -0.002745 0.200206 0.070083
v -0.002841 0.200529 0.070112
v -0.002841 0.200186 0.070143
v -0.002936 0.200549 0.070051
v -0.002936 0.200206 0.070083
v -0.002936 0.200590 0.069931
v -0.002936 0.200246 0.069963
v -0.002841 0.200610 0.069871
v -0.003135 0.200278 0.070197
v -0.003135 0.199804 0.070124
v -0.003135 0.199592 0.070260
v -0.003039 0.200127 0.070153
v -0.003039 0.199784 0.070184
v -0.003039 0.200086 0.070273
v -0.003039 0.199743 0.070304
v -0.003135 0.200066 0.070333
v -0.003135 0.199723 0.070364
v -0.003230 0.200086 0.070273
v -0.003230 0.199743 0.070304
v -0.003230 0.200127 0.070153
v -0.003230 0.199784 0.070184
v -0.003135 0.200147 0.070093
v -0.003429 0.199815 0.070419
v -0.003429 0.199341 0.070345
v -0.003429 0.199129 0.070481
v -0.003333 0.199664 0.070374
v -0.003333 0.199321 0.070405
v -0.003333 0.199623 0.070494
v -0.003333 0.199280 0.070525
v -0.003429 0.199603 0.070554
v -0.003429 0.199260 0.070586
v -0.003524 0.199623 0.070494
v -0.003524 0.199280 0.070525
v -0.003524 0.199664 0.070374
v -0.003524 0.199321 0.070405
v -0.003429 0.199684 0.070314
v 0.001022 0.202674 0.068356
v 0.001022 0.202675 0.068356
v 0.001020 0.202675 0.068357
v 0.001022 0.203817 0.068252
v 0.001022 0.203818 0.068252
v 0.001020 0.203817 0.068253
v 0.000949 0.202793 0.068005
v 0.000947 0.202794 0.068006
v 0.000949 0.202794 0.068004
v 0.000949 0.203937 0.067901
v 0.000949 0.203936 0.067900
v 0.000947 0.203935 0.067902
v 0.003067 0.203028 0.067310
v 0.003069 0.203029 0.067309
v 0.003067 0.203029 0.067311
v 0.003067 0.204172 0.067206
v 0.003067 0.204170 0.067207
v 0.003069 0.204171 0.067205
v 0.002995 0.203146 0.066959
v 0.002995 0.203148 0.066959
v 0.002997 0.203148 0.066958
v 0.002995 0.204290 0.066855
v 0.002997 0.204289 0.066854
v 0.002995 0.204289 0.066855
v 0.001551 0.202852 0.069143
v 0.001551 0.202852 0.069143
v 0.001549 0.202852 0.069144
v 0.001551 0.203766 0.069060
v 0.001551 0.203767 0.069060
v 0.001549 0.203765 0.069061
v 0.001468 0.202946 0.068864
v 0.001466 0.202946 0.068865
v 0.001468 0.202947 0.068864
v 0.001468 0.203861 0.068781
v 0.001468 0.203860 0.068781
v 0.001466 0.203860 0.068782
v 0.003234 0.203269 0.067908
v 0.003236 0.203270 0.067907
v 0.003234 0.203270 0.067908
v 0.003234 0.204184 0.067825
v 0.003234 0.204183 0.067825
v 0.003236 0.204184 0.067824
v 0.003151 0.203363 0.067630
v 0.003151 0.203364 0.067629
v 0.003153 0.203365 0.067628
v 0.003151 0.204278 0.067546
v 0.003153 0.204278 0.067545
v 0.003151 0.204277 0.067546
v 0.002547 0.201204 0.069754
v 0.002547 0.200730 0.069681
v 0.002547 0.200517 0.069817
v 0.002642 0.201052 0.069710
v 0.002642 0.200709 0.069741
v 0.002642 0.201012 0.069830
v 0.002642 0.200669 0.069861
v 0.002547 0.200992 0.069890
v 0.002547 0.200648 0.069921
v 0.002451 0.201012 0.069830
v 0.002451 0.200669 0.069861
v 0.002451 0.201052 0.069710
v 0.002451 0.200709 0.069741
v 0.002547 0.201073 0.069650
v 0.002841 0.200741 0.069976
v 0.002841 0.200267 0.069903
v 0.002841 0.200055 0.070038
v 0.002936 0.200590 0.069931
v 0.002936 0.200246 0.069963
v 0.002936 0.200549 0.070051
v 0.002936 0.200206 0.070083
v 0.002841 0.200529 0.070112
v 0.002841 0.200186 0.070143
v 0.002745 0.200549 0.070051
v 0.002745 0.200206 0.070083
v 0.002745 0.200590 0.069931
v 0.002745 0.200246 0.069963
v 0.002841 0.200610 0.069871
v 0.003135 0.200278 0.070197
v 0.003135 0.199804 0.070124
v 0.003135 0.199592 0.070260
v 0.003230 0.200127 0.070153
v 0.003230 0.199784 0.070184
v 0.003230 0.200086 0.070273
v 0.003230 0.199743 0.070304
v 0.003135 0.200066 0.070333
v 0.003135 0.199723 0.070364
v 0.003039 0.200086 0.070273
v 0.003039 0.199743 0.070304
v 0.003039 0.200127 0.070153
v 0.003039 0.199784 0.070184
v 0.003135 0.200147 0.070093
v 0.003429 0.199815 0.070419
v 0.003429 0.199341 0.070345
v 0.003429 0.199129 0.070481
v 0.003524 0.199664 0.070374
v 0.003524 0.199321 0.070405
v 0.003524 0.199623 0.070494
v 0.003524 0.199280 0.070525
v 0.003429 0.199603 0.070554
v 0.003429 0.199260 0.070586
v 0.003333 0.199623 0.070494
v 0.003333 0.199280 0.070525
v 0.003333 0.199664 0.070374
v 0.003333 0.199321 0.070405
v 0.003429 0.199684 0.070314
v -0.002403 0.208439 0.061974
v -0.002403 0.208442 0.061974
v -0.002410 0.208442 0.061973
v -0.002403 0.210388 0.061761
v -0.002403 0.210391 0.061760
v -0.002410 0.210388 0.061761
v -0.002403 0.208468 0.061614
v -0.002410 0.208471 0.061614
v -0.002403 0.208471 0.061614
v -0.002403 0.210420 0.061401
v -0.002403 0.210417 0.061401
v -0.002410 0.210417 0.061402
v 0.002403 0.208439 0.061974
v 0.002410 0.208442 0.061973
v 0.002403 0.208442 0.061974
v 0.002403 0.210391 0.061760
v 0.002403 0.210388 0.061761
v 0.002410 0.210388 0.061761
v 0.002403 0.208468 0.061614
v 0.002403 0.208471 0.061614
v 0.002410 0.208471 0.061614
v 0.002403 0.210420 0.061401
v 0.002410 0.210417 0.061402
v 0.002403 0.210417 0.061401
v -0.001491 0.210066 0.061503
v -0.001491 0.210067 0.061503
v -0.001494 0.210067 0.061503
v -0.001491 0.210984 0.061403
v -0.001491 0.210985 0.061403
v -0.001494 0.210984 0.061403
v -0.001491 0.210079 0.061353
v -0.001494 0.210079 0.061353
v -0.001491 0.210079 0.061353
v -0.001491 0.210997 0.061253
v -0.001491 0.210996 0.061253
v -0.001494 0.210996 0.061253
v 0.001491 0.210066 0.061503
v 0.001494 0.210067 0.061503
v 0.001491 0.210067 0.061503
v 0.001491 0.210985 0.061403
v 0.001491 0.210984 0.061403
v 0.001494 0.210984 0.061403
v 0.001491 0.210079 0.061353
v 0.001491 0.210079 0.061353
v 0.001494 0.210079 0.061353
v 0.001491 0.210997 0.061253
v 0.001494 0.210996 0.061253
v 0.001491 0.210996 0.061253
v -0.002948 0.209031 0.060576
v -0.002948 0.209034 0.060576
v -0.002956 0.209034 0.060575
v -0.002948 0.210980 0.060363
v -0.002948 0.210983 0.060362
v -0.002956 0.210980 0.060363
v -0.002948 0.209060 0.060216
v -0.002956 0.209063 0.060216
v -0.002948 0.209063 0.060216
v -0.002948 0.211012 0.060003
v -0.002948 0.211009 0.060003
v -0.002956 0.211009 0.060004
v 0.002948 0.209031 0.060576
v 0.002956 0.209034 0.060575
v 0.002948 0.209034 0.060576
v 0.002948 0.210983 0.060362
v 0.002948 0.210980 0.060363
v 0.002956 0.210980 0.060363
v 0.002948 0.209060 0.060216
v 0.002948 0.209063 0.060216
v 0.002956 0.209063 0.060216
v 0.002948 0.211012 0.060003
v 0.002956 0.211009 0.060004
v 0.002948 0.211009 0.060003
v -0.001829 0.210659 0.060105
v -0.001829 0.210660 0.060105
v -0.001833 0.210660 0.060105
v -0.001829 0.211577 0.060005
v -0.001829 0.211577 0.060005
v -0.001833 0.211577 0.060005
v -0.001829 0.210671 0.059955
v -0.001833 0.210672 0.059955
v -0.001829 0.210672 0.059955
v -0.001829 0.211590 0.059855
v -0.001829 0.211589 0.059855
v -0.001833 0.211589 0.059855
v 0.001829 0.210659 0.060105
v 0.001833 0.210660 0.060105
v 0.001829 0.210660 0.060105
v 0.001829 0.211577 0.060005
v 0.001829 0.211577 0.060005
v 0.001833 0.211577 0.060005
v 0.001829 0.210671 0.059955
v 0.001829 0.210672 0.059955
v 0.001833 0.210672 0.059955
v 0.001829 0.211590 0.059855
v 0.001833 0.211589 0.059855
v 0.001829 0.211589 0.059855
v -0.003493 0.209624 0.059177
v -0.003493 0.209626 0.059178
v -0.003503 0.209627 0.059177
v -0.003493 0.211573 0.058965
v -0.003493 0.211576 0.058964
v -0.003503 0.211573 0.058965
v -0.003493 0.209652 0.058818
v -0.003503 0.209655 0.058818
v -0.003493 0.209655 0.058817
v -0.003493 0.211605 0.058605
v -0.003493 0.211602 0.058605
v -0.003503 0.211602 0.058605
v 0.003493 0.209624 0.059177
v 0.003503 0.209627 0.059177
v 0.003493 0.209626 0.059178
v 0.003493 0.211576 0.058964
v 0.003493 0.211573 0.058965
v 0.003503 0.211573 0.058965
v 0.003493 0.209652 0.058818
v 0.003493 0.209655 0.058817
v 0.003503 0.209655 0.058818
v 0.003493 0.211605 0.058605
v 0.003503 0.211602 0.058605
v 0.003493 0.211602 0.058605
v -0.002168 0.211251 0.058707
v -0.002168 0.211252 0.058707
v -0.002172 0.211252 0.058707
v -0.002168 0.212169 0.058607
v -0.002168 0.212170 0.058607
v -0.002172 0.212169 0.058607
v -0.002168 0.211263 0.058557
v -0.002172 0.211264 0.058557
v -0.002168 0.211264 0.058557
v -0.002168 0.212182 0.058457
v -0.002168 0.212181 0.058457
v -0.002172 0.212181 0.058457
v 0.002168 0.211251 0.058707
v 0.002172 0.211252 0.058707
v 0.002168 0.211252 0.058707
v 0.002168 0.212170 0.058607
v 0.002168 0.212169 0.058607
v 0.002172 0.212169 0.058607
v 0.002168 0.211263 0.058557
v 0.002168 0.211264 0.058557
v 0.002172 0.211264 0.058557
v 0.002168 0.212182 0.058457
v 0.002172 0.212181 0.058457
v 0.002168 0.212181 0.058457
v -0.003190 0.210024 0.057797
v -0.003190 0.210027 0.057797
v -0.003199 0.210027 0.057797
v -0.003190 0.211973 0.057585
v -0.003190 0.211976 0.057584
v -0.003199 0.211973 0.057584
v -0.003190 0.210053 0.057438
v -0.003199 0.210056 0.057437
v -0.003190 0.210056 0.057437
v -0.003190 0.212005 0.057225
v -0.003190 0.212002 0.057224
v -0.003199 0.212002 0.057225
v 0.003190 0.210024 0.057797
v 0.003199 0.210027 0.057797
v 0.003190 0.210027 0.057797
v 0.003190 0.211976 0.057584
v 0.003190 0.211973 0.057585
v 0.003199 0.211973 0.057584
v 0.003190 0.210053 0.057438
v 0.003190 0.210056 0.057437
v 0.003199 0.210056 0.057437
v 0.003190 0.212005 0.057225
v 0.003199 0.212002 0.057225
v 0.003190 0.212002 0.057224
v -0.001980 0.211651 0.057326
v -0.001980 0.211652 0.057326
v -0.001984 0.211652 0.057326
v -0.001980 0.212569 0.057226
v -0.001980 0.212570 0.057226
v -0.001984 0.212569 0.057226
v -0.001980 0.211663 0.057177
v -0.001984 0.211664 0.057176
v -0.001980 0.211664 0.057176
v -0.001980 0.212582 0.057076
v -0.001980 0.212581 0.057076
v -0.001984 0.212581 0.057076
v 0.001980 0.211651 0.057326
v 0.001984 0.211652 0.057326
v 0.001980 0.211652 0.057326
v 0.001980 0.212570 0.057226
v 0.001980 0.212569 0.057226
v 0.001984 0.212569 0.057226
v 0.001980 0.211663 0.057177
v 0.001980 0.211664 0.057176
v 0.001984 0.211664 0.057176
v 0.001980 0.212582 0.057076
v 0.001984 0.212581 0.057076
v 0.001980 0.212581 0.057076
v -0.002693 0.210338 0.056544
v -0.002693 0.210341 0.056544
v -0.002701 0.210341 0.056543
v -0.002693 0.212288 0.056331
v -0.002693 0.212290 0.056330
v -0.002701 0.212288 0.056331
v -0.002693 0.210367 0.056185
v -0.002701 0.210370 0.056184
v -0.002693 0.210370 0.056184
v -0.002693 0.212319 0.055971
v -0.002693 0.212316 0.055971
v -0.002701 0.212316 0.055972
v 0.002693 0.210338 0.056544
v 0.002701 0.210341 0.056543
v 0.002693 0.210341 0.056544
v 0.002693 0.212290 0.056330
v 0.002693 0.212288 0.056331
v 0.002701 0.212288 0.056331
v 0.002693 0.210367 0.056185
v 0.002693 0.210370 0.056184
v 0.002701 0.210370 0.056184
v 0.002693 0.212319 0.055971
v 0.002701 0.212316 0.055972
v 0.002693 0.212316 0.055971
v -0.001671 0.211966 0.056073
v -0.001671 0.211967 0.056073
v -0.001675 0.211967 0.056073
v -0.001671 0.212884 0.055973
v -0.001671 0.212885 0.055973
v -0.001675 0.212884 0.055973
v -0.001671 0.211978 0.055923
v -0.001675 0.211979 0.055923
v -0.001671 0.211979 0.055923
v -0.001671 0.212897 0.055823
v -0.001671 0.212896 0.055823
v -0.001675 0.212896 0.055823
v 0.001671 0.211966 0.056073
v 0.001675 0.211967 0.056073
v 0.001671 0.211967 0.056073
v 0.001671 0.212885 0.055973
v 0.001671 0.212884 0.055973
v 0.001675 0.212884 0.055973
v 0.001671 0.211978 0.055923
v 0.001671 0.211979 0.055923
v 0.001675 0.211979 0.055923
v 0.001671 0.212897 0.055823
v 0.001675 0.212896 0.055823
v 0.001671 0.212896 0.055823
v -0.001511 0.213230 0.057657
v -0.001542 0.213206 0.057587
v -0.001555 0.213098 0.057567
v -0.001542 0.212969 0.057609
v -0.001511 0.212895 0.057688
v -0.001485 0.213215 0.057559
v -0.001474 0.213111 0.057527
v -0.001485 0.212979 0.057581
v -0.001443 0.213205 0.057591
v -0.001415 0.213096 0.057573
v -0.001443 0.212968 0.057613
v -0.001441 0.213180 0.057665
v -0.001412 0.213061 0.057677
v -0.001441 0.212943 0.057686
v -0.001480 0.213156 0.057736
v -0.001467 0.213027 0.057778
v -0.001480 0.212919 0.057758
v -0.001537 0.213146 0.057764
v -0.001547 0.213013 0.057817
v -0.001537 0.212909 0.057786
v -0.001579 0.213157 0.057732
v -0.001607 0.213029 0.057772
v -0.001579 0.212920 0.057753
v -0.001581 0.213182 0.057659
v -0.001610 0.213064 0.057668
v -0.001581 0.212945 0.057680
v -0.001689 0.211749 0.060685
v -0.001710 0.211730 0.060614
v -0.001719 0.211632 0.060593
v -0.001710 0.211513 0.060634
v -0.001689 0.211442 0.060713
v -0.001656 0.211733 0.060603
v -0.001642 0.211637 0.060577
v -0.001656 0.211516 0.060623
v -0.001621 0.211720 0.060642
v -0.001593 0.211618 0.060633
v -0.001621 0.211503 0.060662
v -0.001626 0.211697 0.060709
v -0.001600 0.211586 0.060728
v -0.001626 0.211480 0.060729
v -0.001669 0.211679 0.060764
v -0.001660 0.211560 0.060805
v -0.001669 0.211462 0.060784
v -0.001723 0.211675 0.060775
v -0.001737 0.211555 0.060821
v -0.001723 0.211458 0.060795
v -0.001757 0.211689 0.060736
v -0.001786 0.211573 0.060765
v -0.001757 0.211471 0.060755
v -0.001752 0.211711 0.060669
v -0.001778 0.211605 0.060670
v -0.001752 0.211494 0.060689
v 0.000196 0.211924 0.060310
v 0.000177 0.211872 0.060368
v 0.000169 0.211781 0.060398
v 0.000177 0.211706 0.060383
v 0.000196 0.211691 0.060331
v 0.000148 0.211887 0.060321
v 0.000128 0.211804 0.060332
v 0.000148 0.211722 0.060336
v 0.000147 0.211905 0.060270
v 0.000126 0.211828 0.060259
v 0.000147 0.211739 0.060285
v 0.000175 0.211913 0.060244
v 0.000166 0.211840 0.060223
v 0.000175 0.211748 0.060259
v 0.000216 0.211908 0.060259
v 0.000224 0.211833 0.060244
v 0.000216 0.211743 0.060274
v 0.000245 0.211893 0.060306
v 0.000265 0.211811 0.060310
v 0.000245 0.211727 0.060321
v 0.000246 0.211875 0.060357
v 0.000266 0.211787 0.060382
v 0.000246 0.211710 0.060372
v 0.000218 0.211867 0.060382
v 0.000226 0.211774 0.060419
v 0.000218 0.211701 0.060397
v 0.000680 0.211365 0.061433
v 0.000669 0.211327 0.061476
v 0.000664 0.211264 0.061498
v 0.000669 0.211211 0.061487
v 0.000680 0.211201 0.061448
v 0.000646 0.211337 0.061447
v 0.000632 0.211278 0.061457
v 0.000646 0.211221 0.061457
v 0.000643 0.211349 0.061411
v 0.000628 0.211295 0.061406
v 0.000643 0.211233 0.061422
v 0.000661 0.211357 0.061390
v 0.000654 0.211305 0.061376
v 0.000661 0.211240 0.061400
v 0.000691 0.211355 0.061395
v 0.000695 0.211302 0.061384
v 0.000691 0.211238 0.061406
v 0.000713 0.211345 0.061425
v 0.000727 0.211288 0.061425
v 0.000713 0.211229 0.061435
v 0.000716 0.211333 0.061460
v 0.000731 0.211271 0.061476
v 0.000716 0.211217 0.061471
v 0.000698 0.211326 0.061482
v 0.000705 0.211261 0.061506
v 0.000698 0.211209 0.061492
v 0.001942 0.213441 0.056988
v 0.001934 0.213368 0.057074
v 0.001930 0.213247 0.057118
v 0.001934 0.213149 0.057094
v 0.001942 0.213131 0.057017
v 0.001884 0.213380 0.057037
v 0.001859 0.213264 0.057065
v 0.001884 0.213161 0.057057
v 0.001868 0.213401 0.056974
v 0.001837 0.213295 0.056976
v 0.001868 0.213182 0.056994
v 0.001895 0.213419 0.056922
v 0.001876 0.213320 0.056902
v 0.001895 0.213200 0.056942
v 0.001950 0.213423 0.056911
v 0.001954 0.213325 0.056887
v 0.001950 0.213204 0.056931
v 0.002000 0.213410 0.056948
v 0.002024 0.213307 0.056940
v 0.002000 0.213191 0.056968
v 0.002016 0.213389 0.057011
v 0.002047 0.213277 0.057029
v 0.002016 0.213170 0.057031
v 0.001988 0.213371 0.057063
v 0.002008 0.213252 0.057103
v 0.001988 0.213152 0.057083
v 0.001842 0.212359 0.060040
v 0.001813 0.212307 0.060091
v 0.001801 0.212213 0.060119
v 0.001813 0.212132 0.060107
v 0.001842 0.212112 0.060063
v 0.001791 0.212327 0.060031
v 0.001770 0.212241 0.060034
v 0.001791 0.212152 0.060047
v 0.001799 0.212345 0.059978
v 0.001781 0.212267 0.059959
v 0.001799 0.212170 0.059994
v 0.001832 0.212349 0.059964
v 0.001828 0.212273 0.059939
v 0.001832 0.212175 0.059980
v 0.001871 0.212339 0.059996
v 0.001883 0.212258 0.059985
v 0.001871 0.212164 0.060012
v 0.001893 0.212318 0.060057
v 0.001914 0.212229 0.060070
v 0.001893 0.212144 0.060073
v 0.001885 0.212300 0.060109
v 0.001903 0.212204 0.060144
v 0.001885 0.212126 0.060125
v 0.001852 0.212296 0.060124
v 0.001856 0.212197 0.060165
v 0.001852 0.212121 0.060139
v 0.000402 0.212519 0.059096
v 0.000369 0.212497 0.059065
v 0.000355 0.212419 0.059058
v 0.000369 0.212332 0.059080
v 0.000402 0.212286 0.059118
v 0.000401 0.212511 0.059023
v 0.000400 0.212439 0.058999
v 0.000401 0.212346 0.059038
v 0.000433 0.212510 0.059025
v 0.000446 0.212438 0.059002
v 0.000433 0.212345 0.059040
v 0.000447 0.212494 0.059071
v 0.000466 0.212416 0.059067
v 0.000447 0.212330 0.059086
v 0.000435 0.212473 0.059134
v 0.000449 0.212386 0.059156
v 0.000435 0.212309 0.059149
v 0.000403 0.212459 0.059176
v 0.000404 0.212366 0.059215
v 0.000403 0.212294 0.059191
v 0.000371 0.212460 0.059174
v 0.000358 0.212367 0.059212
v 0.000371 0.212295 0.059189
v 0.000357 0.212475 0.059128
v 0.000338 0.212389 0.059147
v 0.000357 0.212311 0.059143
v -0.002399 0.213470 0.056913
v -0.002450 0.213397 0.056973
v -0.002472 0.213259 0.057008
v -0.002450 0.213137 0.056997
v -0.002399 0.213101 0.056946
v -0.002471 0.213430 0.056875
v -0.002501 0.213306 0.056869
v -0.002471 0.213170 0.056899
v -0.002449 0.213455 0.056802
v -0.002470 0.213341 0.056766
v -0.002449 0.213195 0.056826
v -0.002398 0.213457 0.056797
v -0.002398 0.213343 0.056758
v -0.002398 0.213196 0.056820
v -0.002347 0.213435 0.056862
v -0.002326 0.213312 0.056851
v -0.002347 0.213174 0.056886
v -0.002327 0.213401 0.056960
v -0.002297 0.213265 0.056990
v -0.002327 0.213141 0.056984
v -0.002349 0.213377 0.057033
v -0.002328 0.213230 0.057093
v -0.002349 0.213116 0.057057
v -0.002400 0.213375 0.057039
v -0.002400 0.213228 0.057101
v -0.002400 0.213114 0.057062
v 0.000340 0.212969 0.057341
v 0.000291 0.212931 0.057331
v 0.000271 0.212829 0.057335
v 0.000291 0.212723 0.057350
v 0.000340 0.212676 0.057368
v 0.000314 0.212956 0.057258
v 0.000304 0.212864 0.057231
v 0.000314 0.212748 0.057277
v 0.000353 0.212963 0.057235
v 0.000358 0.212875 0.057199
v 0.000353 0.212756 0.057254
v 0.000383 0.212949 0.057277
v 0.000401 0.212855 0.057258
v 0.000383 0.212742 0.057296
v 0.000389 0.212921 0.057359
v 0.000409 0.212816 0.057374
v 0.000389 0.212714 0.057378
v 0.000366 0.212897 0.057433
v 0.000376 0.212781 0.057478
v 0.000366 0.212689 0.057452
v 0.000327 0.212889 0.057455
v 0.000322 0.212770 0.057510
v 0.000327 0.212682 0.057474
v 0.000296 0.212903 0.057413
v 0.000278 0.212790 0.057451
v 0.000296 0.212696 0.057432
v -0.002027 0.212004 0.060364
v -0.002059 0.211978 0.060360
v -0.002073 0.211912 0.060363
v -0.002059 0.211844 0.060372
v -0.002027 0.211814 0.060381
v -0.002046 0.211995 0.060311
v -0.002053 0.211935 0.060294
v -0.002046 0.211860 0.060323
v -0.002021 0.212000 0.060294
v -0.002019 0.211943 0.060271
v -0.002021 0.211866 0.060306
v -0.002001 0.211992 0.060320
v -0.001989 0.211931 0.060307
v -0.002001 0.211857 0.060332
v -0.001995 0.211974 0.060373
v -0.001982 0.211906 0.060381
v -0.001995 0.211839 0.060385
v -0.002009 0.211957 0.060421
v -0.002001 0.211882 0.060451
v -0.002009 0.211823 0.060434
v -0.002033 0.211952 0.060438
v -0.002036 0.211874 0.060474
v -0.002033 0.211817 0.060450
v -0.002054 0.211960 0.060412
v -0.002065 0.211887 0.060438
v -0.002054 0.211826 0.060425
v 0.000661 0.212306 0.059298
v 0.000633 0.212286 0.059252
v 0.000621 0.212205 0.059240
v 0.000633 0.212111 0.059268
v 0.000661 0.212058 0.059320
v 0.000673 0.212297 0.059221
v 0.000677 0.212220 0.059196
v 0.000673 0.212121 0.059237
v 0.000706 0.212291 0.059237
v 0.000724 0.212212 0.059219
v 0.000706 0.212116 0.059253
v 0.000713 0.212273 0.059290
v 0.000734 0.212187 0.059294
v 0.000713 0.212098 0.059306
v 0.000690 0.212253 0.059350
v 0.000701 0.212159 0.059378
v 0.000690 0.212078 0.059366
v 0.000650 0.212243 0.059381
v 0.000645 0.212144 0.059422
v 0.000650 0.212067 0.059397
v 0.000617 0.212248 0.059365
v 0.000599 0.212152 0.059399
v 0.000617 0.212073 0.059381
v 0.000610 0.212266 0.059311
v 0.000589 0.212177 0.059324
v 0.000610 0.212091 0.059327
v -0.001657 0.211872 0.060419
v -0.001679 0.211844 0.060439
v -0.001688 0.211790 0.060451
v -0.001679 0.211741 0.060449
v -0.001657 0.211725 0.060433
v -0.001684 0.211858 0.060399
v -0.001695 0.211809 0.060394
v -0.001684 0.211754 0.060408
v -0.001673 0.211867 0.060372
v -0.001680 0.211822 0.060356
v -0.001673 0.211763 0.060381
v -0.001653 0.211866 0.060374
v -0.001651 0.211821 0.060359
v -0.001653 0.211763 0.060383
v -0.001635 0.211856 0.060404
v -0.001626 0.211807 0.060401
v -0.001635 0.211753 0.060413
v -0.001630 0.211843 0.060444
v -0.001619 0.211788 0.060458
v -0.001630 0.211739 0.060453
v -0.001641 0.211833 0.060471
v -0.001634 0.211775 0.060496
v -0.001641 0.211730 0.060480
v -0.001661 0.211834 0.060469
v -0.001663 0.211776 0.060494
v -0.001661 0.211730 0.060479
v 0.002844 0.212680 0.059296
v 0.002836 0.212660 0.059207
v 0.002833 0.212548 0.059180
v 0.002836 0.212409 0.059230
v 0.002844 0.212325 0.059329
v 0.002899 0.212655 0.059222
v 0.002921 0.212541 0.059200
v 0.002899 0.212404 0.059244
v 0.002930 0.212635 0.059283
v 0.002965 0.212511 0.059286
v 0.002930 0.212383 0.059305
v 0.002910 0.212610 0.059354
v 0.002938 0.212477 0.059388
v 0.002910 0.212359 0.059377
v 0.002852 0.212597 0.059395
v 0.002856 0.212458 0.059445
v 0.002852 0.212345 0.059418
v 0.002790 0.212602 0.059380
v 0.002767 0.212465 0.059425
v 0.002790 0.212350 0.059403
v 0.002759 0.212622 0.059319
v 0.002724 0.212494 0.059338
v 0.002759 0.212371 0.059342
v 0.002778 0.212646 0.059247
v 0.002751 0.212528 0.059237
v 0.002778 0.212395 0.059270
v -0.002246 0.213434 0.056989
v -0.002269 0.213415 0.056926
v -0.002279 0.213324 0.056908
v -0.002269 0.213214 0.056944
v -0.002246 0.213150 0.057015
v -0.002220 0.213421 0.056909
v -0.002209 0.213333 0.056883
v -0.002220 0.213220 0.056927
v -0.002186 0.213410 0.056940
v -0.002161 0.213317 0.056928
v -0.002186 0.213210 0.056959
v -0.002187 0.213389 0.057003
v -0.002163 0.213288 0.057016
v -0.002187 0.213189 0.057021
v -0.002223 0.213370 0.057059
v -0.002213 0.213261 0.057096
v -0.002223 0.213170 0.057077
v -0.002272 0.213365 0.057076
v -0.002283 0.213252 0.057120
v -0.002272 0.213164 0.057095
v -0.002306 0.213375 0.057045
v -0.002331 0.213268 0.057075
v -0.002306 0.213174 0.057063
v -0.002305 0.213396 0.056982
v -0.002330 0.213297 0.056987
v -0.002305 0.213195 0.057001
v -0.000542 0.213555 0.056644
v -0.000575 0.213531 0.056579
v -0.000589 0.213426 0.056560
v -0.000575 0.213302 0.056599
v -0.000542 0.213231 0.056673
v -0.000521 0.213542 0.056547
v -0.000512 0.213441 0.056516
v -0.000521 0.213313 0.056568
v -0.000479 0.213532 0.056574
v -0.000453 0.213428 0.056554
v -0.000479 0.213303 0.056595
v -0.000475 0.213508 0.056645
v -0.000447 0.213394 0.056654
v -0.000475 0.213279 0.056666
v -0.000510 0.213484 0.056717
v -0.000496 0.213360 0.056757
v -0.000510 0.213255 0.056738
v -0.000564 0.213473 0.056749
v -0.000573 0.213345 0.056801
v -0.000564 0.213244 0.056770
v -0.000605 0.213483 0.056721
v -0.000631 0.213358 0.056762
v -0.000605 0.213254 0.056742
v -0.000610 0.213507 0.056651
v -0.000638 0.213392 0.056663
v -0.000610 0.213277 0.056672
v 0.002217 0.212544 0.059389
v 0.002215 0.212506 0.059434
v 0.002214 0.212442 0.059457
v 0.002215 0.212391 0.059445
v 0.002217 0.212382 0.059404
v 0.002188 0.212511 0.059418
v 0.002176 0.212450 0.059434
v 0.002188 0.212397 0.059428
v 0.002178 0.212522 0.059386
v 0.002162 0.212466 0.059388
v 0.002178 0.212407 0.059396
v 0.002191 0.212532 0.059357
v 0.002181 0.212479 0.059348
v 0.002191 0.212417 0.059367
v 0.002220 0.212535 0.059348
v 0.002221 0.212483 0.059335
v 0.002220 0.212420 0.059358
v 0.002247 0.212529 0.059365
v 0.002259 0.212476 0.059359
v 0.002247 0.212415 0.059375
v 0.002256 0.212518 0.059397
v 0.002272 0.212460 0.059404
v 0.002256 0.212404 0.059407
v 0.002243 0.212509 0.059425
v 0.002254 0.212446 0.059445
v 0.002243 0.212394 0.059436
v 0.000649 0.212976 0.057479
v 0.000603 0.212928 0.057501
v 0.000584 0.212827 0.057518
v 0.000603 0.212731 0.057519
v 0.000649 0.212697 0.057504
v 0.000605 0.212955 0.057423
v 0.000586 0.212865 0.057407
v 0.000605 0.212758 0.057441
v 0.000632 0.212969 0.057380
v 0.000625 0.212885 0.057346
v 0.000632 0.212772 0.057398
v 0.000669 0.212964 0.057397
v 0.000678 0.212877 0.057370
v 0.000669 0.212767 0.057415
v 0.000695 0.212941 0.057464
v 0.000714 0.212845 0.057465
v 0.000695 0.212744 0.057482
v 0.000693 0.212915 0.057542
v 0.000712 0.212808 0.057576
v 0.000693 0.212718 0.057560
v 0.000666 0.212900 0.057585
v 0.000673 0.212787 0.057637
v 0.000666 0.212703 0.057603
v 0.000629 0.212906 0.057568
v 0.000620 0.212795 0.057613
v 0.000629 0.212709 0.057586
v 0.000572 0.212535 0.059473
v 0.000543 0.212516 0.059441
v 0.000531 0.212446 0.059434
v 0.000543 0.212366 0.059455
v 0.000572 0.212324 0.059492
v 0.000573 0.212528 0.059406
v 0.000574 0.212463 0.059384
v 0.000573 0.212378 0.059419
v 0.000603 0.212526 0.059411
v 0.000615 0.212460 0.059391
v 0.000603 0.212377 0.059424
v 0.000614 0.212512 0.059454
v 0.000631 0.212440 0.059451
v 0.000614 0.212362 0.059467
v 0.000601 0.212493 0.059509
v 0.000613 0.212413 0.059530
v 0.000601 0.212343 0.059523
v 0.000570 0.212481 0.059545
v 0.000570 0.212396 0.059581
v 0.000570 0.212331 0.059559
v 0.000541 0.212483 0.059540
v 0.000528 0.212399 0.059573
v 0.000541 0.212333 0.059553
v 0.000530 0.212497 0.059497
v 0.000512 0.212419 0.059513
v 0.000530 0.212347 0.059511
v -0.002103 0.212826 0.057700
v -0.002110 0.212815 0.057655
v -0.002113 0.212757 0.057641
v -0.002110 0.212685 0.057667
v -0.002103 0.212642 0.057717
v -0.002078 0.212814 0.057658
v -0.002067 0.212755 0.057646
v -0.002078 0.212684 0.057670
v -0.002060 0.212804 0.057688
v -0.002042 0.212741 0.057688
v -0.002060 0.212674 0.057700
v -0.002068 0.212791 0.057726
v -0.002053 0.212723 0.057742
v -0.002068 0.212661 0.057738
v -0.002097 0.212783 0.057751
v -0.002094 0.212711 0.057776
v -0.002097 0.212653 0.057763
v -0.002129 0.212784 0.057747
v -0.002140 0.212713 0.057772
v -0.002129 0.212654 0.057759
v -0.002147 0.212794 0.057718
v -0.002165 0.212727 0.057730
v -0.002147 0.212664 0.057730
v -0.002139 0.212807 0.057680
v -0.002154 0.212745 0.057676
v -0.002139 0.212677 0.057692
v 0.000900 0.212899 0.058381
v 0.000877 0.212881 0.058376
v 0.000867 0.212833 0.058378
v 0.000877 0.212784 0.058385
v 0.000900 0.212761 0.058394
v 0.000888 0.212893 0.058342
v 0.000883 0.212850 0.058329
v 0.000888 0.212795 0.058351
v 0.000906 0.212896 0.058331
v 0.000909 0.212855 0.058314
v 0.000906 0.212799 0.058340
v 0.000921 0.212890 0.058352
v 0.000929 0.212845 0.058343
v 0.000921 0.212792 0.058360
v 0.000923 0.212877 0.058390
v 0.000932 0.212827 0.058397
v 0.000923 0.212779 0.058399
v 0.000912 0.212865 0.058425
v 0.000917 0.212810 0.058446
v 0.000912 0.212767 0.058433
v 0.000894 0.212861 0.058435
v 0.000891 0.212805 0.058461
v 0.000894 0.212764 0.058444
v 0.000879 0.212868 0.058415
v 0.000871 0.212815 0.058432
v 0.000879 0.212771 0.058424
v -0.000984 0.211514 0.060999
v -0.001007 0.211491 0.060912
v -0.001017 0.211372 0.060886
v -0.001007 0.211228 0.060936
v -0.000984 0.211143 0.061033
v -0.000941 0.211494 0.060902
v -0.000924 0.211377 0.060872
v -0.000941 0.211232 0.060926
v -0.000900 0.211477 0.060952
v -0.000866 0.211354 0.060942
v -0.000900 0.211215 0.060976
v -0.000908 0.211450 0.061032
v -0.000877 0.211315 0.061055
v -0.000908 0.211188 0.061056
v -0.000960 0.211429 0.061096
v -0.000951 0.211284 0.061146
v -0.000960 0.211166 0.061120
v -0.001026 0.211425 0.061107
v -0.001044 0.211279 0.061161
v -0.001026 0.211163 0.061130
v -0.001067 0.211442 0.061057
v -0.001102 0.211303 0.061091
v -0.001067 0.211179 0.061081
v -0.001060 0.211469 0.060977
v -0.001091 0.211342 0.060977
v -0.001060 0.211206 0.061001
v -0.001244 0.212196 0.059989
v -0.001269 0.212176 0.059988
v -0.001280 0.212124 0.059991
v -0.001269 0.212071 0.059997
v -0.001244 0.212048 0.060003
v -0.001260 0.212189 0.059949
v -0.001266 0.212142 0.059937
v -0.001260 0.212084 0.059959
v -0.001241 0.212193 0.059935
v -0.001240 0.212149 0.059917
v -0.001241 0.212089 0.059945
v -0.001224 0.212187 0.059955
v -0.001216 0.212140 0.059944
v -0.001224 0.212083 0.059964
v -0.001220 0.212173 0.059995
v -0.001209 0.212120 0.060001
v -0.001220 0.212069 0.060005
v -0.001229 0.212160 0.060034
v -0.001223 0.212102 0.060056
v -0.001229 0.212056 0.060043
v -0.001248 0.212155 0.060047
v -0.001249 0.212095 0.060075
v -0.001248 0.212051 0.060057
v -0.001264 0.212162 0.060028
v -0.001273 0.212105 0.060048
v -0.001264 0.212058 0.060038
v -0.000836 0.212955 0.056880
v -0.000871 0.212924 0.056882
v -0.000886 0.212850 0.056888
v -0.000871 0.212776 0.056895
v -0.000836 0.212745 0.056899
v -0.000861 0.212943 0.056825
v -0.000871 0.212877 0.056809
v -0.000861 0.212795 0.056839
v -0.000835 0.212951 0.056802
v -0.000835 0.212888 0.056776
v -0.000835 0.212803 0.056816
v -0.000810 0.212943 0.056826
v -0.000800 0.212877 0.056810
v -0.000810 0.212794 0.056840
v -0.000800 0.212924 0.056883
v -0.000785 0.212849 0.056890
v -0.000800 0.212775 0.056897
v -0.000811 0.212905 0.056940
v -0.000801 0.212822 0.056970
v -0.000811 0.212756 0.056953
v -0.000836 0.212897 0.056963
v -0.000837 0.212811 0.057002
v -0.000836 0.212748 0.056976
v -0.000861 0.212905 0.056939
v -0.000872 0.212823 0.056969
v -0.000861 0.212757 0.056952
v 0.002945 0.212836 0.058599
v 0.002906 0.212809 0.058557
v 0.002889 0.212712 0.058547
v 0.002906 0.212602 0.058576
v 0.002945 0.212544 0.058626
v 0.002947 0.212825 0.058507
v 0.002948 0.212736 0.058477
v 0.002947 0.212619 0.058526
v 0.002987 0.212823 0.058514
v 0.003005 0.212732 0.058487
v 0.002987 0.212617 0.058533
v 0.003003 0.212803 0.058573
v 0.003027 0.212704 0.058570
v 0.003003 0.212597 0.058592
v 0.002985 0.212777 0.058650
v 0.003001 0.212668 0.058678
v 0.002985 0.212571 0.058668
v 0.002944 0.212760 0.058699
v 0.002943 0.212644 0.058748
v 0.002944 0.212554 0.058718
v 0.002903 0.212763 0.058692
v 0.002886 0.212647 0.058739
v 0.002903 0.212557 0.058711
v 0.002887 0.212783 0.058633
v 0.002864 0.212675 0.058655
v 0.002887 0.212577 0.058652
v -0.002936 0.213054 0.058662
v -0.002974 0.213028 0.058609
v -0.002989 0.212927 0.058596
v -0.002974 0.212810 0.058629
v -0.002936 0.212746 0.058690
v -0.002926 0.213043 0.058566
v -0.002922 0.212948 0.058534
v -0.002926 0.212825 0.058585
v -0.002884 0.213038 0.058581
v -0.002863 0.212941 0.058555
v -0.002884 0.212820 0.058600
v -0.002873 0.213016 0.058646
v -0.002846 0.212909 0.058647
v -0.002873 0.212798 0.058665
v -0.002898 0.212990 0.058722
v -0.002882 0.212873 0.058756
v -0.002898 0.212772 0.058742
v -0.002945 0.212975 0.058766
v -0.002949 0.212852 0.058817
v -0.002945 0.212757 0.058786
v -0.002987 0.212980 0.058751
v -0.003008 0.212859 0.058796
v -0.002987 0.212762 0.058771
v -0.002999 0.213002 0.058686
v -0.003025 0.212890 0.058704
v -0.002999 0.212784 0.058706
v 0.001154 0.213147 0.056784
v 0.001112 0.213118 0.056755
v 0.001095 0.213027 0.056751
v 0.001112 0.212926 0.056773
v 0.001154 0.212876 0.056808
v 0.001145 0.213137 0.056699
v 0.001141 0.213054 0.056671
v 0.001145 0.212945 0.056716
v 0.001183 0.213139 0.056694
v 0.001195 0.213056 0.056664
v 0.001183 0.212947 0.056712
v 0.001204 0.213122 0.056744
v 0.001224 0.213032 0.056735
v 0.001204 0.212930 0.056761
v 0.001195 0.213097 0.056819
v 0.001212 0.212996 0.056841
v 0.001195 0.212905 0.056836
v 0.001163 0.213078 0.056875
v 0.001166 0.212969 0.056921
v 0.001163 0.212886 0.056893
v 0.001125 0.213076 0.056880
v 0.001113 0.212967 0.056928
v 0.001125 0.212884 0.056898
v 0.001104 0.213093 0.056831
v 0.001084 0.212991 0.056857
v 0.001104 0.212901 0.056848
v -0.001603 0.212052 0.059904
v -0.001608 0.212039 0.059850
v -0.001609 0.211972 0.059833
v -0.001608 0.211888 0.059864
v -0.001603 0.211838 0.059923
v -0.001570 0.212036 0.059860
v -0.001556 0.211967 0.059847
v -0.001570 0.211885 0.059873
v -0.001552 0.212024 0.059897
v -0.001531 0.211949 0.059900
v -0.001552 0.211872 0.059911
v -0.001564 0.212009 0.059940
v -0.001548 0.211929 0.059960
v -0.001564 0.211858 0.059953
v -0.001599 0.212001 0.059963
v -0.001597 0.211918 0.059994
v -0.001599 0.211850 0.059977
v -0.001637 0.212004 0.059953
v -0.001650 0.211922 0.059980
v -0.001637 0.211853 0.059967
v -0.001655 0.212017 0.059916
v -0.001676 0.211940 0.059927
v -0.001655 0.211866 0.059930
v -0.001643 0.212031 0.059873
v -0.001659 0.211960 0.059866
v -0.001643 0.211880 0.059887
v -0.000642 0.211882 0.060998
v -0.000642 0.211867 0.060928
v -0.000643 0.211780 0.060907
v -0.000642 0.211673 0.060946
v -0.000642 0.211608 0.061023
v -0.000595 0.211860 0.060949
v -0.000576 0.211770 0.060936
v -0.000595 0.211666 0.060966
v -0.000575 0.211843 0.061000
v -0.000548 0.211746 0.061008
v -0.000575 0.211648 0.061018
v -0.000594 0.211825 0.061052
v -0.000575 0.211721 0.061082
v -0.000594 0.211631 0.061070
v -0.000641 0.211817 0.061074
v -0.000641 0.211710 0.061114
v -0.000641 0.211623 0.061092
v -0.000688 0.211824 0.061054
v -0.000708 0.211720 0.061085
v -0.000688 0.211630 0.061072
v -0.000708 0.211842 0.061003
v -0.000736 0.211744 0.061012
v -0.000708 0.211648 0.061020
v -0.000689 0.211859 0.060950
v -0.000709 0.211769 0.060938
v -0.000689 0.211665 0.060968
v 0.001717 0.211985 0.060431
v 0.001678 0.211958 0.060399
v 0.001662 0.211870 0.060393
v 0.001678 0.211772 0.060416
v 0.001717 0.211722 0.060455
v 0.001712 0.211976 0.060348
v 0.001710 0.211895 0.060321
v 0.001712 0.211789 0.060365
v 0.001749 0.211976 0.060347
v 0.001762 0.211895 0.060320
v 0.001749 0.211790 0.060364
v 0.001767 0.211959 0.060398
v 0.001788 0.211871 0.060391
v 0.001767 0.211773 0.060415
v 0.001756 0.211935 0.060470
v 0.001772 0.211837 0.060493
v 0.001756 0.211748 0.060487
v 0.001722 0.211917 0.060521
v 0.001724 0.211812 0.060565
v 0.001722 0.211731 0.060538
v 0.001685 0.211917 0.060521
v 0.001672 0.211812 0.060566
v 0.001685 0.211731 0.060538
v 0.001667 0.211934 0.060471
v 0.001646 0.211836 0.060494
v 0.001667 0.211748 0.060488
v -0.001320 0.212456 0.059073
v -0.001340 0.212435 0.058993
v -0.001348 0.212327 0.058969
v -0.001340 0.212195 0.059015
v -0.001320 0.212117 0.059104
v -0.001280 0.212437 0.058986
v -0.001263 0.212330 0.058959
v -0.001280 0.212198 0.059008
v -0.001243 0.212421 0.059033
v -0.001211 0.212308 0.059026
v -0.001243 0.212182 0.059055
v -0.001252 0.212397 0.059106
v -0.001223 0.212273 0.059129
v -0.001252 0.212157 0.059128
v -0.001300 0.212378 0.059163
v -0.001292 0.212246 0.059209
v -0.001300 0.212138 0.059184
v -0.001361 0.212375 0.059169
v -0.001377 0.212243 0.059218
v -0.001361 0.212136 0.059191
v -0.001397 0.212391 0.059122
v -0.001429 0.212265 0.059152
v -0.001397 0.212152 0.059144
v -0.001389 0.212416 0.059049
v -0.001417 0.212300 0.059048
v -0.001389 0.212176 0.059071
v 0.002028 0.211935 0.060286
v 0.002024 0.211922 0.060229
v 0.002023 0.211852 0.060212
v 0.002024 0.211765 0.060244
v 0.002028 0.211712 0.060306
v 0.002063 0.211919 0.060240
v 0.002078 0.211847 0.060228
v 0.002063 0.211761 0.060255
v 0.002082 0.211905 0.060280
v 0.002104 0.211828 0.060283
v 0.002082 0.211748 0.060294
v 0.002069 0.211890 0.060324
v 0.002086 0.211807 0.060346
v 0.002069 0.211733 0.060339
v 0.002032 0.211882 0.060348
v 0.002034 0.211795 0.060379
v 0.002032 0.211725 0.060362
v 0.001993 0.211886 0.060337
v 0.001978 0.211801 0.060364
v 0.001993 0.211728 0.060351
v 0.001974 0.211899 0.060298
v 0.001952 0.211819 0.060308
v 0.001974 0.211742 0.060312
v 0.001987 0.211914 0.060253
v 0.001970 0.211841 0.060246
v 0.001987 0.211757 0.060267
v -0.002330 0.212441 0.059472
v -0.002332 0.212360 0.059568
v -0.002333 0.212227 0.059616
v -0.002332 0.212119 0.059590
v -0.002330 0.212100 0.059503
v -0.002390 0.212370 0.059538
v -0.002415 0.212241 0.059575
v -0.002390 0.212129 0.059560
v -0.002413 0.212393 0.059472
v -0.002447 0.212272 0.059482
v -0.002413 0.212151 0.059494
v -0.002388 0.212414 0.059409
v -0.002411 0.212303 0.059392
v -0.002388 0.212172 0.059431
v -0.002329 0.212422 0.059386
v -0.002328 0.212314 0.059359
v -0.002329 0.212180 0.059408
v -0.002271 0.212412 0.059415
v -0.002246 0.212300 0.059401
v -0.002271 0.212170 0.059437
v -0.002248 0.212390 0.059481
v -0.002213 0.212268 0.059494
v -0.002248 0.212148 0.059503
v -0.002273 0.212368 0.059544
v -0.002250 0.212238 0.059583
v -0.002273 0.212127 0.059566
v -0.002862 0.212702 0.058513
v -0.002908 0.212670 0.058471
v -0.002927 0.212562 0.058463
v -0.002908 0.212441 0.058492
v -0.002862 0.212378 0.058542
v -0.002865 0.212690 0.058411
v -0.002867 0.212591 0.058377
v -0.002865 0.212461 0.058431
v -0.002820 0.212690 0.058412
v -0.002803 0.212590 0.058379
v -0.002820 0.212461 0.058433
v -0.002799 0.212669 0.058475
v -0.002773 0.212560 0.058468
v -0.002799 0.212439 0.058496
v -0.002815 0.212639 0.058563
v -0.002796 0.212518 0.058592
v -0.002815 0.212410 0.058584
v -0.002858 0.212618 0.058623
v -0.002856 0.212489 0.058678
v -0.002858 0.212389 0.058644
v -0.002903 0.212619 0.058622
v -0.002920 0.212490 0.058676
v -0.002903 0.212390 0.058643
v -0.002924 0.212640 0.058559
v -0.002950 0.212520 0.058587
v -0.002924 0.212411 0.058580
v 0.002463 0.212629 0.058464
v 0.002448 0.212619 0.058441
v 0.002441 0.212576 0.058435
v 0.002448 0.212527 0.058449
v 0.002463 0.212499 0.058475
v 0.002468 0.212625 0.058423
v 0.002470 0.212584 0.058410
v 0.002468 0.212533 0.058432
v 0.002486 0.212622 0.058431
v 0.002495 0.212581 0.058420
v 0.002486 0.212530 0.058439
v 0.002490 0.212613 0.058458
v 0.002501 0.212568 0.058459
v 0.002490 0.212521 0.058467
v 0.002479 0.212602 0.058490
v 0.002485 0.212553 0.058504
v 0.002479 0.212510 0.058498
v 0.002458 0.212596 0.058507
v 0.002456 0.212544 0.058529
v 0.002458 0.212504 0.058516
v 0.002441 0.212599 0.058500
v 0.002432 0.212548 0.058519
v 0.002441 0.212507 0.058509
v 0.002436 0.212608 0.058473
v 0.002425 0.212561 0.058480
v 0.002436 0.212516 0.058481
v 0.002307 0.211857 0.060661
v 0.002275 0.211834 0.060637
v 0.002261 0.211761 0.060632
v 0.002275 0.211679 0.060651
v 0.002307 0.211638 0.060681
v 0.002302 0.211849 0.060593
v 0.002299 0.211782 0.060570
v 0.002302 0.211694 0.060607
v 0.002332 0.211850 0.060590
v 0.002343 0.211783 0.060567
v 0.002332 0.211695 0.060604
v 0.002348 0.211836 0.060631
v 0.002365 0.211763 0.060625
v 0.002348 0.211681 0.060645
v 0.002340 0.211816 0.060691
v 0.002354 0.211734 0.060710
v 0.002340 0.211661 0.060706
v 0.002313 0.211801 0.060736
v 0.002315 0.211713 0.060772
v 0.002313 0.211646 0.060750
v 0.002283 0.211800 0.060738
v 0.002272 0.211712 0.060775
v 0.002283 0.211645 0.060752
v 0.002267 0.211814 0.060697
v 0.002250 0.211732 0.060718
v 0.002267 0.211659 0.060711
v 0.001892 0.212195 0.060286
v 0.001882 0.212126 0.060366
v 0.001878 0.212013 0.060407
v 0.001882 0.211921 0.060385
v 0.001892 0.211904 0.060313
v 0.001836 0.212139 0.060328
v 0.001813 0.212031 0.060353
v 0.001836 0.211934 0.060347
v 0.001823 0.212160 0.060268
v 0.001794 0.212060 0.060268
v 0.001823 0.211954 0.060287
v 0.001850 0.212176 0.060221
v 0.001833 0.212083 0.060201
v 0.001850 0.211970 0.060239
v 0.001902 0.212178 0.060214
v 0.001906 0.212086 0.060192
v 0.001902 0.211972 0.060233
v 0.001948 0.212165 0.060252
v 0.001971 0.212067 0.060246
v 0.001948 0.211959 0.060271
v 0.001961 0.212145 0.060313
v 0.001990 0.212039 0.060331
v 0.001961 0.211939 0.060331
v 0.001934 0.212129 0.060360
v 0.001951 0.212016 0.060398
v 0.001934 0.211923 0.060378
v 0.000125 0.213333 0.056383
v 0.000083 0.213285 0.056413
v 0.000065 0.213187 0.056433
v 0.000083 0.213096 0.056430
v 0.000125 0.213065 0.056408
v 0.000078 0.213311 0.056338
v 0.000058 0.213223 0.056327
v 0.000078 0.213121 0.056356
v 0.000101 0.213326 0.056292
v 0.000091 0.213245 0.056261
v 0.000101 0.213137 0.056309
v 0.000138 0.213323 0.056301
v 0.000143 0.213240 0.056274
v 0.000138 0.213134 0.056318
v 0.000167 0.213303 0.056360
v 0.000184 0.213212 0.056358
v 0.000167 0.213114 0.056378
v 0.000172 0.213278 0.056435
v 0.000191 0.213176 0.056464
v 0.000172 0.213088 0.056452
v 0.000149 0.213262 0.056482
v 0.000159 0.213154 0.056530
v 0.000149 0.213073 0.056499
v 0.000112 0.213265 0.056473
v 0.000107 0.213158 0.056517
v 0.000112 0.213076 0.056490
v 0.002129 0.213068 0.056530
v 0.002102 0.213042 0.056537
v 0.002091 0.212984 0.056544
v 0.002102 0.212928 0.056548
v 0.002129 0.212906 0.056545
v 0.002107 0.213057 0.056492
v 0.002098 0.213006 0.056481
v 0.002107 0.212943 0.056503
v 0.002125 0.213065 0.056471
v 0.002124 0.213016 0.056451
v 0.002125 0.212950 0.056482
v 0.002146 0.213060 0.056486
v 0.002153 0.213009 0.056472
v 0.002146 0.212945 0.056496
v 0.002157 0.213045 0.056528
v 0.002168 0.212989 0.056531
v 0.002157 0.212931 0.056538
v 0.002152 0.213030 0.056573
v 0.002161 0.212967 0.056595
v 0.002152 0.212916 0.056583
v 0.002134 0.213023 0.056594
v 0.002135 0.212957 0.056625
v 0.002134 0.212909 0.056604
v 0.002113 0.213028 0.056579
v 0.002106 0.212964 0.056604
v 0.002113 0.212914 0.056590
v 0.001959 0.212815 0.058510
v 0.001909 0.212781 0.058458
v 0.001889 0.212661 0.058446
v 0.001909 0.212525 0.058481
v 0.001959 0.212452 0.058543
v 0.001961 0.212802 0.058396
v 0.001961 0.212690 0.058358
v 0.001961 0.212546 0.058419
v 0.002011 0.212799 0.058404
v 0.002032 0.212687 0.058370
v 0.002011 0.212543 0.058427
v 0.002031 0.212774 0.058477
v 0.002060 0.212652 0.058473
v 0.002031 0.212518 0.058500
v 0.002008 0.212742 0.058572
v 0.002029 0.212606 0.058608
v 0.002008 0.212486 0.058596
v 0.001957 0.212721 0.058634
v 0.001956 0.212576 0.058695
v 0.001957 0.212465 0.058658
v 0.001907 0.212724 0.058626
v 0.001885 0.212580 0.058684
v 0.001907 0.212468 0.058650
v 0.001887 0.212749 0.058553
v 0.001857 0.212615 0.058581
v 0.001887 0.212492 0.058577
v -0.002590 0.211392 0.061229
v -0.002607 0.211373 0.061156
v -0.002614 0.211276 0.061134
v -0.002607 0.211158 0.061175
v -0.002590 0.211087 0.061256
v -0.002553 0.211375 0.061151
v -0.002537 0.211279 0.061127
v -0.002553 0.211159 0.061171
v -0.002520 0.211360 0.061194
v -0.002491 0.211258 0.061188
v -0.002520 0.211145 0.061214
v -0.002529 0.211338 0.061260
v -0.002503 0.211227 0.061281
v -0.002529 0.211122 0.061280
v -0.002573 0.211322 0.061310
v -0.002566 0.211203 0.061351
v -0.002573 0.211106 0.061329
v -0.002627 0.211320 0.061314
v -0.002643 0.211201 0.061358
v -0.002627 0.211104 0.061334
v -0.002660 0.211335 0.061271
v -0.002689 0.211221 0.061297
v -0.002660 0.211119 0.061291
v -0.002651 0.211357 0.061205
v -0.002677 0.211253 0.061204
v -0.002651 0.211141 0.061225
v 0.001355 0.213618 0.056648
v 0.001301 0.213578 0.056632
v 0.001279 0.213465 0.056634
v 0.001301 0.213347 0.056653
v 0.001355 0.213293 0.056678
v 0.001330 0.213604 0.056553
v 0.001320 0.213503 0.056522
v 0.001330 0.213374 0.056574
v 0.001374 0.213611 0.056532
v 0.001381 0.213513 0.056493
v 0.001374 0.213381 0.056553
v 0.001406 0.213595 0.056582
v 0.001427 0.213489 0.056563
v 0.001406 0.213365 0.056603
v 0.001409 0.213564 0.056673
v 0.001431 0.213446 0.056692
v 0.001409 0.213334 0.056694
v 0.001380 0.213537 0.056752
v 0.001390 0.213408 0.056804
v 0.001380 0.213307 0.056773
v 0.001336 0.213530 0.056773
v 0.001329 0.213398 0.056833
v 0.001336 0.213300 0.056794
v 0.001304 0.213547 0.056723
v 0.001283 0.213422 0.056763
v 0.001304 0.213317 0.056744
v 0.000766 0.213354 0.056851
v 0.000743 0.213312 0.056892
v 0.000733 0.213236 0.056915
v 0.000743 0.213171 0.056905
v 0.000766 0.213155 0.056869
v 0.000724 0.213328 0.056844
v 0.000707 0.213259 0.056847
v 0.000724 0.213187 0.056857
v 0.000730 0.213342 0.056802
v 0.000716 0.213279 0.056787
v 0.000730 0.213201 0.056814
v 0.000757 0.213347 0.056789
v 0.000753 0.213285 0.056769
v 0.000757 0.213206 0.056802
v 0.000789 0.213338 0.056814
v 0.000798 0.213273 0.056805
v 0.000789 0.213197 0.056827
v 0.000807 0.213322 0.056862
v 0.000824 0.213250 0.056872
v 0.000807 0.213181 0.056875
v 0.000801 0.213307 0.056905
v 0.000816 0.213230 0.056933
v 0.000801 0.213167 0.056918
v 0.000774 0.213303 0.056917
v 0.000778 0.213224 0.056950
v 0.000774 0.213162 0.056930
v -0.002449 0.212574 0.059743
v -0.002479 0.212553 0.059703
v -0.002492 0.212473 0.059693
v -0.002479 0.212381 0.059718
v -0.002449 0.212330 0.059765
v -0.002443 0.212565 0.059666
v -0.002440 0.212490 0.059641
v -0.002443 0.212393 0.059682
v -0.002409 0.212561 0.059677
v -0.002393 0.212485 0.059656
v -0.002409 0.212389 0.059692
v -0.002399 0.212544 0.059728
v -0.002379 0.212461 0.059728
v -0.002399 0.212372 0.059743
v -0.002418 0.212523 0.059789
v -0.002405 0.212431 0.059815
v -0.002418 0.212351 0.059805
v -0.002455 0.212511 0.059825
v -0.002457 0.212414 0.059866
v -0.002455 0.212339 0.059841
v -0.002488 0.212515 0.059815
v -0.002504 0.212419 0.059851
v -0.002488 0.212343 0.059831
v -0.002498 0.212532 0.059764
v -0.002519 0.212443 0.059780
v -0.002498 0.212360 0.059780
v 0.001786 0.212317 0.059004
v 0.001769 0.212306 0.058981
v 0.001762 0.212261 0.058975
v 0.001769 0.212210 0.058990
v 0.001786 0.212182 0.059016
v 0.001790 0.212312 0.058962
v 0.001792 0.212271 0.058948
v 0.001790 0.212216 0.058970
v 0.001808 0.212310 0.058968
v 0.001818 0.212267 0.058957
v 0.001808 0.212214 0.058977
v 0.001813 0.212300 0.058997
v 0.001825 0.212254 0.058997
v 0.001813 0.212204 0.059006
v 0.001802 0.212289 0.059031
v 0.001809 0.212238 0.059045
v 0.001802 0.212193 0.059039
v 0.001782 0.212283 0.059050
v 0.001780 0.212228 0.059073
v 0.001782 0.212187 0.059059
v 0.001763 0.212285 0.059043
v 0.001754 0.212231 0.059063
v 0.001763 0.212189 0.059052
v 0.001758 0.212294 0.059015
v 0.001746 0.212245 0.059023
v 0.001758 0.212198 0.059024
v -0.001054 0.213276 0.056298
v -0.001079 0.213200 0.056383
v -0.001089 0.213070 0.056427
v -0.001079 0.212963 0.056404
v -0.001054 0.212941 0.056329
v -0.001123 0.213222 0.056319
v -0.001152 0.213101 0.056337
v -0.001123 0.212985 0.056341
v -0.001126 0.213246 0.056246
v -0.001156 0.213136 0.056233
v -0.001126 0.213009 0.056267
v -0.001087 0.213260 0.056206
v -0.001101 0.213155 0.056176
v -0.001087 0.213023 0.056227
v -0.001028 0.213254 0.056222
v -0.001018 0.213147 0.056200
v -0.001028 0.213017 0.056244
v -0.000984 0.213233 0.056286
v -0.000956 0.213117 0.056290
v -0.000984 0.212996 0.056308
v -0.000981 0.213208 0.056359
v -0.000951 0.213082 0.056393
v -0.000981 0.212971 0.056381
v -0.001020 0.213195 0.056399
v -0.001006 0.213062 0.056450
v -0.001020 0.212957 0.056421
v -0.000526 0.213592 0.055968
v -0.000556 0.213571 0.055927
v -0.000569 0.213490 0.055916
v -0.000556 0.213397 0.055943
v -0.000526 0.213346 0.055991
v -0.000519 0.213583 0.055891
v -0.000516 0.213507 0.055866
v -0.000519 0.213409 0.055907
v -0.000485 0.213579 0.055903
v -0.000468 0.213502 0.055882
v -0.000485 0.213405 0.055919
v -0.000475 0.213562 0.055955
v -0.000454 0.213477 0.055955
v -0.000475 0.213387 0.055970
v -0.000495 0.213541 0.056016
v -0.000482 0.213447 0.056043
v -0.000495 0.213367 0.056032
v -0.000533 0.213529 0.056052
v -0.000536 0.213430 0.056093
v -0.000533 0.213355 0.056068
v -0.000566 0.213533 0.056040
v -0.000583 0.213436 0.056077
v -0.000566 0.213358 0.056056
v -0.000576 0.213550 0.055988
v -0.000597 0.213461 0.056003
v -0.000576 0.213376 0.056004
v -0.000244 0.213321 0.056483
v -0.000272 0.213301 0.056468
v -0.000283 0.213241 0.056466
v -0.000272 0.213177 0.056479
v -0.000244 0.213145 0.056499
v -0.000252 0.213314 0.056429
v -0.000255 0.213260 0.056411
v -0.000252 0.213190 0.056440
v -0.000228 0.213316 0.056424
v -0.000221 0.213262 0.056404
v -0.000228 0.213192 0.056435
v -0.000213 0.213305 0.056454
v -0.000200 0.213248 0.056447
v -0.000213 0.213181 0.056466
v -0.000216 0.213289 0.056503
v -0.000205 0.213224 0.056517
v -0.000216 0.213165 0.056515
v -0.000236 0.213276 0.056542
v -0.000233 0.213206 0.056571
v -0.000236 0.213152 0.056553
v -0.000260 0.213274 0.056548
v -0.000267 0.213203 0.056579
v -0.000260 0.213150 0.056559
v -0.000275 0.213284 0.056517
v -0.000288 0.213218 0.056535
v -0.000275 0.213160 0.056528
v -0.000150 0.211975 0.060430
v -0.000162 0.211945 0.060463
v -0.000167 0.211892 0.060480
v -0.000162 0.211848 0.060472
v -0.000150 0.211838 0.060443
v -0.000178 0.211955 0.060434
v -0.000190 0.211906 0.060440
v -0.000178 0.211858 0.060443
v -0.000178 0.211965 0.060404
v -0.000190 0.211920 0.060397
v -0.000178 0.211868 0.060413
v -0.000161 0.211969 0.060390
v -0.000166 0.211927 0.060378
v -0.000161 0.211872 0.060399
v -0.000137 0.211966 0.060401
v -0.000132 0.211922 0.060393
v -0.000137 0.211869 0.060410
v -0.000121 0.211956 0.060430
v -0.000109 0.211908 0.060433
v -0.000121 0.211859 0.060439
v -0.000122 0.211946 0.060460
v -0.000110 0.211894 0.060476
v -0.000122 0.211849 0.060469
v -0.000139 0.211941 0.060473
v -0.000134 0.211887 0.060495
v -0.000139 0.211844 0.060482
v -0.000875 0.208223 0.063299
v -0.001708 0.211206 0.064969
v -0.000827 0.208394 0.063309
v -0.001659 0.211377 0.064978
v -0.000783 0.208278 0.063375
v -0.001616 0.211262 0.065045
v -0.000777 0.207963 0.063449
v -0.001609 0.210946 0.065118
v -0.000812 0.207686 0.063474
v -0.001645 0.210669 0.065144
v -0.000863 0.207655 0.063432
v -0.001696 0.210638 0.065102
v -0.000891 0.207894 0.063354
v -0.001724 0.210877 0.065024
v 0.000875 0.208223 0.063299
v 0.001708 0.211206 0.064969
v 0.000891 0.207894 0.063354
v 0.001724 0.210877 0.065024
v 0.000863 0.207655 0.063432
v 0.001696 0.210638 0.065102
v 0.000812 0.207686 0.063474
v 0.001645 0.210669 0.065144
v 0.000777 0.207963 0.063449
v 0.001609 0.210946 0.065118
v 0.000783 0.208278 0.063375
v 0.001616 0.211262 0.065045
v 0.000827 0.208394 0.063309
v 0.001659 0.211377 0.064978
v -0.001763 0.212748 0.065119
v -0.001763 0.212435 0.064894
v -0.001763 0.211501 0.064874
v -0.001763 0.210494 0.065071
v -0.001763 0.210003 0.065369
v -0.001646 0.212409 0.064970
v -0.001597 0.211464 0.064982
v -0.001646 0.210468 0.065147
v -0.001597 0.212346 0.065155
v -0.001528 0.211376 0.065244
v -0.001597 0.210405 0.065332
v -0.001646 0.212284 0.065340
v -0.001597 0.211287 0.065505
v -0.001646 0.210343 0.065517
v -0.001763 0.212258 0.065417
v -0.001763 0.211251 0.065614
v -0.001763 0.210317 0.065594
v -0.001881 0.212284 0.065340
v -0.001930 0.211287 0.065505
v -0.001881 0.210343 0.065517
v -0.001930 0.212346 0.065155
v -0.001998 0.211376 0.065244
v -0.001930 0.210405 0.065332
v -0.001881 0.212409 0.064970
v -0.001930 0.211464 0.064982
v -0.001881 0.210468 0.065147
v 0.001763 0.212748 0.065119
v 0.001763 0.212435 0.064894
v 0.001763 0.211501 0.064874
v 0.001763 0.210494 0.065071
v 0.001763 0.210003 0.065369
v 0.001881 0.212409 0.064970
v 0.001930 0.211464 0.064982
v 0.001881 0.210468 0.065147
v 0.001930 0.212346 0.065155
v 0.001998 0.211376 0.065244
v 0.001930 0.210405 0.065332
v 0.001881 0.212284 0.065340
v 0.001930 0.211287 0.065505
v 0.001881 0.210343 0.065517
v 0.001763 0.212258 0.065417
v 0.001763 0.211251 0.065614
v 0.001763 0.210317 0.065594
v 0.001646 0.212284 0.065340
v 0.001597 0.211287 0.065505
v 0.001646 0.210343 0.065517
v 0.001597 0.212346 0.065155
v 0.001528 0.211376 0.065244
v 0.001597 0.210405 0.065332
v 0.001646 0.212409 0.064970
v 0.001597 0.211464 0.064982
v 0.001646 0.210468 0.065147
v -0.001871 0.212223 0.065361
v -0.001871 0.211735 0.065328
v -0.001871 0.211537 0.065423
v -0.001827 0.212065 0.065336
v -0.001827 0.211722 0.065368
v -0.001827 0.212038 0.065416
v -0.001827 0.211695 0.065448
v -0.001871 0.212024 0.065456
v -0.001871 0.211681 0.065488
v -0.001915 0.212038 0.065416
v -0.001915 0.211695 0.065448
v -0.001915 0.212065 0.065336
v -0.001915 0.211722 0.065368
v -0.001871 0.212079 0.065296
v 0.001871 0.212223 0.065361
v 0.001871 0.211735 0.065328
v 0.001871 0.211537 0.065423
v 0.001915 0.212065 0.065336
v 0.001915 0.211722 0.065368
v 0.001915 0.212038 0.065416
v 0.001915 0.211695 0.065448
v 0.001871 0.212024 0.065456
v 0.001871 0.211681 0.065488
v 0.001827 0.212038 0.065416
v 0.001827 0.211695 0.065448
v 0.001827 0.212065 0.065336
v 0.001827 0.211722 0.065368
v 0.001871 0.212079 0.065296
v -0.000719 0.209510 0.064172
v -0.002973 0.214706 0.068478
v -0.000683 0.209670 0.064181
v -0.002936 0.214866 0.068487
v -0.000649 0.209550 0.064239
v -0.002902 0.214747 0.068544
v -0.000652 0.209271 0.064288
v -0.002905 0.214467 0.068593
v -0.000688 0.209111 0.064279
v -0.002942 0.214307 0.068584
v -0.000722 0.209230 0.064221
v -0.002975 0.214427 0.068527
v 0.000719 0.209510 0.064172
v 0.002973 0.214706 0.068478
v 0.000722 0.209230 0.064221
v 0.002975 0.214427 0.068527
v 0.000688 0.209111 0.064279
v 0.002942 0.214307 0.068584
v 0.000652 0.209271 0.064288
v 0.002905 0.214467 0.068593
v 0.000649 0.209550 0.064239
v 0.002902 0.214747 0.068544
v 0.000683 0.209670 0.064181
v 0.002936 0.214866 0.068487
v -0.000324 0.208361 0.064602
v -0.001451 0.210219 0.069435
v -0.000294 0.208474 0.064602
v -0.001420 0.210332 0.069435
v -0.000263 0.208370 0.064632
v -0.001390 0.210228 0.069466
v -0.000263 0.208152 0.064662
v -0.001390 0.210010 0.069496
v -0.000294 0.208039 0.064662
v -0.001421 0.209898 0.069496
v -0.000325 0.208144 0.064632
v -0.001451 0.210002 0.069465
v 0.000324 0.208361 0.064602
v 0.001451 0.210219 0.069435
v 0.000325 0.208144 0.064632
v 0.001451 0.210002 0.069465
v 0.000294 0.208039 0.064662
v 0.001421 0.209898 0.069496
v 0.000263 0.208152 0.064662
v 0.001390 0.210010 0.069496
v 0.000263 0.208370 0.064632
v 0.001390 0.210228 0.069466
v 0.000294 0.208474 0.064602
v 0.001420 0.210332 0.069435
v -0.002818 0.201928 0.061618
v -0.003866 0.200384 0.062581
v -0.002815 0.202221 0.061632
v -0.003863 0.200676 0.062594
v -0.002789 0.202224 0.061712
v -0.003837 0.200679 0.062674
v -0.002766 0.201935 0.061778
v -0.003814 0.200390 0.062740
v -0.002769 0.201642 0.061765
v -0.003817 0.200097 0.062727
v -0.002795 0.201639 0.061685
v -0.003843 0.200094 0.062647
v 0.002818 0.201928 0.061618
v 0.003866 0.200384 0.062581
v 0.002795 0.201639 0.061685
v 0.003843 0.200094 0.062647
v 0.002769 0.201642 0.061765
v 0.003817 0.200097 0.062727
v 0.002766 0.201935 0.061778
v 0.003814 0.200390 0.062740
v 0.002789 0.202224 0.061712
v 0.003837 0.200679 0.062674
v 0.002815 0.202221 0.061632
v 0.003863 0.200676 0.062594
v -0.002818 0.202907 0.060036
v -0.003866 0.201362 0.060998
v -0.002815 0.203199 0.060049
v -0.003863 0.201655 0.061011
v -0.002789 0.203203 0.060129
v -0.003837 0.201658 0.061091
v -0.002766 0.202913 0.060195
v -0.003814 0.201368 0.061158
v -0.002769 0.202620 0.060182
v -0.003817 0.201076 0.061144
v -0.002795 0.202617 0.060102
v -0.003843 0.201073 0.061064
v 0.002818 0.202907 0.060036
v 0.003866 0.201362 0.060998
v 0.002795 0.202617 0.060102
v 0.003843 0.201073 0.061064
v 0.002769 0.202620 0.060182
v 0.003817 0.201076 0.061144
v 0.002766 0.202913 0.060195
v 0.003814 0.201368 0.061158
v 0.002789 0.203203 0.060129
v 0.003837 0.201658 0.061091
v 0.002815 0.203199 0.060049
v 0.003863 0.201655 0.061011
v -0.002818 0.202996 0.058460
v -0.003866 0.201451 0.059422
v -0.002815 0.203289 0.058473
v -0.003863 0.201744 0.059435
v -0.002789 0.203292 0.058553
v -0.003837 0.201747 0.059515
v -0.002766 0.203003 0.058619
v -0.003814 0.201458 0.059581
v -0.002769 0.202710 0.058606
v -0.003817 0.201165 0.059568
v -0.002795 0.202707 0.058526
v -0.003843 0.201162 0.059488
v 0.002818 0.202996 0.058460
v 0.003866 0.201451 0.059422
v 0.002795 0.202707 0.058526
v 0.003843 0.201162 0.059488
v 0.002769 0.202710 0.058606
v 0.003817 0.201165 0.059568
v 0.002766 0.203003 0.058619
v 0.003814 0.201458 0.059581
v 0.002789 0.203292 0.058553
v 0.003837 0.201747 0.059515
v 0.002815 0.203289 0.058473
v 0.003863 0.201744 0.059435
v -0.002818 0.203896 0.057108
v -0.003866 0.202352 0.058070
v -0.002815 0.204189 0.057122
v -0.003863 0.202644 0.058084
v -0.002789 0.204192 0.057201
v -0.003837 0.202648 0.058163
v -0.002766 0.203903 0.057268
v -0.003814 0.202358 0.058230
v -0.002769 0.203610 0.057254
v -0.003817 0.202065 0.058216
v -0.002795 0.203607 0.057175
v -0.003843 0.202062 0.058137
v 0.002818 0.203896 0.057108
v 0.003866 0.202352 0.058070
v 0.002795 0.203607 0.057175
v 0.003843 0.202062 0.058137
v 0.002769 0.203610 0.057254
v 0.003817 0.202065 0.058216
v 0.002766 0.203903 0.057268
v 0.003814 0.202358 0.058230
v 0.002789 0.204192 0.057201
v 0.003837 0.202648 0.058163
v 0.002815 0.204189 0.057122
v 0.003863 0.202644 0.058084
v -0.002933 0.202669 0.055254
v -0.002933 0.202671 0.055254
v -0.002939 0.202671 0.055253
v -0.002933 0.204497 0.055088
v -0.002933 0.204499 0.055087
v -0.002939 0.204497 0.055087
v -0.002933 0.202856 0.054700
v -0.002939 0.202858 0.054700
v -0.002933 0.202858 0.054699
v -0.002933 0.204686 0.054533
v -0.002933 0.204685 0.054533
v -0.002939 0.204684 0.054533
v 0.002933 0.202669 0.055254
v 0.002939 0.202671 0.055253
v 0.002933 0.202671 0.055254
v 0.002933 0.204499 0.055087
v 0.002933 0.204497 0.055088
v 0.002939 0.204497 0.055087
v 0.002933 0.202856 0.054700
v 0.002933 0.202858 0.054699
v 0.002939 0.202858 0.054700
v 0.002933 0.204686 0.054533
v 0.002939 0.204684 0.054533
v 0.002933 0.204685 0.054533
v -0.002024 0.202689 0.056178
v -0.002024 0.202693 0.056179
v -0.002025 0.202694 0.056177
v -0.002024 0.205658 0.055909
v -0.002024 0.205663 0.055907
v -0.002025 0.205659 0.055907
v -0.001989 0.203125 0.054888
v -0.001991 0.203129 0.054888
v -0.001989 0.203130 0.054886
v -0.001989 0.206099 0.054617
v -0.001989 0.206095 0.054616
v -0.001991 0.206095 0.054618
v -0.001145 0.202670 0.056235
v -0.001144 0.202674 0.056235
v -0.001145 0.202673 0.056237
v -0.001145 0.205644 0.055965
v -0.001145 0.205638 0.055967
v -0.001144 0.205639 0.055965
v -0.001111 0.203105 0.054946
v -0.001111 0.203111 0.054944
v -0.001110 0.203110 0.054946
v -0.001111 0.206079 0.054675
v -0.001110 0.206075 0.054676
v -0.001111 0.206076 0.054674
v -0.001232 0.202684 0.056192
v -0.001232 0.202688 0.056194
v -0.001233 0.202689 0.056192
v -0.001232 0.205653 0.055924
v -0.001232 0.205658 0.055922
v -0.001233 0.205654 0.055922
v -0.001214 0.203120 0.054902
v -0.001216 0.203125 0.054902
v -0.001214 0.203125 0.054900
v -0.001214 0.206094 0.054631
v -0.001214 0.206090 0.054630
v -0.001216 0.206090 0.054632
v -0.000353 0.202674 0.056221
v -0.000352 0.202679 0.056221
v -0.000353 0.202678 0.056223
v -0.000353 0.205648 0.055951
v -0.000353 0.205643 0.055953
v -0.000352 0.205644 0.055951
v -0.000336 0.203110 0.054931
v -0.000336 0.203116 0.054929
v -0.000334 0.203115 0.054931
v -0.000336 0.206084 0.054660
v -0.000334 0.206080 0.054661
v -0.000336 0.206081 0.054659
v -0.000439 0.202679 0.056207
v -0.000439 0.202683 0.056209
v -0.000441 0.202684 0.056207
v -0.000439 0.205648 0.055939
v -0.000439 0.205653 0.055936
v -0.000441 0.205649 0.055937
v -0.000439 0.203115 0.054917
v -0.000441 0.203120 0.054916
v -0.000439 0.203120 0.054914
v -0.000439 0.206089 0.054646
v -0.000439 0.206086 0.054644
v -0.000441 0.206085 0.054646
v 0.000439 0.202679 0.056207
v 0.000441 0.202684 0.056207
v 0.000439 0.202683 0.056209
v 0.000439 0.205653 0.055936
v 0.000439 0.205648 0.055939
v 0.000441 0.205649 0.055937
v 0.000439 0.203115 0.054917
v 0.000439 0.203120 0.054914
v 0.000441 0.203120 0.054916
v 0.000439 0.206089 0.054646
v 0.000441 0.206085 0.054646
v 0.000439 0.206086 0.054644
v 0.000353 0.202674 0.056221
v 0.000353 0.202678 0.056223
v 0.000352 0.202679 0.056221
v 0.000353 0.205643 0.055953
v 0.000353 0.205648 0.055951
v 0.000352 0.205644 0.055951
v 0.000336 0.203110 0.054931
v 0.000334 0.203115 0.054931
v 0.000336 0.203116 0.054929
v 0.000336 0.206084 0.054660
v 0.000336 0.206081 0.054659
v 0.000334 0.206080 0.054661
v 0.001232 0.202684 0.056192
v 0.001233 0.202689 0.056192
v 0.001232 0.202688 0.056194
v 0.001232 0.205658 0.055922
v 0.001232 0.205653 0.055924
v 0.001233 0.205654 0.055922
v 0.001214 0.203120 0.054902
v 0.001214 0.203125 0.054900
v 0.001216 0.203125 0.054902
v 0.001214 0.206094 0.054631
v 0.001216 0.206090 0.054632
v 0.001214 0.206090 0.054630
v 0.001145 0.202670 0.056235
v 0.001145 0.202673 0.056237
v 0.001144 0.202674 0.056235
v 0.001145 0.205638 0.055967
v 0.001145 0.205644 0.055965
v 0.001144 0.205639 0.055965
v 0.001111 0.203105 0.054946
v 0.001110 0.203110 0.054946
v 0.001111 0.203111 0.054944
v 0.001111 0.206079 0.054675
v 0.001111 0.206076 0.054674
v 0.001110 0.206075 0.054676
v 0.002024 0.202689 0.056178
v 0.002025 0.202694 0.056177
v 0.002024 0.202693 0.056179
v 0.002024 0.205663 0.055907
v 0.002024 0.205658 0.055909
v 0.002025 0.205659 0.055907
v 0.001989 0.203125 0.054888
v 0.001989 0.203130 0.054886
v 0.001991 0.203129 0.054888
v 0.001989 0.206099 0.054617
v 0.001991 0.206095 0.054618
v 0.001989 0.206095 0.054616
v -0.004080 0.206428 0.061023
v -0.004081 0.206428 0.061027
v -0.004081 0.206429 0.061023
v -0.004081 0.207341 0.060943
v -0.004080 0.207343 0.060940
v -0.004081 0.207342 0.060940
v -0.003754 0.207663 0.057368
v -0.003754 0.207664 0.057368
v -0.003754 0.207666 0.057364
v -0.003754 0.208579 0.057285
v -0.003754 0.208579 0.057281
v -0.003754 0.208578 0.057285
v -0.003887 0.206414 0.061066
v -0.003887 0.206414 0.061066
v -0.003887 0.206413 0.061069
v -0.003887 0.207329 0.060982
v -0.003887 0.207326 0.060986
v -0.003887 0.207328 0.060983
v -0.003560 0.207649 0.057411
v -0.003560 0.207651 0.057407
v -0.003560 0.207650 0.057411
v -0.003560 0.208564 0.057328
v -0.003560 0.208563 0.057328
v -0.003560 0.208564 0.057324
v 0.003887 0.206414 0.061066
v 0.003887 0.206413 0.061069
v 0.003887 0.206414 0.061066
v 0.003887 0.207326 0.060986
v 0.003887 0.207329 0.060982
v 0.003887 0.207328 0.060983
v 0.003560 0.207649 0.057411
v 0.003560 0.207650 0.057411
v 0.003560 0.207651 0.057407
v 0.003560 0.208564 0.057328
v 0.003560 0.208564 0.057324
v 0.003560 0.208563 0.057328
v 0.004080 0.206428 0.061023
v 0.004081 0.206429 0.061023
v 0.004081 0.206428 0.061027
v 0.004080 0.207343 0.060940
v 0.004081 0.207341 0.060943
v 0.004081 0.207342 0.060940
v 0.003754 0.207663 0.057368
v 0.003754 0.207666 0.057364
v 0.003754 0.207664 0.057368
v 0.003754 0.208579 0.057285
v 0.003754 0.208578 0.057285
v 0.003754 0.208579 0.057281
vn -0.0000 -0.9079 -0.4191
vn -0.0000 -0.5877 -0.8091
vn 0.3795 -0.5772 -0.7231
vn 0.2285 -0.9016 -0.3674
vn -0.0000 -0.1219 -0.9925
vn -0.0000 0.3745 -0.9272
vn 0.3795 0.3851 -0.8412
vn 0.4339 -0.1098 -0.8943
vn -0.0000 0.7795 -0.6263
vn -0.0000 0.9925 -0.1219
vn 0.2285 0.7859 -0.5746
vn -0.0000 -0.9925 0.1219
vn 0.6838 -0.5476 -0.4822
vn 0.4118 -0.8837 -0.2223
vn 0.6838 0.4147 -0.6004
vn 0.7818 -0.0760 -0.6188
vn 0.4118 0.8037 -0.4295
vn 0.8527 0.4574 -0.2523
vn 0.9749 -0.0271 -0.2209
vn 0.5135 0.8295 -0.2199
vn 0.5135 -0.8580 -0.0127
vn 0.8527 -0.5048 -0.1341
vn 0.5135 0.8580 0.0127
vn 0.5135 -0.8294 0.2199
vn 0.9749 0.0271 0.2209
vn 0.8527 -0.4574 0.2523
vn 0.8527 0.5048 0.1341
vn 0.4118 -0.8037 0.4295
vn 0.7818 0.0760 0.6188
vn 0.6838 -0.4147 0.6004
vn 0.4118 0.8838 0.2223
vn 0.6838 0.5476 0.4822
vn 0.2285 -0.7859 0.5746
vn 0.4339 0.1098 0.8943
vn 0.3795 -0.3851 0.8412
vn 0.2285 0.9016 0.3674
vn 0.3795 0.5772 0.7231
vn -0.0000 -0.7795 0.6263
vn -0.0000 0.1219 0.9925
vn -0.0000 -0.3745 0.9272
vn -0.0000 0.9079 0.4191
vn -0.0000 0.5877 0.8091
vn -0.4339 0.1098 0.8943
vn -0.3795 -0.3851 0.8412
vn -0.2285 0.9016 0.3674
vn -0.3795 0.5772 0.7231
vn -0.2285 -0.7859 0.5746
vn -0.4118 0.8837 0.2223
vn -0.6838 0.5476 0.4822
vn -0.6838 -0.4147 0.6004
vn -0.4118 -0.8037 0.4295
vn -0.7818 0.0760 0.6188
vn -0.8527 -0.4574 0.2523
vn -0.5135 -0.8294 0.2199
vn -0.8527 0.5048 0.1341
vn -0.9749 0.0271 0.2209
vn -0.5135 0.8580 0.0127
vn -0.8527 -0.5048 -0.1341
vn -0.5135 -0.8580 -0.0127
vn -0.8527 0.4574 -0.2523
vn -0.9749 -0.0271 -0.2209
vn -0.5135 0.8295 -0.2199
vn -0.6838 -0.5476 -0.4822
vn -0.4118 -0.8837 -0.2223
vn -0.6838 0.4147 -0.6004
vn -0.7818 -0.0760 -0.6188
vn -0.4118 0.8037 -0.4295
vn -0.3795 -0.5772 -0.7231
vn -0.2285 -0.9016 -0.3674
vn -0.3795 0.3851 -0.8412
vn -0.4339 -0.1098 -0.8943
vn -0.2285 0.7859 -0.5746
vn -0.0000 -0.6740 -0.7388
vn -0.0000 -0.2884 -0.9575
vn 0.3448 -0.2949 -0.8911
vn 0.2298 -0.6919 -0.6845
vn -0.0000 0.1386 -0.9904
vn -0.0000 0.6995 -0.7146
vn 0.2793 0.7211 -0.6340
vn 0.3794 0.1663 -0.9102
vn -0.0000 -0.9954 -0.0957
vn -0.0000 0.9954 0.0957
vn 0.7255 -0.3047 -0.6171
vn 0.4663 -0.7364 -0.4901
vn 0.5301 0.7628 -0.3703
vn 0.7703 0.2370 -0.5920
vn 0.9563 -0.2912 -0.0245
vn 0.6265 -0.7748 -0.0843
vn 0.6265 0.7748 0.0843
vn 0.9563 0.2912 0.0245
vn 0.7703 -0.2370 0.5920
vn 0.5301 -0.7628 0.3703
vn 0.4663 0.7364 0.4901
vn 0.7255 0.3047 0.6171
vn 0.3794 -0.1663 0.9102
vn 0.2793 -0.7211 0.6340
vn 0.2298 0.6919 0.6845
vn 0.3448 0.2949 0.8911
vn -0.0000 -0.1386 0.9904
vn -0.0000 -0.6995 0.7146
vn -0.0000 0.6740 0.7388
vn -0.0000 0.2884 0.9575
vn -0.3794 -0.1663 0.9102
vn -0.2793 -0.7211 0.6340
vn -0.2298 0.6919 0.6845
vn -0.3448 0.2949 0.8911
vn -0.7703 -0.2370 0.5920
vn -0.5301 -0.7628 0.3703
vn -0.4663 0.7364 0.4901
vn -0.7255 0.3047 0.6171
vn -0.9563 -0.2912 -0.0245
vn -0.6265 -0.7748 -0.0843
vn -0.6265 0.7748 0.0843
vn -0.9563 0.2912 0.0245
vn -0.7255 -0.3047 -0.6171
vn -0.4663 -0.7364 -0.4901
vn -0.5301 0.7628 -0.3703
vn -0.7703 0.2370 -0.5920
vn -0.3448 -0.2949 -0.8911
vn -0.2298 -0.6919 -0.6845
vn -0.2793 0.7211 -0.6340
vn -0.3794 0.1663 -0.9102
vn 0.3767 -0.8028 -0.4622
vn 0.1375 -0.5239 0.8406
vn -0.8961 -0.3727 -0.2412
vn 0.1547 0.2929 0.9435
vn 0.3624 0.8861 -0.2891
vn -0.9008 0.4246 -0.0903
vn 0.3646 -0.8847 0.2904
vn -0.8994 -0.4280 0.0881
vn 0.1568 -0.2919 -0.9435
vn 0.3744 0.8043 0.4615
vn 0.1355 0.5248 -0.8404
vn -0.8973 0.3691 0.2423
vn -0.3766 -0.8028 -0.4623
vn 0.8961 -0.3726 -0.2411
vn -0.1376 -0.5240 0.8405
vn -0.3626 0.8860 -0.2891
vn -0.1547 0.2928 0.9436
vn 0.9007 0.4249 -0.0904
vn -0.3647 -0.8847 0.2903
vn -0.1567 -0.2919 -0.9435
vn 0.8994 -0.4281 0.0882
vn -0.3743 0.8043 0.4616
vn 0.8973 0.3690 0.2422
vn -0.1356 0.5248 -0.8403
vn 0.4740 -0.8734 -0.1117
vn 0.4739 -0.8738 -0.1089
vn -0.8789 -0.4695 -0.0843
vn -0.8788 -0.4691 -0.0875
vn -0.0061 0.0605 0.9981
vn -0.0060 0.0635 0.9980
vn -0.9990 0.0434 -0.0058
vn -0.9992 0.0404 -0.0056
vn 0.4749 0.8729 0.1117
vn 0.4750 0.8732 0.1087
vn -0.8783 0.4706 0.0846
vn -0.8783 0.4699 0.0875
vn -0.0061 -0.0605 -0.9981
vn -0.0060 -0.0637 -0.9980
vn -0.9991 -0.0432 0.0058
vn -0.9992 -0.0404 0.0056
vn 0.0015 -0.9298 0.3682
vn -0.0015 -0.9298 0.3682
vn -0.0015 -0.3709 -0.9287
vn 0.0015 -0.3709 -0.9287
vn -0.0015 0.8091 0.5877
vn 0.0015 0.8091 0.5877
vn 0.0015 0.5901 -0.8073
vn -0.0015 0.5901 -0.8073
vn 0.9992 -0.0404 0.0056
vn 0.9991 -0.0432 0.0058
vn 0.0060 -0.0637 -0.9980
vn 0.0061 -0.0605 -0.9981
vn -0.4739 -0.8738 -0.1089
vn -0.4740 -0.8734 -0.1117
vn 0.8788 -0.4691 -0.0874
vn 0.8789 -0.4695 -0.0844
vn -0.4750 0.8732 0.1087
vn -0.4749 0.8729 0.1117
vn 0.8783 0.4699 0.0875
vn 0.8783 0.4706 0.0847
vn 0.0060 0.0635 0.9980
vn 0.0061 0.0605 0.9981
vn 0.9992 0.0404 -0.0056
vn 0.9990 0.0434 -0.0058
vn -0.0015 -0.8090 -0.5877
vn 0.0015 -0.8090 -0.5877
vn 0.0015 -0.5901 0.8073
vn -0.0015 -0.5901 0.8073
vn 0.0015 0.9298 -0.3682
vn -0.0015 0.9298 -0.3682
vn -0.0015 0.3709 0.9287
vn 0.0015 0.3709 0.9287
vn -0.0015 -0.9893 -0.1461
vn 0.0015 -0.9893 -0.1461
vn 0.0015 -0.9897 -0.1431
vn -0.0015 -0.9897 -0.1431
vn -1.0000 -0.0015 0.0015
vn -1.0000 0.0015 0.0016
vn -1.0000 0.0015 -0.0015
vn -1.0000 -0.0015 -0.0015
vn 0.0015 0.1026 0.9947
vn 0.0015 0.1056 0.9944
vn -0.0015 0.1056 0.9944
vn -0.0015 0.1026 0.9947
vn 0.0015 0.9897 0.1431
vn -0.0015 0.9897 0.1431
vn -0.0015 0.9893 0.1461
vn 0.0015 0.9893 0.1461
vn -0.0015 -0.1056 -0.9944
vn -0.0015 -0.1026 -0.9947
vn 0.0015 -0.1026 -0.9947
vn 0.0015 -0.1056 -0.9944
vn 1.0000 -0.0015 -0.0016
vn 1.0000 0.0016 -0.0015
vn 1.0000 0.0015 0.0015
vn 1.0000 -0.0015 0.0015
vn -0.0000 0.4473 -0.8944
vn -0.0000 0.9626 -0.2709
vn 0.3079 0.4732 -0.8254
vn -0.0000 -0.7829 -0.6221
vn -0.0000 -0.3296 -0.9441
vn 0.4376 -0.3231 -0.8391
vn 0.3514 -0.7750 -0.5252
vn -0.0000 0.0313 -0.9995
vn 0.4138 0.0513 -0.9089
vn -0.0000 -0.9626 0.2709
vn 0.6343 -0.7369 -0.2339
vn 0.7919 0.1140 -0.5999
vn 0.8196 -0.2896 -0.4943
vn 0.5854 0.5478 -0.5976
vn 0.7318 -0.6516 0.2000
vn 0.9758 0.2095 -0.0631
vn 0.9758 -0.2095 0.0631
vn 0.7318 0.6516 -0.2000
vn 0.5854 -0.5478 0.5977
vn 0.8196 0.2896 0.4943
vn 0.7919 -0.1140 0.5999
vn 0.6343 0.7369 0.2340
vn 0.3079 -0.4732 0.8254
vn 0.4376 0.3231 0.8391
vn 0.4138 -0.0513 0.9089
vn 0.3514 0.7750 0.5252
vn -0.0000 -0.4473 0.8944
vn -0.0000 0.3296 0.9441
vn -0.0000 -0.0313 0.9995
vn -0.0000 0.7829 0.6221
vn -0.3079 -0.4732 0.8254
vn -0.4376 0.3231 0.8391
vn -0.4138 -0.0513 0.9089
vn -0.3514 0.7750 0.5252
vn -0.5854 -0.5478 0.5977
vn -0.8196 0.2896 0.4943
vn -0.7919 -0.1140 0.5999
vn -0.6343 0.7369 0.2340
vn -0.7318 -0.6516 0.2000
vn -0.9758 0.2095 -0.0631
vn -0.9758 -0.2095 0.0631
vn -0.7318 0.6516 -0.2000
vn -0.6343 -0.7369 -0.2340
vn -0.7919 0.1140 -0.5999
vn -0.8196 -0.2896 -0.4943
vn -0.5854 0.5478 -0.5977
vn -0.3514 -0.7750 -0.5252
vn -0.4138 0.0513 -0.9089
vn -0.4376 -0.3231 -0.8391
vn -0.3079 0.4732 -0.8254
vn 0.3802 -0.2681 -0.8852
vn 0.4246 0.2297 -0.8758
vn 0.8582 0.1836 -0.4793
vn 0.7964 -0.2344 -0.5575
vn 0.3404 0.8048 -0.4863
vn -0.0000 0.9617 0.2741
vn 0.6801 0.7057 -0.1987
vn 0.2653 -0.6361 -0.7246
vn 0.5793 -0.6188 -0.5306
vn -0.0000 -0.9617 -0.2741
vn 0.7371 -0.6096 -0.2916
vn 0.9806 0.1759 -0.0868
vn 0.9609 -0.1938 -0.1977
vn 0.7718 0.6302 0.0849
vn 0.7670 -0.6409 -0.0307
vn 0.9421 0.2008 0.2684
vn 0.9715 -0.1744 0.1607
vn 0.7160 0.6091 0.3411
vn 0.6368 -0.7261 0.2592
vn 0.7374 0.2430 0.6302
vn 0.8031 -0.1904 0.5646
vn 0.5306 0.6227 0.5751
vn 0.2344 -0.8180 0.5253
vn 0.2606 0.2710 0.9266
vn 0.2912 -0.2383 0.9265
vn 0.1812 0.6380 0.7484
vn -0.3405 -0.8047 0.4863
vn -0.3802 0.2681 0.8852
vn -0.4246 -0.2297 0.8758
vn -0.2653 0.6361 0.7246
vn -0.6801 -0.7057 0.1987
vn -0.7964 0.2344 0.5575
vn -0.8582 -0.1836 0.4793
vn -0.5793 0.6188 0.5306
vn -0.7718 -0.6301 -0.0849
vn -0.9609 0.1938 0.1977
vn -0.9806 -0.1759 0.0868
vn -0.7372 0.6096 0.2916
vn -0.7160 -0.6091 -0.3411
vn -0.9715 0.1744 -0.1607
vn -0.9421 -0.2008 -0.2684
vn -0.7670 0.6409 0.0307
vn -0.5306 -0.6227 -0.5751
vn -0.8031 0.1904 -0.5646
vn -0.7374 -0.2430 -0.6302
vn -0.6368 0.7261 -0.2592
vn -0.1812 -0.6380 -0.7484
vn -0.2912 0.2383 -0.9265
vn -0.2606 -0.2710 -0.9266
vn -0.2344 0.8180 -0.5253
vn 0.4971 -0.4945 -0.7130
vn 0.6528 -0.0494 -0.7559
vn 0.8508 -0.0315 -0.5246
vn 0.6624 -0.4973 -0.5603
vn 0.6250 0.5668 -0.5368
vn 0.0486 0.9715 0.2319
vn 0.7816 0.5417 -0.3094
vn -0.0486 -0.9715 -0.2319
vn 0.8182 0.5748 0.0049
vn 0.7659 -0.5591 -0.3176
vn 0.9844 -0.0008 -0.1759
vn 0.9068 0.0103 0.4214
vn 0.7256 -0.6721 0.1475
vn 0.6729 0.5996 0.4332
vn 0.3414 -0.0017 0.9399
vn 0.2529 -0.7339 0.6304
vn 0.2045 0.5767 0.7910
vn -0.3151 0.0440 0.9480
vn -0.3093 -0.6642 0.6806
vn -0.2414 0.5311 0.8122
vn -0.6528 0.0494 0.7559
vn -0.6250 -0.5668 0.5368
vn -0.4971 0.4944 0.7130
vn -0.8508 0.0315 0.5246
vn -0.7816 -0.5417 0.3094
vn -0.6624 0.4973 0.5603
vn -0.7659 0.5591 0.3176
vn -0.9844 0.0008 0.1759
vn -0.8183 -0.5748 -0.0049
vn -0.6729 -0.5996 -0.4332
vn -0.7257 0.6721 -0.1475
vn -0.9068 -0.0103 -0.4214
vn -0.2045 -0.5767 -0.7910
vn -0.2529 0.7339 -0.6304
vn -0.3414 0.0017 -0.9399
vn 0.2414 -0.5311 -0.8122
vn 0.3093 0.6641 -0.6806
vn 0.3151 -0.0440 -0.9480
vn -0.3256 -0.4978 -0.8038
vn -0.4370 -0.0549 -0.8978
vn -0.0421 -0.0447 -0.9981
vn -0.0457 -0.5267 -0.8488
vn -0.4266 0.5921 -0.6836
vn -0.0383 0.9768 0.2106
vn -0.0529 0.6637 -0.7461
vn 0.0383 -0.9768 -0.2106
vn 0.5507 -0.0079 -0.8347
vn 0.3618 -0.5708 -0.7371
vn 0.4460 0.7021 -0.5551
vn 0.9671 -0.0087 -0.2541
vn 0.7286 -0.6025 -0.3258
vn 0.7636 0.6452 -0.0250
vn 0.9372 0.0089 0.3487
vn 0.7917 -0.5946 0.1405
vn 0.7059 0.5557 0.4393
vn 0.7140 0.0401 0.6990
vn 0.6683 -0.5720 0.4757
vn 0.5359 0.5036 0.6776
vn 0.4370 0.0549 0.8978
vn 0.4266 -0.5921 0.6836
vn 0.3256 0.4978 0.8038
vn 0.0457 0.5267 0.8488
vn 0.0421 0.0447 0.9981
vn 0.0529 -0.6637 0.7461
vn -0.4460 -0.7021 0.5551
vn -0.3618 0.5708 0.7371
vn -0.5507 0.0079 0.8347
vn -0.7636 -0.6452 0.0250
vn -0.7285 0.6025 0.3258
vn -0.9671 0.0087 0.2542
vn -0.7059 -0.5557 -0.4393
vn -0.7916 0.5946 -0.1405
vn -0.9372 -0.0089 -0.3487
vn -0.5360 -0.5036 -0.6776
vn -0.6683 0.5720 -0.4757
vn -0.7140 -0.0401 -0.6990
vn 0.4874 -0.4537 -0.7461
vn 0.6051 -0.0522 -0.7944
vn 0.9144 -0.0284 -0.4038
vn 0.7720 -0.4357 -0.4628
vn 0.5872 0.5181 -0.6219
vn 0.0266 0.9814 0.1903
vn 0.8579 0.4541 -0.2405
vn -0.0266 -0.9814 -0.1903
vn 0.8647 0.4641 0.1920
vn 0.8801 -0.4702 -0.0664
vn 0.9969 0.0088 0.0786
vn 0.7408 0.0347 0.6709
vn 0.6765 -0.5634 0.4744
vn 0.5935 0.4868 0.6409
vn 0.0387 0.0446 0.9983
vn 0.0315 -0.6018 0.7980
vn 0.0196 0.4802 0.8769
vn -0.6051 0.0522 0.7944
vn -0.5871 -0.5181 0.6219
vn -0.4874 0.4537 0.7461
vn -0.9144 0.0284 0.4038
vn -0.8579 -0.4541 0.2406
vn -0.7720 0.4357 0.4628
vn -0.9969 -0.0088 -0.0786
vn -0.8647 -0.4641 -0.1920
vn -0.8801 0.4702 0.0664
vn -0.6765 0.5633 -0.4744
vn -0.7408 -0.0347 -0.6709
vn -0.5935 -0.4868 -0.6409
vn -0.0195 -0.4802 -0.8769
vn -0.0316 0.6018 -0.7980
vn -0.0387 -0.0446 -0.9983
vn 0.0186 -0.9851 -0.1711
vn -0.3372 -0.4497 -0.8270
vn 0.2153 -0.4650 -0.8587
vn -0.4186 -0.0560 -0.9064
vn -0.4094 0.5277 -0.7443
vn 0.2638 0.5677 -0.7798
vn 0.2787 -0.0486 -0.9591
vn -0.0187 0.9851 0.1711
vn 0.6997 -0.4633 -0.5439
vn 0.7850 0.5086 -0.3538
vn 0.8487 -0.0333 -0.5278
vn 0.8907 -0.4471 -0.0824
vn 0.8798 0.4448 0.1677
vn 0.9989 0.0013 0.0472
vn 0.8057 -0.4589 0.3745
vn 0.7050 0.4324 0.5621
vn 0.8438 0.0376 0.5353
vn 0.3372 0.4498 0.8271
vn 0.4093 -0.5277 0.7443
vn 0.4186 0.0560 0.9064
vn -0.2787 0.0486 0.9591
vn -0.2638 -0.5677 0.7798
vn -0.2153 0.4651 0.8587
vn -0.8487 0.0333 0.5278
vn -0.7849 -0.5086 0.3538
vn -0.6997 0.4633 0.5439
vn -0.9989 -0.0013 -0.0472
vn -0.8798 -0.4448 -0.1677
vn -0.8907 0.4471 0.0824
vn -0.8438 -0.0376 -0.5353
vn -0.7050 -0.4324 -0.5621
vn -0.8057 0.4589 -0.3745
vn -0.4453 -0.8279 -0.3409
vn -0.5639 -0.0172 0.8257
vn -0.6960 0.5179 -0.4973
vn -0.5463 -0.3394 0.7657
vn -0.4584 0.8606 -0.2218
vn -0.7544 -0.3600 -0.5489
vn -0.4817 -0.8619 0.1587
vn -0.8369 0.3654 0.4075
vn -0.4191 0.3273 -0.8469
vn -0.5013 0.8200 0.2762
vn -0.4216 0.0108 -0.9067
vn -0.7666 -0.5264 0.3678
vn 0.5049 -0.8181 -0.2754
vn 0.7640 0.5294 -0.3689
vn 0.4218 -0.0092 0.9066
vn 0.4777 0.8642 -0.1578
vn 0.4168 -0.3256 0.8487
vn 0.8408 -0.3612 -0.4031
vn 0.4584 -0.8610 0.2204
vn 0.5455 0.3396 -0.7662
vn 0.7549 0.3592 0.5488
vn 0.4444 0.8288 0.3401
vn 0.6967 -0.5163 0.4980
vn 0.5637 0.0173 -0.8258
vn -0.5295 -0.8209 -0.2139
vn -0.5297 -0.8212 -0.2120
vn -0.8426 0.5384 0.0112
vn -0.8424 0.5387 0.0093
vn -0.6408 -0.0294 0.7672
vn -0.6407 -0.0273 0.7673
vn -0.7688 0.0411 -0.6381
vn -0.7689 0.0391 -0.6382
vn -0.5643 0.8144 0.1350
vn -0.5639 0.8150 0.1331
vn -0.8250 -0.5440 -0.1531
vn -0.8253 -0.5441 -0.1511
vn -0.5049 0.0174 -0.8630
vn -0.5048 0.0154 -0.8631
vn -0.8634 -0.0503 0.5019
vn -0.8635 -0.0483 0.5020
vn -0.0204 -0.9974 -0.0688
vn -0.0223 -0.9974 -0.0691
vn 0.1629 0.0627 -0.9847
vn 0.1648 0.0627 -0.9843
vn 0.0286 0.9688 0.2462
vn 0.0306 0.9686 0.2466
vn 0.1868 0.2386 -0.9530
vn 0.1848 0.2388 -0.9533
vn 0.7687 -0.0389 0.6384
vn 0.7687 -0.0408 0.6384
vn 0.6409 0.0272 -0.7671
vn 0.6410 0.0292 -0.7670
vn 0.5670 -0.8129 -0.1331
vn 0.5670 -0.8125 -0.1357
vn 0.8232 0.5471 0.1517
vn 0.8232 0.5467 0.1531
vn 0.5281 0.8224 0.2118
vn 0.5276 0.8220 0.2143
vn 0.8435 -0.5371 -0.0085
vn 0.8437 -0.5368 -0.0099
vn 0.5049 -0.0154 0.8631
vn 0.5049 -0.0175 0.8630
vn 0.8635 0.0483 -0.5021
vn 0.8634 0.0502 -0.5020
vn -0.0305 -0.9686 -0.2466
vn -0.0286 -0.9688 -0.2462
vn -0.1849 -0.2388 0.9533
vn -0.1868 -0.2386 0.9530
vn 0.0229 0.9974 0.0677
vn 0.0210 0.9975 0.0676
vn -0.1644 -0.0612 0.9845
vn -0.1624 -0.0615 0.9848
vn -0.0008 -0.9470 -0.3213
vn 0.0011 -0.9471 -0.3210
vn 0.0008 -0.9477 -0.3192
vn -0.0011 -0.9476 -0.3194
vn -0.9968 -0.0084 -0.0794
vn -0.9968 -0.0064 -0.0792
vn -0.9967 -0.0062 -0.0811
vn -0.9967 -0.0082 -0.0814
vn -0.1823 0.0881 0.9793
vn -0.1822 0.0902 0.9791
vn -0.1842 0.0902 0.9787
vn -0.1843 0.0882 0.9789
vn 0.0011 0.9476 0.3194
vn -0.0008 0.9477 0.3192
vn -0.0011 0.9471 0.3210
vn 0.0008 0.9470 0.3213
vn 0.1823 -0.0901 -0.9791
vn 0.1823 -0.0882 -0.9793
vn 0.1843 -0.0882 -0.9789
vn 0.1842 -0.0902 -0.9787
vn 0.9968 0.0064 0.0792
vn 0.9968 0.0084 0.0794
vn 0.9967 0.0082 0.0814
vn 0.9967 0.0062 0.0811
vn -0.3802 -0.2681 -0.8852
vn -0.4246 0.2297 -0.8758
vn 0.2912 0.2383 -0.9265
vn 0.2606 -0.2710 -0.9266
vn -0.3404 0.8048 -0.4863
vn 0.2344 0.8180 -0.5253
vn -0.2653 -0.6361 -0.7246
vn 0.1812 -0.6380 -0.7484
vn 0.5306 -0.6227 -0.5751
vn 0.8031 0.1904 -0.5646
vn 0.7374 -0.2430 -0.6302
vn 0.6368 0.7261 -0.2592
vn 0.7160 -0.6091 -0.3411
vn 0.9715 0.1744 -0.1607
vn 0.9421 -0.2008 -0.2684
vn 0.7671 0.6408 0.0307
vn 0.7718 -0.6301 -0.0849
vn 0.9609 0.1938 0.1977
vn 0.9806 -0.1759 0.0868
vn 0.7372 0.6095 0.2916
vn 0.6801 -0.7057 0.1987
vn 0.7964 0.2344 0.5575
vn 0.8582 -0.1836 0.4793
vn 0.5793 0.6188 0.5306
vn 0.3405 -0.8047 0.4863
vn 0.3802 0.2681 0.8852
vn 0.4246 -0.2297 0.8758
vn 0.2653 0.6361 0.7246
vn -0.2344 -0.8180 0.5253
vn -0.2606 0.2710 0.9266
vn -0.2912 -0.2383 0.9265
vn -0.1812 0.6380 0.7484
vn -0.6368 -0.7261 0.2592
vn -0.7374 0.2430 0.6302
vn -0.8031 -0.1904 0.5646
vn -0.5306 0.6227 0.5751
vn -0.7670 -0.6409 -0.0307
vn -0.9421 0.2008 0.2684
vn -0.9715 -0.1744 0.1607
vn -0.7160 0.6091 0.3411
vn -0.7371 -0.6096 -0.2916
vn -0.9806 0.1759 -0.0868
vn -0.9609 -0.1938 -0.1977
vn -0.7718 0.6302 0.0849
vn -0.5793 -0.6188 -0.5306
vn -0.8582 0.1836 -0.4793
vn -0.7964 -0.2344 -0.5575
vn -0.6801 0.7057 -0.1987
vn 0.0486 -0.9715 -0.2319
vn -0.4971 -0.4945 -0.7130
vn -0.2414 -0.5311 -0.8122
vn -0.6528 -0.0494 -0.7559
vn -0.6250 0.5668 -0.5368
vn -0.3093 0.6641 -0.6806
vn -0.3151 -0.0440 -0.9480
vn -0.0486 0.9715 0.2319
vn 0.2045 -0.5767 -0.7910
vn 0.2529 0.7339 -0.6304
vn 0.3414 0.0017 -0.9399
vn 0.6729 -0.5996 -0.4332
vn 0.7257 0.6721 -0.1475
vn 0.9068 -0.0103 -0.4214
vn 0.8183 -0.5748 -0.0049
vn 0.7659 0.5591 0.3176
vn 0.9844 0.0008 0.1759
vn 0.6624 0.4973 0.5603
vn 0.7816 -0.5417 0.3094
vn 0.8508 0.0315 0.5246
vn 0.6528 0.0494 0.7559
vn 0.6250 -0.5668 0.5368
vn 0.4971 0.4944 0.7130
vn 0.3151 0.0440 0.9480
vn 0.3093 -0.6642 0.6806
vn 0.2414 0.5311 0.8122
vn -0.3414 -0.0017 0.9399
vn -0.2529 -0.7340 0.6304
vn -0.2045 0.5767 0.7910
vn -0.9068 0.0103 0.4214
vn -0.7256 -0.6721 0.1475
vn -0.6729 0.5996 0.4332
vn -0.9844 -0.0008 -0.1759
vn -0.7659 -0.5591 -0.3176
vn -0.8182 0.5748 0.0049
vn -0.7816 0.5416 -0.3094
vn -0.8508 -0.0315 -0.5246
vn -0.6624 -0.4973 -0.5603
vn -0.0383 -0.9768 -0.2106
vn 0.3256 -0.4978 -0.8038
vn 0.5360 -0.5036 -0.6776
vn 0.4370 -0.0549 -0.8978
vn 0.4266 0.5921 -0.6836
vn 0.6683 0.5720 -0.4757
vn 0.7140 -0.0401 -0.6990
vn 0.0383 0.9768 0.2106
vn 0.7916 0.5946 -0.1405
vn 0.9372 -0.0089 -0.3487
vn 0.7059 -0.5557 -0.4393
vn 0.7636 -0.6452 0.0250
vn 0.7285 0.6025 0.3258
vn 0.9671 0.0087 0.2542
vn 0.4460 -0.7021 0.5551
vn 0.3618 0.5708 0.7371
vn 0.5507 0.0079 0.8347
vn -0.0529 -0.6637 0.7461
vn -0.0457 0.5267 0.8488
vn -0.0421 0.0447 0.9981
vn -0.4266 -0.5921 0.6836
vn -0.3256 0.4978 0.8038
vn -0.4370 0.0549 0.8978
vn -0.5360 0.5036 0.6776
vn -0.6683 -0.5720 0.4757
vn -0.7140 0.0401 0.6990
vn -0.9372 0.0089 0.3487
vn -0.7916 -0.5946 0.1405
vn -0.7059 0.5557 0.4393
vn -0.9671 -0.0087 -0.2541
vn -0.7286 -0.6025 -0.3258
vn -0.7636 0.6452 -0.0250
vn -0.5507 -0.0079 -0.8347
vn -0.3618 -0.5708 -0.7371
vn -0.4460 0.7021 -0.5551
vn 0.0421 -0.0447 -0.9981
vn 0.0457 -0.5267 -0.8488
vn 0.0529 0.6637 -0.7461
vn 0.0266 -0.9814 -0.1903
vn -0.4874 -0.4537 -0.7461
vn 0.0195 -0.4802 -0.8769
vn -0.6051 -0.0522 -0.7944
vn -0.5872 0.5181 -0.6219
vn 0.0316 0.6018 -0.7980
vn 0.0387 -0.0446 -0.9983
vn -0.0266 0.9814 0.1903
vn 0.5935 -0.4868 -0.6409
vn 0.6765 0.5633 -0.4744
vn 0.7408 -0.0347 -0.6709
vn 0.8647 -0.4641 -0.1920
vn 0.8801 0.4702 0.0664
vn 0.9969 -0.0088 -0.0786
vn 0.8579 -0.4541 0.2406
vn 0.7720 0.4357 0.4628
vn 0.9144 0.0284 0.4038
vn 0.4874 0.4537 0.7461
vn 0.5871 -0.5181 0.6219
vn 0.6051 0.0522 0.7944
vn -0.0387 0.0446 0.9983
vn -0.0315 -0.6018 0.7980
vn -0.0196 0.4802 0.8769
vn -0.7408 0.0347 0.6709
vn -0.6765 -0.5634 0.4744
vn -0.5935 0.4868 0.6409
vn -0.9969 0.0088 0.0786
vn -0.8801 -0.4702 -0.0664
vn -0.8647 0.4642 0.1920
vn -0.9144 -0.0284 -0.4038
vn -0.7720 -0.4357 -0.4628
vn -0.8579 0.4541 -0.2405
vn 0.3372 -0.4497 -0.8270
vn 0.4186 -0.0560 -0.9064
vn 0.8438 -0.0376 -0.5353
vn 0.7050 -0.4324 -0.5621
vn 0.4094 0.5277 -0.7443
vn 0.0187 0.9851 0.1711
vn 0.8057 0.4589 -0.3745
vn -0.0186 -0.9851 -0.1711
vn 0.8907 0.4471 0.0824
vn 0.8798 -0.4448 -0.1677
vn 0.9989 -0.0013 -0.0472
vn 0.8487 0.0333 0.5278
vn 0.7849 -0.5086 0.3538
vn 0.6997 0.4633 0.5439
vn 0.2787 0.0486 0.9591
vn 0.2638 -0.5677 0.7798
vn 0.2153 0.4650 0.8587
vn -0.4186 0.0560 0.9064
vn -0.4093 -0.5277 0.7443
vn -0.3372 0.4497 0.8271
vn -0.8438 0.0376 0.5353
vn -0.8057 -0.4589 0.3745
vn -0.7050 0.4324 0.5621
vn -0.9989 0.0013 0.0472
vn -0.8907 -0.4471 -0.0824
vn -0.8798 0.4448 0.1677
vn -0.7850 0.5086 -0.3538
vn -0.8487 -0.0333 -0.5278
vn -0.6997 -0.4633 -0.5439
vn -0.2153 -0.4650 -0.8587
vn -0.2638 0.5677 -0.7798
vn -0.2787 -0.0486 -0.9591
vn -0.5048 -0.8181 -0.2753
vn -0.4218 -0.0090 0.9066
vn -0.7640 0.5293 -0.3689
vn -0.4169 -0.3255 0.8487
vn -0.4778 0.8641 -0.1580
vn -0.8408 -0.3614 -0.4031
vn -0.4584 -0.8609 0.2205
vn -0.7549 0.3593 0.5487
vn -0.5454 0.3395 -0.7663
vn -0.4444 0.8288 0.3400
vn -0.5637 0.0172 -0.8258
vn -0.6967 -0.5163 0.4981
vn 0.4453 -0.8279 -0.3410
vn 0.6961 0.5179 -0.4972
vn 0.5639 -0.0173 0.8257
vn 0.4578 0.8610 -0.2215
vn 0.5461 -0.3392 0.7659
vn 0.7550 -0.3593 -0.5484
vn 0.4816 -0.8619 0.1586
vn 0.4191 0.3274 -0.8468
vn 0.8369 0.3653 0.4076
vn 0.5013 0.8200 0.2763
vn 0.7666 -0.5265 0.3677
vn 0.4215 0.0110 -0.9067
vn -0.5670 -0.8125 -0.1356
vn -0.5670 -0.8129 -0.1331
vn -0.8232 0.5467 0.1531
vn -0.8232 0.5471 0.1518
vn -0.5049 -0.0174 0.8630
vn -0.5048 -0.0153 0.8631
vn -0.8634 0.0503 -0.5020
vn -0.8635 0.0483 -0.5021
vn -0.5276 0.8220 0.2142
vn -0.5281 0.8224 0.2117
vn -0.8437 -0.5368 -0.0098
vn -0.8435 -0.5371 -0.0084
vn -0.6410 0.0292 -0.7670
vn -0.6409 0.0272 -0.7671
vn -0.7687 -0.0409 0.6384
vn -0.7687 -0.0389 0.6384
vn 0.0223 -0.9974 -0.0691
vn 0.0204 -0.9974 -0.0688
vn -0.1648 0.0627 -0.9843
vn -0.1629 0.0627 -0.9847
vn -0.0305 0.9686 0.2465
vn -0.0287 0.9688 0.2462
vn -0.1849 0.2388 -0.9533
vn -0.1868 0.2386 -0.9530
vn 0.8635 -0.0483 0.5020
vn 0.8634 -0.0503 0.5019
vn 0.5048 0.0154 -0.8631
vn 0.5049 0.0175 -0.8630
vn 0.5297 -0.8212 -0.2120
vn 0.5295 -0.8209 -0.2139
vn 0.8424 0.5387 0.0093
vn 0.8426 0.5384 0.0112
vn 0.5639 0.8150 0.1331
vn 0.5643 0.8144 0.1350
vn 0.8253 -0.5441 -0.1511
vn 0.8250 -0.5439 -0.1532
vn 0.6407 -0.0274 0.7673
vn 0.6408 -0.0294 0.7672
vn 0.7689 0.0391 -0.6382
vn 0.7688 0.0411 -0.6381
vn 0.0286 -0.9688 -0.2462
vn 0.0305 -0.9686 -0.2466
vn 0.1868 -0.2386 0.9530
vn 0.1848 -0.2388 0.9533
vn -0.0210 0.9975 0.0676
vn -0.0229 0.9974 0.0677
vn 0.1625 -0.0615 0.9848
vn 0.1644 -0.0612 0.9845
vn -0.0011 -0.9471 -0.3210
vn 0.0008 -0.9470 -0.3213
vn 0.0011 -0.9476 -0.3194
vn -0.0008 -0.9477 -0.3192
vn -0.9967 0.0062 0.0811
vn -0.9966 0.0082 0.0814
vn -0.9968 0.0084 0.0794
vn -0.9968 0.0064 0.0792
vn 0.1843 0.0882 0.9789
vn 0.1842 0.0902 0.9787
vn 0.1822 0.0902 0.9791
vn 0.1823 0.0881 0.9793
vn 0.0009 0.9477 0.3192
vn -0.0010 0.9476 0.3195
vn -0.0008 0.9470 0.3213
vn 0.0011 0.9471 0.3210
vn -0.1842 -0.0902 -0.9787
vn -0.1843 -0.0882 -0.9789
vn -0.1823 -0.0881 -0.9793
vn -0.1822 -0.0902 -0.9791
vn 0.9966 -0.0082 -0.0814
vn 0.9967 -0.0062 -0.0812
vn 0.9968 -0.0065 -0.0792
vn 0.9968 -0.0084 -0.0794
vn 0.0435 -0.8462 0.5311
vn 0.1107 0.3491 0.9305
vn -0.9839 0.1712 0.0509
vn 0.0926 -0.3833 0.9190
vn 0.1927 0.8467 0.4959
vn -0.9896 0.1274 0.0668
vn 0.4591 -0.8696 -0.1817
vn -0.5602 0.0730 -0.8251
vn 0.7740 0.3250 -0.5434
vn 0.5819 0.7883 -0.1999
vn 0.7534 -0.4484 -0.4810
vn -0.5520 0.0534 -0.8322
vn -0.5882 -0.7770 0.2243
vn 0.5514 -0.0398 0.8333
vn -0.7513 0.4690 0.4644
vn -0.4620 0.8693 0.1757
vn -0.7798 -0.3280 0.5332
vn 0.5476 -0.0723 0.8336
vn -0.1777 -0.8467 -0.5016
vn -0.0789 0.3806 -0.9214
vn 0.9918 -0.1200 -0.0448
vn -0.0301 0.8515 -0.5235
vn 0.9851 -0.1709 -0.0206
vn -0.0849 -0.3334 -0.9389
vn 0.3151 -0.9379 -0.1453
vn 0.3157 -0.9381 -0.1427
vn -0.8944 -0.2457 -0.3737
vn -0.8941 -0.2447 -0.3751
vn 0.1837 0.0305 0.9825
vn 0.1839 0.0326 0.9824
vn -0.9802 0.0756 0.1829
vn -0.9804 0.0737 0.1829
vn 0.3142 0.8685 0.3835
vn 0.3151 0.8687 0.3822
vn -0.9222 0.3759 -0.0902
vn -0.9228 0.3752 -0.0877
vn 0.8868 -0.0714 -0.4565
vn 0.8868 -0.0734 -0.4564
vn -0.4587 -0.0509 -0.8871
vn -0.4586 -0.0490 -0.8873
vn 0.1292 -0.9002 -0.4159
vn 0.1285 -0.8989 -0.4188
vn 0.4193 0.4280 -0.8006
vn 0.4207 0.4302 -0.7987
vn 0.3313 0.8491 -0.4114
vn 0.3325 0.8497 -0.4092
vn 0.3442 -0.5130 -0.7863
vn 0.3430 -0.5114 -0.7879
vn 0.9808 -0.0734 -0.1805
vn 0.9807 -0.0753 -0.1805
vn -0.1815 -0.0326 -0.9829
vn -0.1813 -0.0306 -0.9830
vn -0.3156 -0.8686 -0.3821
vn -0.3146 -0.8681 -0.3838
vn 0.9223 -0.3761 0.0883
vn 0.9221 -0.3763 0.0904
vn -0.3218 0.9361 0.1423
vn -0.3237 0.9353 0.1433
vn 0.8908 0.2519 0.3782
vn 0.8917 0.2519 0.3760
vn -0.8866 0.0750 0.4565
vn -0.8867 0.0714 0.4567
vn 0.4588 0.0490 0.8872
vn 0.4589 0.0494 0.8871
vn -0.3243 -0.8564 0.4017
vn -0.3241 -0.8557 0.4035
vn -0.3431 0.5029 0.7933
vn -0.3470 0.5003 0.7933
vn -0.1230 0.9020 0.4138
vn -0.1244 0.9026 0.4122
vn -0.4193 -0.4235 0.8030
vn -0.4177 -0.4228 0.8042
vn -0.0006 -0.9469 -0.3214
vn 0.0013 -0.9471 -0.3208
vn 0.0006 -0.9477 -0.3191
vn -0.0013 -0.9475 -0.3197
vn -0.9780 -0.0201 -0.2076
vn -0.9781 -0.0181 -0.2073
vn -0.9777 -0.0179 -0.2093
vn -0.9776 -0.0198 -0.2095
vn -0.4416 0.0803 0.8936
vn -0.4414 0.0823 0.8935
vn -0.4432 0.0824 0.8926
vn -0.4434 0.0804 0.8927
vn 0.0012 0.9475 0.3197
vn -0.0006 0.9477 0.3191
vn -0.0013 0.9471 0.3208
vn 0.0006 0.9469 0.3214
vn 0.4414 -0.0823 -0.8935
vn 0.4416 -0.0803 -0.8936
vn 0.4434 -0.0804 -0.8927
vn 0.4432 -0.0824 -0.8926
vn 0.9781 0.0181 0.2073
vn 0.9780 0.0201 0.2075
vn 0.9776 0.0198 0.2095
vn 0.9777 0.0179 0.2093
vn -0.0483 -0.8491 0.5259
vn -0.0380 0.3239 0.9453
vn -0.9769 0.1786 -0.1171
vn -0.0318 -0.3878 0.9212
vn 0.1490 0.8300 0.5375
vn -0.9803 0.1830 -0.0744
vn 0.4928 -0.8645 -0.0992
vn -0.4211 0.0863 -0.9029
vn 0.8540 0.3088 -0.4187
vn 0.6558 0.7503 -0.0830
vn 0.8116 -0.4868 -0.3231
vn -0.3834 0.1046 -0.9176
vn -0.6451 -0.7598 0.0809
vn 0.4062 -0.1098 0.9072
vn -0.8129 0.4657 0.3497
vn -0.4913 0.8653 0.0993
vn -0.8553 -0.3073 0.4172
vn 0.4184 -0.0899 0.9038
vn -0.1318 -0.8311 -0.5403
vn 0.0454 0.3813 -0.9233
vn 0.9799 -0.1734 0.0988
vn 0.0492 0.8503 -0.5241
vn 0.9765 -0.1821 0.1151
vn 0.0371 -0.3218 -0.9461
vn 0.3362 -0.9370 -0.0949
vn 0.3358 -0.9374 -0.0928
vn -0.8488 -0.2599 -0.4604
vn -0.8478 -0.2599 -0.4623
vn 0.0429 0.0223 0.9988
vn 0.0424 0.0227 0.9988
vn -0.9963 0.0742 0.0425
vn -0.9966 0.0706 0.0431
vn 0.3267 0.8390 0.4352
vn 0.3275 0.8393 0.4340
vn -0.8839 0.4353 -0.1708
vn -0.8849 0.4343 -0.1685
vn 0.9526 -0.0730 -0.2954
vn 0.9527 -0.0750 -0.2945
vn -0.2962 -0.0407 -0.9543
vn -0.2969 -0.0388 -0.9541
vn 0.1786 -0.8923 -0.4145
vn 0.1763 -0.8926 -0.4150
vn 0.5371 0.4398 -0.7198
vn 0.5389 0.4387 -0.7191
vn 0.4142 0.8485 -0.3292
vn 0.4165 0.8485 -0.3265
vn 0.4559 -0.5061 -0.7321
vn 0.4570 -0.5028 -0.7338
vn 0.9965 -0.0721 -0.0433
vn 0.9964 -0.0727 -0.0426
vn -0.0426 -0.0241 -0.9988
vn -0.0430 -0.0209 -0.9989
vn -0.3275 -0.8392 -0.4341
vn -0.3267 -0.8389 -0.4353
vn 0.8848 -0.4344 0.1685
vn 0.8839 -0.4354 0.1709
vn -0.3370 0.9369 0.0928
vn -0.3379 0.9364 0.0947
vn 0.8470 0.2608 0.4632
vn 0.8478 0.2613 0.4614
vn -0.9526 0.0767 0.2944
vn -0.9526 0.0730 0.2953
vn 0.2968 0.0388 0.9541
vn 0.2961 0.0391 0.9544
vn -0.4215 -0.8438 0.3323
vn -0.4196 -0.8433 0.3357
vn -0.4543 0.5104 0.7301
vn -0.4528 0.5147 0.7280
vn -0.1762 0.8948 0.4103
vn -0.1768 0.8957 0.4080
vn -0.5419 -0.4338 0.7198
vn -0.5401 -0.4339 0.7211
vn -0.0004 -0.9469 -0.3215
vn 0.0013 -0.9472 -0.3207
vn 0.0004 -0.9478 -0.3190
vn -0.0013 -0.9475 -0.3198
vn -0.9562 -0.0278 -0.2915
vn -0.9563 -0.0257 -0.2913
vn -0.9557 -0.0255 -0.2932
vn -0.9556 -0.0275 -0.2935
vn -0.5771 0.0730 0.8134
vn -0.5769 0.0749 0.8134
vn -0.5785 0.0751 0.8122
vn -0.5787 0.0731 0.8122
vn 0.0013 0.9475 0.3198
vn -0.0004 0.9477 0.3190
vn -0.0013 0.9472 0.3206
vn 0.0005 0.9469 0.3215
vn 0.5769 -0.0749 -0.8134
vn 0.5771 -0.0730 -0.8134
vn 0.5787 -0.0731 -0.8122
vn 0.5785 -0.0751 -0.8122
vn 0.9563 0.0257 0.2913
vn 0.9562 0.0278 0.2915
vn 0.9556 0.0275 0.2935
vn 0.9557 0.0255 0.2932
vn -0.0000 -0.9994 -0.0342
vn -0.0000 -0.2792 -0.9602
vn 0.8213 -0.2688 -0.5033
vn -0.0000 0.2908 -0.9568
vn 0.8650 0.2638 -0.4268
vn -0.0000 0.9994 0.0342
vn 0.8650 -0.2637 0.4268
vn 0.8213 0.2688 0.5033
vn -0.0000 -0.2908 0.9568
vn -0.0000 0.2791 0.9603
vn -0.8650 -0.2637 0.4268
vn -0.8213 0.2688 0.5033
vn -0.8213 -0.2688 -0.5033
vn -0.8650 0.2638 -0.4268
vn 0.8213 -0.2688 -0.5032
vn 0.8650 0.2637 -0.4268
vn 0.8651 -0.2637 0.4268
vn -0.0000 0.2792 0.9602
vn -0.8651 -0.2637 0.4268
vn -0.8213 -0.2688 -0.5032
vn -0.8650 0.2637 -0.4268
vn -0.0000 0.2909 -0.9568
vn 0.8650 -0.2638 0.4268
vn -0.0000 0.2791 0.9602
vn -0.8650 -0.2638 0.4268
vn -0.0000 -0.2791 -0.9603
vn 0.8213 0.2688 0.5032
vn 0.5883 -0.7769 0.2243
vn 0.7512 0.4691 0.4644
vn -0.5515 -0.0399 0.8332
vn 0.7799 -0.3279 0.5332
vn 0.4619 0.8694 0.1757
vn -0.5475 -0.0724 0.8336
vn 0.1776 -0.8467 -0.5015
vn -0.9918 -0.1198 -0.0448
vn 0.0789 0.3806 -0.9214
vn 0.0301 0.8514 -0.5236
vn 0.0848 -0.3335 -0.9389
vn -0.9851 -0.1708 -0.0205
vn -0.0435 -0.8463 0.5310
vn 0.9839 0.1713 0.0510
vn -0.1108 0.3490 0.9305
vn -0.1928 0.8467 0.4960
vn -0.0925 -0.3834 0.9189
vn 0.9896 0.1275 0.0668
vn -0.4592 -0.8695 -0.1817
vn -0.7739 0.3251 -0.5434
vn 0.5603 0.0729 -0.8251
vn -0.5818 0.7884 -0.1999
vn 0.5519 0.0533 -0.8322
vn -0.7535 -0.4483 -0.4810
vn 0.3146 -0.8682 -0.3838
vn 0.3156 -0.8686 -0.3821
vn -0.9221 -0.3763 0.0904
vn -0.9223 -0.3762 0.0884
vn 0.8867 0.0715 0.4567
vn 0.8866 0.0751 0.4565
vn -0.4589 0.0494 0.8871
vn -0.4588 0.0489 0.8872
vn 0.3237 0.9353 0.1433
vn 0.3218 0.9361 0.1422
vn -0.8917 0.2518 0.3761
vn -0.8908 0.2519 0.3783
vn 0.1813 -0.0306 -0.9829
vn 0.1815 -0.0326 -0.9829
vn -0.9807 -0.0753 -0.1805
vn -0.9808 -0.0733 -0.1805
vn -0.1285 -0.8989 -0.4188
vn -0.1292 -0.9002 -0.4159
vn -0.4207 0.4302 -0.7987
vn -0.4193 0.4280 -0.8006
vn -0.3325 0.8497 -0.4092
vn -0.3313 0.8491 -0.4114
vn -0.3430 -0.5114 -0.7879
vn -0.3442 -0.5130 -0.7863
vn 0.4586 -0.0490 -0.8873
vn 0.4587 -0.0509 -0.8871
vn -0.8868 -0.0734 -0.4564
vn -0.8868 -0.0714 -0.4565
vn -0.3157 -0.9381 -0.1427
vn -0.3151 -0.9379 -0.1453
vn 0.8941 -0.2447 -0.3751
vn 0.8944 -0.2457 -0.3736
vn -0.3151 0.8687 0.3823
vn -0.3142 0.8684 0.3835
vn 0.9228 0.3752 -0.0878
vn 0.9222 0.3760 -0.0903
vn -0.1839 0.0324 0.9824
vn -0.1837 0.0304 0.9825
vn 0.9804 0.0737 0.1829
vn 0.9802 0.0756 0.1829
vn 0.3242 -0.8557 0.4035
vn 0.3243 -0.8564 0.4017
vn 0.3470 0.5003 0.7933
vn 0.3431 0.5029 0.7933
vn 0.1244 0.9026 0.4122
vn 0.1230 0.9020 0.4138
vn 0.4177 -0.4228 0.8042
vn 0.4193 -0.4235 0.8030
vn -0.0012 -0.9471 -0.3208
vn 0.0006 -0.9469 -0.3214
vn 0.0012 -0.9475 -0.3197
vn -0.0006 -0.9477 -0.3191
vn -0.9777 0.0179 0.2093
vn -0.9776 0.0199 0.2095
vn -0.9780 0.0201 0.2076
vn -0.9781 0.0181 0.2073
vn 0.4434 0.0804 0.8927
vn 0.4432 0.0824 0.8926
vn 0.4414 0.0823 0.8935
vn 0.4416 0.0803 0.8936
vn 0.0006 0.9477 0.3190
vn -0.0012 0.9475 0.3197
vn -0.0006 0.9469 0.3214
vn 0.0013 0.9471 0.3208
vn -0.4432 -0.0824 -0.8926
vn -0.4434 -0.0804 -0.8927
vn -0.4416 -0.0803 -0.8936
vn -0.4414 -0.0823 -0.8935
vn 0.9776 -0.0199 -0.2095
vn 0.9777 -0.0179 -0.2093
vn 0.9781 -0.0181 -0.2073
vn 0.9780 -0.0201 -0.2076
vn 0.6451 -0.7598 0.0808
vn 0.8128 0.4658 0.3498
vn -0.4062 -0.1099 0.9072
vn 0.8554 -0.3072 0.4171
vn 0.4912 0.8654 0.0993
vn -0.4183 -0.0901 0.9038
vn 0.1317 -0.8312 -0.5402
vn -0.9799 -0.1733 0.0988
vn -0.0453 0.3812 -0.9234
vn -0.0492 0.8502 -0.5241
vn -0.0371 -0.3218 -0.9461
vn -0.9765 -0.1820 0.1152
vn 0.0484 -0.8492 0.5259
vn 0.9769 0.1787 -0.1170
vn 0.0379 0.3238 0.9454
vn -0.1380 0.8298 0.5407
vn 0.0405 -0.3864 0.9214
vn 0.9800 0.1778 -0.0890
vn -0.4929 -0.8644 -0.0991
vn -0.8539 0.3089 -0.4188
vn 0.4211 0.0862 -0.9029
vn -0.6557 0.7504 -0.0830
vn 0.3834 0.1045 -0.9176
vn -0.8117 -0.4867 -0.3230
vn 0.3267 -0.8390 -0.4352
vn 0.3275 -0.8392 -0.4340
vn -0.8839 -0.4353 0.1708
vn -0.8849 -0.4343 0.1684
vn 0.9526 0.0730 0.2953
vn 0.9526 0.0767 0.2944
vn -0.2961 0.0391 0.9544
vn -0.2968 0.0388 0.9541
vn 0.3379 0.9364 0.0946
vn 0.3370 0.9369 0.0928
vn -0.8478 0.2613 0.4615
vn -0.8470 0.2608 0.4633
vn 0.0430 -0.0208 -0.9989
vn 0.0426 -0.0242 -0.9988
vn -0.9964 -0.0727 -0.0426
vn -0.9965 -0.0721 -0.0433
vn -0.1764 -0.8926 -0.4149
vn -0.1787 -0.8924 -0.4144
vn -0.5388 0.4387 -0.7192
vn -0.5370 0.4398 -0.7199
vn -0.4165 0.8485 -0.3266
vn -0.4141 0.8486 -0.3293
vn -0.4570 -0.5028 -0.7337
vn -0.4560 -0.5062 -0.7320
vn 0.2969 -0.0388 -0.9541
vn 0.2962 -0.0407 -0.9543
vn -0.9527 -0.0750 -0.2945
vn -0.9526 -0.0730 -0.2954
vn -0.3358 -0.9373 -0.0929
vn -0.3362 -0.9370 -0.0950
vn 0.8478 -0.2599 -0.4622
vn 0.8488 -0.2600 -0.4603
vn -0.3275 0.8392 0.4341
vn -0.3266 0.8389 0.4353
vn 0.8848 0.4344 -0.1686
vn 0.8839 0.4354 -0.1709
vn -0.0424 0.0227 0.9988
vn -0.0429 0.0223 0.9988
vn 0.9966 0.0706 0.0431
vn 0.9963 0.0742 0.0425
vn 0.4197 -0.8433 0.3356
vn 0.4215 -0.8437 0.3323
vn 0.4527 0.5147 0.7281
vn 0.4542 0.5104 0.7302
vn 0.1767 0.8957 0.4080
vn 0.1761 0.8947 0.4104
vn 0.5402 -0.4339 0.7211
vn 0.5420 -0.4338 0.7198
vn -0.0013 -0.9472 -0.3207
vn 0.0004 -0.9469 -0.3215
vn 0.0013 -0.9475 -0.3198
vn -0.0004 -0.9478 -0.3190
vn -0.9557 0.0255 0.2932
vn -0.9556 0.0275 0.2935
vn -0.9562 0.0278 0.2915
vn -0.9563 0.0257 0.2913
vn 0.5787 0.0731 0.8122
vn 0.5785 0.0751 0.8122
vn 0.5769 0.0749 0.8134
vn 0.5771 0.0730 0.8134
vn 0.0004 0.9478 0.3190
vn -0.0013 0.9475 0.3198
vn -0.0004 0.9469 0.3214
vn 0.0013 0.9472 0.3207
vn -0.5785 -0.0751 -0.8122
vn -0.5787 -0.0731 -0.8122
vn -0.5771 -0.0730 -0.8134
vn -0.5769 -0.0749 -0.8134
vn 0.9556 -0.0275 -0.2935
vn 0.9557 -0.0255 -0.2933
vn 0.9563 -0.0257 -0.2913
vn 0.9562 -0.0278 -0.2915
vn 0.4119 -0.7182 0.5608
vn 0.5318 0.5294 0.6610
vn -0.8418 0.1153 0.5274
vn 0.5274 -0.3911 0.7542
vn 0.4160 0.8171 0.3990
vn -0.8407 0.0073 0.5415
vn 0.4159 -0.8171 -0.3991
vn -0.8407 -0.0073 -0.5414
vn 0.5274 0.3911 -0.7543
vn 0.4124 0.7183 -0.5603
vn 0.5323 -0.5295 -0.6605
vn -0.8412 -0.1152 -0.5283
vn -0.4119 -0.7183 0.5608
vn 0.8418 0.1154 0.5274
vn -0.5319 0.5293 0.6610
vn -0.4160 0.8171 0.3991
vn -0.5273 -0.3912 0.7543
vn 0.8407 0.0074 0.5414
vn -0.4160 -0.8171 -0.3991
vn -0.5273 0.3912 -0.7543
vn 0.8407 -0.0074 -0.5414
vn -0.4123 0.7183 -0.5603
vn 0.8412 -0.1153 -0.5283
vn -0.5324 -0.5295 -0.6605
vn 0.3927 -0.9178 -0.0585
vn 0.3930 -0.9178 -0.0554
vn -0.9181 -0.3935 -0.0470
vn -0.9182 -0.3929 -0.0499
vn 0.6521 0.0777 0.7542
vn 0.6519 0.0802 0.7541
vn -0.7564 0.0761 0.6497
vn -0.7562 0.0727 0.6503
vn 0.3899 0.9190 0.0586
vn 0.3903 0.9190 0.0555
vn -0.9193 0.3908 0.0468
vn -0.9194 0.3901 0.0497
vn 0.6520 -0.0777 -0.7542
vn 0.6519 -0.0802 -0.7541
vn -0.7564 -0.0761 -0.6497
vn -0.7563 -0.0727 -0.6502
vn 0.0015 -0.8749 -0.4843
vn -0.0015 -0.8749 -0.4843
vn -0.0015 0.4817 -0.8763
vn 0.0015 0.4817 -0.8763
vn -0.0015 0.7571 -0.6533
vn 0.0015 0.7571 -0.6533
vn 0.0015 -0.6511 -0.7590
vn -0.0015 -0.6511 -0.7590
vn 0.7563 -0.0727 -0.6502
vn 0.7564 -0.0761 -0.6497
vn -0.6519 -0.0802 -0.7541
vn -0.6520 -0.0777 -0.7542
vn -0.3930 -0.9178 -0.0555
vn -0.3927 -0.9178 -0.0585
vn 0.9182 -0.3929 -0.0499
vn 0.9181 -0.3935 -0.0470
vn -0.3903 0.9190 0.0556
vn -0.3899 0.9190 0.0586
vn 0.9194 0.3902 0.0497
vn 0.9193 0.3908 0.0468
vn -0.6519 0.0802 0.7541
vn -0.6521 0.0777 0.7542
vn 0.7562 0.0727 0.6503
vn 0.7564 0.0761 0.6497
vn -0.0015 -0.7571 0.6533
vn 0.0015 -0.7571 0.6533
vn 0.0015 0.6511 0.7590
vn -0.0015 0.6511 0.7590
vn 0.0015 0.8749 0.4843
vn -0.0015 0.8749 0.4843
vn -0.0015 -0.4817 0.8763
vn 0.0015 -0.4817 0.8763
vn -0.0015 -0.9967 -0.0817
vn 0.0015 -0.9967 -0.0817
vn 0.0015 -0.9969 -0.0787
vn -0.0015 -0.9969 -0.0787
vn -1.0000 0.0015 0.0015
vn 0.0015 0.1071 0.9943
vn 0.0015 0.1101 0.9939
vn -0.0015 0.1101 0.9939
vn -0.0015 0.1071 0.9943
vn 0.0015 0.9969 0.0787
vn -0.0015 0.9969 0.0787
vn -0.0015 0.9967 0.0817
vn 0.0015 0.9967 0.0817
vn -0.0015 -0.1101 -0.9939
vn -0.0015 -0.1071 -0.9942
vn 0.0015 -0.1071 -0.9943
vn 0.0015 -0.1101 -0.9939
vn 1.0000 -0.0015 -0.0015
vn 1.0000 0.0015 -0.0015
vn 0.4521 -0.6807 0.5764
vn 0.5478 0.5489 0.6314
vn -0.8370 0.0962 0.5387
vn 0.5458 -0.4064 0.7328
vn 0.4587 0.7881 0.4104
vn -0.8326 0.0298 0.5530
vn 0.4559 -0.7885 -0.4129
vn -0.8358 -0.0287 -0.5483
vn 0.5427 0.4055 -0.7356
vn 0.4589 0.6964 -0.5518
vn 0.5450 -0.5325 -0.6476
vn -0.8341 -0.0839 -0.5452
vn -0.4520 -0.6807 0.5764
vn 0.8369 0.0963 0.5388
vn -0.5479 0.5488 0.6314
vn -0.4591 0.7881 0.4101
vn -0.5460 -0.4066 0.7325
vn 0.8323 0.0300 0.5535
vn -0.4560 -0.7884 -0.4130
vn -0.5426 0.4056 -0.7356
vn 0.8358 -0.0288 -0.5483
vn -0.4589 0.6964 -0.5518
vn 0.8341 -0.0840 -0.5452
vn -0.5451 -0.5324 -0.6476
vn 0.4742 -0.8785 -0.0587
vn 0.4742 -0.8786 -0.0567
vn -0.8794 -0.4735 -0.0500
vn -0.8794 -0.4733 -0.0520
vn 0.6714 0.0773 0.7371
vn 0.6709 0.0794 0.7373
vn -0.7403 0.0762 0.6680
vn -0.7399 0.0742 0.6686
vn 0.4741 0.8786 0.0581
vn 0.4741 0.8786 0.0566
vn -0.8794 0.4735 0.0500
vn -0.8794 0.4732 0.0526
vn 0.6708 -0.0774 -0.7376
vn 0.6713 -0.0793 -0.7369
vn -0.7399 -0.0762 -0.6684
vn -0.7404 -0.0742 -0.6681
vn 0.0010 -0.8672 -0.4979
vn -0.0010 -0.8672 -0.4979
vn -0.0010 0.4963 -0.8681
vn 0.0010 0.4963 -0.8681
vn -0.0010 0.7414 -0.6711
vn 0.0010 0.7414 -0.6711
vn 0.0010 -0.6697 -0.7426
vn -0.0010 -0.6697 -0.7426
vn 0.7404 -0.0742 -0.6681
vn 0.7399 -0.0762 -0.6684
vn -0.6713 -0.0793 -0.7369
vn -0.6708 -0.0773 -0.7376
vn -0.4742 -0.8786 -0.0567
vn -0.4742 -0.8785 -0.0586
vn 0.8794 -0.4733 -0.0519
vn 0.8794 -0.4735 -0.0500
vn -0.4742 0.8786 0.0567
vn -0.4741 0.8786 0.0581
vn 0.8794 0.4732 0.0525
vn 0.8794 0.4735 0.0499
vn -0.6709 0.0793 0.7373
vn -0.6714 0.0772 0.7371
vn 0.7399 0.0742 0.6686
vn 0.7403 0.0762 0.6680
vn -0.0010 -0.7400 0.6726
vn 0.0010 -0.7400 0.6726
vn 0.0010 0.6712 0.7413
vn -0.0010 0.6712 0.7413
vn 0.0010 0.8672 0.4979
vn -0.0010 0.8672 0.4979
vn -0.0010 -0.4963 0.8681
vn 0.0010 -0.4963 0.8681
vn -0.0009 -0.9967 -0.0811
vn 0.0010 -0.9967 -0.0811
vn 0.0010 -0.9969 -0.0791
vn -0.0010 -0.9969 -0.0791
vn -1.0000 -0.0010 0.0010
vn -1.0000 0.0010 0.0010
vn -1.0000 0.0010 -0.0010
vn -1.0000 -0.0010 -0.0010
vn 0.0010 0.1076 0.9942
vn 0.0010 0.1096 0.9940
vn -0.0010 0.1096 0.9940
vn -0.0010 0.1076 0.9942
vn 0.0010 0.9969 0.0791
vn -0.0009 0.9969 0.0792
vn -0.0010 0.9967 0.0811
vn 0.0010 0.9967 0.0811
vn -0.0010 -0.1095 -0.9940
vn -0.0010 -0.1076 -0.9942
vn 0.0010 -0.1076 -0.9942
vn 0.0010 -0.1096 -0.9940
vn 1.0000 -0.0010 -0.0010
vn 1.0000 0.0010 -0.0010
vn 1.0000 0.0010 0.0010
vn 1.0000 -0.0010 0.0010
vn 0.4446 -0.7084 0.5482
vn 0.5395 0.5232 0.6597
vn -0.8384 0.0825 0.5388
vn 0.5356 -0.3907 0.7487
vn 0.4433 0.8018 0.4007
vn -0.8394 0.0314 0.5427
vn 0.4461 -0.8032 -0.3948
vn -0.8377 -0.0358 -0.5449
vn 0.5360 0.3880 -0.7498
vn 0.4430 0.7026 -0.5568
vn 0.5408 -0.5302 -0.6530
vn -0.8383 -0.0888 -0.5379
vn -0.4445 -0.7084 0.5482
vn 0.8384 0.0826 0.5388
vn -0.5396 0.5231 0.6597
vn -0.4432 0.8018 0.4009
vn -0.5353 -0.3907 0.7489
vn 0.8396 0.0314 0.5423
vn -0.4462 -0.8032 -0.3948
vn -0.5359 0.3881 -0.7498
vn 0.8377 -0.0359 -0.5449
vn -0.4430 0.7027 -0.5568
vn 0.8383 -0.0889 -0.5379
vn -0.5409 -0.5301 -0.6530
vn 0.4519 -0.8901 -0.0591
vn 0.4519 -0.8903 -0.0562
vn -0.8906 -0.4522 -0.0487
vn -0.8905 -0.4520 -0.0519
vn 0.6621 0.0773 0.7454
vn 0.6623 0.0803 0.7449
vn -0.7473 0.0762 0.6601
vn -0.7474 0.0732 0.6603
vn 0.4477 0.8922 0.0593
vn 0.4476 0.8925 0.0562
vn -0.8927 0.4479 0.0486
vn -0.8927 0.4478 0.0514
vn 0.6625 -0.0773 -0.7450
vn 0.6625 -0.0798 -0.7448
vn -0.7471 -0.0766 -0.6603
vn -0.7471 -0.0733 -0.6607
vn 0.0015 -0.8755 -0.4832
vn -0.0015 -0.8755 -0.4832
vn -0.0015 0.4806 -0.8769
vn 0.0015 0.4806 -0.8769
vn -0.0015 0.7557 -0.6549
vn 0.0015 0.7557 -0.6549
vn 0.0015 -0.6527 -0.7576
vn -0.0015 -0.6527 -0.7576
vn 0.7471 -0.0732 -0.6607
vn 0.7471 -0.0766 -0.6603
vn -0.6625 -0.0799 -0.7448
vn -0.6625 -0.0773 -0.7451
vn -0.4519 -0.8903 -0.0563
vn -0.4519 -0.8901 -0.0590
vn 0.8905 -0.4520 -0.0518
vn 0.8906 -0.4522 -0.0487
vn -0.4476 0.8925 0.0562
vn -0.4477 0.8922 0.0593
vn 0.8927 0.4478 0.0514
vn 0.8927 0.4479 0.0486
vn -0.6623 0.0803 0.7449
vn -0.6621 0.0773 0.7454
vn 0.7474 0.0732 0.6603
vn 0.7473 0.0762 0.6601
vn -0.0015 -0.7587 0.6515
vn 0.0015 -0.7587 0.6515
vn 0.0015 0.6493 0.7606
vn -0.0015 0.6493 0.7606
vn 0.0015 0.8755 0.4832
vn -0.0015 0.8755 0.4832
vn -0.0015 -0.4806 0.8769
vn 0.0015 -0.4806 0.8769
vn 0.0015 -0.9967 -0.0816
vn 0.0015 -0.9969 -0.0786
vn -0.0015 -0.9969 -0.0786
vn 0.0015 0.9969 0.0786
vn -0.0015 0.9969 0.0786
vn -0.0015 0.9967 0.0816
vn 0.0015 0.9967 0.0816
vn 0.4770 -0.6711 0.5676
vn 0.5519 0.5460 0.6304
vn -0.8340 0.0725 0.5469
vn 0.5484 -0.4002 0.7343
vn 0.4798 0.7782 0.4052
vn -0.8327 0.0540 0.5510
vn 0.4809 -0.7781 -0.4041
vn -0.8313 -0.0547 -0.5531
vn 0.5496 0.4007 -0.7331
vn 0.4739 0.6590 -0.5841
vn 0.5545 -0.5583 -0.6171
vn -0.8347 -0.0824 -0.5444
vn -0.4769 -0.6711 0.5676
vn 0.8340 0.0726 0.5469
vn -0.5520 0.5459 0.6304
vn -0.4796 0.7782 0.4055
vn -0.5480 -0.4001 0.7345
vn 0.8331 0.0540 0.5505
vn -0.4810 -0.7781 -0.4041
vn -0.5495 0.4008 -0.7331
vn 0.8313 -0.0548 -0.5531
vn -0.4738 0.6590 -0.5841
vn 0.8347 -0.0825 -0.5445
vn -0.5545 -0.5582 -0.6171
vn 0.5122 -0.8568 -0.0592
vn 0.5121 -0.8571 -0.0567
vn -0.8579 -0.5113 -0.0513
vn -0.8578 -0.5113 -0.0528
vn 0.6770 0.0772 0.7320
vn 0.6770 0.0792 0.7317
vn -0.7347 0.0764 0.6740
vn -0.7347 0.0744 0.6743
vn 0.5155 0.8548 0.0590
vn 0.5154 0.8551 0.0565
vn -0.8558 0.5147 0.0515
vn -0.8558 0.5146 0.0532
vn 0.6770 -0.0772 -0.7320
vn 0.6770 -0.0791 -0.7317
vn -0.7347 -0.0764 -0.6740
vn -0.7347 -0.0744 -0.6743
vn 0.0010 -0.8663 -0.4995
vn -0.0010 -0.8663 -0.4995
vn -0.0010 0.4979 -0.8673
vn 0.0010 0.4979 -0.8673
vn -0.0010 0.7440 -0.6681
vn 0.0010 0.7440 -0.6681
vn 0.0010 -0.6667 -0.7453
vn -0.0010 -0.6667 -0.7453
vn 0.7347 -0.0744 -0.6743
vn 0.7347 -0.0764 -0.6740
vn -0.6770 -0.0791 -0.7317
vn -0.6770 -0.0770 -0.7320
vn -0.5121 -0.8571 -0.0568
vn -0.5122 -0.8568 -0.0592
vn 0.8578 -0.5113 -0.0528
vn 0.8579 -0.5113 -0.0513
vn -0.5154 0.8551 0.0566
vn -0.5155 0.8548 0.0590
vn 0.8558 0.5146 0.0530
vn 0.8558 0.5147 0.0515
vn -0.6770 0.0791 0.7317
vn -0.6770 0.0770 0.7320
vn 0.7347 0.0744 0.6743
vn 0.7347 0.0764 0.6740
vn -0.0010 -0.7368 0.6761
vn 0.0010 -0.7368 0.6761
vn 0.0010 0.6747 0.7381
vn -0.0010 0.6747 0.7381
vn 0.0010 0.8663 0.4995
vn -0.0010 0.8663 0.4995
vn -0.0010 -0.4979 0.8673
vn 0.0010 -0.4979 0.8673
vn 0.0010 0.9969 0.0792
vn 0.4648 -0.6934 0.5506
vn 0.5458 0.5275 0.6511
vn -0.8363 0.0665 0.5442
vn 0.5417 -0.3851 0.7472
vn 0.4660 0.7931 0.3923
vn -0.8359 0.0547 0.5461
vn 0.4649 -0.7899 -0.3999
vn -0.8359 -0.0507 -0.5465
vn 0.5429 0.3916 -0.7429
vn 0.4633 0.6934 -0.5519
vn 0.5459 -0.5273 -0.6511
vn -0.8369 -0.0678 -0.5431
vn -0.4647 -0.6935 0.5506
vn 0.8363 0.0666 0.5443
vn -0.5459 0.5274 0.6511
vn -0.4661 0.7930 0.3923
vn -0.5417 -0.3853 0.7471
vn 0.8358 0.0548 0.5462
vn -0.4650 -0.7899 -0.3999
vn -0.5428 0.3917 -0.7429
vn 0.8359 -0.0508 -0.5465
vn -0.4632 0.6934 -0.5519
vn 0.8369 -0.0679 -0.5431
vn -0.5460 -0.5272 -0.6511
vn 0.4953 -0.8667 -0.0593
vn 0.4949 -0.8671 -0.0562
vn -0.8674 -0.4951 -0.0503
vn -0.8671 -0.4952 -0.0532
vn 0.6695 0.0770 0.7388
vn 0.6695 0.0800 0.7385
vn -0.7408 0.0766 0.6673
vn -0.7409 0.0736 0.6676
vn 0.4894 0.8700 0.0594
vn 0.4894 0.8702 0.0566
vn -0.8705 0.4897 0.0498
vn -0.8705 0.4894 0.0529
vn 0.6691 -0.0767 -0.7392
vn 0.6693 -0.0800 -0.7387
vn -0.7410 -0.0765 -0.6671
vn -0.7412 -0.0739 -0.6672
vn 0.0015 -0.8751 -0.4839
vn -0.0015 -0.8751 -0.4839
vn -0.0015 0.4813 -0.8765
vn 0.0015 0.4813 -0.8765
vn -0.0015 0.7593 -0.6507
vn 0.0015 0.7593 -0.6507
vn 0.0015 -0.6485 -0.7612
vn -0.0015 -0.6485 -0.7612
vn 0.7412 -0.0739 -0.6672
vn 0.7410 -0.0766 -0.6671
vn -0.6693 -0.0800 -0.7387
vn -0.6691 -0.0767 -0.7392
vn -0.4949 -0.8671 -0.0562
vn -0.4953 -0.8667 -0.0593
vn 0.8671 -0.4952 -0.0532
vn 0.8674 -0.4951 -0.0503
vn -0.4894 0.8702 0.0566
vn -0.4894 0.8700 0.0594
vn 0.8705 0.4894 0.0529
vn 0.8705 0.4897 0.0498
vn -0.6695 0.0800 0.7385
vn -0.6695 0.0770 0.7388
vn 0.7409 0.0736 0.6676
vn 0.7408 0.0766 0.6673
vn -0.0015 -0.7574 0.6529
vn 0.0015 -0.7574 0.6529
vn 0.0015 0.6507 0.7593
vn -0.0015 0.6507 0.7593
vn 0.0015 0.8751 0.4839
vn -0.0015 0.8751 0.4839
vn -0.0015 -0.4813 0.8765
vn 0.0015 -0.4813 0.8765
vn 0.4930 -0.6533 0.5746
vn 0.5601 0.5554 0.6147
vn -0.8298 0.0643 0.5543
vn 0.5547 -0.4087 0.7247
vn 0.4943 0.7642 0.4144
vn -0.8304 0.0639 0.5535
vn 0.4966 -0.7705 -0.3997
vn -0.8300 -0.0717 -0.5532
vn 0.5530 0.3965 -0.7328
vn 0.4917 0.6620 -0.5656
vn 0.5567 -0.5457 -0.6264
vn -0.8322 -0.0562 -0.5516
vn -0.4929 -0.6534 0.5746
vn 0.8298 0.0645 0.5543
vn -0.5602 0.5553 0.6147
vn -0.4947 0.7641 0.4140
vn -0.5550 -0.4090 0.7243
vn 0.8299 0.0642 0.5542
vn -0.4967 -0.7704 -0.3997
vn -0.5529 0.3966 -0.7328
vn 0.8300 -0.0718 -0.5531
vn -0.4916 0.6621 -0.5656
vn 0.8322 -0.0563 -0.5516
vn -0.5568 -0.5456 -0.6264
vn 0.5466 -0.8354 -0.0586
vn 0.5466 -0.8354 -0.0570
vn -0.8363 -0.5459 -0.0520
vn -0.8363 -0.5456 -0.0544
vn 0.6822 0.0769 0.7271
vn 0.6825 0.0789 0.7266
vn -0.7296 0.0767 0.6795
vn -0.7299 0.0747 0.6794
vn 0.5467 0.8353 0.0590
vn 0.5466 0.8354 0.0569
vn -0.8363 0.5459 0.0520
vn -0.8362 0.5457 0.0541
vn 0.6825 -0.0769 -0.7269
vn 0.6822 -0.0789 -0.7269
vn -0.7299 -0.0767 -0.6792
vn -0.7296 -0.0748 -0.6797
vn 0.0010 -0.8657 -0.5006
vn -0.0010 -0.8657 -0.5006
vn -0.0010 0.4989 -0.8666
vn 0.0010 0.4989 -0.8666
vn -0.0010 0.7506 -0.6608
vn 0.0010 0.7506 -0.6608
vn 0.0010 -0.6594 -0.7518
vn -0.0010 -0.6594 -0.7518
vn 0.7296 -0.0748 -0.6797
vn 0.7299 -0.0767 -0.6792
vn -0.6822 -0.0789 -0.7269
vn -0.6825 -0.0768 -0.7269
vn -0.5466 -0.8354 -0.0571
vn -0.5466 -0.8354 -0.0586
vn 0.8363 -0.5456 -0.0543
vn 0.8363 -0.5459 -0.0520
vn -0.5466 0.8354 0.0571
vn -0.5467 0.8353 0.0590
vn 0.8362 0.5457 0.0540
vn 0.8363 0.5459 0.0519
vn -0.6825 0.0788 0.7266
vn -0.6822 0.0768 0.7272
vn 0.7299 0.0747 0.6794
vn 0.7296 0.0767 0.6795
vn -0.0010 -0.7459 0.6661
vn 0.0010 -0.7459 0.6661
vn 0.0010 0.6647 0.7471
vn -0.0010 0.6647 0.7471
vn 0.0010 0.8657 0.5006
vn -0.0010 0.8657 0.5006
vn -0.0010 -0.4989 0.8666
vn 0.0010 -0.4989 0.8666
vn 0.0010 -0.9969 -0.0792
vn -0.0010 -0.9969 -0.0792
vn -0.0010 -0.1096 -0.9940
vn 0.4515 -0.6956 0.5589
vn 0.5439 0.5315 0.6494
vn -0.8383 0.0811 0.5392
vn 0.5401 -0.3917 0.7449
vn 0.4545 0.7958 0.4001
vn -0.8369 0.0408 0.5458
vn 0.4533 -0.7941 -0.4048
vn -0.8376 -0.0382 -0.5450
vn 0.5403 0.3949 -0.7431
vn 0.4538 0.6983 -0.5536
vn 0.5431 -0.5285 -0.6525
vn -0.8376 -0.0775 -0.5408
vn -0.4514 -0.6956 0.5589
vn 0.8382 0.0812 0.5392
vn -0.5440 0.5314 0.6494
vn -0.4545 0.7958 0.4002
vn -0.5399 -0.3918 0.7450
vn 0.8370 0.0408 0.5456
vn -0.4534 -0.7941 -0.4048
vn -0.5402 0.3950 -0.7431
vn 0.8376 -0.0383 -0.5449
vn -0.4537 0.6984 -0.5536
vn 0.8376 -0.0776 -0.5408
vn -0.5432 -0.5284 -0.6525
vn 0.4701 -0.8806 -0.0592
vn 0.4700 -0.8809 -0.0562
vn -0.8811 -0.4703 -0.0494
vn -0.8810 -0.4701 -0.0524
vn 0.6657 0.0768 0.7422
vn 0.6656 0.0801 0.7420
vn -0.7444 0.0763 0.6634
vn -0.7442 0.0738 0.6638
vn 0.4701 0.8806 0.0592
vn 0.4697 0.8810 0.0563
vn -0.8813 0.4700 0.0493
vn -0.8810 0.4701 0.0524
vn 0.6659 -0.0772 -0.7420
vn 0.6659 -0.0801 -0.7417
vn -0.7440 -0.0764 -0.6637
vn -0.7441 -0.0734 -0.6641
vn 0.0015 -0.8753 -0.4835
vn -0.0015 -0.8753 -0.4835
vn -0.0015 0.4810 -0.8767
vn 0.0015 0.4810 -0.8767
vn 0.0015 -0.6510 -0.7590
vn -0.0015 -0.6510 -0.7590
vn 0.7441 -0.0734 -0.6641
vn 0.7440 -0.0764 -0.6637
vn -0.6659 -0.0801 -0.7417
vn -0.6659 -0.0771 -0.7420
vn -0.4700 -0.8809 -0.0562
vn -0.4701 -0.8806 -0.0592
vn 0.8810 -0.4701 -0.0524
vn 0.8811 -0.4703 -0.0494
vn -0.4697 0.8810 0.0563
vn -0.4701 0.8806 0.0592
vn 0.8811 0.4701 0.0524
vn 0.8813 0.4700 0.0494
vn -0.6656 0.0801 0.7420
vn -0.6657 0.0768 0.7422
vn 0.7442 0.0738 0.6638
vn 0.7444 0.0764 0.6634
vn -0.0015 -0.7593 0.6508
vn 0.0015 -0.7593 0.6508
vn 0.0015 0.6486 0.7612
vn -0.0015 0.6486 0.7612
vn 0.0015 0.8753 0.4835
vn -0.0015 0.8753 0.4835
vn -0.0015 -0.4810 0.8767
vn 0.0015 -0.4810 0.8767
vn 0.4851 -0.6676 0.5648
vn 0.5560 0.5454 0.6272
vn -0.8315 0.0635 0.5518
vn 0.5539 -0.4105 0.7244
vn 0.4869 0.7681 0.4158
vn -0.8306 0.0552 0.5542
vn 0.4865 -0.7682 -0.4161
vn -0.8309 -0.0553 -0.5537
vn 0.5533 0.4105 -0.7248
vn 0.4878 0.6791 -0.5486
vn 0.5511 -0.5324 -0.6426
vn -0.8324 -0.0543 -0.5516
vn -0.4850 -0.6676 0.5648
vn 0.8315 0.0636 0.5518
vn -0.5561 0.5453 0.6272
vn -0.4869 0.7680 0.4159
vn -0.5537 -0.4105 0.7245
vn 0.8307 0.0552 0.5540
vn -0.4866 -0.7682 -0.4162
vn -0.5532 0.4106 -0.7248
vn 0.8309 -0.0554 -0.5536
vn -0.4877 0.6791 -0.5485
vn 0.8324 -0.0545 -0.5516
vn -0.5511 -0.5323 -0.6425
vn 0.5307 -0.8455 -0.0591
vn 0.5307 -0.8456 -0.0571
vn -0.8465 -0.5299 -0.0516
vn -0.8464 -0.5298 -0.0536
vn 0.6802 0.0770 0.7290
vn 0.6798 0.0791 0.7291
vn -0.7321 0.0766 0.6769
vn -0.7318 0.0747 0.6774
vn 0.5306 0.8456 0.0586
vn 0.5306 0.8457 0.0565
vn -0.8465 0.5298 0.0520
vn -0.8465 0.5296 0.0540
vn 0.6794 -0.0771 -0.7297
vn 0.6794 -0.0790 -0.7295
vn -0.7325 -0.0765 -0.6764
vn -0.7325 -0.0746 -0.6766
vn 0.0010 -0.8644 -0.5027
vn -0.0010 -0.8644 -0.5027
vn -0.0010 0.5011 -0.8654
vn 0.0010 0.5011 -0.8654
vn -0.0010 0.7397 -0.6729
vn 0.0010 0.7397 -0.6729
vn 0.0010 -0.6715 -0.7410
vn -0.0010 -0.6715 -0.7410
vn 0.7325 -0.0746 -0.6766
vn 0.7325 -0.0765 -0.6764
vn -0.6794 -0.0790 -0.7295
vn -0.6794 -0.0769 -0.7298
vn -0.5307 -0.8456 -0.0572
vn -0.5307 -0.8455 -0.0591
vn 0.8464 -0.5298 -0.0536
vn 0.8465 -0.5299 -0.0516
vn -0.5306 0.8457 0.0567
vn -0.5306 0.8456 0.0586
vn 0.8465 0.5297 0.0539
vn 0.8465 0.5298 0.0519
vn -0.6798 0.0790 0.7291
vn -0.6802 0.0769 0.7290
vn 0.7318 0.0747 0.6774
vn 0.7321 0.0766 0.6769
vn -0.0010 -0.7451 0.6670
vn 0.0010 -0.7451 0.6670
vn 0.0010 0.6656 0.7463
vn -0.0010 0.6656 0.7463
vn 0.0010 0.8691 0.4946
vn -0.0010 0.8691 0.4946
vn -0.0010 -0.4929 0.8701
vn 0.0010 -0.4929 0.8701
vn -0.0009 -0.9967 -0.0812
vn 0.0010 -0.9967 -0.0812
vn 0.0010 -0.9969 -0.0793
vn -0.0010 -0.9969 -0.0793
vn 0.4297 -0.7120 0.5553
vn 0.5365 0.5260 0.6599
vn -0.8405 0.0983 0.5329
vn 0.5316 -0.3894 0.7522
vn 0.4313 0.8092 0.3990
vn -0.8404 0.0211 0.5416
vn 0.4319 -0.8069 -0.4029
vn -0.8390 -0.0190 -0.5438
vn 0.5340 0.3939 -0.7481
vn 0.4302 0.7087 -0.5592
vn 0.5368 -0.5299 -0.6566
vn -0.8404 -0.0996 -0.5327
vn -0.4297 -0.7120 0.5553
vn 0.8404 0.0984 0.5329
vn -0.5366 0.5260 0.6599
vn -0.4314 0.8091 0.3990
vn -0.5315 -0.3894 0.7522
vn 0.8404 0.0212 0.5415
vn -0.4319 -0.8069 -0.4030
vn -0.5339 0.3940 -0.7482
vn 0.8390 -0.0191 -0.5437
vn -0.4301 0.7087 -0.5592
vn 0.8404 -0.0998 -0.5327
vn -0.5368 -0.5298 -0.6566
vn 0.4275 -0.9021 -0.0588
vn 0.4275 -0.9023 -0.0560
vn -0.9026 -0.4279 -0.0480
vn -0.9025 -0.4276 -0.0512
vn 0.6579 0.0771 0.7492
vn 0.6580 0.0804 0.7487
vn -0.7510 0.0760 0.6559
vn -0.7512 0.0734 0.6560
vn 0.4251 0.9032 0.0591
vn 0.4246 0.9037 0.0560
vn -0.9039 0.4250 0.0479
vn -0.9037 0.4252 0.0508
vn 0.6583 -0.0774 -0.7487
vn 0.6583 -0.0804 -0.7484
vn -0.7508 -0.0760 -0.6562
vn -0.7508 -0.0730 -0.6565
vn -0.0015 0.7576 -0.6527
vn 0.0015 0.7576 -0.6527
vn 0.0015 -0.6505 -0.7595
vn -0.0015 -0.6505 -0.7595
vn 0.7508 -0.0730 -0.6565
vn 0.7508 -0.0760 -0.6562
vn -0.6583 -0.0804 -0.7484
vn -0.6583 -0.0774 -0.7487
vn -0.4275 -0.9023 -0.0560
vn -0.4275 -0.9021 -0.0587
vn 0.9025 -0.4276 -0.0511
vn 0.9026 -0.4279 -0.0480
vn -0.4246 0.9037 0.0560
vn -0.4251 0.9032 0.0590
vn 0.9037 0.4252 0.0507
vn 0.9039 0.4250 0.0479
vn -0.6580 0.0804 0.7487
vn -0.6579 0.0771 0.7492
vn 0.7512 0.0734 0.6560
vn 0.7510 0.0760 0.6559
vn 0.0015 0.6492 0.7606
vn -0.0015 0.6492 0.7606
vn 0.4641 -0.6627 0.5878
vn 0.5558 0.5603 0.6141
vn -0.8334 0.0971 0.5441
vn 0.5487 -0.4053 0.7312
vn 0.4696 0.7814 0.4110
vn -0.8328 0.0431 0.5519
vn 0.4694 -0.7821 -0.4099
vn -0.8343 -0.0426 -0.5497
vn 0.5460 0.4033 -0.7343
vn 0.4704 0.6876 -0.5531
vn 0.5470 -0.5339 -0.6447
vn -0.8344 -0.0722 -0.5464
vn -0.4640 -0.6628 0.5877
vn 0.8333 0.0972 0.5441
vn -0.5559 0.5602 0.6141
vn -0.4697 0.7813 0.4109
vn -0.5487 -0.4055 0.7311
vn 0.8327 0.0433 0.5520
vn -0.4695 -0.7820 -0.4099
vn -0.5459 0.4034 -0.7343
vn 0.8343 -0.0427 -0.5497
vn -0.4703 0.6877 -0.5531
vn 0.8344 -0.0723 -0.5464
vn -0.5471 -0.5339 -0.6447
vn 0.4930 -0.8680 -0.0592
vn 0.4937 -0.8678 -0.0565
vn -0.8685 -0.4930 -0.0510
vn -0.8690 -0.4921 -0.0522
vn 0.6742 0.0762 0.7346
vn 0.6742 0.0793 0.7343
vn -0.7373 0.0763 0.6713
vn -0.7373 0.0754 0.6714
vn 0.4965 0.8661 0.0585
vn 0.4965 0.8662 0.0564
vn -0.8670 0.4957 0.0510
vn -0.8669 0.4956 0.0531
vn 0.6741 -0.0773 -0.7346
vn 0.6741 -0.0792 -0.7343
vn -0.7373 -0.0763 -0.6712
vn -0.7373 -0.0743 -0.6714
vn 0.0010 -0.8689 -0.4950
vn -0.0010 -0.8689 -0.4950
vn -0.0010 0.4933 -0.8698
vn 0.0010 0.4933 -0.8698
vn -0.0010 0.7419 -0.6705
vn 0.0010 0.7419 -0.6705
vn 0.0010 -0.6691 -0.7431
vn -0.0010 -0.6691 -0.7431
vn 0.7373 -0.0743 -0.6714
vn 0.7373 -0.0763 -0.6712
vn -0.6741 -0.0792 -0.7343
vn -0.6741 -0.0772 -0.7346
vn -0.4937 -0.8678 -0.0565
vn -0.4930 -0.8680 -0.0591
vn 0.8690 -0.4921 -0.0522
vn 0.8685 -0.4930 -0.0510
vn -0.4965 0.8662 0.0565
vn -0.4965 0.8661 0.0585
vn 0.8669 0.4956 0.0530
vn 0.8670 0.4957 0.0509
vn -0.6742 0.0792 0.7343
vn -0.6742 0.0761 0.7346
vn 0.7373 0.0754 0.6714
vn 0.7373 0.0763 0.6713
vn -0.0010 -0.7419 0.6705
vn 0.0010 -0.7419 0.6705
vn 0.0010 0.6691 0.7431
vn -0.0010 0.6691 0.7431
vn 0.0010 0.8735 0.4869
vn -0.0010 0.8735 0.4869
vn -0.0010 -0.4853 0.8744
vn 0.0010 -0.4853 0.8744
vn -0.6193 0.6089 -0.4957
vn -0.0255 0.9691 0.2452
vn 0.0769 0.7099 -0.7001
vn 0.0255 -0.9691 -0.2452
vn -0.5217 -0.5148 -0.6803
vn 0.0634 -0.5461 -0.8353
vn -0.6774 -0.0372 -0.7347
vn 0.1174 -0.0038 -0.9931
vn 0.6845 -0.5565 -0.4709
vn 0.7382 0.6325 -0.2344
vn 0.8790 -0.0174 -0.4764
vn 0.8400 -0.5405 0.0471
vn 0.7878 0.5195 0.3310
vn 0.9745 0.0092 0.2243
vn 0.5217 0.5148 0.6803
vn 0.6193 -0.6089 0.4957
vn 0.6774 0.0372 0.7346
vn -0.1174 0.0038 0.9931
vn -0.0770 -0.7099 0.7001
vn -0.0634 0.5461 0.8353
vn -0.8791 0.0175 0.4764
vn -0.7383 -0.6325 0.2344
vn -0.6845 0.5566 0.4709
vn -0.9745 -0.0092 -0.2242
vn -0.7878 -0.5194 -0.3310
vn -0.8399 0.5406 -0.0471
vn 0.0206 -0.9708 -0.2388
vn -0.3919 -0.5211 -0.7582
vn 0.2307 -0.5441 -0.8067
vn -0.5142 -0.0348 -0.8570
vn -0.4708 0.6400 -0.6072
vn 0.2674 0.6956 -0.6668
vn 0.3302 -0.0090 -0.9439
vn -0.0205 0.9709 0.2388
vn 0.9435 -0.0156 -0.3310
vn 0.7423 -0.5546 -0.3761
vn 0.7881 0.6044 -0.1170
vn 0.7384 0.5214 0.4276
vn 0.9335 0.0167 0.3581
vn 0.8128 -0.5597 0.1617
vn 0.4708 -0.6401 0.6072
vn 0.3919 0.5211 0.7582
vn 0.5142 0.0347 0.8570
vn -0.2677 -0.6955 0.6668
vn -0.2307 0.5441 0.8067
vn -0.3302 0.0090 0.9439
vn -0.7880 -0.6044 0.1170
vn -0.7422 0.5547 0.3762
vn -0.9435 0.0156 0.3310
vn -0.7384 -0.5215 -0.4277
vn -0.8127 0.5597 -0.1617
vn -0.9335 -0.0167 -0.3581
vn -0.5617 -0.6227 0.5447
vn -0.6138 0.0366 0.7886
vn -0.9599 0.0126 0.2801
vn -0.8313 -0.5477 0.0946
vn -0.4703 0.5177 0.7147
vn 0.0237 0.9699 0.2424
vn -0.7690 0.5199 0.3719
vn -0.0238 -0.9699 -0.2423
vn -0.9097 -0.0173 -0.4150
vn -0.7109 -0.5556 -0.4312
vn -0.7626 0.6200 -0.1845
vn -0.2085 -0.0055 -0.9780
vn -0.1352 -0.5454 -0.8272
vn -0.1582 0.7051 -0.6913
vn 0.6139 -0.0367 -0.7886
vn 0.4703 -0.5177 -0.7147
vn 0.5619 0.6226 -0.5447
vn 0.9599 -0.0126 -0.2801
vn 0.7690 -0.5199 -0.3719
vn 0.8313 0.5477 -0.0945
vn 0.9097 0.0173 0.4150
vn 0.7624 -0.6202 0.1846
vn 0.7109 0.5556 0.4313
vn 0.1353 0.5454 0.8272
vn 0.2086 0.0054 0.9780
vn 0.1579 -0.7051 0.6913
vn -0.0202 -0.9709 -0.2387
vn -0.4661 -0.6409 0.6098
vn -0.8118 -0.5603 0.1648
vn -0.5093 0.0347 0.8599
vn -0.3882 0.5213 0.7600
vn -0.7366 0.5217 0.4303
vn -0.9321 0.0169 0.3618
vn 0.0205 0.9709 0.2386
vn -0.7436 -0.5546 -0.3735
vn -0.7891 0.6037 -0.1139
vn -0.9449 -0.0155 -0.3270
vn -0.2350 -0.5441 -0.8055
vn -0.2728 0.6948 -0.6654
vn -0.3357 -0.0093 -0.9419
vn 0.3882 -0.5211 -0.7600
vn 0.4664 0.6407 -0.6100
vn 0.5093 -0.0346 -0.8599
vn 0.8118 0.5602 -0.1649
vn 0.7369 -0.5215 -0.4302
vn 0.9321 -0.0169 -0.3618
vn 0.9449 0.0155 0.3271
vn 0.7890 -0.6038 0.1138
vn 0.7435 0.5546 0.3735
vn 0.3357 0.0091 0.9419
vn 0.2727 -0.6952 0.6651
vn 0.2349 0.5440 0.8055
vn -0.0089 -0.9725 -0.2328
vn -0.1960 -0.6699 0.7161
vn -0.7268 -0.5990 0.3360
vn -0.2146 0.0284 0.9763
vn -0.1631 0.5260 0.8347
vn -0.6357 0.5288 0.5623
vn -0.8300 0.0232 0.5573
vn 0.0089 0.9725 0.2327
vn -0.7969 -0.5565 -0.2352
vn -0.8175 0.5743 0.0439
vn -0.9918 -0.0071 -0.1274
vn -0.4401 -0.5389 -0.7183
vn -0.5128 0.6586 -0.5508
vn -0.5963 -0.0194 -0.8025
vn 0.1631 -0.5261 -0.8346
vn 0.1961 0.6698 -0.7161
vn 0.2145 -0.0284 -0.9763
vn 0.7267 0.5991 -0.3360
vn 0.6358 -0.5288 -0.5622
vn 0.8300 -0.0232 -0.5573
vn 0.9918 0.0071 0.1274
vn 0.8174 -0.5744 -0.0439
vn 0.7968 0.5565 0.2352
vn 0.5964 0.0193 0.8025
vn 0.5129 -0.6585 0.5507
vn 0.4400 0.5390 0.7183
vn -0.0272 -0.9671 -0.2531
vn -0.7332 -0.5732 0.3658
vn -0.8464 -0.5281 -0.0678
vn -0.8062 0.0356 0.5906
vn -0.6322 0.5061 0.5866
vn -0.8223 0.5222 0.2262
vn -0.9963 0.0001 0.0858
vn 0.0270 0.9670 0.2532
vn -0.6029 -0.5596 -0.5687
vn -0.6530 0.6658 -0.3609
vn -0.7759 -0.0134 -0.6307
vn 0.1193 -0.5469 -0.8287
vn 0.1283 0.7131 -0.6892
vn 0.1171 -0.0041 -0.9931
vn 0.6322 -0.5062 -0.5866
vn 0.7332 0.5733 -0.3658
vn 0.8062 -0.0357 -0.5906
vn 0.8464 0.5282 0.0679
vn 0.8222 -0.5223 -0.2261
vn 0.9963 -0.0001 -0.0858
vn 0.7759 0.0134 0.6307
vn 0.6531 -0.6658 0.3608
vn 0.6027 0.5596 0.5688
vn -0.1171 0.0040 0.9931
vn -0.1283 -0.7132 0.6891
vn -0.1195 0.5468 0.8287
vn -0.9058 -0.0289 -0.4227
vn -0.8158 0.5360 -0.2173
vn -0.3538 0.7009 -0.6193
vn -0.3783 -0.0123 -0.9256
vn -0.7292 -0.4956 -0.4718
vn -0.3164 -0.5459 -0.7758
vn -0.0239 0.9648 0.2619
vn 0.0240 -0.9648 -0.2619
vn 0.6078 -0.0009 -0.7941
vn 0.4784 -0.5628 -0.6741
vn 0.5096 0.7031 -0.4959
vn 0.9973 -0.0108 -0.0721
vn 0.8307 -0.5222 -0.1930
vn 0.8395 0.5336 0.1024
vn 0.7293 0.4956 0.4718
vn 0.9058 0.0289 0.4227
vn 0.8158 -0.5360 0.2174
vn 0.3538 -0.7009 0.6193
vn 0.3164 0.5459 0.7758
vn 0.3783 0.0124 0.9256
vn -0.5097 -0.7030 0.4959
vn -0.4783 0.5628 0.6742
vn -0.6078 0.0008 0.7941
vn -0.8395 -0.5336 -0.1024
vn -0.8306 0.5223 0.1930
vn -0.9973 0.0107 0.0721
vn -0.8114 -0.5385 0.2272
vn -0.9004 0.0295 0.4340
vn -0.9981 -0.0100 -0.0613
vn -0.8325 -0.5223 -0.1847
vn -0.7238 0.4961 0.4796
vn 0.0241 0.9650 0.2613
vn -0.8392 0.5324 0.1108
vn -0.0243 -0.9650 -0.2613
vn -0.5207 0.7008 -0.4876
vn -0.4879 -0.5625 -0.6674
vn -0.6208 -0.0019 -0.7840
vn 0.3615 -0.0116 -0.9323
vn 0.3040 -0.5461 -0.7806
vn 0.3394 0.7023 -0.6258
vn 0.9005 -0.0295 -0.4340
vn 0.7236 -0.4962 -0.4797
vn 0.8114 0.5386 -0.2272
vn 0.9981 0.0100 0.0613
vn 0.8391 -0.5326 -0.1109
vn 0.8325 0.5223 0.1847
vn 0.6207 0.0019 0.7840
vn 0.5206 -0.7008 0.4876
vn 0.4880 0.5625 0.6674
vn -0.3615 0.0116 0.9323
vn -0.3394 -0.7023 0.6258
vn -0.3039 0.5461 0.7807
vn 0.0082 -0.9626 -0.2709
vn -0.8400 -0.4830 -0.2471
vn -0.5953 -0.5382 -0.5967
vn -0.9922 -0.0095 -0.1247
vn -0.8696 0.4921 0.0407
vn -0.6699 0.6408 -0.3749
vn -0.7547 -0.0303 -0.6554
vn -0.0080 0.9626 0.2709
vn 0.1592 -0.5671 -0.8081
vn 0.1593 0.7460 -0.6466
vn 0.1933 0.0257 -0.9808
vn 0.7423 -0.5272 -0.4136
vn 0.8019 0.5804 -0.1418
vn 0.9261 -0.0277 -0.3763
vn 0.8697 -0.4920 -0.0407
vn 0.8400 0.4830 0.2471
vn 0.9922 0.0095 0.1247
vn 0.6699 -0.6408 0.3749
vn 0.5952 0.5382 0.5967
vn 0.7547 0.0303 0.6553
vn -0.1592 0.5671 0.8081
vn -0.1593 -0.7460 0.6466
vn -0.1932 -0.0256 0.9808
vn -0.9261 0.0277 0.3762
vn -0.8018 -0.5805 0.1418
vn -0.7422 0.5274 0.4136
vn -0.8479 -0.4829 -0.2186
vn -0.9960 -0.0068 -0.0892
vn -0.7872 -0.0311 -0.6159
vn -0.6206 -0.5368 -0.5715
vn -0.8693 0.4892 0.0709
vn -0.0058 0.9625 0.2713
vn -0.6962 0.6318 -0.3409
vn 0.0059 -0.9625 -0.2713
vn 0.1386 0.0272 -0.9900
vn 0.1146 -0.5675 -0.8154
vn 0.1142 0.7480 -0.6538
vn 0.9092 -0.0290 -0.4153
vn 0.7255 -0.5290 -0.4402
vn 0.7900 0.5880 -0.1737
vn 0.9960 0.0068 0.0892
vn 0.8693 -0.4892 -0.0708
vn 0.8480 0.4829 0.2186
vn 0.6205 0.5369 0.5716
vn 0.7873 0.0311 0.6158
vn 0.6963 -0.6316 0.3409
vn -0.1141 -0.7481 0.6537
vn -0.1147 0.5674 0.8154
vn -0.1385 -0.0273 0.9900
vn -0.7899 -0.5882 0.1736
vn -0.7256 0.5289 0.4402
vn -0.9092 0.0290 0.4153
vn -0.6162 -0.5077 -0.6021
vn -0.7884 -0.0362 -0.6140
vn -0.0794 -0.0036 -0.9968
vn -0.0902 -0.5469 -0.8323
vn -0.7176 0.5791 -0.3869
vn -0.0271 0.9674 0.2518
vn -0.0955 0.7135 -0.6941
vn 0.0272 -0.9674 -0.2518
vn 0.6176 -0.5590 -0.5532
vn 0.6692 0.6604 -0.3407
vn 0.7951 -0.0146 -0.6063
vn 0.8180 0.5214 0.2431
vn 0.8468 -0.5296 -0.0498
vn 0.9942 0.0016 0.1079
vn 0.7884 0.0362 0.6141
vn 0.7177 -0.5790 0.3869
vn 0.6163 0.5076 0.6021
vn 0.0793 0.0035 0.9968
vn 0.0955 -0.7135 0.6941
vn 0.0903 0.5468 0.8324
vn -0.7951 0.0145 0.6063
vn -0.6691 -0.6605 0.3407
vn -0.6176 0.5590 0.5532
vn -0.9942 -0.0016 -0.1079
vn -0.8180 -0.5214 -0.2432
vn -0.8468 0.5295 0.0498
vn -0.0204 -0.9639 -0.2654
vn -0.8414 -0.5206 0.1448
vn -0.8143 -0.5218 -0.2540
vn -0.9402 0.0242 0.3397
vn -0.7677 0.4908 0.4120
vn -0.8388 0.5430 0.0383
vn -0.9882 -0.0160 -0.1526
vn 0.0203 0.9639 0.2655
vn -0.4217 0.7189 -0.5526
vn -0.5046 0.0075 -0.8633
vn -0.4018 -0.5642 -0.7213
vn 0.4050 -0.5445 -0.7345
vn 0.4563 0.6887 -0.5635
vn 0.4988 -0.0184 -0.8665
vn 0.7677 -0.4907 -0.4121
vn 0.8415 0.5205 -0.1447
vn 0.9402 -0.0243 -0.3397
vn 0.8388 -0.5431 -0.0382
vn 0.8143 0.5218 0.2541
vn 0.9882 0.0160 0.1526
vn 0.4210 -0.7190 0.5529
vn 0.4020 0.5641 0.7212
vn 0.5045 -0.0074 0.8634
vn -0.4049 0.5446 0.7344
vn -0.4567 -0.6884 0.5634
vn -0.4988 0.0184 0.8665
vn -0.1395 -0.5263 -0.8388
vn -0.1836 -0.0279 -0.9826
vn 0.6179 -0.0201 -0.7860
vn 0.4572 -0.5383 -0.7079
vn -0.1676 0.6715 -0.7218
vn -0.0076 0.9726 0.2325
vn 0.5329 0.6543 -0.5365
vn 0.0077 -0.9726 -0.2325
vn 0.9941 -0.0061 -0.1086
vn 0.8003 -0.5572 -0.2216
vn 0.8179 0.5723 0.0585
vn 0.8170 0.0234 0.5762
vn 0.7152 -0.6034 0.3526
vn 0.6240 0.5296 0.5746
vn 0.1835 0.0279 0.9826
vn 0.1677 -0.6714 0.7218
vn 0.1395 0.5263 0.8388
vn -0.6179 0.0202 0.7860
vn -0.5329 -0.6543 0.5366
vn -0.4572 0.5383 0.7080
vn -0.8002 0.5572 0.2216
vn -0.9941 0.0061 0.1086
vn -0.8180 -0.5723 -0.0585
vn -0.6239 -0.5297 -0.5746
vn -0.7153 0.6033 -0.3527
vn -0.8170 -0.0234 -0.5761
vn -0.5550 0.6241 -0.5500
vn -0.0237 0.9700 0.2420
vn 0.1669 0.7045 -0.6898
vn 0.0235 -0.9700 -0.2421
vn -0.4642 -0.5180 -0.7184
vn 0.1430 -0.5453 -0.8259
vn -0.6063 -0.0365 -0.7944
vn 0.2185 -0.0057 -0.9758
vn 0.7136 -0.5554 -0.4269
vn 0.7648 0.6189 -0.1791
vn 0.9127 -0.0172 -0.4082
vn 0.8300 -0.5487 0.0998
vn 0.7668 0.5199 0.3764
vn 0.9581 0.0129 0.2863
vn 0.4642 0.5181 0.7184
vn 0.5550 -0.6241 0.5500
vn 0.6063 0.0365 0.7944
vn -0.2185 0.0057 0.9758
vn -0.1669 -0.7044 0.6899
vn -0.1431 0.5453 0.8259
vn -0.9127 0.0172 0.4082
vn -0.7650 -0.6186 0.1791
vn -0.7137 0.5554 0.4268
vn -0.9580 -0.0129 -0.2863
vn -0.7669 -0.5199 -0.3764
vn -0.8302 0.5485 -0.0999
vn 0.0265 -0.9685 -0.2475
vn -0.5567 -0.5125 -0.6538
vn 0.0097 -0.5464 -0.8374
vn -0.7198 -0.0372 -0.6932
vn -0.6573 0.5984 -0.4581
vn 0.0164 0.7122 -0.7018
vn 0.0490 -0.0032 -0.9988
vn -0.0265 0.9685 0.2474
vn 0.8528 -0.0169 -0.5219
vn 0.6628 -0.5574 -0.5000
vn 0.7169 0.6421 -0.2715
vn 0.7998 0.5196 0.3005
vn 0.9830 0.0067 0.1834
vn 0.8440 -0.5361 0.0127
vn 0.6573 -0.5984 0.4581
vn 0.5568 0.5125 0.6537
vn 0.7197 0.0372 0.6932
vn -0.0165 -0.7122 0.7018
vn -0.0098 0.5465 0.8374
vn -0.0490 0.0032 0.9988
vn -0.7170 -0.6420 0.2715
vn -0.6629 0.5574 0.4999
vn -0.8528 0.0170 0.5220
vn -0.7998 -0.5197 -0.3005
vn -0.8440 0.5361 -0.0127
vn -0.9830 -0.0067 -0.1834
vn -0.1117 -0.6737 0.7305
vn -0.1226 0.0272 0.9921
vn -0.7899 0.0237 0.6127
vn -0.6911 -0.6118 0.3848
vn -0.0933 0.5267 0.8449
vn 0.0051 0.9727 0.2321
vn -0.5999 0.5312 0.5983
vn -0.0051 -0.9727 -0.2320
vn -0.9974 -0.0041 -0.0721
vn -0.8061 -0.5587 -0.1949
vn -0.8179 0.5688 0.0867
vn -0.6578 -0.0215 -0.7529
vn -0.4893 -0.5370 -0.6871
vn -0.5700 0.6459 -0.5078
vn 0.1226 -0.0272 -0.9921
vn 0.0932 -0.5267 -0.8449
vn 0.1119 0.6738 -0.7304
vn 0.7899 -0.0238 -0.6127
vn 0.6000 -0.5311 -0.5982
vn 0.6912 0.6117 -0.3848
vn 0.9974 0.0041 0.0721
vn 0.8179 -0.5687 -0.0867
vn 0.8062 0.5587 0.1949
vn 0.4892 0.5371 0.6872
vn 0.6578 0.0215 0.7529
vn 0.5700 -0.6459 0.5079
vn -0.0114 -0.9628 -0.2700
vn -0.8675 -0.4974 0.0055
vn -0.7648 -0.5252 -0.3732
vn -0.9838 0.0134 0.1788
vn -0.8257 0.4840 0.2899
vn -0.8167 0.5693 -0.0944
vn -0.9478 -0.0252 -0.3178
vn 0.0115 0.9628 0.2700
vn -0.2255 -0.5665 -0.7926
vn -0.2277 0.7415 -0.6312
vn -0.2755 0.0222 -0.9610
vn 0.5529 -0.5403 -0.6343
vn 0.6251 0.6542 -0.4259
vn 0.6996 -0.0283 -0.7140
vn 0.8257 -0.4839 -0.2899
vn 0.8675 0.4973 -0.0055
vn 0.9838 -0.0134 -0.1788
vn 0.7646 0.5254 0.3733
vn 0.8166 -0.5694 0.0945
vn 0.9478 0.0252 0.3178
vn 0.2754 -0.0222 0.9611
vn 0.2277 -0.7415 0.6311
vn 0.2255 0.5666 0.7926
vn -0.6996 0.0284 0.7140
vn -0.6249 -0.6542 0.4260
vn -0.5528 0.5404 0.6344
vn -0.8836 -0.0311 -0.4672
vn -0.7981 0.5452 -0.2564
vn -0.2956 0.7060 -0.6436
vn -0.3109 -0.0095 -0.9504
vn -0.7063 -0.4983 -0.5029
vn -0.2663 -0.5464 -0.7941
vn -0.0254 0.9654 0.2597
vn 0.0253 -0.9654 -0.2597
vn 0.6577 -0.0049 -0.7532
vn 0.5151 -0.5620 -0.6472
vn 0.5524 0.6938 -0.4621
vn 0.9995 -0.0079 -0.0298
vn 0.8371 -0.5231 -0.1602
vn 0.8372 0.5297 0.1358
vn 0.7062 0.4983 0.5030
vn 0.8836 0.0311 0.4673
vn 0.7980 -0.5453 0.2564
vn 0.2958 -0.7059 0.6436
vn 0.2665 0.5463 0.7940
vn 0.3109 0.0095 0.9504
vn -0.5523 -0.6939 0.4621
vn -0.5150 0.5619 0.6473
vn -0.6577 0.0049 0.7533
vn -0.8372 -0.5297 -0.1358
vn -0.8373 0.5227 0.1601
vn -0.9995 0.0079 0.0298
vn -0.2201 -0.5253 -0.8219
vn -0.2896 -0.0298 -0.9567
vn 0.5402 -0.0172 -0.8413
vn 0.3955 -0.5404 -0.7426
vn -0.2650 0.6650 -0.6982
vn -0.0120 0.9722 0.2338
vn 0.4606 0.6687 -0.5837
vn 0.0119 -0.9722 -0.2338
vn 0.8145 0.5801 0.0074
vn 0.7870 -0.5554 -0.2686
vn 0.9847 -0.0095 -0.1742
vn 0.8595 0.0224 0.5106
vn 0.7525 -0.5889 0.2949
vn 0.6634 0.5268 0.5315
vn 0.2895 0.0298 0.9567
vn 0.2649 -0.6650 0.6983
vn 0.2202 0.5253 0.8219
vn -0.5403 0.0172 0.8413
vn -0.4607 -0.6685 0.5838
vn -0.3956 0.5404 0.7426
vn -0.9847 0.0094 0.1742
vn -0.8146 -0.5800 -0.0074
vn -0.7870 0.5555 0.2685
vn -0.8595 -0.0224 -0.5106
vn -0.6633 -0.5267 -0.5316
vn -0.7525 0.5888 -0.2949
vn -0.8379 -0.4831 -0.2540
vn -0.9910 -0.0101 -0.1331
vn -0.7465 -0.0301 -0.6647
vn -0.5886 -0.5387 -0.6027
vn -0.8696 0.4927 0.0335
vn -0.0086 0.9626 0.2707
vn -0.6638 0.6425 -0.3829
vn 0.0086 -0.9626 -0.2708
vn 0.2063 0.0251 -0.9782
vn 0.1698 -0.5670 -0.8060
vn 0.1699 0.7454 -0.6447
vn 0.9298 -0.0274 -0.3671
vn 0.7459 -0.5270 -0.4073
vn 0.8047 0.5783 -0.1343
vn 0.9910 0.0102 0.1332
vn 0.8694 -0.4929 -0.0336
vn 0.8381 0.4829 0.2537
vn 0.7465 0.0302 0.6647
vn 0.6634 -0.6429 0.3829
vn 0.5890 0.5384 0.6026
vn -0.2062 -0.0251 0.9782
vn -0.1699 -0.7453 0.6447
vn -0.1697 0.5670 0.8060
vn -0.7460 0.5269 0.4073
vn -0.9298 0.0273 0.3670
vn -0.8044 -0.5787 0.1343
vn 0.0195 -0.9711 -0.2379
vn -0.3693 -0.5219 -0.7689
vn 0.2557 -0.5437 -0.7994
vn -0.4849 -0.0341 -0.8739
vn -0.4439 0.6444 -0.6227
vn 0.2967 0.6923 -0.6578
vn 0.3620 -0.0101 -0.9321
vn -0.0194 0.9711 0.2379
vn 0.7498 -0.5545 -0.3610
vn 0.7935 0.6005 -0.0989
vn 0.9511 -0.0150 -0.3085
vn 0.8063 -0.5634 0.1802
vn 0.7291 0.5221 0.4426
vn 0.9250 0.0177 0.3796
vn 0.4439 -0.6443 0.6227
vn 0.3693 0.5219 0.7689
vn 0.4849 0.0341 0.8739
vn -0.2967 -0.6923 0.6578
vn -0.2557 0.5436 0.7994
vn -0.3620 0.0101 0.9321
vn -0.7498 0.5545 0.3610
vn -0.7935 -0.6005 0.0990
vn -0.9511 0.0150 0.3085
vn -0.9250 -0.0177 -0.3796
vn -0.7290 -0.5221 -0.4426
vn -0.8063 0.5633 -0.1803
vn -0.8526 -0.4829 -0.1999
vn -0.9978 -0.0051 -0.0662
vn -0.8067 -0.0314 -0.5901
vn -0.6366 -0.5357 -0.5547
vn -0.8683 0.4877 0.0903
vn -0.0044 0.9624 0.2715
vn -0.7115 0.6260 -0.3191
vn 0.0040 -0.9625 -0.2714
vn 0.1030 0.0279 -0.9943
vn 0.0853 -0.5674 -0.8190
vn 0.0850 0.7490 -0.6571
vn 0.8971 -0.0298 -0.4409
vn 0.7143 -0.5298 -0.4572
vn 0.7810 0.5934 -0.1946
vn 0.9978 0.0050 0.0661
vn 0.8683 -0.4877 -0.0903
vn 0.8524 0.4831 0.2000
vn 0.8068 0.0313 0.5900
vn 0.7118 -0.6258 0.3189
vn 0.6364 0.5358 0.5549
vn -0.0855 0.5675 0.8189
vn -0.1029 -0.0279 0.9943
vn -0.0846 -0.7490 0.6572
vn -0.7813 -0.5930 0.1946
vn -0.7146 0.5295 0.4571
vn -0.8971 0.0297 0.4409
vn 0.0005 -0.9624 -0.2717
vn -0.8617 -0.4842 -0.1518
vn -0.6735 -0.5332 -0.5120
vn -1.0000 -0.0006 -0.0076
vn -0.8635 0.4848 0.1393
vn -0.7463 0.6113 -0.2633
vn -0.8513 -0.0312 -0.5237
vn -0.0006 0.9624 0.2716
vn 0.0097 -0.5678 -0.8231
vn 0.0098 0.7503 -0.6610
vn 0.0117 0.0290 -0.9995
vn 0.6822 -0.5327 -0.5008
vn 0.7543 0.6075 -0.2491
vn 0.8616 -0.0311 -0.5067
vn 0.8635 -0.4847 -0.1393
vn 0.8617 0.4842 0.1518
vn 1.0000 0.0006 0.0076
vn 0.6733 0.5333 0.5121
vn 0.7465 -0.6112 0.2632
vn 0.8513 0.0312 0.5238
vn -0.0118 -0.0291 0.9995
vn -0.0098 -0.7502 0.6611
vn -0.0100 0.5677 0.8232
vn -0.8616 0.0311 0.5067
vn -0.7545 -0.6073 0.2490
vn -0.6825 0.5325 0.5007
vn -0.7079 -0.4981 -0.5008
vn -0.8852 -0.0310 -0.4642
vn -0.3155 -0.0096 -0.9489
vn -0.2697 -0.5463 -0.7930
vn -0.7993 0.5447 -0.2538
vn -0.0252 0.9653 0.2598
vn -0.2995 0.7057 -0.6421
vn 0.0252 -0.9653 -0.2598
vn 0.6544 -0.0046 -0.7561
vn 0.5128 -0.5620 -0.6490
vn 0.5497 0.6944 -0.4644
vn 0.9994 -0.0081 -0.0326
vn 0.8368 -0.5229 -0.1624
vn 0.8374 0.5300 0.1336
vn 0.8852 0.0310 0.4642
vn 0.7992 -0.5448 0.2538
vn 0.7077 0.4982 0.5009
vn 0.2699 0.5463 0.7929
vn 0.3155 0.0097 0.9489
vn 0.2999 -0.7057 0.6419
vn -0.5495 -0.6945 0.4645
vn -0.5125 0.5621 0.6492
vn -0.6545 0.0046 0.7561
vn -0.8375 -0.5299 -0.1336
vn -0.8367 0.5229 0.1624
vn -0.9994 0.0080 0.0326
vn -0.7528 0.5657 -0.3366
vn -0.0269 0.9666 0.2549
vn -0.1733 0.7122 -0.6803
vn 0.0269 -0.9666 -0.2549
vn -0.6535 -0.5041 -0.5647
vn -0.1594 -0.5468 -0.8219
vn -0.8293 -0.0346 -0.5577
vn -0.1693 -0.0051 -0.9856
vn 0.5814 -0.5602 -0.5901
vn 0.6289 0.6734 -0.3886
vn 0.7474 -0.0116 -0.6643
vn 0.8453 -0.5262 -0.0927
vn 0.8274 0.5238 0.2024
vn 0.9985 -0.0020 0.0551
vn 0.6535 0.5041 0.5647
vn 0.7529 -0.5656 0.3366
vn 0.8293 0.0346 0.5577
vn 0.1693 0.0051 0.9855
vn 0.1740 -0.7121 0.6802
vn 0.1595 0.5468 0.8219
vn -0.7473 0.0116 0.6643
vn -0.6286 -0.6736 0.3887
vn -0.5813 0.5602 0.5901
vn -0.9985 0.0020 -0.0551
vn -0.8276 -0.5236 -0.2023
vn -0.8452 0.5263 0.0927
vn 0.0197 -0.9638 -0.2660
vn -0.7744 -0.4899 -0.4004
vn -0.4207 -0.5444 -0.7257
vn -0.9458 -0.0233 -0.3239
vn -0.8454 0.5179 -0.1310
vn -0.4757 0.6854 -0.5513
vn -0.5207 -0.0195 -0.8535
vn -0.0198 0.9638 0.2660
vn 0.3861 -0.5644 -0.7296
vn 0.4028 0.7220 -0.5626
vn 0.4834 0.0089 -0.8754
vn 0.8103 -0.5222 -0.2660
vn 0.8379 0.5453 0.0257
vn 0.9856 -0.0170 -0.1684
vn 0.8455 -0.5177 0.1310
vn 0.7745 0.4898 0.4004
vn 0.9458 0.0233 0.3239
vn 0.4209 0.5443 0.7256
vn 0.4756 -0.6855 0.5513
vn 0.5208 0.0195 0.8535
vn -0.4833 -0.0089 0.8754
vn -0.4031 -0.7218 0.5626
vn -0.3861 0.5644 0.7296
vn -0.9856 0.0170 0.1684
vn -0.8380 -0.5450 -0.0256
vn -0.8105 0.5220 0.2658
vn -0.1234 -0.5265 -0.8412
vn -0.1622 -0.0277 -0.9864
vn 0.6322 -0.0206 -0.7745
vn 0.4687 -0.5379 -0.7007
vn -0.1482 0.6724 -0.7252
vn -0.0070 0.9726 0.2323
vn 0.5461 0.6515 -0.5267
vn 0.0069 -0.9726 -0.2323
vn 0.9954 -0.0054 -0.0957
vn 0.8026 -0.5575 -0.2122
vn 0.8179 0.5712 0.0685
vn 0.8078 0.0236 0.5890
vn 0.7072 -0.6062 0.3639
vn 0.6155 0.5303 0.5831
vn 0.1623 0.0276 0.9864
vn 0.1478 -0.6724 0.7253
vn 0.1233 0.5265 0.8412
vn -0.4686 0.5379 0.7008
vn -0.6322 0.0207 0.7745
vn -0.5462 -0.6514 0.5266
vn -0.8180 -0.5711 -0.0685
vn -0.8025 0.5576 0.2123
vn -0.9954 0.0054 0.0957
vn -0.6156 -0.5302 -0.5830
vn -0.7071 0.6062 -0.3640
vn -0.8077 -0.0236 -0.5891
vn -0.0159 0.6755 -0.7372
vn -0.0007 0.9728 0.2317
vn 0.6267 0.6315 -0.4565
vn 0.0007 -0.9728 -0.2316
vn -0.0133 -0.5269 -0.8498
vn 0.5399 -0.5346 -0.6502
vn -0.0175 -0.0266 -0.9995
vn 0.7194 -0.0231 -0.6942
vn 0.8135 -0.5621 -0.1492
vn 0.8152 0.5636 0.1337
vn 0.9999 -0.0006 -0.0103
vn 0.6441 -0.6265 0.4389
vn 0.5557 0.5338 0.6374
vn 0.7383 0.0234 0.6741
vn 0.0134 0.5270 0.8498
vn 0.0159 -0.6756 0.7371
vn 0.0176 0.0267 0.9995
vn -0.7194 0.0231 0.6942
vn -0.6268 -0.6314 0.4565
vn -0.5399 0.5346 0.6501
vn -0.9999 0.0006 0.0103
vn -0.8152 -0.5636 -0.1337
vn -0.8135 0.5622 0.1492
vn -0.7383 -0.0234 -0.6741
vn -0.5556 -0.5339 -0.6374
vn -0.6440 0.6266 -0.4389
vn 0.0220 -0.9643 -0.2639
vn -0.7512 -0.4928 -0.4392
vn -0.3658 -0.5453 -0.7542
vn -0.9257 -0.0265 -0.3772
vn -0.8311 0.5271 -0.1774
vn -0.4116 0.6945 -0.5901
vn -0.4456 -0.0156 -0.8951
vn -0.0222 0.9643 0.2639
vn 0.4377 -0.5636 -0.7005
vn 0.4622 0.7122 -0.5284
vn 0.5526 0.0036 -0.8335
vn 0.8224 -0.5219 -0.2265
vn 0.8400 0.5384 0.0674
vn 0.9932 -0.0136 -0.1160
vn 0.8309 -0.5274 0.1774
vn 0.7513 0.4926 0.4392
vn 0.9258 0.0265 0.3772
vn 0.3656 0.5454 0.7543
vn 0.4116 -0.6944 0.5902
vn 0.4455 0.0155 0.8951
vn -0.5526 -0.0036 0.8334
vn -0.4621 -0.7123 0.5283
vn -0.4379 0.5635 0.7005
vn -0.9932 0.0137 0.1160
vn -0.8400 -0.5384 -0.0675
vn -0.8223 0.5219 0.2266
vn 0.0183 -0.9713 -0.2371
vn -0.3436 -0.5227 -0.7803
vn 0.2826 -0.5432 -0.7906
vn -0.4515 -0.0333 -0.8917
vn -0.4133 0.6488 -0.6390
vn 0.3281 0.6885 -0.6468
vn 0.3965 -0.0114 -0.9180
vn -0.0182 0.9713 0.2370
vn 0.7576 -0.5545 -0.3443
vn 0.7989 0.5963 -0.0792
vn 0.9588 -0.0141 -0.2837
vn 0.7984 -0.5676 0.2009
vn 0.7183 0.5228 0.4591
vn 0.9149 0.0187 0.4033
vn 0.4134 -0.6488 0.6389
vn 0.3437 0.5226 0.7802
vn 0.4515 0.0333 0.8917
vn -0.3280 -0.6886 0.6468
vn -0.2826 0.5431 0.7907
vn -0.3964 0.0114 0.9180
vn -0.7577 0.5544 0.3443
vn -0.7989 -0.5963 0.0792
vn -0.9588 0.0141 0.2837
vn -0.9149 -0.0187 -0.4033
vn -0.7183 -0.5228 -0.4591
vn -0.7984 0.5676 -0.2009
vn 0.0060 -0.9726 -0.2322
vn -0.1082 -0.5265 -0.8432
vn 0.4791 -0.5375 -0.6939
vn -0.1423 -0.0275 -0.9894
vn -0.1297 0.6731 -0.7281
vn 0.5583 0.6487 -0.5173
vn 0.6452 -0.0211 -0.7637
vn -0.0059 0.9727 0.2322
vn 0.8044 -0.5582 -0.2035
vn 0.8180 0.5699 0.0776
vn 0.9965 -0.0047 -0.0838
vn 0.6992 -0.6091 0.3744
vn 0.6079 0.5307 0.5906
vn 0.7989 0.0236 0.6010
vn 0.1302 -0.6731 0.7280
vn 0.1083 0.5266 0.8432
vn 0.1423 0.0274 0.9894
vn -0.4792 0.5374 0.6940
vn -0.5582 -0.6487 0.5172
vn -0.6452 0.0211 0.7637
vn -0.9965 0.0048 0.0838
vn -0.8182 -0.5697 -0.0777
vn -0.8044 0.5581 0.2037
vn -0.7989 -0.0237 -0.6010
vn -0.6078 -0.5307 -0.5907
vn -0.6992 0.6090 -0.3746
vn -0.0018 -0.9728 -0.2317
vn -0.0397 -0.6754 0.7364
vn -0.6564 -0.6228 0.4258
vn -0.0435 0.0267 0.9987
vn -0.0331 0.5269 0.8493
vn -0.5670 0.5332 0.6279
vn -0.7516 0.0236 0.6591
vn 0.0017 0.9728 0.2317
vn -0.8120 -0.5612 -0.1605
vn -0.8163 0.5646 0.1222
vn -0.9997 -0.0015 -0.0255
vn -0.5279 -0.5352 -0.6594
vn -0.6136 0.6350 -0.4694
vn -0.7050 -0.0227 -0.7089
vn 0.0330 -0.5269 -0.8493
vn 0.0397 0.6754 -0.7364
vn 0.0435 -0.0267 -0.9987
vn 0.5669 -0.5332 -0.6279
vn 0.6563 0.6229 -0.4257
vn 0.7517 -0.0236 -0.6591
vn 0.8120 0.5612 0.1606
vn 0.8162 -0.5647 -0.1222
vn 0.9997 0.0014 0.0254
vn 0.7050 0.0228 0.7089
vn 0.6135 -0.6350 0.4694
vn 0.5278 0.5352 0.6595
vn 0.0231 -0.9646 -0.2628
vn -0.7399 -0.4941 -0.4565
vn -0.3398 -0.5457 -0.7660
vn -0.9155 -0.0278 -0.4013
vn -0.8233 0.5318 -0.1986
vn -0.3815 0.6980 -0.6061
vn -0.4102 -0.0138 -0.9119
vn -0.0232 0.9646 0.2628
vn 0.4876 0.7076 -0.5115
vn 0.5823 0.0012 -0.8130
vn 0.4598 -0.5631 -0.6867
vn 0.8270 -0.5220 -0.2088
vn 0.8400 0.5357 0.0860
vn 0.9956 -0.0121 -0.0926
vn 0.8233 -0.5318 0.1986
vn 0.7398 0.4943 0.4566
vn 0.9155 0.0278 0.4013
vn 0.3813 -0.6980 0.6061
vn 0.3398 0.5457 0.7660
vn 0.4103 0.0138 0.9119
vn -0.4877 -0.7075 0.5115
vn -0.4597 0.5631 0.6867
vn -0.5823 -0.0012 0.8130
vn -0.8269 0.5221 0.2088
vn -0.8400 -0.5357 -0.0860
vn -0.9956 0.0121 0.0926
vn 0.0271 -0.9670 -0.2535
vn -0.6375 -0.5056 -0.5814
vn -0.1291 -0.5469 -0.8272
vn -0.8119 -0.0353 -0.5828
vn -0.7378 0.5715 -0.3591
vn -0.1395 0.7130 -0.6872
vn -0.1294 -0.0043 -0.9916
vn -0.0272 0.9670 0.2535
vn 0.7694 -0.0131 -0.6387
vn 0.5979 -0.5598 -0.5738
vn 0.6471 0.6680 -0.3675
vn 0.8236 0.5225 0.2206
vn 0.9969 -0.0003 0.0786
vn 0.8463 -0.5276 -0.0737
vn 0.7379 -0.5715 0.3590
vn 0.6372 0.5058 0.5815
vn 0.8118 0.0354 0.5828
vn 0.1398 -0.7131 0.6870
vn 0.1289 0.5469 0.8272
vn 0.1294 0.0042 0.9916
vn -0.6471 -0.6680 0.3676
vn -0.5978 0.5597 0.5739
vn -0.7694 0.0131 0.6386
vn -0.8238 -0.5222 -0.2205
vn -0.8463 0.5277 0.0737
vn -0.9969 0.0005 -0.0786
vn -0.9369 -0.0248 -0.3487
vn -0.8392 0.5220 -0.1525
vn -0.4462 0.6899 -0.5700
vn -0.4863 -0.0176 -0.8736
vn -0.7640 -0.4911 -0.4185
vn -0.3958 -0.5447 -0.7393
vn -0.0208 0.9640 0.2651
vn 0.0208 -0.9640 -0.2651
vn 0.5161 0.0065 -0.8565
vn 0.4105 -0.5641 -0.7164
vn 0.4311 0.7175 -0.5471
vn 0.9895 -0.0155 -0.1439
vn 0.8163 -0.5218 -0.2475
vn 0.8393 0.5418 0.0452
vn 0.7639 0.4911 0.4186
vn 0.9369 0.0248 0.3487
vn 0.8391 -0.5221 0.1525
vn 0.4463 -0.6899 0.5700
vn 0.3957 0.5448 0.7394
vn 0.4863 0.0177 0.8736
vn -0.4310 -0.7175 0.5473
vn -0.4106 0.5641 0.7164
vn -0.5161 -0.0065 0.8565
vn -0.8392 -0.5419 -0.0452
vn -0.8163 0.5219 0.2475
vn -0.9895 0.0154 0.1439
vn -0.2482 -0.6664 0.7031
vn -0.2715 0.0294 0.9620
vn -0.8527 0.0226 0.5219
vn -0.7466 -0.5914 0.3048
vn -0.2064 0.5256 0.8253
vn 0.0113 0.9723 0.2335
vn -0.6568 0.5273 0.5391
vn -0.0112 -0.9723 -0.2336
vn -0.9866 -0.0089 -0.1628
vn -0.7895 -0.5557 -0.2605
vn -0.8154 0.5787 0.0163
vn -0.5543 -0.0177 -0.8321
vn -0.4066 -0.5401 -0.7369
vn -0.4738 0.6662 -0.5760
vn 0.2716 -0.0294 -0.9620
vn 0.2064 -0.5256 -0.8253
vn 0.2482 0.6664 -0.7031
vn 0.7466 0.5913 -0.3048
vn 0.8527 -0.0226 -0.5219
vn 0.6567 -0.5273 -0.5391
vn 0.8154 -0.5787 -0.0163
vn 0.7896 0.5556 0.2604
vn 0.9866 0.0089 0.1628
vn 0.4738 -0.6661 0.5760
vn 0.4068 0.5400 0.7369
vn 0.5543 0.0177 0.8321
vn -0.0167 -0.9633 -0.2678
vn -0.8567 -0.5090 0.0831
vn -0.7954 -0.5229 -0.3065
vn -0.9630 0.0198 0.2688
vn -0.7961 0.4871 0.3592
vn -0.8329 0.5531 -0.0188
vn -0.9744 -0.0203 -0.2239
vn 0.0168 0.9633 0.2679
vn -0.3385 0.7305 -0.5932
vn -0.4074 0.0145 -0.9132
vn -0.3285 -0.5653 -0.7567
vn 0.4741 -0.5431 -0.6930
vn 0.5371 0.6745 -0.5065
vn 0.5935 -0.0233 -0.8045
vn 0.7961 -0.4871 -0.3592
vn 0.8567 0.5090 -0.0831
vn 0.9630 -0.0198 -0.2688
vn 0.8327 -0.5534 0.0188
vn 0.7954 0.5229 0.3065
vn 0.9744 0.0203 0.2238
vn 0.3386 -0.7304 0.5931
vn 0.3284 0.5653 0.7567
vn 0.4073 -0.0144 0.9132
vn -0.4742 0.5431 0.6930
vn -0.5368 -0.6747 0.5066
vn -0.5936 0.0233 0.8044
vn -0.0048 -0.9625 -0.2714
vn -0.8687 -0.4883 -0.0834
vn -0.7185 -0.5294 -0.4510
vn -0.9972 0.0057 0.0744
vn -0.8508 0.4832 0.2067
vn -0.7841 0.5917 -0.1872
vn -0.9015 -0.0294 -0.4317
vn 0.0052 0.9625 0.2713
vn -0.1156 0.0279 -0.9929
vn -0.0959 -0.5675 -0.8178
vn -0.0952 0.7487 -0.6561
vn 0.7062 0.6280 -0.3270
vn 0.7999 -0.0312 -0.5993
vn 0.6309 -0.5362 -0.5608
vn 0.8509 -0.4829 -0.2066
vn 0.8690 0.4879 0.0832
vn 0.9972 -0.0057 -0.0744
vn 0.7844 -0.5914 0.1871
vn 0.7181 0.5297 0.4513
vn 0.9015 0.0295 0.4317
vn 0.0952 -0.7487 0.6561
vn 0.0956 0.5675 0.8178
vn 0.1157 -0.0278 0.9929
vn -0.7063 -0.6279 0.3268
vn -0.6308 0.5362 0.5609
vn -0.7999 0.0313 0.5993
vn -0.8868 -0.0309 -0.4611
vn -0.8007 0.5440 -0.2510
vn -0.3038 0.7053 -0.6405
vn -0.3203 -0.0099 -0.9473
vn -0.7095 -0.4979 -0.4987
vn -0.2733 -0.5463 -0.7917
vn -0.0251 0.9653 0.2600
vn 0.0252 -0.9653 -0.2600
vn 0.6510 -0.0044 -0.7590
vn 0.5102 -0.5621 -0.6510
vn 0.5468 0.6950 -0.4669
vn 0.9993 -0.0083 -0.0356
vn 0.8364 -0.5228 -0.1647
vn 0.8377 0.5302 0.1312
vn 0.7096 0.4978 0.4986
vn 0.8868 0.0308 0.4611
vn 0.8007 -0.5439 0.2510
vn 0.3039 -0.7053 0.6405
vn 0.2733 0.5463 0.7917
vn 0.3203 0.0099 0.9473
vn -0.5466 -0.6952 0.4668
vn -0.5102 0.5620 0.6510
vn -0.6511 0.0043 0.7590
vn -0.8377 -0.5301 -0.1312
vn -0.8364 0.5228 0.1647
vn -0.9993 0.0083 0.0356
vn -0.3304 -0.5231 -0.7856
vn -0.4344 -0.0329 -0.9001
vn 0.4133 -0.0121 -0.9105
vn 0.2959 -0.5429 -0.7860
vn -0.3976 0.6510 -0.6467
vn -0.0176 0.9715 0.2366
vn 0.3435 0.6865 -0.6408
vn 0.0176 -0.9714 -0.2366
vn 0.9624 -0.0137 -0.2714
vn 0.7613 -0.5545 -0.3360
vn 0.8013 0.5942 -0.0693
vn 0.9095 0.0193 0.4152
vn 0.7942 -0.5697 0.2112
vn 0.7127 0.5232 0.4672
vn 0.4344 0.0330 0.9001
vn 0.3977 -0.6509 0.6467
vn 0.3305 0.5231 0.7856
vn -0.2959 0.5429 0.7859
vn -0.4134 0.0121 0.9105
vn -0.3437 -0.6865 0.6408
vn -0.8013 -0.5942 0.0694
vn -0.7615 0.5544 0.3359
vn -0.9624 0.0136 0.2713
vn -0.7127 -0.5232 -0.4672
vn -0.7941 0.5699 -0.2113
vn -0.9095 -0.0192 -0.4152
vn -0.8289 -0.4838 -0.2808
vn -0.9859 -0.0126 -0.1671
vn -0.7121 -0.0288 -0.7015
vn -0.5622 -0.5399 -0.6264
vn -0.8682 0.4961 0.0045
vn -0.0108 0.9627 0.2702
vn -0.6353 0.6513 -0.4150
vn 0.0108 -0.9627 -0.2702
vn 0.2578 0.0230 -0.9659
vn 0.2113 -0.5667 -0.7964
vn 0.2130 0.7426 -0.6350
vn 0.9435 -0.0258 -0.3304
vn 0.7599 -0.5258 -0.3821
vn 0.8139 0.5715 -0.1046
vn 0.9859 0.0126 0.1671
vn 0.8683 -0.4961 -0.0045
vn 0.8289 0.4838 0.2808
vn 0.7120 0.0289 0.7015
vn 0.6352 -0.6514 0.4150
vn 0.5623 0.5399 0.6263
vn -0.2114 0.5667 0.7964
vn -0.2579 -0.0230 0.9659
vn -0.2130 -0.7426 0.6350
vn -0.8138 -0.5717 0.1046
vn -0.7601 0.5257 0.3820
vn -0.9435 0.0258 0.3304
vn -0.7217 -0.5777 0.3813
vn -0.7933 0.0360 0.6078
vn -0.9948 0.0012 0.1020
vn -0.8468 -0.5291 -0.0546
vn -0.6205 0.5073 0.5980
vn 0.0272 0.9673 0.2521
vn -0.8192 0.5216 0.2386
vn -0.0270 -0.9673 -0.2521
vn -0.7901 -0.0143 -0.6128
vn -0.6137 -0.5592 -0.5575
vn -0.6647 0.6621 -0.3462
vn 0.0895 -0.0037 -0.9960
vn 0.0982 -0.5468 -0.8315
vn 0.1048 0.7135 -0.6928
vn 0.7933 -0.0360 -0.6078
vn 0.6206 -0.5073 -0.5980
vn 0.7219 0.5775 -0.3813
vn 0.9948 -0.0013 -0.1020
vn 0.8192 -0.5215 -0.2386
vn 0.8467 0.5293 0.0547
vn 0.7901 0.0143 0.6128
vn 0.6648 -0.6621 0.3461
vn 0.6136 0.5592 0.5575
vn -0.0981 0.5468 0.8315
vn -0.0894 0.0036 0.9960
vn -0.1044 -0.7135 0.6928
vn -0.6679 -0.5025 -0.5490
vn -0.8445 -0.0339 -0.5345
vn -0.2060 -0.0061 -0.9785
vn -0.1872 -0.5468 -0.8161
vn -0.7656 0.5604 -0.3159
vn -0.0265 0.9663 0.2562
vn -0.2054 0.7110 -0.6725
vn 0.0265 -0.9663 -0.2562
vn 0.6105 0.6789 -0.4079
vn 0.5655 -0.5606 -0.6049
vn 0.7259 -0.0101 -0.6877
vn 0.9994 -0.0035 0.0334
vn 0.8437 -0.5254 -0.1102
vn 0.8307 0.5249 0.1854
vn 0.8445 0.0339 0.5345
vn 0.7657 -0.5603 0.3159
vn 0.6678 0.5026 0.5490
vn 0.2060 0.0060 0.9785
vn 0.2055 -0.7109 0.6725
vn 0.1876 0.5468 0.8160
vn -0.7260 0.0101 0.6877
vn -0.6106 -0.6788 0.4079
vn -0.5653 0.5608 0.6050
vn -0.9994 0.0035 -0.0334
vn -0.8308 -0.5248 -0.1854
vn -0.8438 0.5252 0.1101
vn -0.6547 -0.5039 -0.5634
vn -0.8305 -0.0346 -0.5560
vn -0.1721 -0.0052 -0.9851
vn -0.1614 -0.5468 -0.8216
vn -0.7540 0.5650 -0.3350
vn -0.0271 0.9666 0.2550
vn -0.1760 0.7120 -0.6797
vn 0.0267 -0.9666 -0.2549
vn 0.5803 -0.5602 -0.5912
vn 0.6276 0.6738 -0.3901
vn 0.7458 -0.0116 -0.6661
vn 0.8278 0.5238 0.2010
vn 0.8450 -0.5264 -0.0941
vn 0.9986 -0.0020 0.0535
vn 0.8305 0.0346 0.5560
vn 0.7539 -0.5651 0.3350
vn 0.6544 0.5041 0.5636
vn 0.1720 0.0051 0.9851
vn 0.1756 -0.7121 0.6798
vn 0.1613 0.5468 0.8216
vn -0.7458 0.0115 0.6660
vn -0.6277 -0.6738 0.3899
vn -0.5804 0.5601 0.5912
vn -0.9986 0.0021 -0.0535
vn -0.8277 -0.5239 -0.2011
vn -0.8452 0.5262 0.0940
vn -0.4326 0.5195 0.7369
vn 0.0223 0.9704 0.2405
vn -0.7546 0.5205 0.3995
vn -0.0223 -0.9704 -0.2406
vn -0.5186 -0.6315 0.5764
vn -0.8231 -0.5534 0.1274
vn -0.5664 0.0358 0.8234
vn -0.9478 0.0147 0.3185
vn -0.7270 -0.5551 -0.4041
vn -0.7763 0.6120 -0.1510
vn -0.9275 -0.0167 -0.3734
vn -0.1829 -0.5448 -0.8184
vn -0.2127 0.7007 -0.6810
vn -0.2693 -0.0070 -0.9630
vn 0.5187 0.6314 -0.5764
vn 0.4327 -0.5195 -0.7368
vn 0.5664 -0.0358 -0.8234
vn 0.9478 -0.0147 -0.3185
vn 0.7547 -0.5205 -0.3995
vn 0.8232 0.5533 -0.1275
vn 0.9275 0.0166 0.3734
vn 0.7762 -0.6121 0.1510
vn 0.7270 0.5551 0.4042
vn 0.2694 0.0070 0.9630
vn 0.2124 -0.7008 0.6809
vn 0.1829 0.5448 0.8184
vn 0.0269 -0.9665 -0.2553
vn -0.6583 -0.5037 -0.5595
vn -0.1686 -0.5469 -0.8200
vn -0.8344 -0.0344 -0.5500
vn -0.7572 0.5638 -0.3297
vn -0.1841 0.7118 -0.6779
vn -0.1815 -0.0054 -0.9834
vn -0.0268 0.9665 0.2553
vn 0.5762 -0.5603 -0.5950
vn 0.6229 0.6753 -0.3950
vn 0.7403 -0.0111 -0.6722
vn 0.8447 -0.5260 -0.0986
vn 0.8286 0.5241 0.1967
vn 0.9988 -0.0025 0.0479
vn 0.7571 -0.5639 0.3298
vn 0.6581 0.5037 0.5596
vn 0.8344 0.0344 0.5500
vn 0.1688 0.5468 0.8201
vn 0.1845 -0.7118 0.6777
vn 0.1815 0.0053 0.9834
vn -0.7403 0.0111 0.6721
vn -0.6226 -0.6755 0.3951
vn -0.5760 0.5604 0.5951
vn -0.9989 0.0025 -0.0479
vn -0.8287 -0.5240 -0.1967
vn -0.8448 0.5260 0.0985
vn -0.8552 0.5102 -0.0907
vn -0.0174 0.9634 0.2675
vn -0.5271 0.6766 -0.5141
vn 0.0173 -0.9634 -0.2675
vn -0.7929 -0.4874 -0.3658
vn -0.4657 -0.5433 -0.6985
vn -0.9605 -0.0203 -0.2776
vn -0.5823 -0.0228 -0.8127
vn 0.3380 -0.5651 -0.7526
vn 0.3491 0.7292 -0.5885
vn 0.4198 0.0136 -0.9075
vn 0.7979 -0.5228 -0.3001
vn 0.8336 0.5522 -0.0116
vn 0.9764 -0.0197 -0.2149
vn 0.7928 0.4875 0.3658
vn 0.8552 -0.5102 0.0908
vn 0.9605 0.0203 0.2776
vn 0.5823 0.0227 0.8127
vn 0.5272 -0.6765 0.5142
vn 0.4660 0.5433 0.6983
vn -0.4198 -0.0135 0.9075
vn -0.3493 -0.7292 0.5884
vn -0.3378 0.5652 0.7526
vn -0.9764 0.0199 0.2149
vn -0.8338 -0.5520 0.0116
vn -0.7980 0.5226 0.2999
vn -0.6026 -0.6134 0.5106
vn -0.6593 0.0370 0.7510
vn -0.9705 0.0102 0.2408
vn -0.8379 -0.5424 0.0611
vn -0.5072 0.5156 0.6906
vn 0.0251 0.9694 0.2442
vn -0.7825 0.5195 0.3432
vn -0.0249 -0.9694 -0.2443
vn -0.8887 -0.0174 -0.4582
vn -0.6929 -0.5560 -0.4591
vn -0.7460 0.6287 -0.2196
vn -0.1447 -0.0042 -0.9895
vn -0.0850 -0.5459 -0.8335
vn -0.1009 0.7086 -0.6983
vn 0.6592 -0.0371 -0.7510
vn 0.5070 -0.5157 -0.6907
vn 0.6031 0.6130 -0.5104
vn 0.9705 -0.0102 -0.2408
vn 0.7827 -0.5192 -0.3432
vn 0.8378 0.5425 -0.0612
vn 0.8887 0.0175 0.4581
vn 0.7458 -0.6289 0.2196
vn 0.6929 0.5561 0.4590
vn 0.0848 0.5459 0.8335
vn 0.1447 0.0041 0.9895
vn 0.1009 -0.7087 0.6982
vn -0.1981 -0.0938 -0.9757
vn -0.9745 0.2239 -0.0135
vn -0.1117 0.9936 0.0156
vn 0.3364 0.3710 -0.8656
vn 0.3614 0.4656 0.8079
vn 0.9683 0.0209 -0.2491
vn 0.2485 0.1853 0.9507
vn 0.9871 -0.1088 -0.1177
vn 0.0871 -0.1125 0.9898
vn 0.6512 -0.7138 0.2578
vn -0.8358 -0.2724 0.4766
vn -0.1768 -0.9327 -0.3144
vn -0.9811 0.0492 0.1870
vn -0.2990 -0.2804 -0.9121
vn 0.1981 -0.0938 -0.9757
vn 0.9745 0.2239 -0.0135
vn 0.9811 0.0492 0.1870
vn 0.2990 -0.2804 -0.9121
vn 0.8358 -0.2724 0.4766
vn 0.1768 -0.9327 -0.3144
vn -0.0871 -0.1125 0.9898
vn -0.6512 -0.7138 0.2578
vn -0.2485 0.1853 0.9507
vn -0.9871 -0.1088 -0.1177
vn -0.3614 0.4656 0.8079
vn -0.9683 0.0208 -0.2491
vn 0.1117 0.9936 0.0156
vn -0.3364 0.3710 -0.8656
vn -0.0000 -0.0709 -0.9975
vn -0.0000 0.3166 -0.9486
vn 0.8067 0.2461 -0.5373
vn 0.8007 -0.0502 -0.5969
vn -0.0000 -0.3249 -0.9458
vn 0.7379 -0.2872 -0.6108
vn -0.0000 0.9996 0.0284
vn -0.0000 -0.9996 -0.0284
vn 1.0000 -0.0000 -0.0000
vn 0.9716 -0.2272 -0.0660
vn 0.9716 0.2272 0.0660
vn 0.8007 0.0502 0.5969
vn 0.8067 -0.2461 0.5372
vn 0.7379 0.2872 0.6108
vn -0.0000 0.3249 0.9458
vn -0.0000 0.0709 0.9975
vn -0.0000 -0.3165 0.9486
vn -0.8067 -0.2461 0.5372
vn -0.7379 0.2872 0.6108
vn -0.8007 0.0502 0.5969
vn -0.9716 -0.2272 -0.0660
vn -0.9716 0.2272 0.0660
vn -1.0000 -0.0000 -0.0000
vn -0.7379 -0.2872 -0.6108
vn -0.8067 0.2461 -0.5373
vn -0.8007 -0.0502 -0.5969
vn -0.0000 -0.9997 0.0259
vn -0.0000 -0.2268 -0.9739
vn 0.8803 -0.1803 -0.4389
vn -0.0000 0.1788 -0.9839
vn 0.9141 0.1279 -0.3849
vn -0.0001 0.9997 -0.0259
vn 0.9141 -0.1278 0.3849
vn 0.8803 0.1804 0.4389
vn -0.0000 -0.1788 0.9839
vn -0.0000 0.2269 0.9739
vn -0.9141 -0.1278 0.3849
vn -0.8803 0.1803 0.4389
vn -0.8803 -0.1803 -0.4389
vn -0.9141 0.1278 -0.3848
vn 0.8803 0.1803 0.4389
vn -0.8803 0.1804 0.4389
vn -0.1787 -0.0948 -0.9793
vn -0.9859 0.1665 0.0189
vn -0.1399 0.9855 0.0956
vn 0.3326 0.4878 -0.8071
vn 0.2745 0.3789 0.8838
vn 0.9854 0.0267 -0.1684
vn 0.1788 0.0948 0.9793
vn 0.9859 -0.1665 -0.0189
vn -0.3326 -0.4878 0.8071
vn 0.1399 -0.9855 -0.0956
vn -0.9854 -0.0267 0.1683
vn -0.2745 -0.3788 -0.8838
vn 0.1787 -0.0948 -0.9793
vn 0.9859 0.1665 0.0189
vn 0.9854 -0.0267 0.1683
vn 0.2745 -0.3788 -0.8838
vn 0.3326 -0.4878 0.8071
vn -0.1399 -0.9855 -0.0956
vn -0.1788 0.0948 0.9793
vn -0.9859 -0.1665 -0.0189
vn -0.2745 0.3789 0.8838
vn -0.9854 0.0267 -0.1684
vn 0.1399 0.9855 0.0956
vn -0.3326 0.4878 -0.8071
vn -0.4449 -0.0219 -0.8953
vn -0.9215 0.1657 0.3512
vn -0.1093 0.9404 0.3219
vn 0.1429 0.6912 -0.7084
vn 0.4685 0.2587 0.8447
vn 0.9126 0.0292 -0.4079
vn 0.4449 0.0219 0.8953
vn 0.9215 -0.1657 -0.3512
vn -0.1429 -0.6912 0.7084
vn 0.1092 -0.9405 -0.3219
vn -0.9126 -0.0292 0.4079
vn -0.4685 -0.2587 -0.8448
vn 0.4449 -0.0219 -0.8953
vn 0.9215 0.1657 0.3512
vn 0.9125 -0.0292 0.4079
vn 0.4685 -0.2587 -0.8448
vn 0.1429 -0.6912 0.7084
vn -0.1092 -0.9405 -0.3219
vn -0.4449 0.0219 0.8953
vn -0.9215 -0.1657 -0.3512
vn -0.4685 0.2587 0.8447
vn -0.9126 0.0292 -0.4079
vn 0.1092 0.9404 0.3219
vn -0.1429 0.6912 -0.7084
vn 0.2283 -0.0160 -0.9735
vn -0.9190 -0.1182 -0.3762
vn -0.9528 0.2580 -0.1600
vn 0.0489 0.7489 -0.6609
vn -0.4295 0.3873 0.8158
vn 0.4133 0.8661 0.2811
vn -0.2283 0.0159 0.9734
vn 0.9190 0.1182 0.3762
vn -0.0488 -0.7489 0.6609
vn 0.9528 -0.2580 0.1600
vn -0.4133 -0.8661 -0.2812
vn 0.4295 -0.3872 -0.8158
vn -0.2283 -0.0160 -0.9735
vn 0.9190 -0.1182 -0.3762
vn 0.4133 -0.8661 -0.2812
vn -0.4295 -0.3872 -0.8158
vn 0.0488 -0.7489 0.6609
vn -0.9528 -0.2580 0.1600
vn 0.2284 0.0159 0.9734
vn -0.9190 0.1182 0.3762
vn 0.4295 0.3873 0.8158
vn -0.4133 0.8661 0.2812
vn 0.9528 0.2580 -0.1600
vn -0.0489 0.7489 -0.6609
vn 0.2283 -0.0159 -0.9735
vn 0.0489 0.7489 -0.6608
vn -0.4295 0.3872 0.8158
vn 0.4133 0.8661 0.2812
vn -0.2283 0.0160 0.9735
vn 0.4295 -0.3873 -0.8158
vn -0.2283 -0.0159 -0.9735
vn -0.4295 -0.3873 -0.8158
vn 0.2283 0.0160 0.9735
vn 0.4295 0.3872 0.8158
vn -0.0489 0.7489 -0.6608
vn 0.0489 0.7490 -0.6608
vn 0.4134 0.8660 0.2813
vn -0.2284 0.0160 0.9734
vn -0.0489 -0.7489 0.6609
vn 0.0489 -0.7489 0.6609
vn 0.2284 0.0160 0.9734
vn -0.4134 0.8660 0.2812
vn -0.0489 0.7490 -0.6608
vn -0.2283 0.0159 0.9735
vn -0.0489 -0.7489 0.6608
vn 0.0489 -0.7489 0.6608
vn 0.2283 0.0159 0.9734
vn 0.4271 -0.7779 0.4610
vn 0.5193 0.4151 0.7470
vn -0.8612 0.0046 0.5083
vn 0.5120 -0.3488 0.7849
vn 0.4408 0.8242 0.3555
vn -0.8524 0.0859 0.5158
vn 0.4407 -0.8260 -0.3513
vn -0.8533 -0.0879 -0.5139
vn 0.5102 0.3441 -0.7882
vn 0.4292 0.7778 -0.4591
vn 0.5215 -0.4159 -0.7450
vn -0.8589 -0.0036 -0.5121
vn -0.4270 -0.7779 0.4609
vn 0.8611 0.0047 0.5083
vn -0.5193 0.4150 0.7470
vn -0.4406 0.8242 0.3557
vn -0.5117 -0.3488 0.7852
vn 0.8526 0.0859 0.5154
vn -0.4408 -0.8260 -0.3513
vn -0.5100 0.3442 -0.7883
vn 0.8534 -0.0880 -0.5138
vn -0.4292 0.7779 -0.4591
vn 0.8589 -0.0037 -0.5121
vn -0.5216 -0.4158 -0.7450
vn 0.4883 -0.8351 -0.2533
vn 0.4882 -0.8357 -0.2514
vn -0.8710 -0.4559 -0.1830
vn -0.8709 -0.4553 -0.1849
vn 0.6391 0.0594 0.7668
vn 0.6391 0.0614 0.7666
vn -0.7678 0.0685 0.6370
vn -0.7678 0.0665 0.6372
vn 0.4818 0.8385 0.2545
vn 0.4818 0.8391 0.2525
vn -0.8746 0.4499 0.1810
vn -0.8745 0.4492 0.1830
vn 0.6391 -0.0594 -0.7668
vn 0.6391 -0.0613 -0.7667
vn -0.7678 -0.0685 -0.6370
vn -0.7678 -0.0665 -0.6372
vn 0.0010 -0.9040 -0.4275
vn -0.0010 -0.9040 -0.4275
vn -0.0010 0.4258 -0.9048
vn 0.0010 0.4258 -0.9048
vn -0.0010 0.8522 -0.5231
vn 0.0010 0.8522 -0.5231
vn 0.0010 -0.5215 -0.8532
vn -0.0010 -0.5215 -0.8532
vn 0.7678 -0.0665 -0.6372
vn 0.7678 -0.0685 -0.6370
vn -0.6391 -0.0613 -0.7667
vn -0.6391 -0.0592 -0.7668
vn -0.4882 -0.8357 -0.2515
vn -0.4883 -0.8351 -0.2533
vn 0.8709 -0.4553 -0.1849
vn 0.8710 -0.4559 -0.1831
vn -0.4818 0.8391 0.2526
vn -0.4818 0.8385 0.2545
vn 0.8745 0.4493 0.1829
vn 0.8746 0.4499 0.1810
vn -0.6391 0.0613 0.7667
vn -0.6391 0.0592 0.7668
vn 0.7678 0.0665 0.6372
vn 0.7678 0.0685 0.6370
vn -0.0010 -0.8522 0.5231
vn 0.0010 -0.8522 0.5231
vn 0.0010 0.5215 0.8532
vn -0.0010 0.5215 0.8532
vn 0.0010 0.9028 0.4301
vn -0.0010 0.9028 0.4301
vn -0.0010 -0.4284 0.9036
vn 0.0010 -0.4284 0.9036
vn -0.0009 -0.9470 -0.3211
vn 0.0010 -0.9470 -0.3212
vn 0.0010 -0.9476 -0.3193
vn -0.0010 -0.9476 -0.3193
vn -1.0000 -0.0011 0.0009
vn -1.0000 0.0009 0.0011
vn -1.0000 0.0011 -0.0009
vn -1.0000 -0.0009 -0.0011
vn 0.0010 0.0897 0.9960
vn 0.0010 0.0917 0.9958
vn -0.0010 0.0917 0.9958
vn -0.0010 0.0897 0.9960
vn 0.0010 0.9477 0.3193
vn -0.0009 0.9476 0.3193
vn -0.0010 0.9470 0.3212
vn 0.0010 0.9470 0.3212
vn -0.0010 -0.0917 -0.9958
vn -0.0010 -0.0897 -0.9960
vn 0.0010 -0.0897 -0.9960
vn 0.0010 -0.0917 -0.9958
vn 1.0000 -0.0009 -0.0011
vn 1.0000 0.0011 -0.0009
vn 1.0000 0.0009 0.0011
vn 1.0000 -0.0011 0.0009
vn -0.3704 -0.9156 0.1567
vn -0.2153 0.2490 0.9443
vn -0.8724 0.4625 -0.1581
vn -0.2200 -0.3838 0.8968
vn -0.3249 0.9370 0.1284
vn -0.9505 -0.2761 -0.1428
vn -0.3044 -0.9412 -0.1467
vn -0.9600 0.2736 0.0590
vn -0.1504 0.3754 -0.9146
vn -0.3551 0.9165 -0.1844
vn -0.1369 -0.2555 -0.9571
vn -0.8850 -0.4581 0.0832
vn 0.3620 -0.9147 0.1795
vn 0.8805 0.4639 -0.0977
vn 0.1510 0.2536 0.9554
vn 0.3062 0.9404 0.1481
vn 0.1501 -0.3765 0.9142
vn 0.9595 -0.2753 -0.0599
vn 0.3245 -0.9371 -0.1286
vn 0.2197 0.3839 -0.8968
vn 0.9506 0.2758 0.1424
vn 0.3734 0.9140 -0.1587
vn 0.8704 -0.4657 0.1597
vn 0.2153 -0.2504 -0.9439
vn -0.4521 -0.8679 -0.2057
vn -0.4521 -0.8686 -0.2028
vn -0.8908 0.4533 0.0297
vn -0.8905 0.4541 0.0269
vn -0.2129 0.0026 0.9771
vn -0.2127 0.0069 0.9771
vn -0.9755 0.0660 -0.2098
vn -0.9756 0.0643 -0.2098
vn -0.4651 0.8656 0.1854
vn -0.4651 0.8662 0.1826
vn -0.8865 -0.4552 -0.0827
vn -0.8865 -0.4558 -0.0798
vn -0.1347 -0.0087 -0.9908
vn -0.1340 -0.0119 -0.9909
vn -0.9889 -0.0693 0.1316
vn -0.9890 -0.0665 0.1321
vn 0.0125 -0.9374 -0.3481
vn 0.0095 -0.9374 -0.3482
vn 0.0587 0.3455 -0.9366
vn 0.0617 0.3454 -0.9364
vn 0.0427 0.9194 -0.3910
vn 0.0456 0.9193 -0.3908
vn 0.0554 -0.3903 -0.9190
vn 0.0524 -0.3902 -0.9192
vn 0.9758 -0.0647 0.2091
vn 0.9757 -0.0661 0.2087
vn 0.2116 -0.0068 -0.9773
vn 0.2123 -0.0024 -0.9772
vn 0.4650 -0.8663 -0.1825
vn 0.4650 -0.8657 -0.1855
vn 0.8865 0.4557 0.0798
vn 0.8866 0.4551 0.0828
vn 0.4537 0.8679 0.2025
vn 0.4538 0.8672 0.2051
vn 0.8897 -0.4557 -0.0271
vn 0.8900 -0.4549 -0.0303
vn 0.1348 0.0117 0.9908
vn 0.1345 0.0089 0.9909
vn 0.9890 0.0663 -0.1319
vn 0.9888 0.0695 -0.1324
vn -0.0457 -0.9200 0.3891
vn -0.0427 -0.9201 0.3894
vn -0.0526 0.3885 0.9199
vn -0.0556 0.3886 0.9197
vn -0.0097 0.9373 0.3483
vn -0.0127 0.9374 0.3481
vn -0.0618 -0.3454 0.9364
vn -0.0588 -0.3455 0.9366
vn -0.0014 -0.9468 -0.3218
vn 0.0016 -0.9469 -0.3216
vn 0.0014 -0.9478 -0.3188
vn -0.0016 -0.9478 -0.3189
vn -0.9996 -0.0042 -0.0262
vn -0.9997 -0.0012 -0.0258
vn -0.9996 -0.0008 -0.0288
vn -0.9996 -0.0038 -0.0291
vn -0.0620 0.0890 0.9941
vn -0.0620 0.0920 0.9938
vn -0.0650 0.0921 0.9936
vn -0.0650 0.0890 0.9939
vn 0.0016 0.9478 0.3189
vn -0.0014 0.9478 0.3187
vn -0.0016 0.9469 0.3216
vn 0.0014 0.9468 0.3217
vn 0.0620 -0.0920 -0.9938
vn 0.0620 -0.0890 -0.9941
vn 0.0650 -0.0890 -0.9939
vn 0.0650 -0.0920 -0.9936
vn 0.9997 0.0012 0.0258
vn 0.9996 0.0042 0.0261
vn 0.9996 0.0038 0.0291
vn 0.9996 0.0008 0.0288
vn -0.3715 -0.9143 0.1614
vn -0.2052 0.2511 0.9460
vn -0.8726 0.4648 -0.1500
vn -0.2019 -0.3829 0.9014
vn -0.3202 0.9378 0.1342
vn -0.9537 -0.2752 -0.1214
vn -0.3112 -0.9397 -0.1420
vn -0.9576 0.2763 0.0820
vn -0.1693 0.3773 -0.9105
vn -0.3609 0.9160 -0.1750
vn -0.1606 -0.2518 -0.9544
vn -0.8809 -0.4614 0.1052
vn 0.3608 -0.9157 0.1770
vn 0.8819 0.4597 -0.1044
vn 0.1581 0.2547 0.9540
vn 0.3107 0.9398 0.1421
vn 0.1688 -0.3775 0.9105
vn 0.9578 -0.2755 -0.0816
vn 0.3179 -0.9385 -0.1349
vn 0.1987 0.3832 -0.9020
vn 0.9549 0.2729 0.1171
vn 0.3695 0.9147 -0.1638
vn 0.8748 -0.4626 0.1441
vn 0.1987 -0.2523 -0.9470
vn -0.4560 -0.8671 -0.2004
vn -0.4562 -0.8677 -0.1976
vn -0.8897 0.4546 0.0431
vn -0.8895 0.4551 0.0402
vn -0.1937 0.0049 0.9810
vn -0.1939 0.0077 0.9810
vn -0.9793 0.0673 -0.1911
vn -0.9795 0.0641 -0.1907
vn -0.4618 0.8663 0.1905
vn -0.4616 0.8670 0.1879
vn -0.8881 -0.4544 -0.0696
vn -0.8879 -0.4553 -0.0664
vn -0.1543 -0.0065 -0.9880
vn -0.1540 -0.0109 -0.9880
vn -0.9861 -0.0683 0.1515
vn -0.9862 -0.0667 0.1515
vn 0.0070 -0.9381 -0.3462
vn 0.0040 -0.9381 -0.3463
vn 0.0287 0.3435 -0.9387
vn 0.0317 0.3435 -0.9386
vn 0.0206 0.9212 -0.3886
vn 0.0236 0.9212 -0.3885
vn 0.0286 -0.3863 -0.9219
vn 0.0256 -0.3863 -0.9220
vn 0.9796 -0.0641 0.1904
vn 0.9793 -0.0673 0.1908
vn 0.1936 -0.0077 -0.9810
vn 0.1934 -0.0049 -0.9811
vn 0.4618 -0.8668 -0.1879
vn 0.4618 -0.8663 -0.1905
vn 0.8879 0.4553 0.0664
vn 0.8880 0.4546 0.0697
vn 0.4562 0.8677 0.1975
vn 0.4560 0.8670 0.2008
vn 0.8895 -0.4550 -0.0405
vn 0.8897 -0.4546 -0.0431
vn 0.1545 0.0110 0.9879
vn 0.1552 0.0079 0.9879
vn 0.9862 0.0653 -0.1525
vn 0.9860 0.0680 -0.1520
vn -0.0235 -0.9203 0.3905
vn -0.0205 -0.9204 0.3905
vn -0.0254 0.3884 0.9212
vn -0.0284 0.3883 0.9211
vn -0.0042 0.9369 0.3496
vn -0.0072 0.9369 0.3495
vn -0.0317 -0.3468 0.9374
vn -0.0288 -0.3468 0.9375
vn -0.0015 -0.9468 -0.3217
vn 0.0016 -0.9469 -0.3217
vn 0.0015 -0.9478 -0.3188
vn -0.0016 -0.9478 -0.3188
vn -0.9999 -0.0029 -0.0124
vn -0.9999 0.0001 -0.0120
vn -0.9999 0.0004 -0.0151
vn -0.9999 -0.0026 -0.0154
vn -0.0303 0.0891 0.9956
vn -0.0303 0.0922 0.9953
vn -0.0333 0.0922 0.9952
vn -0.0333 0.0891 0.9955
vn 0.0016 0.9478 0.3188
vn -0.0015 0.9478 0.3188
vn -0.0016 0.9469 0.3217
vn 0.0015 0.9468 0.3217
vn 0.0302 -0.0922 -0.9953
vn 0.0303 -0.0891 -0.9956
vn 0.0333 -0.0891 -0.9955
vn 0.0333 -0.0922 -0.9952
vn 0.9999 -0.0001 0.0120
vn 0.9999 0.0029 0.0124
vn 0.9999 0.0026 0.0154
vn 0.9999 -0.0004 0.0151
vn -0.3651 -0.9153 0.1704
vn -0.1780 0.2526 0.9511
vn -0.8784 0.4617 -0.1234
vn -0.1850 -0.3805 0.9061
vn -0.3177 0.9380 0.1389
vn -0.9551 -0.2780 -0.1025
vn -0.3147 -0.9388 -0.1400
vn -0.9566 0.2750 0.0966
vn -0.1807 0.3809 -0.9068
vn -0.3648 0.9156 -0.1689
vn -0.1823 -0.2511 -0.9506
vn -0.8774 -0.4628 0.1260
vn 0.3652 -0.9152 0.1702
vn 0.8784 0.4617 -0.1234
vn 0.1779 0.2525 0.9511
vn 0.3186 0.9377 0.1387
vn 0.1865 -0.3805 0.9058
vn 0.9546 -0.2789 -0.1045
vn 0.3146 -0.9388 -0.1401
vn 0.1807 0.3810 -0.9067
vn 0.9566 0.2749 0.0967
vn 0.3649 0.9156 -0.1688
vn 0.8774 -0.4629 0.1260
vn 0.1822 -0.2510 -0.9507
vn -0.4600 -0.8661 -0.1955
vn -0.4601 -0.8667 -0.1926
vn -0.8884 0.4556 0.0567
vn -0.8882 0.4562 0.0538
vn -0.1744 0.0057 0.9847
vn -0.1741 0.0100 0.9847
vn -0.9829 0.0670 -0.1715
vn -0.9830 0.0653 -0.1715
vn -0.4583 0.8670 0.1957
vn -0.4585 0.8675 0.1928
vn -0.8892 -0.4540 -0.0562
vn -0.8891 -0.4546 -0.0533
vn -0.1737 -0.0055 -0.9848
vn -0.1730 -0.0100 -0.9849
vn -0.9831 -0.0671 0.1704
vn -0.9831 -0.0657 0.1708
vn 0.0015 -0.9370 -0.3494
vn -0.0015 -0.9370 -0.3494
vn -0.0015 0.3467 -0.9380
vn 0.0015 0.3467 -0.9380
vn -0.0015 0.9188 -0.3947
vn 0.0015 0.9188 -0.3947
vn 0.0015 -0.3920 -0.9200
vn -0.0015 -0.3920 -0.9200
vn 0.9831 -0.0657 0.1708
vn 0.9831 -0.0671 0.1704
vn 0.1730 -0.0100 -0.9849
vn 0.1737 -0.0055 -0.9848
vn 0.4601 -0.8667 -0.1926
vn 0.4600 -0.8661 -0.1955
vn 0.8882 0.4562 0.0538
vn 0.8884 0.4556 0.0567
vn 0.4585 0.8675 0.1928
vn 0.4583 0.8670 0.1958
vn 0.8891 -0.4546 -0.0533
vn 0.8892 -0.4540 -0.0562
vn 0.1741 0.0100 0.9847
vn 0.1744 0.0057 0.9847
vn 0.9830 0.0654 -0.1715
vn 0.9829 0.0670 -0.1715
vn -0.0015 -0.9195 0.3930
vn 0.0015 -0.9195 0.3930
vn 0.0015 0.3903 0.9207
vn -0.0015 0.3903 0.9207
vn 0.0015 0.9376 0.3478
vn -0.0015 0.9376 0.3478
vn -0.0015 -0.3450 0.9386
vn 0.0015 -0.3450 0.9386
vn 0.0015 -0.9469 -0.3217
vn -0.0015 -0.9478 -0.3188
vn -1.0000 -0.0017 0.0013
vn -1.0000 0.0013 0.0017
vn -1.0000 0.0017 -0.0013
vn -1.0000 -0.0013 -0.0017
vn 0.0015 0.0892 0.9960
vn 0.0015 0.0922 0.9957
vn -0.0015 0.0922 0.9957
vn -0.0015 0.0892 0.9960
vn 0.0015 0.9478 0.3188
vn -0.0015 0.9469 0.3217
vn 0.0015 0.9469 0.3217
vn -0.0015 -0.0922 -0.9957
vn -0.0015 -0.0892 -0.9960
vn 0.0015 -0.0892 -0.9960
vn 0.0015 -0.0922 -0.9957
vn 1.0000 -0.0013 -0.0017
vn 1.0000 0.0017 -0.0013
vn 1.0000 0.0013 0.0017
vn 1.0000 -0.0017 0.0013
vn -0.3608 -0.9157 0.1770
vn -0.1581 0.2547 0.9540
vn -0.8819 0.4596 -0.1045
vn -0.1688 -0.3775 0.9105
vn -0.3107 0.9398 0.1421
vn -0.9578 -0.2755 -0.0815
vn -0.3179 -0.9385 -0.1349
vn -0.9549 0.2730 0.1170
vn -0.1987 0.3832 -0.9020
vn -0.3695 0.9147 -0.1638
vn -0.1987 -0.2523 -0.9470
vn -0.8748 -0.4625 0.1442
vn 0.3715 -0.9143 0.1614
vn 0.8726 0.4649 -0.1499
vn 0.2051 0.2511 0.9460
vn 0.3213 0.9372 0.1355
vn 0.2007 -0.3842 0.9012
vn 0.9535 -0.2758 -0.1212
vn 0.3112 -0.9397 -0.1420
vn 0.1693 0.3773 -0.9105
vn 0.9576 0.2762 0.0821
vn 0.3609 0.9160 -0.1750
vn 0.8809 -0.4615 0.1051
vn 0.1606 -0.2517 -0.9544
vn -0.4618 -0.8663 -0.1905
vn -0.4618 -0.8668 -0.1880
vn -0.8880 0.4546 0.0697
vn -0.8879 0.4553 0.0664
vn -0.1552 0.0079 0.9879
vn -0.1545 0.0111 0.9879
vn -0.9860 0.0680 -0.1520
vn -0.9862 0.0652 -0.1525
vn -0.4560 0.8670 0.2008
vn -0.4562 0.8677 0.1976
vn -0.8897 -0.4546 -0.0431
vn -0.8896 -0.4550 -0.0405
vn -0.1934 -0.0049 -0.9811
vn -0.1936 -0.0077 -0.9810
vn -0.9793 -0.0673 0.1908
vn -0.9796 -0.0641 0.1904
vn -0.0040 -0.9381 -0.3463
vn -0.0070 -0.9381 -0.3462
vn -0.0317 0.3435 -0.9386
vn -0.0287 0.3435 -0.9387
vn -0.0236 0.9212 -0.3885
vn -0.0206 0.9212 -0.3886
vn -0.0256 -0.3863 -0.9220
vn -0.0286 -0.3863 -0.9219
vn 0.9862 -0.0667 0.1515
vn 0.9861 -0.0683 0.1515
vn 0.1540 -0.0108 -0.9880
vn 0.1543 -0.0066 -0.9880
vn 0.4562 -0.8677 -0.1975
vn 0.4560 -0.8671 -0.2005
vn 0.8895 0.4551 0.0401
vn 0.8897 0.4546 0.0431
vn 0.4616 0.8670 0.1879
vn 0.4618 0.8663 0.1905
vn 0.8879 -0.4553 -0.0664
vn 0.8881 -0.4544 -0.0696
vn 0.1939 0.0077 0.9810
vn 0.1937 0.0049 0.9810
vn 0.9795 0.0641 -0.1907
vn 0.9793 0.0673 -0.1911
vn 0.0205 -0.9204 0.3905
vn 0.0235 -0.9203 0.3905
vn 0.0284 0.3883 0.9211
vn 0.0254 0.3884 0.9212
vn 0.0072 0.9369 0.3495
vn 0.0042 0.9369 0.3496
vn 0.0288 -0.3468 0.9375
vn 0.0317 -0.3468 0.9374
vn -0.0016 -0.9469 -0.3217
vn 0.0015 -0.9468 -0.3217
vn 0.0016 -0.9478 -0.3188
vn -0.9999 -0.0004 0.0151
vn -0.9999 0.0026 0.0154
vn -0.9999 0.0029 0.0124
vn -0.9999 -0.0001 0.0120
vn 0.0333 0.0891 0.9955
vn 0.0333 0.0922 0.9952
vn 0.0303 0.0922 0.9953
vn 0.0303 0.0891 0.9956
vn -0.0016 0.9478 0.3188
vn -0.0015 0.9468 0.3217
vn 0.0016 0.9469 0.3217
vn -0.0333 -0.0922 -0.9952
vn -0.0333 -0.0891 -0.9955
vn -0.0303 -0.0891 -0.9956
vn -0.0302 -0.0922 -0.9953
vn 0.9999 -0.0026 -0.0154
vn 0.9999 0.0004 -0.0151
vn 0.9999 0.0001 -0.0120
vn 0.9999 -0.0029 -0.0124
vn -0.3619 -0.9147 0.1796
vn -0.1511 0.2537 0.9554
vn -0.8805 0.4639 -0.0978
vn -0.1506 -0.3764 0.9141
vn -0.3067 0.9403 0.1478
vn -0.9593 -0.2757 -0.0607
vn -0.3246 -0.9371 -0.1285
vn -0.9506 0.2759 0.1424
vn -0.2196 0.3838 -0.8969
vn -0.3734 0.9140 -0.1588
vn -0.2154 -0.2505 -0.9439
vn -0.8705 -0.4656 0.1597
vn 0.3705 -0.9155 0.1566
vn 0.8724 0.4625 -0.1580
vn 0.2152 0.2488 0.9443
vn 0.3245 0.9371 0.1286
vn 0.2197 -0.3839 0.8968
vn 0.9506 -0.2758 -0.1424
vn 0.3043 -0.9412 -0.1468
vn 0.1505 0.3755 -0.9145
vn 0.9600 0.2736 0.0591
vn 0.3552 0.9165 -0.1843
vn 0.8850 -0.4582 0.0831
vn 0.1369 -0.2553 -0.9571
vn -0.4650 -0.8657 -0.1854
vn -0.4650 -0.8663 -0.1826
vn -0.8866 0.4551 0.0827
vn -0.8865 0.4557 0.0798
vn -0.1345 0.0089 0.9909
vn -0.1348 0.0117 0.9908
vn -0.9888 0.0695 -0.1324
vn -0.9890 0.0663 -0.1319
vn -0.4538 0.8672 0.2050
vn -0.4537 0.8679 0.2025
vn -0.8900 -0.4549 -0.0303
vn -0.8897 -0.4557 -0.0271
vn -0.2123 -0.0024 -0.9772
vn -0.2116 -0.0069 -0.9773
vn -0.9757 -0.0661 0.2087
vn -0.9758 -0.0646 0.2091
vn -0.0095 -0.9374 -0.3482
vn -0.0125 -0.9374 -0.3481
vn -0.0617 0.3454 -0.9364
vn -0.0587 0.3455 -0.9366
vn -0.0456 0.9193 -0.3908
vn -0.0427 0.9194 -0.3910
vn -0.0524 -0.3902 -0.9192
vn -0.0554 -0.3903 -0.9190
vn 0.9890 -0.0666 0.1321
vn 0.9889 -0.0693 0.1316
vn 0.1340 -0.0119 -0.9909
vn 0.1347 -0.0087 -0.9908
vn 0.4521 -0.8686 -0.2027
vn 0.4521 -0.8679 -0.2057
vn 0.8905 0.4541 0.0268
vn 0.8908 0.4533 0.0297
vn 0.4651 0.8662 0.1825
vn 0.4651 0.8656 0.1855
vn 0.8865 -0.4558 -0.0798
vn 0.8865 -0.4552 -0.0828
vn 0.2127 0.0068 0.9771
vn 0.2129 0.0026 0.9771
vn 0.9756 0.0644 -0.2098
vn 0.9755 0.0660 -0.2098
vn 0.0427 -0.9201 0.3894
vn 0.0457 -0.9200 0.3891
vn 0.0556 0.3886 0.9197
vn 0.0526 0.3885 0.9199
vn 0.0126 0.9374 0.3481
vn 0.0097 0.9373 0.3483
vn 0.0589 -0.3455 0.9366
vn 0.0618 -0.3454 0.9364
vn -0.0016 -0.9469 -0.3216
vn 0.0014 -0.9468 -0.3217
vn 0.0016 -0.9478 -0.3189
vn -0.0014 -0.9478 -0.3188
vn -0.9996 0.0008 0.0288
vn -0.9996 0.0038 0.0292
vn -0.9996 0.0042 0.0262
vn -0.9997 0.0012 0.0258
vn 0.0650 0.0890 0.9939
vn 0.0650 0.0921 0.9936
vn 0.0620 0.0920 0.9938
vn 0.0620 0.0890 0.9941
vn 0.0014 0.9478 0.3188
vn -0.0016 0.9478 0.3189
vn -0.0014 0.9468 0.3217
vn 0.0016 0.9469 0.3216
vn -0.0650 -0.0920 -0.9936
vn -0.0650 -0.0890 -0.9939
vn -0.0620 -0.0890 -0.9941
vn -0.0620 -0.0920 -0.9938
vn 0.9996 -0.0038 -0.0292
vn 0.9996 -0.0008 -0.0288
vn 0.9997 -0.0012 -0.0258
vn 0.9996 -0.0042 -0.0262
vn -0.3623 -0.6974 -0.6184
vn -0.6132 -0.2992 0.7311
vn -0.6454 0.4906 -0.5855
vn -0.6090 -0.2143 0.7636
vn -0.4356 0.8055 -0.4017
vn -0.6906 -0.3540 -0.6307
vn -0.4961 -0.8017 0.3333
vn -0.7952 0.3622 0.4862
vn -0.4671 0.2058 -0.8599
vn -0.4889 0.6737 0.5542
vn -0.4713 0.2878 -0.8337
vn -0.7351 -0.5158 0.4399
vn 0.4892 -0.6736 -0.5540
vn 0.7353 0.5158 -0.4397
vn 0.4709 -0.2878 0.8339
vn 0.4936 0.8029 -0.3342
vn 0.4683 -0.2043 0.8596
vn 0.7960 -0.3606 -0.4861
vn 0.4334 -0.8061 0.4030
vn 0.6097 0.2124 -0.7636
vn 0.6915 0.3544 0.6295
vn 0.3855 0.6895 0.6132
vn 0.6381 -0.5033 0.5827
vn 0.6104 0.2880 -0.7379
vn -0.5082 -0.8322 -0.2219
vn -0.5089 -0.8327 -0.2182
vn -0.8535 0.5211 -0.0069
vn -0.8536 0.5209 -0.0072
vn -0.7333 -0.0377 0.6788
vn -0.7333 -0.0357 0.6789
vn -0.6812 0.0329 -0.7313
vn -0.6812 0.0309 -0.7314
vn -0.5475 0.8257 0.1358
vn -0.5474 0.8258 0.1357
vn -0.8356 -0.5254 -0.1604
vn -0.8359 -0.5261 -0.1565
vn -0.5969 0.0253 -0.8019
vn -0.5968 0.0233 -0.8020
vn -0.8032 -0.0442 0.5941
vn -0.8032 -0.0422 0.5942
vn -0.0901 -0.9641 0.2498
vn -0.0922 -0.9640 0.2496
vn 0.1538 -0.2633 -0.9524
vn 0.1558 -0.2631 -0.9521
vn -0.0894 0.6430 0.7607
vn -0.0873 0.6431 0.7608
vn 0.1638 0.7639 -0.6242
vn 0.1617 0.7640 -0.6246
vn 0.6813 -0.0301 0.7314
vn 0.6813 -0.0321 0.7313
vn 0.7333 0.0349 -0.6790
vn 0.7333 0.0368 -0.6789
vn 0.5456 -0.8271 -0.1351
vn 0.5457 -0.8270 -0.1350
vn 0.8374 0.5236 0.1569
vn 0.8362 0.5242 0.1613
vn 0.4993 0.8380 0.2203
vn 0.4971 0.8383 0.2240
vn 0.8593 -0.5114 0.0118
vn 0.8591 -0.5117 0.0114
vn 0.5968 -0.0233 0.8020
vn 0.5969 -0.0252 0.8020
vn 0.8032 0.0422 -0.5942
vn 0.8032 0.0442 -0.5941
vn 0.0876 -0.6448 -0.7594
vn 0.0896 -0.6444 -0.7595
vn -0.1616 -0.7626 0.6263
vn -0.1636 -0.7628 0.6256
vn 0.0924 0.9632 -0.2526
vn 0.0903 0.9633 -0.2529
vn -0.1556 0.2661 0.9513
vn -0.1536 0.2665 0.9515
vn -0.0011 -0.9476 -0.3195
vn -0.9958 -0.0095 -0.0909
vn -0.9959 -0.0075 -0.0907
vn -0.9957 -0.0072 -0.0927
vn -0.9956 -0.0093 -0.0929
vn -0.2078 0.0877 0.9742
vn -0.2077 0.0897 0.9741
vn -0.2096 0.0897 0.9737
vn -0.2097 0.0877 0.9738
vn 0.0011 0.9476 0.3195
vn 0.2077 -0.0897 -0.9741
vn 0.2078 -0.0877 -0.9742
vn 0.2097 -0.0878 -0.9738
vn 0.2096 -0.0897 -0.9737
vn 0.9959 0.0075 0.0907
vn 0.9958 0.0095 0.0909
vn 0.9956 0.0093 0.0929
vn 0.9957 0.0072 0.0927
vn -0.4892 -0.6737 -0.5540
vn -0.4709 -0.2877 0.8339
vn -0.7353 0.5157 -0.4397
vn -0.4669 -0.2036 0.8605
vn -0.4925 0.8038 -0.3337
vn -0.7979 -0.3590 -0.4843
vn -0.4334 -0.8060 0.4031
vn -0.6915 0.3545 0.6294
vn -0.6097 0.2123 -0.7637
vn -0.3855 0.6895 0.6131
vn -0.6105 0.2879 -0.7379
vn -0.6381 -0.5033 0.5827
vn 0.3623 -0.6973 -0.6185
vn 0.6454 0.4906 -0.5854
vn 0.6132 -0.2993 0.7310
vn 0.4328 0.8070 -0.4017
vn 0.6096 -0.2127 0.7636
vn 0.6921 -0.3518 -0.6302
vn 0.4961 -0.8018 0.3332
vn 0.4671 0.2059 -0.8599
vn 0.7952 0.3621 0.4863
vn 0.4890 0.6736 0.5542
vn 0.7351 -0.5158 0.4399
vn 0.4712 0.2879 -0.8337
vn -0.5457 -0.8270 -0.1349
vn -0.5456 -0.8271 -0.1350
vn -0.8362 0.5242 0.1612
vn -0.8374 0.5236 0.1568
vn -0.5969 -0.0253 0.8019
vn -0.5968 -0.0233 0.8020
vn -0.8032 0.0442 -0.5941
vn -0.8032 0.0422 -0.5942
vn -0.4971 0.8383 0.2239
vn -0.4993 0.8380 0.2202
vn -0.8591 -0.5117 0.0115
vn -0.8592 -0.5114 0.0119
vn -0.7333 0.0369 -0.6789
vn -0.7333 0.0349 -0.6790
vn -0.6813 -0.0321 0.7313
vn -0.6813 -0.0301 0.7314
vn 0.0921 -0.9640 0.2496
vn 0.0900 -0.9641 0.2498
vn -0.1557 -0.2631 -0.9521
vn -0.1537 -0.2633 -0.9524
vn 0.0874 0.6431 0.7608
vn 0.0895 0.6430 0.7606
vn -0.1619 0.7640 -0.6246
vn -0.1639 0.7639 -0.6242
vn 0.8032 -0.0422 0.5942
vn 0.8032 -0.0442 0.5941
vn 0.5968 0.0233 -0.8020
vn 0.5969 0.0252 -0.8019
vn 0.5089 -0.8327 -0.2182
vn 0.5082 -0.8322 -0.2220
vn 0.8536 0.5209 -0.0071
vn 0.8535 0.5211 -0.0068
vn 0.5474 0.8258 0.1358
vn 0.5475 0.8257 0.1359
vn 0.8359 -0.5260 -0.1566
vn 0.8356 -0.5254 -0.1605
vn 0.7333 -0.0357 0.6789
vn 0.7333 -0.0376 0.6788
vn 0.6812 0.0309 -0.7314
vn 0.6812 0.0329 -0.7313
vn -0.0886 -0.6447 -0.7593
vn -0.0866 -0.6446 -0.7596
vn 0.1644 -0.7624 0.6259
vn 0.1623 -0.7626 0.6261
vn -0.0904 0.9633 -0.2529
vn -0.0924 0.9632 -0.2526
vn 0.1537 0.2665 0.9515
vn 0.1557 0.2661 0.9513
vn 0.0011 -0.9476 -0.3195
vn -0.9957 0.0072 0.0927
vn -0.9956 0.0093 0.0929
vn -0.9958 0.0095 0.0909
vn -0.9959 0.0075 0.0907
vn 0.2097 0.0877 0.9738
vn 0.2096 0.0897 0.9737
vn 0.2077 0.0897 0.9741
vn 0.2078 0.0877 0.9742
vn 0.0008 0.9477 0.3192
vn -0.0011 0.9476 0.3195
vn -0.2096 -0.0897 -0.9737
vn -0.2097 -0.0878 -0.9738
vn -0.2078 -0.0877 -0.9742
vn -0.2077 -0.0897 -0.9741
vn 0.9956 -0.0093 -0.0929
vn 0.9957 -0.0072 -0.0927
vn 0.9959 -0.0075 -0.0907
vn 0.9958 -0.0095 -0.0909
vt 0.237400 0.040247
vt 0.221462 0.027977
vt 0.234378 0.017069
vt 0.244857 0.033949
vt 0.122175 0.150689
vt 0.144851 0.150698
vt 0.145527 0.167231
vt 0.122956 0.169780
vt 0.270735 0.108841
vt 0.255435 0.120548
vt 0.263278 0.102543
vt 0.255435 0.054090
vt 0.101611 0.150736
vt 0.102287 0.167270
vt 0.163562 0.150761
vt 0.163952 0.160307
vt 0.250454 0.012703
vt 0.254138 0.031429
vt 0.147420 0.180526
vt 0.125142 0.185132
vt 0.253997 0.100023
vt 0.104180 0.180565
vt 0.165045 0.167983
vt 0.092192 0.253315
vt 0.092351 0.231033
vt 0.107285 0.228574
vt 0.109437 0.250475
vt 0.244729 0.101779
vt 0.263405 0.033185
vt 0.099438 0.274410
vt 0.114372 0.271951
vt 0.099870 0.213535
vt 0.108493 0.212115
vt 0.266505 0.015746
vt 0.237311 0.107465
vt 0.270823 0.038871
vt 0.128739 0.247321
vt 0.131088 0.269219
vt 0.118143 0.210538
vt 0.124001 0.225842
vt 0.120768 0.287246
vt 0.130419 0.285669
vt 0.274922 0.047359
vt 0.146275 0.244476
vt 0.146275 0.266756
vt 0.221309 0.100023
vt 0.233212 0.115953
vt 0.214209 0.114725
vt 0.139187 0.284247
vt 0.139187 0.223379
vt 0.274891 0.056969
vt 0.058544 0.180530
vt 0.036267 0.185132
vt 0.034020 0.169897
vt 0.056597 0.167336
vt 0.233244 0.125563
vt 0.214264 0.131370
vt 0.076205 0.167919
vt 0.075081 0.160301
vt 0.015344 0.180490
vt 0.013398 0.167297
vt 0.270735 0.065798
vt 0.033218 0.150848
vt 0.055903 0.150839
vt 0.237400 0.134392
vt 0.221462 0.146662
vt 0.074680 0.150777
vt 0.012703 0.150800
vt 0.034020 0.131757
vt 0.056597 0.134306
vt 0.244857 0.140690
vt 0.234378 0.157570
vt 0.075081 0.141231
vt 0.013398 0.134267
vt 0.263278 0.072096
vt 0.254138 0.143210
vt 0.250454 0.161936
vt 0.058544 0.121012
vt 0.076205 0.133556
vt 0.015344 0.120972
vt 0.036267 0.116406
vt 0.253997 0.074616
vt 0.020397 0.284247
vt 0.012867 0.266763
vt 0.027797 0.269228
vt 0.029017 0.285670
vt 0.012703 0.244486
vt 0.019949 0.223385
vt 0.034878 0.225851
vt 0.029942 0.247333
vt 0.263405 0.141454
vt 0.244729 0.072860
vt 0.266505 0.158893
vt 0.044513 0.271958
vt 0.038668 0.287247
vt 0.051594 0.228581
vt 0.049244 0.250485
vt 0.270823 0.135768
vt 0.237312 0.067174
vt 0.041283 0.210538
vt 0.050934 0.212114
vt 0.221309 0.074616
vt 0.214209 0.059914
vt 0.233212 0.058686
vt 0.066786 0.231035
vt 0.066786 0.253319
vt 0.274922 0.127280
vt 0.059704 0.274412
vt 0.059705 0.213531
vt 0.214264 0.043268
vt 0.233244 0.049075
vt 0.125142 0.116406
vt 0.147420 0.121008
vt 0.145527 0.134201
vt 0.122956 0.131640
vt 0.274891 0.117669
vt 0.104180 0.121046
vt 0.102287 0.134240
vt 0.165045 0.133620
vt 0.163952 0.141237
vt 0.214813 0.216142
vt 0.232748 0.216102
vt 0.232479 0.232751
vt 0.214647 0.226432
vt 0.254015 0.216102
vt 0.270493 0.216142
vt 0.270326 0.226432
vt 0.253746 0.232751
vt 0.290102 0.442537
vt 0.305276 0.439871
vt 0.305276 0.450311
vt 0.330683 0.439871
vt 0.342212 0.441925
vt 0.330683 0.450311
vt 0.231771 0.244967
vt 0.214209 0.233982
vt 0.269889 0.233982
vt 0.253038 0.244967
vt 0.301699 0.458587
vt 0.334260 0.458587
vt 0.016952 0.478404
vt 0.012703 0.459910
vt 0.023261 0.462609
vt 0.023478 0.480072
vt 0.012703 0.438359
vt 0.016952 0.421983
vt 0.023477 0.423651
vt 0.023261 0.441058
vt 0.295502 0.462480
vt 0.340457 0.462480
vt 0.033971 0.465327
vt 0.030096 0.481752
vt 0.030096 0.425330
vt 0.033971 0.443776
vt 0.288347 0.460947
vt 0.347612 0.460947
vt 0.355990 0.059303
vt 0.339151 0.070328
vt 0.339799 0.058189
vt 0.356391 0.051800
vt 0.317901 0.070328
vt 0.300358 0.059303
vt 0.300758 0.051800
vt 0.318549 0.058189
vt 0.282150 0.454399
vt 0.353809 0.454399
vt 0.340026 0.041568
vt 0.356531 0.041528
vt 0.300899 0.041528
vt 0.318776 0.041568
vt 0.278573 0.444591
vt 0.357386 0.444591
vt 0.339771 0.024919
vt 0.356374 0.031238
vt 0.300741 0.031238
vt 0.318522 0.024919
vt 0.278573 0.434151
vt 0.357386 0.434151
vt 0.339104 0.012703
vt 0.355961 0.023689
vt 0.300329 0.023689
vt 0.317854 0.012703
vt 0.282150 0.425875
vt 0.353809 0.425875
vt 0.063632 0.481752
vt 0.059377 0.465388
vt 0.069933 0.462694
vt 0.070155 0.480087
vt 0.059377 0.443837
vt 0.063632 0.425330
vt 0.070155 0.423666
vt 0.069933 0.441143
vt 0.288347 0.421982
vt 0.347612 0.421983
vt 0.080645 0.459971
vt 0.076776 0.478404
vt 0.076776 0.421983
vt 0.080645 0.438420
vt 0.295502 0.423515
vt 0.340457 0.423515
vt 0.214238 0.198368
vt 0.231817 0.187342
vt 0.232506 0.199481
vt 0.214663 0.205870
vt 0.253085 0.187342
vt 0.269917 0.198368
vt 0.270343 0.205870
vt 0.253773 0.199481
vt 0.301699 0.430063
vt 0.334261 0.430063
vt 0.113569 0.090885
vt 0.113569 0.090993
vt 0.113456 0.090876
vt 0.087937 0.090993
vt 0.087937 0.090866
vt 0.088050 0.090876
vt 0.113569 0.012830
vt 0.113456 0.012821
vt 0.113569 0.012703
vt 0.087937 0.012811
vt 0.087937 0.012703
vt 0.088050 0.012821
vt 0.188690 0.090891
vt 0.188803 0.090882
vt 0.188690 0.090999
vt 0.012816 0.090872
vt 0.012816 0.090999
vt 0.012703 0.090882
vt 0.188690 0.012836
vt 0.188690 0.012709
vt 0.188803 0.012827
vt 0.012816 0.012817
vt 0.012703 0.012827
vt 0.012816 0.012709
vt 0.179588 0.312785
vt 0.156735 0.312766
vt 0.156725 0.312653
vt 0.179578 0.312672
vt 0.060570 0.312653
vt 0.083030 0.318373
vt 0.083030 0.318493
vt 0.060570 0.312772
vt 0.131309 0.387886
vt 0.108436 0.387905
vt 0.108446 0.387791
vt 0.131319 0.387773
vt 0.035163 0.390856
vt 0.012703 0.396576
vt 0.012703 0.396457
vt 0.035163 0.390736
vt 0.083030 0.396575
vt 0.060570 0.390855
vt 0.179588 0.387905
vt 0.156735 0.387886
vt 0.108446 0.312671
vt 0.131319 0.312653
vt 0.012703 0.318374
vt 0.035163 0.312653
vt 0.319157 0.106163
vt 0.319211 0.095735
vt 0.325887 0.105622
vt 0.319157 0.159906
vt 0.319124 0.145823
vt 0.330013 0.144948
vt 0.325887 0.159366
vt 0.319124 0.125295
vt 0.330013 0.124420
vt 0.157251 0.535408
vt 0.147262 0.529550
vt 0.151772 0.524399
vt 0.157292 0.521925
vt 0.338007 0.122008
vt 0.338007 0.142537
vt 0.330828 0.104132
vt 0.144972 0.515558
vt 0.153904 0.511556
vt 0.162344 0.522792
vt 0.385966 0.303874
vt 0.381937 0.283347
vt 0.390096 0.280042
vt 0.394124 0.300570
vt 0.107789 0.511556
vt 0.111243 0.523001
vt 0.102737 0.512422
vt 0.392484 0.319214
vt 0.397526 0.317172
vt 0.381937 0.265473
vt 0.386980 0.263430
vt 0.165574 0.526765
vt 0.398355 0.276735
vt 0.402383 0.297262
vt 0.099507 0.516395
vt 0.402630 0.315127
vt 0.392084 0.261386
vt 0.319211 0.249475
vt 0.307541 0.241081
vt 0.312443 0.239562
vt 0.300329 0.223219
vt 0.300329 0.202712
vt 0.308259 0.200254
vt 0.308259 0.220761
vt 0.098964 0.522412
vt 0.395882 0.259888
vt 0.404501 0.274310
vt 0.319158 0.239001
vt 0.319125 0.199347
vt 0.319125 0.219854
vt 0.101254 0.528860
vt 0.312443 0.185873
vt 0.319158 0.185312
vt 0.325887 0.239549
vt 0.330013 0.200233
vt 0.330013 0.220740
vt 0.105763 0.534011
vt 0.325887 0.185860
vt 0.330827 0.241058
vt 0.338007 0.202675
vt 0.338007 0.223182
vt 0.111284 0.536484
vt 0.098964 0.542852
vt 0.107896 0.546854
vt 0.153797 0.546854
vt 0.148745 0.545988
vt 0.381937 0.211031
vt 0.385971 0.190505
vt 0.394127 0.193815
vt 0.390093 0.214341
vt 0.116336 0.535618
vt 0.381937 0.228898
vt 0.386978 0.230943
vt 0.392498 0.175159
vt 0.397539 0.177205
vt 0.145515 0.542014
vt 0.402386 0.197122
vt 0.398353 0.217648
vt 0.119566 0.531645
vt 0.392082 0.232987
vt 0.402643 0.179249
vt 0.144972 0.535998
vt 0.300329 0.142500
vt 0.300329 0.121972
vt 0.308259 0.124399
vt 0.308259 0.144927
vt 0.307541 0.104109
vt 0.312442 0.105609
vt 0.404503 0.220066
vt 0.395884 0.234482
vt 0.312442 0.159353
vt 0.497770 0.256583
vt 0.497770 0.240513
vt 0.503538 0.242156
vt 0.503538 0.258226
vt 0.392487 0.602544
vt 0.394634 0.614053
vt 0.388820 0.606211
vt 0.496245 0.271695
vt 0.499810 0.272710
vt 0.382649 0.019764
vt 0.392749 0.012703
vt 0.395514 0.015261
vt 0.387123 0.023903
vt 0.353427 0.616710
vt 0.355514 0.602545
vt 0.359180 0.606211
vt 0.361297 0.612335
vt 0.381937 0.039303
vt 0.394540 0.030719
vt 0.389355 0.046119
vt 0.386703 0.612335
vt 0.381937 0.055579
vt 0.386522 0.059792
vt 0.400098 0.019474
vt 0.361297 0.619275
vt 0.402913 0.038388
vt 0.397728 0.053788
vt 0.386703 0.619275
vt 0.391696 0.064531
vt 0.405273 0.024213
vt 0.359180 0.625172
vt 0.409999 0.044852
vt 0.404813 0.060252
vt 0.388820 0.625172
vt 0.396075 0.068527
vt 0.409652 0.028209
vt 0.355514 0.628446
vt 0.484857 0.329056
vt 0.484857 0.312999
vt 0.490932 0.314335
vt 0.490932 0.330392
vt 0.392487 0.628446
vt 0.488265 0.340426
vt 0.492019 0.341251
vt 0.488265 0.298386
vt 0.492019 0.299212
vt 0.351280 0.628219
vt 0.497770 0.314175
vt 0.497770 0.330233
vt 0.396721 0.628219
vt 0.496245 0.341152
vt 0.496245 0.299113
vt 0.347613 0.624552
vt 0.503538 0.312563
vt 0.503538 0.328620
vt 0.400387 0.624552
vt 0.392750 0.149753
vt 0.382650 0.142694
vt 0.387124 0.138563
vt 0.395515 0.147199
vt 0.499810 0.298117
vt 0.345496 0.618428
vt 0.381937 0.123163
vt 0.389354 0.116350
vt 0.394540 0.131750
vt 0.402504 0.618428
vt 0.400099 0.142989
vt 0.381937 0.106882
vt 0.386521 0.102671
vt 0.345496 0.611488
vt 0.397727 0.108681
vt 0.402913 0.124081
vt 0.402504 0.611488
vt 0.405274 0.138249
vt 0.391696 0.097931
vt 0.347613 0.605591
vt 0.404812 0.102212
vt 0.409999 0.117612
vt 0.400387 0.605591
vt 0.409653 0.134251
vt 0.396075 0.093933
vt 0.351280 0.602318
vt 0.484857 0.257782
vt 0.484857 0.241712
vt 0.490932 0.240351
vt 0.490932 0.256421
vt 0.396721 0.602318
vt 0.488265 0.272436
vt 0.492019 0.271594
vt 0.488265 0.230363
vt 0.492019 0.229522
vt 0.496245 0.229622
vt 0.534310 0.072421
vt 0.544490 0.065224
vt 0.544478 0.071746
vt 0.534301 0.077033
vt 0.352648 0.679491
vt 0.357550 0.682095
vt 0.352648 0.685401
vt 0.320798 0.683993
vt 0.327242 0.679492
vt 0.327242 0.685401
vt 0.554691 0.063345
vt 0.554682 0.067957
vt 0.354168 0.690679
vt 0.325721 0.690679
vt 0.554682 0.073053
vt 0.544478 0.078953
vt 0.534301 0.082129
vt 0.544491 0.084915
vt 0.534310 0.086344
vt 0.356801 0.693911
vt 0.323089 0.693911
vt 0.554691 0.077269
vt 0.544513 0.088032
vt 0.534326 0.088549
vt 0.359841 0.694231
vt 0.320048 0.694231
vt 0.616996 0.308143
vt 0.620694 0.296410
vt 0.622842 0.297042
vt 0.620033 0.309037
vt 0.622122 0.319077
vt 0.625311 0.309037
vt 0.625854 0.319077
vt 0.362474 0.691553
vt 0.317416 0.691553
vt 0.626574 0.297042
vt 0.631415 0.308143
vt 0.630170 0.318444
vt 0.363994 0.686596
vt 0.315896 0.686596
vt 0.630890 0.296410
vt 0.554694 0.139148
vt 0.544493 0.137274
vt 0.544482 0.130757
vt 0.554686 0.134540
vt 0.363994 0.680686
vt 0.315896 0.680686
vt 0.534309 0.130080
vt 0.534302 0.125471
vt 0.534302 0.120377
vt 0.544482 0.123552
vt 0.554686 0.129446
vt 0.362474 0.675408
vt 0.317416 0.675408
vt 0.320049 0.672177
vt 0.534310 0.116162
vt 0.544493 0.117591
vt 0.554694 0.125230
vt 0.359841 0.672176
vt 0.323089 0.671856
vt 0.534323 0.113955
vt 0.544512 0.114470
vt 0.620702 0.222900
vt 0.616996 0.211145
vt 0.620032 0.210234
vt 0.622849 0.222255
vt 0.356801 0.671856
vt 0.325722 0.674534
vt 0.622116 0.200204
vt 0.625848 0.200204
vt 0.625310 0.210234
vt 0.626581 0.222255
vt 0.354168 0.674534
vt 0.630165 0.200848
vt 0.631415 0.211145
vt 0.630898 0.222900
vt 0.662897 0.138216
vt 0.663286 0.128014
vt 0.668973 0.128014
vt 0.666919 0.138216
vt 0.745193 0.389037
vt 0.740773 0.390969
vt 0.743784 0.385064
vt 0.740773 0.435221
vt 0.734681 0.431988
vt 0.736089 0.428015
vt 0.664526 0.119164
vt 0.668547 0.119164
vt 0.673526 0.128632
vt 0.670138 0.138653
vt 0.741345 0.382847
vt 0.738529 0.425798
vt 0.671767 0.119601
vt 0.659343 0.277525
vt 0.657988 0.266555
vt 0.660825 0.268204
vt 0.661349 0.278691
vt 0.738529 0.382981
vt 0.741345 0.425932
vt 0.661391 0.258298
vt 0.663397 0.259464
vt 0.665078 0.270652
vt 0.664356 0.280422
vt 0.736089 0.385429
vt 0.743785 0.428380
vt 0.666404 0.261195
vt 0.669607 0.273243
vt 0.667559 0.282254
vt 0.734681 0.389536
vt 0.745193 0.432487
vt 0.669607 0.263027
vt 0.660765 0.183100
vt 0.657988 0.174066
vt 0.663283 0.174673
vt 0.664509 0.183529
vt 0.734681 0.394201
vt 0.745193 0.437152
vt 0.659169 0.164060
vt 0.662913 0.164489
vt 0.666934 0.164489
vt 0.668970 0.174673
vt 0.668530 0.183529
vt 0.736089 0.398175
vt 0.743784 0.441126
vt 0.741345 0.443343
vt 0.670154 0.164060
vt 0.673524 0.174066
vt 0.671750 0.183100
vt 0.738529 0.400392
vt 0.738529 0.443209
vt 0.657988 0.224638
vt 0.659345 0.213665
vt 0.661350 0.212501
vt 0.660824 0.222992
vt 0.661391 0.232892
vt 0.663397 0.231728
vt 0.741345 0.400258
vt 0.736089 0.440761
vt 0.664357 0.210770
vt 0.665077 0.220544
vt 0.666404 0.229997
vt 0.743784 0.397810
vt 0.734681 0.436654
vt 0.667562 0.208935
vt 0.669608 0.217949
vt 0.669608 0.228162
vt 0.745193 0.393703
vt 0.657988 0.128632
vt 0.660780 0.119601
vt 0.659151 0.138653
vt 0.102327 0.751693
vt 0.102307 0.743508
vt 0.104985 0.745309
vt 0.104221 0.752966
vt 0.832288 0.312703
vt 0.833976 0.315302
vt 0.831149 0.315236
vt 0.833976 0.351576
vt 0.835975 0.347377
vt 0.837114 0.349911
vt 0.104866 0.737037
vt 0.106760 0.738311
vt 0.831149 0.318100
vt 0.837114 0.352775
vt 0.109120 0.739889
vt 0.108323 0.747540
vt 0.106581 0.754544
vt 0.111044 0.749349
vt 0.108505 0.755823
vt 0.832288 0.320201
vt 0.835975 0.354876
vt 0.111044 0.741168
vt 0.800280 0.659604
vt 0.799225 0.652656
vt 0.801644 0.652979
vt 0.801990 0.659833
vt 0.834132 0.320736
vt 0.834132 0.355411
vt 0.800308 0.644907
vt 0.802018 0.645135
vt 0.804532 0.652656
vt 0.804032 0.659604
vt 0.835975 0.319501
vt 0.832288 0.354175
vt 0.804060 0.644907
vt 0.139009 0.755821
vt 0.136450 0.749351
vt 0.139128 0.747553
vt 0.140903 0.754549
vt 0.837114 0.316967
vt 0.831149 0.351642
vt 0.136471 0.741166
vt 0.138364 0.739894
vt 0.142465 0.745323
vt 0.143262 0.752972
vt 0.837114 0.314103
vt 0.831149 0.348778
vt 0.140724 0.738317
vt 0.142649 0.737037
vt 0.145187 0.743513
vt 0.145187 0.751693
vt 0.835975 0.312003
vt 0.832288 0.346677
vt 0.834132 0.346142
vt 0.799225 0.571389
vt 0.800280 0.564443
vt 0.801990 0.564210
vt 0.801643 0.571060
vt 0.800308 0.579152
vt 0.802018 0.578919
vt 0.834132 0.311468
vt 0.804032 0.564443
vt 0.804532 0.571389
vt 0.804060 0.579152
vt 0.833863 0.633678
vt 0.834012 0.629527
vt 0.835781 0.629645
vt 0.801360 0.453506
vt 0.801854 0.447274
vt 0.803612 0.447274
vt 0.803846 0.453506
vt 0.801406 0.460505
vt 0.803164 0.460505
vt 0.834011 0.661799
vt 0.833863 0.664513
vt 0.832242 0.661917
vt 0.836874 0.631029
vt 0.804947 0.447627
vt 0.805735 0.454006
vt 0.804499 0.460858
vt 0.831149 0.663301
vt 0.836874 0.633151
vt 0.558260 0.743130
vt 0.560042 0.737037
vt 0.561829 0.738136
vt 0.560787 0.744684
vt 0.558260 0.750304
vt 0.560047 0.751403
vt 0.831149 0.665422
vt 0.560042 0.754357
vt 0.561973 0.752580
vt 0.563755 0.739313
vt 0.563511 0.746349
vt 0.832242 0.667471
vt 0.834011 0.668664
vt 0.835781 0.635199
vt 0.834012 0.636393
vt 0.799225 0.532079
vt 0.799901 0.525236
vt 0.801410 0.525583
vt 0.801359 0.532569
vt 0.565391 0.747490
vt 0.563302 0.753387
vt 0.801849 0.538803
vt 0.803846 0.532569
vt 0.803607 0.538803
vt 0.835781 0.668546
vt 0.832243 0.636275
vt 0.803168 0.525583
vt 0.805735 0.532079
vt 0.804943 0.538457
vt 0.836874 0.667162
vt 0.831149 0.634891
vt 0.804504 0.525236
vt 0.527506 0.754360
vt 0.525723 0.748268
vt 0.528250 0.746715
vt 0.529292 0.753262
vt 0.836874 0.665041
vt 0.831149 0.632769
vt 0.525723 0.741093
vt 0.527510 0.739995
vt 0.530974 0.745048
vt 0.531218 0.752083
vt 0.527506 0.737037
vt 0.529436 0.738816
vt 0.832243 0.630720
vt 0.799896 0.460858
vt 0.799225 0.454006
vt 0.835781 0.662992
vt 0.530766 0.738008
vt 0.532854 0.743905
vt 0.459450 0.292415
vt 0.459426 0.292435
vt 0.459426 0.292403
vt 0.435429 0.281819
vt 0.435405 0.281778
vt 0.435429 0.281787
vt 0.459450 0.261398
vt 0.459426 0.261386
vt 0.459426 0.261356
vt 0.435405 0.250761
vt 0.435429 0.250741
vt 0.435429 0.250771
vt 0.435405 0.359513
vt 0.435429 0.359503
vt 0.435429 0.359534
vt 0.459451 0.348877
vt 0.459427 0.348919
vt 0.459426 0.348889
vt 0.435405 0.328498
vt 0.435429 0.328456
vt 0.435429 0.328488
vt 0.459451 0.317862
vt 0.459427 0.317874
vt 0.459427 0.317842
vt 0.609243 0.672522
vt 0.604207 0.671894
vt 0.604206 0.671856
vt 0.609243 0.672484
vt 0.639686 0.671880
vt 0.634650 0.672508
vt 0.634650 0.672484
vt 0.639686 0.671856
vt 0.604207 0.702619
vt 0.609243 0.703246
vt 0.609243 0.703270
vt 0.604206 0.702643
vt 0.634650 0.703232
vt 0.639686 0.702605
vt 0.639686 0.702643
vt 0.634650 0.703270
vt 0.734681 0.305845
vt 0.734681 0.279915
vt 0.739661 0.279648
vt 0.739661 0.305578
vt 0.734681 0.202348
vt 0.734681 0.176398
vt 0.739661 0.176671
vt 0.739661 0.202621
vt 0.490061 0.394345
vt 0.486477 0.378680
vt 0.493103 0.377007
vt 0.496687 0.392673
vt 0.273099 0.602548
vt 0.270928 0.614056
vt 0.268865 0.602318
vt 0.494988 0.408722
vt 0.499083 0.407688
vt 0.485605 0.367709
vt 0.489701 0.366676
vt 0.312135 0.616710
vt 0.310073 0.602548
vt 0.314306 0.602318
vt 0.317973 0.605588
vt 0.499377 0.376978
vt 0.502961 0.392643
vt 0.265198 0.605588
vt 0.502961 0.407670
vt 0.493578 0.366657
vt 0.320090 0.611483
vt 0.281320 0.319234
vt 0.296178 0.312653
vt 0.296160 0.322122
vt 0.281303 0.328703
vt 0.263081 0.611483
vt 0.269319 0.330846
vt 0.269308 0.336698
vt 0.308216 0.313615
vt 0.308205 0.319467
vt 0.320090 0.618423
vt 0.296160 0.333464
vt 0.281303 0.340045
vt 0.263081 0.618424
vt 0.269308 0.343708
vt 0.308205 0.326477
vt 0.317973 0.624549
vt 0.296178 0.343640
vt 0.281320 0.350221
vt 0.265198 0.624549
vt 0.269319 0.349997
vt 0.308216 0.332766
vt 0.314306 0.628218
vt 0.296208 0.349923
vt 0.281351 0.356505
vt 0.268865 0.628218
vt 0.269338 0.353880
vt 0.484857 0.449141
vt 0.491772 0.435900
vt 0.494991 0.437656
vt 0.490066 0.451982
vt 0.310073 0.628448
vt 0.486475 0.467633
vt 0.496692 0.453655
vt 0.493101 0.469306
vt 0.273099 0.628448
vt 0.485590 0.478631
vt 0.489685 0.479665
vt 0.499086 0.438690
vt 0.306406 0.625178
vt 0.502960 0.453713
vt 0.499369 0.469364
vt 0.276766 0.625178
vt 0.493559 0.479701
vt 0.502960 0.438726
vt 0.304289 0.619282
vt 0.231866 0.356508
vt 0.217008 0.349927
vt 0.216994 0.340461
vt 0.231851 0.347042
vt 0.278883 0.619283
vt 0.243902 0.355542
vt 0.243892 0.349692
vt 0.205004 0.338313
vt 0.204995 0.332463
vt 0.304289 0.612343
vt 0.216994 0.329120
vt 0.231851 0.335701
vt 0.278883 0.612343
vt 0.243892 0.342682
vt 0.204994 0.325454
vt 0.306406 0.606217
vt 0.217008 0.318941
vt 0.231866 0.325522
vt 0.276766 0.606217
vt 0.243902 0.336392
vt 0.205004 0.319163
vt 0.217034 0.312653
vt 0.231891 0.319234
vt 0.491772 0.410494
vt 0.484857 0.397212
vt 0.205019 0.315277
vt 0.248824 0.684010
vt 0.242400 0.679495
vt 0.243919 0.674535
vt 0.616996 0.259247
vt 0.618255 0.248951
vt 0.622544 0.248306
vt 0.623061 0.258335
vt 0.617554 0.271003
vt 0.621843 0.270358
vt 0.290489 0.679495
vt 0.285572 0.682085
vt 0.288970 0.674535
vt 0.246551 0.671856
vt 0.626272 0.248306
vt 0.628333 0.258335
vt 0.625570 0.270358
vt 0.286338 0.671856
vt 0.249590 0.672176
vt 0.544532 0.013098
vt 0.554745 0.012703
vt 0.554729 0.014836
vt 0.544510 0.016115
vt 0.631398 0.259247
vt 0.627738 0.271003
vt 0.283299 0.672176
vt 0.252222 0.675409
vt 0.554720 0.019050
vt 0.544497 0.022074
vt 0.534311 0.023826
vt 0.534302 0.028040
vt 0.280667 0.675409
vt 0.279148 0.680688
vt 0.253741 0.680688
vt 0.554720 0.024216
vt 0.544497 0.029379
vt 0.534302 0.033206
vt 0.544510 0.036073
vt 0.534310 0.037939
vt 0.279148 0.686600
vt 0.253741 0.686600
vt 0.554729 0.028948
vt 0.618249 0.366518
vt 0.616996 0.356217
vt 0.623060 0.357112
vt 0.622537 0.367152
vt 0.280667 0.691560
vt 0.252222 0.691560
vt 0.617562 0.344483
vt 0.621850 0.345116
vt 0.628332 0.357112
vt 0.626265 0.367152
vt 0.283299 0.694239
vt 0.249590 0.694239
vt 0.625578 0.345116
vt 0.505042 0.536801
vt 0.494831 0.536404
vt 0.494813 0.533390
vt 0.505029 0.534669
vt 0.286338 0.693919
vt 0.246551 0.693919
vt 0.627746 0.344483
vt 0.631398 0.356217
vt 0.494802 0.527431
vt 0.505022 0.530456
vt 0.288970 0.690686
vt 0.243919 0.690686
vt 0.484613 0.525673
vt 0.484606 0.521459
vt 0.484606 0.516292
vt 0.494802 0.520124
vt 0.505022 0.525288
vt 0.290489 0.685407
vt 0.242400 0.685407
vt 0.484613 0.511555
vt 0.494813 0.513426
vt 0.505029 0.520552
vt 0.739091 0.521097
vt 0.745197 0.517882
vt 0.745197 0.522546
vt 0.627246 0.575252
vt 0.626017 0.566401
vt 0.629790 0.566837
vt 0.632582 0.575868
vt 0.627668 0.585451
vt 0.631441 0.585887
vt 0.734681 0.474938
vt 0.739091 0.476883
vt 0.734681 0.479602
vt 0.657988 0.316642
vt 0.660163 0.307660
vt 0.663273 0.309495
vt 0.662387 0.319237
vt 0.657988 0.326873
vt 0.661098 0.328708
vt 0.736090 0.483707
vt 0.743788 0.526651
vt 0.741348 0.529098
vt 0.666253 0.311242
vt 0.666601 0.321708
vt 0.664079 0.330455
vt 0.738530 0.486154
vt 0.738530 0.529231
vt 0.668305 0.312434
vt 0.669503 0.323393
vt 0.666130 0.331646
vt 0.741348 0.486287
vt 0.736090 0.527014
vt 0.657988 0.084295
vt 0.661395 0.074292
vt 0.664610 0.074720
vt 0.662534 0.084900
vt 0.659775 0.093330
vt 0.662989 0.093758
vt 0.743788 0.484070
vt 0.734681 0.523042
vt 0.668643 0.074720
vt 0.668238 0.084900
vt 0.667023 0.093758
vt 0.745197 0.480098
vt 0.745197 0.475434
vt 0.734681 0.518378
vt 0.672414 0.074292
vt 0.673571 0.084295
vt 0.670794 0.093330
vt 0.660164 0.381037
vt 0.657988 0.372058
vt 0.662385 0.369467
vt 0.663273 0.379205
vt 0.743788 0.471329
vt 0.736090 0.514273
vt 0.657988 0.361825
vt 0.661097 0.359993
vt 0.666599 0.366997
vt 0.666253 0.377459
vt 0.741347 0.468882
vt 0.738530 0.511826
vt 0.664077 0.358246
vt 0.669502 0.365309
vt 0.668305 0.376265
vt 0.738530 0.468749
vt 0.741348 0.511693
vt 0.666129 0.357053
vt 0.620421 0.585887
vt 0.616996 0.575869
vt 0.621541 0.575252
vt 0.623634 0.585451
vt 0.736090 0.470966
vt 0.743788 0.513910
vt 0.618769 0.566837
vt 0.621983 0.566401
vt 0.834273 0.282229
vt 0.832288 0.278028
vt 0.834131 0.276792
vt 0.799225 0.611738
vt 0.799728 0.604792
vt 0.801762 0.604559
vt 0.802102 0.611408
vt 0.799722 0.619500
vt 0.801756 0.619268
vt 0.837297 0.382969
vt 0.834682 0.384639
vt 0.836123 0.381085
vt 0.835974 0.277325
vt 0.803480 0.604791
vt 0.804532 0.611737
vt 0.803475 0.619500
vt 0.834223 0.380817
vt 0.837113 0.279426
vt 0.734681 0.605308
vt 0.737258 0.598845
vt 0.739157 0.600118
vt 0.737367 0.607108
vt 0.734712 0.613499
vt 0.736611 0.614772
vt 0.832323 0.382266
vt 0.837113 0.282290
vt 0.741533 0.601702
vt 0.740728 0.609348
vt 0.738988 0.616356
vt 0.831149 0.384878
vt 0.831149 0.387657
vt 0.835974 0.284825
vt 0.743479 0.602992
vt 0.743479 0.611172
vt 0.740933 0.617646
vt 0.799728 0.699936
vt 0.799225 0.692988
vt 0.802102 0.693311
vt 0.801762 0.700165
vt 0.832323 0.389540
vt 0.834131 0.286061
vt 0.799723 0.685239
vt 0.801757 0.685467
vt 0.804532 0.692989
vt 0.803480 0.699936
vt 0.834223 0.389809
vt 0.832288 0.285527
vt 0.803475 0.685239
vt 0.737258 0.573439
vt 0.734681 0.566978
vt 0.737367 0.565179
vt 0.739157 0.572167
vt 0.836123 0.388360
vt 0.831149 0.283427
vt 0.734713 0.558785
vt 0.736612 0.557513
vt 0.740727 0.562938
vt 0.741534 0.570583
vt 0.837297 0.385747
vt 0.831149 0.280563
vt 0.738988 0.555929
vt 0.743480 0.561112
vt 0.743480 0.569291
vt 0.740934 0.554637
vt 0.803564 0.421515
vt 0.803587 0.414517
vt 0.805743 0.415016
vt 0.805088 0.421868
vt 0.832148 0.565046
vt 0.833545 0.567375
vt 0.831149 0.566931
vt 0.833523 0.601233
vt 0.836699 0.598552
vt 0.836859 0.600679
vt 0.803098 0.408285
vt 0.804622 0.408638
vt 0.237317 0.794934
vt 0.239266 0.793116
vt 0.239255 0.796047
vt 0.835929 0.602806
vt 0.235939 0.801202
vt 0.238679 0.802777
vt 0.235939 0.808249
vt 0.237877 0.809363
vt 0.241272 0.804258
vt 0.239710 0.810410
vt 0.831149 0.569252
vt 0.832148 0.571124
vt 0.834263 0.604121
vt 0.241088 0.797095
vt 0.800017 0.499484
vt 0.799225 0.493106
vt 0.801099 0.493596
vt 0.801342 0.499830
vt 0.833765 0.571832
vt 0.832498 0.604121
vt 0.800475 0.486264
vt 0.801800 0.486610
vt 0.803588 0.493595
vt 0.803102 0.499830
vt 0.835382 0.571104
vt 0.831309 0.602806
vt 0.803560 0.486610
vt 0.805743 0.493106
vt 0.804626 0.499484
vt 0.836381 0.569219
vt 0.831149 0.600679
vt 0.805084 0.486264
vt 0.268057 0.808591
vt 0.266678 0.802324
vt 0.269419 0.800750
vt 0.269995 0.807478
vt 0.836380 0.566898
vt 0.270007 0.810406
vt 0.266678 0.795276
vt 0.268616 0.794163
vt 0.270449 0.793116
vt 0.272011 0.799269
vt 0.271828 0.806431
vt 0.835381 0.565026
vt 0.832080 0.598552
vt 0.833745 0.597238
vt 0.835510 0.597238
vt 0.799225 0.415016
vt 0.800013 0.408638
vt 0.801337 0.408285
vt 0.801098 0.414517
vt 0.800480 0.421868
vt 0.801804 0.421515
vt 0.833765 0.564319
vt 0.508895 0.054313
vt 0.508871 0.054334
vt 0.508871 0.054304
vt 0.484881 0.043703
vt 0.484857 0.043661
vt 0.484881 0.043673
vt 0.508895 0.023376
vt 0.508871 0.023366
vt 0.508871 0.023334
vt 0.484857 0.012724
vt 0.484881 0.012703
vt 0.484881 0.012735
vt 0.435405 0.426554
vt 0.435429 0.426543
vt 0.435429 0.426575
vt 0.459442 0.415900
vt 0.459418 0.415942
vt 0.459418 0.415910
vt 0.435405 0.395614
vt 0.435429 0.395573
vt 0.435429 0.395603
vt 0.459442 0.384960
vt 0.459418 0.384970
vt 0.459418 0.384940
vt 0.548356 0.671894
vt 0.543319 0.672525
vt 0.543319 0.672488
vt 0.548356 0.671856
vt 0.578799 0.672512
vt 0.573762 0.671880
vt 0.573763 0.671856
vt 0.578800 0.672488
vt 0.543319 0.703248
vt 0.548356 0.702617
vt 0.548356 0.702641
vt 0.543319 0.703272
vt 0.573762 0.702603
vt 0.578799 0.703234
vt 0.578800 0.703272
vt 0.573763 0.702641
vt 0.734681 0.357181
vt 0.734681 0.331251
vt 0.739652 0.331511
vt 0.739652 0.357441
vt 0.734681 0.254242
vt 0.734681 0.228292
vt 0.739652 0.228027
vt 0.739652 0.253977
vt 0.709269 0.609819
vt 0.709260 0.609817
vt 0.709259 0.609799
vt 0.698989 0.608373
vt 0.698978 0.608372
vt 0.698988 0.608355
vt 0.698978 0.563963
vt 0.698988 0.563943
vt 0.698989 0.563962
vt 0.709273 0.562489
vt 0.709264 0.562491
vt 0.709263 0.562471
vt 0.709270 0.628779
vt 0.709259 0.628797
vt 0.709260 0.628777
vt 0.698978 0.627333
vt 0.698989 0.627334
vt 0.698988 0.627353
vt 0.698978 0.582931
vt 0.698989 0.582930
vt 0.698988 0.582949
vt 0.709274 0.581456
vt 0.709263 0.581477
vt 0.709264 0.581458
vt 0.651432 0.737060
vt 0.648159 0.738053
vt 0.648161 0.738030
vt 0.651435 0.737037
vt 0.680114 0.738050
vt 0.676841 0.737058
vt 0.676843 0.737038
vt 0.680117 0.738030
vt 0.648159 0.759279
vt 0.651432 0.758286
vt 0.651435 0.758306
vt 0.648161 0.759299
vt 0.676841 0.758284
vt 0.680114 0.759276
vt 0.680117 0.759299
vt 0.676844 0.758306
vt 0.831149 0.427087
vt 0.831149 0.416591
vt 0.834263 0.415215
vt 0.834263 0.425711
vt 0.831149 0.462989
vt 0.831149 0.452493
vt 0.834262 0.453868
vt 0.834262 0.464364
vt 0.425213 0.986212
vt 0.257717 0.737053
vt 0.257708 0.737052
vt 0.257716 0.737038
vt 0.224150 0.738723
vt 0.224158 0.738705
vt 0.224159 0.738722
vt 0.450619 0.986212
vt 0.476025 0.986212
vt 0.257708 0.752830
vt 0.257716 0.752831
vt 0.257716 0.752848
vt 0.224150 0.754513
vt 0.224159 0.754512
vt 0.224158 0.754528
vt 0.501432 0.986212
vt 0.383944 0.793137
vt 0.381368 0.794155
vt 0.381370 0.794134
vt 0.383946 0.793116
vt 0.265851 0.738690
vt 0.265850 0.738674
vt 0.355960 0.794153
vt 0.353384 0.793134
vt 0.353386 0.793116
vt 0.355962 0.794134
vt 0.232294 0.737054
vt 0.232293 0.737037
vt 0.232301 0.737052
vt 0.232301 0.752842
vt 0.232294 0.752845
vt 0.232293 0.752860
vt 0.381368 0.813566
vt 0.383944 0.812548
vt 0.383946 0.812566
vt 0.381370 0.813585
vt 0.353384 0.812545
vt 0.355960 0.813564
vt 0.355962 0.813585
vt 0.353386 0.812566
vt 0.265851 0.754468
vt 0.265850 0.754485
vt 0.265858 0.738692
vt 0.265858 0.754471
vt 0.831149 0.703561
vt 0.831149 0.695164
vt 0.833626 0.694071
vt 0.833626 0.702468
vt 0.831149 0.737364
vt 0.831149 0.728967
vt 0.833625 0.730059
vt 0.833625 0.738456
vt 0.389873 0.846555
vt 0.389868 0.844688
vt 0.390745 0.844842
vt 0.389868 0.841567
vt 0.390745 0.841722
vt 0.389873 0.840314
vt 0.863249 0.177597
vt 0.862704 0.175782
vt 0.863765 0.176252
vt 0.862704 0.172627
vt 0.863765 0.173097
vt 0.863249 0.171286
vt 0.661427 0.846550
vt 0.660550 0.845143
vt 0.661422 0.845293
vt 0.660550 0.842025
vt 0.661422 0.842175
vt 0.661427 0.840314
vt 0.662299 0.845141
vt 0.662299 0.842023
vt 0.863250 0.209313
vt 0.862704 0.207973
vt 0.863765 0.207504
vt 0.862704 0.204818
vt 0.863765 0.204348
vt 0.863250 0.203003
vt 0.388996 0.844840
vt 0.388996 0.841720
vt 0.579961 0.846554
vt 0.579956 0.844687
vt 0.580833 0.844841
vt 0.579956 0.841567
vt 0.580833 0.841721
vt 0.579961 0.840314
vt 0.863249 0.145880
vt 0.862704 0.144066
vt 0.863765 0.144536
vt 0.862704 0.140911
vt 0.863765 0.141381
vt 0.863249 0.139570
vt 0.715738 0.846550
vt 0.714861 0.845142
vt 0.715733 0.845293
vt 0.714861 0.842025
vt 0.715733 0.842175
vt 0.715738 0.840314
vt 0.716610 0.845141
vt 0.716610 0.842023
vt 0.863250 0.241030
vt 0.862704 0.239690
vt 0.863765 0.239220
vt 0.862703 0.236535
vt 0.863765 0.236065
vt 0.863249 0.234720
vt 0.579084 0.844840
vt 0.579084 0.841720
vt 0.417028 0.846555
vt 0.417023 0.844687
vt 0.417900 0.844842
vt 0.417023 0.841567
vt 0.417900 0.841721
vt 0.417028 0.840314
vt 0.863249 0.272746
vt 0.862704 0.270932
vt 0.863765 0.271402
vt 0.862704 0.267777
vt 0.863765 0.268247
vt 0.863249 0.266436
vt 0.742893 0.846550
vt 0.742016 0.845142
vt 0.742888 0.845292
vt 0.742016 0.842025
vt 0.742888 0.842175
vt 0.742893 0.840314
vt 0.743765 0.845141
vt 0.743765 0.842023
vt 0.863250 0.399612
vt 0.862704 0.398273
vt 0.863765 0.397803
vt 0.862704 0.395117
vt 0.863765 0.394648
vt 0.863250 0.393302
vt 0.416151 0.844840
vt 0.416151 0.841720
vt 0.444184 0.846555
vt 0.444179 0.844687
vt 0.445056 0.844842
vt 0.444179 0.841567
vt 0.445056 0.841721
vt 0.444184 0.840314
vt 0.824028 0.846625
vt 0.823483 0.844810
vt 0.824544 0.845280
vt 0.823483 0.841655
vt 0.824544 0.842125
vt 0.824028 0.840314
vt 0.607116 0.846550
vt 0.606239 0.845143
vt 0.607111 0.845293
vt 0.606239 0.842025
vt 0.607111 0.842175
vt 0.607116 0.840315
vt 0.607988 0.845141
vt 0.607988 0.842024
vt 0.863250 0.019013
vt 0.862704 0.017674
vt 0.863765 0.017204
vt 0.862704 0.014518
vt 0.863765 0.014049
vt 0.863250 0.012703
vt 0.443307 0.844840
vt 0.443307 0.841720
vt 0.734681 0.033025
vt 0.734690 0.033023
vt 0.734691 0.033043
vt 0.744962 0.031588
vt 0.744974 0.031587
vt 0.744964 0.031607
vt 0.709275 0.674560
vt 0.709265 0.674578
vt 0.709264 0.674559
vt 0.698978 0.673094
vt 0.698987 0.673096
vt 0.698988 0.673114
vt 0.734681 0.014159
vt 0.734691 0.014139
vt 0.734690 0.014157
vt 0.744974 0.012721
vt 0.744962 0.012722
vt 0.744963 0.012703
vt 0.709275 0.655687
vt 0.709263 0.655686
vt 0.709264 0.655667
vt 0.698978 0.654221
vt 0.698988 0.654203
vt 0.698987 0.654223
vt 0.619480 0.758293
vt 0.622753 0.759287
vt 0.622750 0.759307
vt 0.619478 0.758313
vt 0.590800 0.759285
vt 0.594072 0.758290
vt 0.594069 0.758313
vt 0.590797 0.759307
vt 0.622753 0.738055
vt 0.619480 0.737060
vt 0.619478 0.737038
vt 0.622750 0.738032
vt 0.594072 0.737057
vt 0.590800 0.738052
vt 0.590797 0.738032
vt 0.594069 0.737037
vt 0.831149 0.538912
vt 0.831149 0.528416
vt 0.834239 0.527045
vt 0.834239 0.537541
vt 0.831149 0.500267
vt 0.831149 0.489770
vt 0.834240 0.491143
vt 0.834240 0.501639
vt 0.526838 0.986212
vt 0.332964 0.752721
vt 0.332973 0.752720
vt 0.332965 0.752738
vt 0.299416 0.754402
vt 0.299408 0.754416
vt 0.299407 0.754401
vt 0.552244 0.986212
vt 0.577651 0.986212
vt 0.332973 0.737051
vt 0.332964 0.737053
vt 0.332965 0.737037
vt 0.299416 0.738722
vt 0.299407 0.738721
vt 0.299408 0.738705
vt 0.603057 0.986212
vt 0.325402 0.812555
vt 0.327977 0.813575
vt 0.327976 0.813593
vt 0.325401 0.812573
vt 0.324829 0.754357
vt 0.324830 0.754373
vt 0.297419 0.813572
vt 0.299994 0.812552
vt 0.299993 0.812573
vt 0.297418 0.813593
vt 0.291272 0.752734
vt 0.291273 0.752749
vt 0.291265 0.752732
vt 0.291265 0.737051
vt 0.291272 0.737054
vt 0.291273 0.737037
vt 0.327977 0.794156
vt 0.325402 0.793137
vt 0.325401 0.793116
vt 0.327976 0.794135
vt 0.299994 0.793134
vt 0.297419 0.794153
vt 0.297418 0.794135
vt 0.299993 0.793116
vt 0.324829 0.738688
vt 0.324830 0.738673
vt 0.324822 0.754359
vt 0.324822 0.738691
vt 0.831149 0.808240
vt 0.831149 0.799843
vt 0.833599 0.798755
vt 0.833599 0.807152
vt 0.831149 0.772259
vt 0.831149 0.763862
vt 0.833599 0.764951
vt 0.833599 0.773348
vt 0.471339 0.846555
vt 0.471334 0.844687
vt 0.472211 0.844842
vt 0.471334 0.841567
vt 0.472211 0.841722
vt 0.471339 0.840314
vt 0.863249 0.367896
vt 0.862704 0.366082
vt 0.863765 0.366551
vt 0.862704 0.362926
vt 0.863765 0.363396
vt 0.863249 0.361586
vt 0.688583 0.846550
vt 0.687705 0.845142
vt 0.688577 0.845293
vt 0.687705 0.842025
vt 0.688577 0.842175
vt 0.688583 0.840314
vt 0.689455 0.845141
vt 0.689455 0.842023
vt 0.863249 0.050730
vt 0.862703 0.049391
vt 0.863765 0.048921
vt 0.862703 0.046235
vt 0.863765 0.045765
vt 0.863249 0.044420
vt 0.470462 0.844840
vt 0.470462 0.841720
vt 0.552805 0.846555
vt 0.552800 0.844687
vt 0.553677 0.844841
vt 0.552800 0.841567
vt 0.553677 0.841721
vt 0.552805 0.840314
vt 0.863249 0.304463
vt 0.862704 0.302649
vt 0.863765 0.303118
vt 0.862704 0.299493
vt 0.863765 0.299963
vt 0.863249 0.298153
vt 0.770049 0.846550
vt 0.769172 0.845143
vt 0.770044 0.845293
vt 0.769172 0.842025
vt 0.770044 0.842175
vt 0.770049 0.840314
vt 0.770921 0.845141
vt 0.770921 0.842023
vt 0.863250 0.431329
vt 0.862704 0.429989
vt 0.863765 0.429519
vt 0.862704 0.426834
vt 0.863765 0.426364
vt 0.863249 0.425018
vt 0.551928 0.844840
vt 0.551928 0.841720
vt 0.498495 0.846555
vt 0.498489 0.844687
vt 0.499367 0.844842
vt 0.498489 0.841567
vt 0.499367 0.841721
vt 0.498495 0.840314
vt 0.863249 0.336179
vt 0.862704 0.334365
vt 0.863765 0.334835
vt 0.862704 0.331210
vt 0.863765 0.331680
vt 0.863249 0.329869
vt 0.797204 0.846550
vt 0.796327 0.845143
vt 0.797199 0.845293
vt 0.796327 0.842025
vt 0.797199 0.842175
vt 0.797204 0.840315
vt 0.798076 0.845141
vt 0.798076 0.842024
vt 0.863249 0.463045
vt 0.862703 0.461705
vt 0.863765 0.461235
vt 0.862703 0.458550
vt 0.863765 0.458080
vt 0.863249 0.456735
vt 0.497617 0.844840
vt 0.497617 0.841720
vt 0.525650 0.846555
vt 0.525645 0.844687
vt 0.526522 0.844841
vt 0.525645 0.841567
vt 0.526522 0.841721
vt 0.525650 0.840314
vt 0.863249 0.082447
vt 0.862704 0.080633
vt 0.863765 0.081102
vt 0.862704 0.077477
vt 0.863765 0.077947
vt 0.863249 0.076136
vt 0.634272 0.846550
vt 0.633395 0.845142
vt 0.634266 0.845293
vt 0.633395 0.842025
vt 0.634266 0.842175
vt 0.634272 0.840314
vt 0.635144 0.845141
vt 0.635144 0.842023
vt 0.863250 0.114163
vt 0.862704 0.112824
vt 0.863765 0.112354
vt 0.862704 0.109668
vt 0.863765 0.109199
vt 0.863250 0.107853
vt 0.524773 0.844840
vt 0.524773 0.841720
vt 0.073558 0.511637
vt 0.073531 0.511637
vt 0.073531 0.511571
vt 0.055868 0.511622
vt 0.055841 0.511622
vt 0.055868 0.511556
vt 0.012703 0.511636
vt 0.012730 0.511570
vt 0.012730 0.511636
vt 0.030435 0.511622
vt 0.030409 0.511622
vt 0.030409 0.511556
vt 0.073558 0.555636
vt 0.073531 0.555702
vt 0.073531 0.555636
vt 0.055841 0.555621
vt 0.055868 0.555621
vt 0.055868 0.555687
vt 0.012703 0.555635
vt 0.012730 0.555635
vt 0.012730 0.555701
vt 0.030435 0.555621
vt 0.030409 0.555687
vt 0.030409 0.555621
vt 0.561609 0.646384
vt 0.564892 0.646383
vt 0.564884 0.646449
vt 0.561601 0.646450
vt 0.617004 0.056769
vt 0.620287 0.056769
vt 0.620279 0.056836
vt 0.616996 0.056835
vt 0.564892 0.602384
vt 0.561609 0.602385
vt 0.561601 0.602319
vt 0.564884 0.602318
vt 0.620287 0.012770
vt 0.617004 0.012769
vt 0.616996 0.012703
vt 0.620279 0.012704
vt 0.799225 0.294972
vt 0.799225 0.277045
vt 0.802465 0.276425
vt 0.802465 0.294353
vt 0.799225 0.206445
vt 0.799225 0.188518
vt 0.802465 0.189138
vt 0.802465 0.207065
vt 0.666325 0.459253
vt 0.666317 0.459253
vt 0.666317 0.459225
vt 0.657996 0.459246
vt 0.657988 0.459246
vt 0.657996 0.459218
vt 0.657988 0.406478
vt 0.657997 0.406451
vt 0.657997 0.406478
vt 0.666332 0.406471
vt 0.666324 0.406471
vt 0.666324 0.406444
vt 0.666325 0.486559
vt 0.666317 0.486587
vt 0.666317 0.486559
vt 0.657988 0.486552
vt 0.657996 0.486552
vt 0.657996 0.486580
vt 0.657988 0.433785
vt 0.657997 0.433785
vt 0.657996 0.433812
vt 0.666332 0.433778
vt 0.666324 0.433805
vt 0.666324 0.433778
vt 0.498947 0.764372
vt 0.500317 0.764372
vt 0.500314 0.764399
vt 0.498945 0.764399
vt 0.472169 0.764372
vt 0.473539 0.764372
vt 0.473536 0.764399
vt 0.472167 0.764399
vt 0.500317 0.737065
vt 0.498947 0.737065
vt 0.498945 0.737038
vt 0.500315 0.737037
vt 0.473539 0.737065
vt 0.472169 0.737065
vt 0.472167 0.737037
vt 0.473536 0.737038
vt 0.281966 0.849018
vt 0.281966 0.840573
vt 0.283317 0.840314
vt 0.283317 0.848759
vt 0.121420 0.848760
vt 0.121420 0.840315
vt 0.122771 0.840573
vt 0.122771 0.849018
vt 0.453121 0.012799
vt 0.453095 0.012799
vt 0.453095 0.012718
vt 0.435432 0.012784
vt 0.435405 0.012784
vt 0.435431 0.012703
vt 0.382793 0.422078
vt 0.382819 0.421997
vt 0.382819 0.422078
vt 0.400525 0.422064
vt 0.400498 0.422064
vt 0.400498 0.421982
vt 0.453121 0.066778
vt 0.453095 0.066860
vt 0.453095 0.066778
vt 0.435405 0.066763
vt 0.435432 0.066763
vt 0.435431 0.066845
vt 0.382793 0.476057
vt 0.382819 0.476057
vt 0.382819 0.476139
vt 0.400525 0.476043
vt 0.400498 0.476124
vt 0.400498 0.476043
vt 0.534309 0.298166
vt 0.537593 0.298165
vt 0.537585 0.298246
vt 0.534302 0.298247
vt 0.534309 0.218616
vt 0.537593 0.218616
vt 0.537585 0.218698
vt 0.534302 0.218697
vt 0.537593 0.244185
vt 0.534309 0.244186
vt 0.534302 0.244105
vt 0.537585 0.244104
vt 0.537593 0.164637
vt 0.534309 0.164636
vt 0.534302 0.164555
vt 0.537585 0.164556
vt 0.799225 0.382879
vt 0.799225 0.364951
vt 0.802465 0.364332
vt 0.802465 0.382259
vt 0.799225 0.074584
vt 0.799225 0.056657
vt 0.802465 0.057277
vt 0.802465 0.075204
vt 0.625333 0.141263
vt 0.625325 0.141263
vt 0.625325 0.141230
vt 0.617004 0.141256
vt 0.616996 0.141256
vt 0.617004 0.141223
vt 0.616996 0.082282
vt 0.617004 0.082249
vt 0.617004 0.082282
vt 0.625340 0.082275
vt 0.625332 0.082275
vt 0.625332 0.082242
vt 0.625333 0.174764
vt 0.625325 0.174798
vt 0.625325 0.174764
vt 0.616996 0.174757
vt 0.617004 0.174757
vt 0.617004 0.174791
vt 0.616996 0.115783
vt 0.617004 0.115783
vt 0.617004 0.115817
vt 0.625340 0.115776
vt 0.625332 0.115810
vt 0.625332 0.115776
vt 0.734683 0.150959
vt 0.736053 0.150958
vt 0.736050 0.150992
vt 0.734681 0.150992
vt 0.734683 0.091983
vt 0.736053 0.091984
vt 0.736050 0.092017
vt 0.734681 0.092017
vt 0.736053 0.117457
vt 0.734683 0.117458
vt 0.734681 0.117424
vt 0.736050 0.117424
vt 0.736053 0.058483
vt 0.734683 0.058483
vt 0.734681 0.058449
vt 0.736050 0.058449
vt 0.174936 0.849018
vt 0.174936 0.840573
vt 0.176287 0.840314
vt 0.176287 0.848759
vt 0.201693 0.848760
vt 0.201693 0.840315
vt 0.203044 0.840573
vt 0.203044 0.849018
vt 0.166906 0.422094
vt 0.166879 0.422094
vt 0.166879 0.421997
vt 0.149216 0.422079
vt 0.149189 0.422079
vt 0.149216 0.421983
vt 0.106051 0.422093
vt 0.106077 0.421997
vt 0.106078 0.422093
vt 0.123783 0.422079
vt 0.123756 0.422079
vt 0.123756 0.421982
vt 0.166906 0.486053
vt 0.166879 0.486149
vt 0.166879 0.486053
vt 0.149189 0.486038
vt 0.149216 0.486038
vt 0.149216 0.486134
vt 0.106051 0.486053
vt 0.106078 0.486053
vt 0.106077 0.486149
vt 0.123783 0.486038
vt 0.123756 0.486134
vt 0.123756 0.486038
vt 0.337116 0.575613
vt 0.340400 0.575612
vt 0.340392 0.575708
vt 0.337109 0.575709
vt 0.308419 0.575612
vt 0.311702 0.575612
vt 0.311695 0.575709
vt 0.308411 0.575708
vt 0.340400 0.511652
vt 0.337116 0.511653
vt 0.337109 0.511556
vt 0.340392 0.511556
vt 0.311702 0.511653
vt 0.308419 0.511652
vt 0.308411 0.511556
vt 0.311695 0.511556
vt 0.799225 0.119158
vt 0.799225 0.101230
vt 0.802465 0.100610
vt 0.802465 0.118538
vt 0.743924 0.811043
vt 0.743924 0.793116
vt 0.747164 0.793736
vt 0.747164 0.811663
vt 0.542639 0.388887
vt 0.542631 0.388887
vt 0.542631 0.388847
vt 0.534310 0.388880
vt 0.534302 0.388880
vt 0.534310 0.388840
vt 0.534302 0.323700
vt 0.534310 0.323660
vt 0.534310 0.323700
vt 0.542646 0.323693
vt 0.542638 0.323693
vt 0.542638 0.323653
vt 0.542639 0.428582
vt 0.542631 0.428622
vt 0.542631 0.428582
vt 0.534302 0.428575
vt 0.534310 0.428575
vt 0.534310 0.428614
vt 0.534302 0.363394
vt 0.534310 0.363394
vt 0.534310 0.363434
vt 0.542646 0.363387
vt 0.542638 0.363427
vt 0.542638 0.363387
vt 0.489765 0.711591
vt 0.491134 0.711591
vt 0.491132 0.711631
vt 0.489762 0.711631
vt 0.516543 0.711591
vt 0.517912 0.711591
vt 0.517910 0.711631
vt 0.516541 0.711631
vt 0.491134 0.671896
vt 0.489765 0.671897
vt 0.489762 0.671857
vt 0.491132 0.671856
vt 0.517912 0.671897
vt 0.516543 0.671896
vt 0.516541 0.671856
vt 0.517910 0.671857
vt 0.335481 0.849017
vt 0.335481 0.840573
vt 0.336832 0.840314
vt 0.336832 0.848759
vt 0.148178 0.848759
vt 0.148178 0.840314
vt 0.149529 0.840573
vt 0.149529 0.849018
vt 0.253167 0.422085
vt 0.253140 0.422085
vt 0.253140 0.421997
vt 0.235477 0.422070
vt 0.235450 0.422070
vt 0.235477 0.421983
vt 0.192312 0.422085
vt 0.192338 0.421997
vt 0.192338 0.422085
vt 0.210044 0.422070
vt 0.210017 0.422070
vt 0.210017 0.421983
vt 0.253167 0.480500
vt 0.253140 0.480588
vt 0.253140 0.480500
vt 0.235450 0.480485
vt 0.235477 0.480485
vt 0.235477 0.480573
vt 0.192312 0.480500
vt 0.192338 0.480500
vt 0.192338 0.480588
vt 0.210044 0.480485
vt 0.210017 0.480573
vt 0.210017 0.480485
vt 0.427219 0.570060
vt 0.430502 0.570059
vt 0.430495 0.570147
vt 0.427211 0.570147
vt 0.455916 0.570059
vt 0.459199 0.570059
vt 0.459192 0.570147
vt 0.455908 0.570147
vt 0.430502 0.511644
vt 0.427219 0.511644
vt 0.427211 0.511556
vt 0.430494 0.511556
vt 0.459200 0.511644
vt 0.455916 0.511643
vt 0.455908 0.511556
vt 0.459192 0.511556
vt 0.799225 0.338925
vt 0.799225 0.320998
vt 0.802465 0.320378
vt 0.802465 0.338306
vt 0.799225 0.030631
vt 0.799225 0.012703
vt 0.802465 0.013323
vt 0.802465 0.031250
vt 0.536195 0.602361
vt 0.536186 0.602361
vt 0.536187 0.602325
vt 0.527866 0.602354
vt 0.527858 0.602354
vt 0.527866 0.602318
vt 0.494107 0.602361
vt 0.494115 0.602324
vt 0.494115 0.602361
vt 0.502451 0.602354
vt 0.502443 0.602354
vt 0.502443 0.602318
vt 0.536195 0.638614
vt 0.536186 0.638651
vt 0.536186 0.638614
vt 0.527858 0.638607
vt 0.527866 0.638607
vt 0.527866 0.638644
vt 0.494107 0.638614
vt 0.494115 0.638614
vt 0.494115 0.638651
vt 0.502451 0.638607
vt 0.502443 0.638644
vt 0.502443 0.638607
vt 0.698980 0.537029
vt 0.700349 0.537028
vt 0.700347 0.537065
vt 0.698978 0.537065
vt 0.698980 0.475295
vt 0.700350 0.475296
vt 0.700347 0.475332
vt 0.698978 0.475332
vt 0.700350 0.500775
vt 0.698980 0.500775
vt 0.698978 0.500739
vt 0.700347 0.500738
vt 0.700350 0.439042
vt 0.698980 0.439041
vt 0.698978 0.439005
vt 0.700347 0.439005
vt 0.255208 0.849018
vt 0.255208 0.840573
vt 0.256559 0.840314
vt 0.256559 0.848759
vt 0.228451 0.848759
vt 0.228451 0.840315
vt 0.229802 0.840573
vt 0.229802 0.849018
vt 0.502573 0.154720
vt 0.502547 0.154720
vt 0.502547 0.154646
vt 0.484884 0.154705
vt 0.484857 0.154705
vt 0.484883 0.154631
vt 0.484857 0.079829
vt 0.484884 0.079754
vt 0.484884 0.079829
vt 0.502589 0.079814
vt 0.502562 0.079814
vt 0.502562 0.079740
vt 0.502573 0.204042
vt 0.502547 0.204116
vt 0.502547 0.204042
vt 0.484857 0.204027
vt 0.484884 0.204027
vt 0.484883 0.204101
vt 0.484857 0.129150
vt 0.484884 0.129150
vt 0.484884 0.129224
vt 0.502589 0.129136
vt 0.502562 0.129210
vt 0.502562 0.129136
vt 0.580159 0.209249
vt 0.583442 0.209248
vt 0.583435 0.209322
vt 0.580151 0.209323
vt 0.580159 0.284125
vt 0.583442 0.284126
vt 0.583435 0.284200
vt 0.580151 0.284200
vt 0.583442 0.159926
vt 0.580159 0.159927
vt 0.580151 0.159852
vt 0.583435 0.159851
vt 0.583442 0.234804
vt 0.580159 0.234803
vt 0.580151 0.234729
vt 0.583435 0.234730
vt 0.799225 0.251019
vt 0.799225 0.233091
vt 0.802465 0.232472
vt 0.802465 0.250399
vt 0.799225 0.162492
vt 0.799225 0.144564
vt 0.802465 0.145184
vt 0.802465 0.163111
vt 0.625333 0.448680
vt 0.625325 0.448680
vt 0.625325 0.448649
vt 0.617004 0.448673
vt 0.616996 0.448673
vt 0.617004 0.448642
vt 0.616996 0.392595
vt 0.617005 0.392565
vt 0.617005 0.392595
vt 0.625340 0.392588
vt 0.625332 0.392588
vt 0.625332 0.392558
vt 0.625333 0.479290
vt 0.625324 0.479321
vt 0.625325 0.479290
vt 0.616996 0.479283
vt 0.617004 0.479283
vt 0.617004 0.479314
vt 0.616996 0.423205
vt 0.617004 0.423205
vt 0.617004 0.423236
vt 0.625340 0.423199
vt 0.625332 0.423229
vt 0.625332 0.423199
vt 0.170596 0.767679
vt 0.171965 0.767679
vt 0.171963 0.767709
vt 0.170593 0.767710
vt 0.197374 0.767679
vt 0.198744 0.767679
vt 0.198741 0.767710
vt 0.197372 0.767709
vt 0.171965 0.737068
vt 0.170596 0.737069
vt 0.170593 0.737038
vt 0.171963 0.737038
vt 0.198744 0.737069
vt 0.197374 0.737068
vt 0.197372 0.737038
vt 0.198741 0.737038
vt 0.308723 0.849018
vt 0.308723 0.840573
vt 0.310074 0.840314
vt 0.310074 0.848759
vt 0.362238 0.848759
vt 0.362238 0.840314
vt 0.363589 0.840572
vt 0.363589 0.849017
vt 0.867161 0.904249
vt 0.866632 0.904643
vt 0.866820 0.903771
vt 0.918071 0.013788
vt 0.917435 0.013180
vt 0.917776 0.012703
vt 0.890300 0.624211
vt 0.890408 0.623212
vt 0.890928 0.623134
vt 0.891036 0.624101
vt 0.890435 0.625366
vt 0.890956 0.625289
vt 0.918259 0.012799
vt 0.891315 0.623212
vt 0.891583 0.624211
vt 0.891342 0.625366
vt 0.866337 0.903867
vt 0.918600 0.013412
vt 0.635116 0.875433
vt 0.635106 0.874424
vt 0.635807 0.874526
vt 0.636108 0.875578
vt 0.635693 0.876522
vt 0.636394 0.876624
vt 0.865996 0.904480
vt 0.865996 0.905251
vt 0.918600 0.014183
vt 0.636498 0.874624
vt 0.637085 0.875717
vt 0.637085 0.876723
vt 0.890408 0.652925
vt 0.890300 0.651925
vt 0.891036 0.652033
vt 0.890928 0.653001
vt 0.866337 0.905728
vt 0.918259 0.014660
vt 0.890435 0.650772
vt 0.890955 0.650848
vt 0.891583 0.651925
vt 0.891315 0.652925
vt 0.866819 0.905632
vt 0.917776 0.014564
vt 0.891342 0.650772
vt 0.607720 0.876723
vt 0.607731 0.875713
vt 0.608722 0.875569
vt 0.608422 0.876621
vt 0.867161 0.905019
vt 0.917435 0.013951
vt 0.608307 0.874624
vt 0.609008 0.874522
vt 0.609699 0.875430
vt 0.609112 0.876522
vt 0.609699 0.874424
vt 0.918077 0.780149
vt 0.917435 0.779594
vt 0.917774 0.779215
vt 0.652423 0.904753
vt 0.652423 0.903842
vt 0.652916 0.903771
vt 0.653120 0.904653
vt 0.652596 0.905809
vt 0.653089 0.905738
vt 0.918592 0.752497
vt 0.918077 0.752875
vt 0.918253 0.752118
vt 0.653582 0.904756
vt 0.653416 0.905811
vt 0.917774 0.752235
vt 0.918253 0.779331
vt 0.717534 0.874481
vt 0.718448 0.874424
vt 0.718446 0.874801
vt 0.717532 0.875014
vt 0.718446 0.875447
vt 0.717532 0.875928
vt 0.716620 0.875608
vt 0.716620 0.876254
vt 0.917435 0.752778
vt 0.918592 0.779874
vt 0.918592 0.780526
vt 0.718448 0.875984
vt 0.717534 0.876687
vt 0.716622 0.876792
vt 0.917435 0.753430
vt 0.918253 0.780905
vt 0.678988 0.904825
vt 0.679161 0.903772
vt 0.679654 0.903842
vt 0.679685 0.904925
vt 0.678988 0.905737
vt 0.679481 0.905807
vt 0.917774 0.753808
vt 0.917774 0.780789
vt 0.679980 0.903771
vt 0.680146 0.904824
vt 0.745682 0.876792
vt 0.744769 0.876735
vt 0.744767 0.876202
vt 0.745681 0.876416
vt 0.918253 0.753692
vt 0.917435 0.780246
vt 0.743855 0.875608
vt 0.743855 0.874962
vt 0.744766 0.875289
vt 0.745681 0.875769
vt 0.918592 0.753149
vt 0.743856 0.874424
vt 0.744769 0.874528
vt 0.745682 0.875232
vt 0.600451 0.905580
vt 0.599757 0.905491
vt 0.599755 0.904860
vt 0.600451 0.905134
vt 0.117869 0.960100
vt 0.117406 0.959674
vt 0.117869 0.959579
vt 0.143651 0.959816
vt 0.143275 0.960100
vt 0.143275 0.959579
vt 0.599063 0.904965
vt 0.599062 0.904518
vt 0.599756 0.904161
vt 0.600451 0.904639
vt 0.117623 0.959156
vt 0.143521 0.959156
vt 0.599062 0.904024
vt 0.944406 0.202311
vt 0.944253 0.201506
vt 0.944619 0.201429
vt 0.944665 0.202256
vt 0.117276 0.959078
vt 0.143868 0.959078
vt 0.599063 0.903771
vt 0.599757 0.903803
vt 0.945143 0.201506
vt 0.945035 0.202311
vt 0.117030 0.959391
vt 0.144114 0.959391
vt 0.944731 0.200756
vt 0.945101 0.200810
vt 0.572267 0.904386
vt 0.572961 0.903860
vt 0.572959 0.904491
vt 0.572266 0.904833
vt 0.117030 0.959911
vt 0.144114 0.959911
vt 0.573656 0.903771
vt 0.573654 0.904218
vt 0.572959 0.905190
vt 0.572266 0.905327
vt 0.117276 0.960334
vt 0.143868 0.960334
vt 0.573655 0.904712
vt 0.944253 0.228520
vt 0.944407 0.227717
vt 0.944666 0.227770
vt 0.944619 0.228595
vt 0.572961 0.905548
vt 0.572267 0.905580
vt 0.117623 0.960412
vt 0.143521 0.960412
vt 0.945036 0.227717
vt 0.945143 0.228520
vt 0.944730 0.229269
vt 0.945100 0.229216
vt 0.971075 0.437406
vt 0.970800 0.437609
vt 0.970800 0.437261
vt 0.944742 0.768952
vt 0.944254 0.768573
vt 0.944253 0.768295
vt 0.944741 0.768558
vt 0.945231 0.769006
vt 0.945230 0.768728
vt 0.971421 0.463917
vt 0.971075 0.463621
vt 0.971421 0.463569
vt 0.970982 0.436971
vt 0.944253 0.767950
vt 0.944741 0.768070
vt 0.945230 0.768383
vt 0.971239 0.463279
vt 0.971239 0.436908
vt 0.944254 0.767741
vt 0.944742 0.767775
vt 0.945231 0.768174
vt 0.970982 0.463217
vt 0.971421 0.437110
vt 0.970800 0.806252
vt 0.970843 0.805769
vt 0.971110 0.805769
vt 0.971178 0.806252
vt 0.970901 0.806824
vt 0.971168 0.806824
vt 0.970800 0.463419
vt 0.970800 0.463767
vt 0.971421 0.437458
vt 0.944742 0.741124
vt 0.945231 0.741070
vt 0.945230 0.741349
vt 0.944741 0.741519
vt 0.944254 0.741503
vt 0.944253 0.741782
vt 0.944741 0.742006
vt 0.944253 0.742127
vt 0.970982 0.464057
vt 0.971239 0.437748
vt 0.945230 0.741694
vt 0.944742 0.742301
vt 0.944254 0.742335
vt 0.971239 0.464119
vt 0.970982 0.437811
vt 0.945231 0.741902
vt 0.970844 0.833285
vt 0.970800 0.832802
vt 0.971178 0.832802
vt 0.971111 0.833285
vt 0.970900 0.832231
vt 0.971167 0.832231
vt 0.039937 0.932427
vt 0.039707 0.933061
vt 0.039345 0.932609
vt 0.093487 0.904912
vt 0.093532 0.903833
vt 0.093997 0.903772
vt 0.094144 0.904825
vt 0.093393 0.905818
vt 0.093858 0.905756
vt 0.013577 0.933061
vt 0.013294 0.932213
vt 0.013939 0.932609
vt 0.039345 0.931989
vt 0.890300 0.292649
vt 0.890300 0.291557
vt 0.890812 0.291228
vt 0.891023 0.292185
vt 0.890607 0.293547
vt 0.891119 0.293218
vt 0.013939 0.931989
vt 0.039707 0.931562
vt 0.891241 0.290955
vt 0.891630 0.291798
vt 0.891548 0.292945
vt 0.013577 0.931562
vt 0.040219 0.931580
vt 0.066014 0.904764
vt 0.066126 0.903833
vt 0.066625 0.903771
vt 0.066719 0.904676
vt 0.066267 0.905820
vt 0.066766 0.905757
vt 0.013065 0.931580
vt 0.012703 0.932032
vt 0.040581 0.932032
vt 0.067089 0.903834
vt 0.067376 0.904764
vt 0.067230 0.905820
vt 0.890300 0.320943
vt 0.890300 0.319851
vt 0.891024 0.320316
vt 0.890812 0.321272
vt 0.012703 0.932652
vt 0.040581 0.932652
vt 0.890607 0.318953
vt 0.891119 0.319281
vt 0.891630 0.320702
vt 0.891241 0.321545
vt 0.013065 0.933079
vt 0.040219 0.933079
vt 0.891548 0.319555
vt 0.092895 0.905756
vt 0.092782 0.904825
vt 0.093034 0.903772
vt 0.944624 0.552967
vt 0.944253 0.553224
vt 0.944253 0.552615
vt 0.519560 0.905376
vt 0.518826 0.904859
vt 0.518826 0.904281
vt 0.519559 0.904558
vt 0.520294 0.905510
vt 0.520294 0.904932
vt 0.945054 0.526319
vt 0.944624 0.525896
vt 0.945054 0.525710
vt 0.944488 0.552164
vt 0.518826 0.903771
vt 0.519560 0.903837
vt 0.520294 0.904422
vt 0.944820 0.525259
vt 0.944820 0.552135
vt 0.750349 0.932355
vt 0.750461 0.931620
vt 0.750761 0.931562
vt 0.750773 0.932273
vt 0.750574 0.933205
vt 0.750874 0.933147
vt 0.944488 0.525230
vt 0.945054 0.552545
vt 0.751124 0.931620
vt 0.751287 0.932355
vt 0.751237 0.933205
vt 0.944253 0.525640
vt 0.944253 0.526249
vt 0.945054 0.553154
vt 0.492685 0.903904
vt 0.493420 0.903771
vt 0.493418 0.904349
vt 0.492682 0.904722
vt 0.491951 0.904420
vt 0.491949 0.904998
vt 0.492682 0.905443
vt 0.491949 0.905508
vt 0.944488 0.526700
vt 0.944820 0.553605
vt 0.493418 0.904859
vt 0.776806 0.933145
vt 0.776693 0.932410
vt 0.777117 0.932490
vt 0.777106 0.933202
vt 0.944820 0.526729
vt 0.944488 0.553634
vt 0.776917 0.931562
vt 0.777217 0.931619
vt 0.777630 0.932410
vt 0.777469 0.933145
vt 0.777579 0.931562
vt 0.890993 0.817259
vt 0.890300 0.817088
vt 0.890301 0.816674
vt 0.890994 0.816674
vt 0.891687 0.817701
vt 0.891688 0.817287
vt 0.944969 0.902741
vt 0.944626 0.902925
vt 0.944759 0.902289
vt 0.944626 0.929993
vt 0.944253 0.929645
vt 0.944463 0.929193
vt 0.744289 0.960577
vt 0.744275 0.959747
vt 0.744695 0.959752
vt 0.744586 0.960581
vt 0.944463 0.902258
vt 0.944759 0.929162
vt 0.744275 0.959078
vt 0.744572 0.959082
vt 0.890301 0.789806
vt 0.890994 0.789201
vt 0.890993 0.789826
vt 0.890300 0.790248
vt 0.944253 0.902665
vt 0.944969 0.929569
vt 0.891688 0.789193
vt 0.891687 0.789635
vt 0.891687 0.790241
vt 0.890993 0.790682
vt 0.890300 0.790853
vt 0.944253 0.903273
vt 0.944969 0.930177
vt 0.944759 0.930629
vt 0.891688 0.790654
vt 0.890994 0.791267
vt 0.890301 0.791267
vt 0.944463 0.903724
vt 0.944463 0.930660
vt 0.770102 0.959911
vt 0.770115 0.959082
vt 0.770413 0.959078
vt 0.770522 0.959905
vt 0.770102 0.960580
vt 0.770399 0.960576
vt 0.944759 0.903756
vt 0.944253 0.930252
vt 0.890994 0.818740
vt 0.890301 0.818135
vt 0.890300 0.817693
vt 0.890993 0.818115
vt 0.891688 0.818748
vt 0.891687 0.818306
vt 0.944969 0.903348
vt 0.864892 0.773035
vt 0.863797 0.772774
vt 0.863797 0.771438
vt 0.864892 0.772089
vt 0.891434 0.735280
vt 0.890840 0.734724
vt 0.891434 0.734323
vt 0.890840 0.762739
vt 0.890300 0.763038
vt 0.890300 0.762082
vt 0.862704 0.772063
vt 0.862704 0.771118
vt 0.891102 0.733677
vt 0.890632 0.761435
vt 0.862705 0.770408
vt 0.863799 0.770433
vt 0.864893 0.771379
vt 0.917627 0.315113
vt 0.917435 0.313806
vt 0.918098 0.313788
vt 0.918095 0.315100
vt 0.890632 0.733719
vt 0.891102 0.761477
vt 0.917629 0.312745
vt 0.918098 0.312732
vt 0.862705 0.742719
vt 0.863799 0.741749
vt 0.863797 0.742635
vt 0.862704 0.743346
vt 0.890300 0.734426
vt 0.891434 0.762184
vt 0.864894 0.741748
vt 0.864892 0.742375
vt 0.863797 0.743972
vt 0.862704 0.744292
vt 0.890300 0.735382
vt 0.891434 0.763140
vt 0.864892 0.743320
vt 0.863799 0.744976
vt 0.862706 0.745002
vt 0.890632 0.736029
vt 0.891102 0.763787
vt 0.864894 0.744030
vt 0.917629 0.342886
vt 0.917435 0.341823
vt 0.918098 0.341841
vt 0.918098 0.342898
vt 0.891102 0.735986
vt 0.890632 0.763745
vt 0.917627 0.340519
vt 0.918095 0.340532
vt 0.863799 0.773660
vt 0.862705 0.772690
vt 0.864893 0.773661
vt 0.917866 0.534202
vt 0.917435 0.533938
vt 0.917692 0.533248
vt 0.368818 0.875474
vt 0.367947 0.875140
vt 0.367949 0.874424
vt 0.368820 0.874462
vt 0.369690 0.875912
vt 0.369691 0.875196
vt 0.918312 0.561427
vt 0.917866 0.561483
vt 0.918055 0.560737
vt 0.918055 0.533056
vt 0.944253 0.310150
vt 0.944399 0.309307
vt 0.944751 0.309269
vt 0.944751 0.310096
vt 0.944295 0.311189
vt 0.944647 0.311151
vt 0.917692 0.560546
vt 0.918312 0.533475
vt 0.341669 0.874424
vt 0.342541 0.874479
vt 0.342540 0.874880
vt 0.341667 0.874991
vt 0.340798 0.875251
vt 0.340797 0.875652
vt 0.917435 0.560964
vt 0.918312 0.534258
vt 0.342540 0.875670
vt 0.341667 0.876108
vt 0.340797 0.876442
vt 0.917435 0.561748
vt 0.918055 0.534948
vt 0.342541 0.876386
vt 0.341669 0.877120
vt 0.340798 0.877158
vt 0.917692 0.562437
vt 0.918055 0.562629
vt 0.917692 0.535139
vt 0.944253 0.337632
vt 0.944295 0.336595
vt 0.944647 0.336632
vt 0.944751 0.337684
vt 0.944399 0.338476
vt 0.944751 0.338513
vt 0.369692 0.877103
vt 0.368820 0.877158
vt 0.368818 0.876591
vt 0.369690 0.876702
vt 0.918312 0.562210
vt 0.917435 0.534721
vt 0.367949 0.876331
vt 0.367947 0.875930
vt 0.918566 0.671348
vt 0.918000 0.671074
vt 0.918001 0.670402
vt 0.918567 0.670873
vt 0.692891 0.959669
vt 0.692598 0.959690
vt 0.692723 0.959214
vt 0.718576 0.959825
vt 0.718297 0.959669
vt 0.718464 0.959214
vt 0.917435 0.670847
vt 0.917436 0.670372
vt 0.970891 0.384826
vt 0.970800 0.384158
vt 0.971112 0.384089
vt 0.971112 0.384777
vt 0.692486 0.959078
vt 0.718701 0.959078
vt 0.970854 0.383603
vt 0.971075 0.383554
vt 0.917436 0.643737
vt 0.918001 0.643198
vt 0.918000 0.643544
vt 0.917435 0.643982
vt 0.692319 0.959340
vt 0.718869 0.959340
vt 0.918567 0.643236
vt 0.918566 0.643480
vt 0.918000 0.644264
vt 0.917435 0.644490
vt 0.692319 0.959846
vt 0.718869 0.959846
vt 0.918566 0.643989
vt 0.918567 0.644464
vt 0.918001 0.644935
vt 0.917436 0.644966
vt 0.692486 0.960301
vt 0.718701 0.960301
vt 0.718464 0.960437
vt 0.970800 0.410899
vt 0.970891 0.410232
vt 0.971112 0.410280
vt 0.971112 0.410967
vt 0.970854 0.411454
vt 0.971075 0.411502
vt 0.692723 0.960437
vt 0.718297 0.960175
vt 0.918001 0.672139
vt 0.917436 0.671600
vt 0.917435 0.671356
vt 0.918000 0.671794
vt 0.918567 0.672102
vt 0.918566 0.671857
vt 0.692891 0.960175
vt 0.644530 0.933212
vt 0.644470 0.932359
vt 0.644987 0.932277
vt 0.644896 0.933154
vt 0.945065 0.417966
vt 0.944689 0.418230
vt 0.944827 0.417564
vt 0.944689 0.445301
vt 0.944253 0.444871
vt 0.944491 0.444468
vt 0.644620 0.931620
vt 0.644986 0.931562
vt 0.944827 0.444505
vt 0.645286 0.931620
vt 0.645412 0.932358
vt 0.645197 0.933212
vt 0.944491 0.417600
vt 0.944253 0.418054
vt 0.945065 0.444959
vt 0.439545 0.903838
vt 0.440283 0.903771
vt 0.440282 0.904284
vt 0.439543 0.904564
vt 0.438808 0.904421
vt 0.438806 0.904934
vt 0.439543 0.905380
vt 0.438806 0.905511
vt 0.944253 0.418660
vt 0.945065 0.445564
vt 0.440282 0.904861
vt 0.670968 0.933153
vt 0.670818 0.932415
vt 0.671335 0.932495
vt 0.671333 0.933210
vt 0.944491 0.419062
vt 0.944827 0.445967
vt 0.670880 0.931562
vt 0.671245 0.931619
vt 0.671760 0.932414
vt 0.671634 0.933153
vt 0.944827 0.419025
vt 0.944491 0.445930
vt 0.671546 0.931562
vt 0.387140 0.905512
vt 0.386402 0.905445
vt 0.386401 0.904719
vt 0.387139 0.904999
vt 0.945065 0.418571
vt 0.944253 0.445476
vt 0.385665 0.904861
vt 0.385664 0.904348
vt 0.386401 0.903903
vt 0.387139 0.904422
vt 0.385664 0.903771
vt 0.971014 0.859232
vt 0.970800 0.859326
vt 0.970800 0.858938
vt 0.039416 0.960002
vt 0.038981 0.959736
vt 0.038981 0.959347
vt 0.039416 0.959452
vt 0.039852 0.960122
vt 0.039852 0.959733
vt 0.971242 0.885709
vt 0.971014 0.885512
vt 0.971242 0.885321
vt 0.038982 0.959083
vt 0.039417 0.959078
vt 0.039852 0.959469
vt 0.971113 0.885075
vt 0.970929 0.858692
vt 0.971112 0.858732
vt 0.322588 0.986632
vt 0.322640 0.986213
vt 0.322826 0.986213
vt 0.322852 0.986633
vt 0.322664 0.987154
vt 0.322851 0.987154
vt 0.970929 0.885115
vt 0.971242 0.859034
vt 0.013139 0.959080
vt 0.013575 0.959078
vt 0.013574 0.959364
vt 0.013138 0.959484
vt 0.012704 0.959465
vt 0.012703 0.959751
vt 0.970800 0.885418
vt 0.971242 0.859423
vt 0.013574 0.959753
vt 0.013138 0.960035
vt 0.012703 0.960140
vt 0.970800 0.885806
vt 0.971113 0.859669
vt 0.013575 0.960018
vt 0.013139 0.960408
vt 0.012704 0.960404
vt 0.970929 0.886052
vt 0.971113 0.886012
vt 0.970929 0.859629
vt 0.348259 0.986733
vt 0.348335 0.986212
vt 0.348521 0.986212
vt 0.348523 0.986733
vt 0.348310 0.987153
vt 0.348497 0.987153
vt 0.039852 0.960408
vt 0.039417 0.960406
vt 0.038982 0.960022
vt 0.891014 0.237721
vt 0.891055 0.236479
vt 0.891864 0.236580
vt 0.891586 0.237792
vt 0.786746 0.903779
vt 0.786481 0.904507
vt 0.786156 0.903771
vt 0.759649 0.904753
vt 0.759323 0.903779
vt 0.759914 0.903771
vt 0.891150 0.235439
vt 0.891721 0.235511
vt 0.287027 0.876708
vt 0.286932 0.875394
vt 0.287628 0.875842
vt 0.287519 0.877025
vt 0.785738 0.904266
vt 0.760332 0.904266
vt 0.287379 0.874424
vt 0.287871 0.874741
vt 0.288458 0.876372
vt 0.288106 0.877400
vt 0.785738 0.904975
vt 0.760332 0.904975
vt 0.288458 0.875116
vt 0.890614 0.265478
vt 0.890300 0.264409
vt 0.891055 0.264508
vt 0.891148 0.265549
vt 0.786156 0.905482
vt 0.759914 0.905482
vt 0.890482 0.263198
vt 0.891015 0.263269
vt 0.891863 0.264409
vt 0.891720 0.265478
vt 0.786746 0.905490
vt 0.759323 0.905490
vt 0.891587 0.263198
vt 0.313864 0.876431
vt 0.313959 0.875116
vt 0.314451 0.874799
vt 0.314560 0.875983
vt 0.314311 0.877400
vt 0.314803 0.877083
vt 0.787164 0.904994
vt 0.758906 0.904994
vt 0.758906 0.904286
vt 0.315039 0.874424
vt 0.315391 0.875452
vt 0.315391 0.876708
vt 0.787164 0.904286
vt 0.890300 0.236580
vt 0.890616 0.235511
vt 0.890480 0.237792
vt 0.381719 0.931940
vt 0.381259 0.932284
vt 0.381419 0.931562
vt 0.407689 0.932458
vt 0.407125 0.931940
vt 0.407425 0.931562
vt 0.917435 0.479378
vt 0.917483 0.478532
vt 0.917932 0.478466
vt 0.918070 0.479285
vt 0.917572 0.480356
vt 0.918021 0.480290
vt 0.407849 0.931659
vt 0.891146 0.346988
vt 0.891990 0.346951
vt 0.891989 0.347252
vt 0.891143 0.347414
vt 0.918518 0.479378
vt 0.918338 0.480356
vt 0.380995 0.931659
vt 0.408149 0.932172
vt 0.891989 0.347854
vt 0.891143 0.348264
vt 0.890300 0.348000
vt 0.890300 0.348601
vt 0.380695 0.932172
vt 0.380695 0.932802
vt 0.408149 0.932802
vt 0.891990 0.348403
vt 0.891146 0.349041
vt 0.890302 0.349150
vt 0.917484 0.507585
vt 0.917435 0.506738
vt 0.918070 0.506830
vt 0.917933 0.507650
vt 0.380995 0.933180
vt 0.407849 0.933180
vt 0.917571 0.505762
vt 0.918020 0.505827
vt 0.891990 0.376756
vt 0.891145 0.376719
vt 0.891143 0.376293
vt 0.891989 0.376455
vt 0.381419 0.933084
vt 0.407425 0.933084
vt 0.918337 0.505762
vt 0.918518 0.506738
vt 0.891144 0.375443
vt 0.891989 0.375854
vt 0.381719 0.932570
vt 0.407125 0.932570
vt 0.890300 0.375707
vt 0.890300 0.375106
vt 0.891145 0.374666
vt 0.891990 0.375304
vt 0.890302 0.374557
vt 0.918033 0.369368
vt 0.917435 0.368787
vt 0.917757 0.368304
vt 0.172611 0.904813
vt 0.172747 0.903846
vt 0.173242 0.903771
vt 0.173311 0.904706
vt 0.172723 0.905929
vt 0.173219 0.905854
vt 0.918536 0.396111
vt 0.918033 0.396482
vt 0.918214 0.395628
vt 0.173850 0.904812
vt 0.173600 0.905929
vt 0.917758 0.395707
vt 0.918214 0.368383
vt 0.173623 0.903846
vt 0.799387 0.874550
vt 0.800351 0.874424
vt 0.800349 0.875106
vt 0.799384 0.875514
vt 0.798423 0.875272
vt 0.798422 0.875954
vt 0.917435 0.396301
vt 0.918536 0.368977
vt 0.918536 0.369739
vt 0.800349 0.875810
vt 0.799384 0.876510
vt 0.798422 0.876658
vt 0.917435 0.397063
vt 0.918214 0.370222
vt 0.199256 0.904885
vt 0.199369 0.903771
vt 0.199865 0.903845
vt 0.199957 0.904989
vt 0.199392 0.905852
vt 0.199888 0.905926
vt 0.917758 0.397546
vt 0.917758 0.370143
vt 0.200246 0.903771
vt 0.200496 0.904885
vt 0.200269 0.905852
vt 0.918214 0.397468
vt 0.917435 0.369549
vt 0.772051 0.876534
vt 0.771089 0.875810
vt 0.771088 0.875128
vt 0.772050 0.875570
vt 0.773015 0.876661
vt 0.773015 0.875979
vt 0.918536 0.396873
vt 0.771089 0.874424
vt 0.772051 0.874574
vt 0.773015 0.875275
vt 0.971138 0.040254
vt 0.971165 0.039779
vt 0.971517 0.039734
vt 0.971386 0.040223
vt 0.971265 0.727726
vt 0.971112 0.727282
vt 0.971458 0.727506
vt 0.971112 0.701209
vt 0.970993 0.701543
vt 0.970800 0.701322
vt 0.971179 0.039215
vt 0.971428 0.039183
vt 0.613671 0.960236
vt 0.613671 0.959742
vt 0.614096 0.959649
vt 0.613972 0.960170
vt 0.971458 0.727187
vt 0.970800 0.701003
vt 0.613882 0.959204
vt 0.614183 0.959138
vt 0.614484 0.959565
vt 0.614246 0.960110
vt 0.971265 0.726956
vt 0.970993 0.700773
vt 0.614457 0.959078
vt 0.970921 0.013776
vt 0.970800 0.013224
vt 0.971165 0.013178
vt 0.971179 0.013744
vt 0.970993 0.726949
vt 0.971265 0.700765
vt 0.970879 0.012736
vt 0.971137 0.012703
vt 0.971517 0.013224
vt 0.971428 0.013776
vt 0.970800 0.727169
vt 0.971458 0.700986
vt 0.971386 0.012736
vt 0.587662 0.960110
vt 0.587451 0.959572
vt 0.587877 0.959665
vt 0.587963 0.960177
vt 0.970800 0.727488
vt 0.971458 0.701304
vt 0.587451 0.959078
vt 0.587752 0.959145
vt 0.588026 0.959204
vt 0.588264 0.959749
vt 0.588237 0.960236
vt 0.970993 0.727719
vt 0.971265 0.701535
vt 0.970800 0.039734
vt 0.970921 0.039183
vt 0.970879 0.040223
vt 0.917852 0.861463
vt 0.917435 0.861549
vt 0.917435 0.860802
vt 0.690383 0.876091
vt 0.689556 0.875646
vt 0.689556 0.874891
vt 0.690383 0.875022
vt 0.691213 0.876380
vt 0.691212 0.875624
vt 0.918266 0.888915
vt 0.917851 0.888630
vt 0.918266 0.888168
vt 0.917678 0.860384
vt 0.689557 0.874468
vt 0.690385 0.874424
vt 0.691214 0.875201
vt 0.918023 0.887749
vt 0.918023 0.860539
vt 0.944253 0.633652
vt 0.944259 0.632862
vt 0.944604 0.632879
vt 0.944741 0.633676
vt 0.944396 0.634649
vt 0.944741 0.634666
vt 0.917678 0.887905
vt 0.918266 0.861178
vt 0.663320 0.874446
vt 0.664149 0.874424
vt 0.664148 0.875070
vt 0.663319 0.875359
vt 0.662492 0.875158
vt 0.662491 0.875803
vt 0.917435 0.888543
vt 0.917435 0.889290
vt 0.918266 0.861925
vt 0.664148 0.875825
vt 0.663319 0.876427
vt 0.662491 0.876559
vt 0.663320 0.877025
vt 0.662492 0.876982
vt 0.917678 0.889708
vt 0.918023 0.862343
vt 0.664149 0.876248
vt 0.944259 0.661874
vt 0.944253 0.661083
vt 0.944740 0.661060
vt 0.944603 0.661857
vt 0.918023 0.889553
vt 0.917678 0.862188
vt 0.944396 0.660088
vt 0.944740 0.660072
vt 0.691214 0.877025
vt 0.690385 0.877003
vt 0.689557 0.876292
vt 0.918064 0.040561
vt 0.917435 0.040417
vt 0.917436 0.040067
vt 0.918065 0.040066
vt 0.918694 0.040973
vt 0.918694 0.040623
vt 0.483364 0.959486
vt 0.483052 0.959669
vt 0.483171 0.959092
vt 0.509115 0.959816
vt 0.508770 0.959486
vt 0.508963 0.959092
vt 0.970800 0.067022
vt 0.970804 0.066268
vt 0.971184 0.066286
vt 0.971069 0.067035
vt 0.482899 0.959078
vt 0.509235 0.959078
vt 0.970800 0.065661
vt 0.971069 0.065674
vt 0.917436 0.067886
vt 0.918065 0.067348
vt 0.918063 0.067931
vt 0.917435 0.068298
vt 0.482707 0.959454
vt 0.509428 0.959454
vt 0.918695 0.067330
vt 0.918694 0.067743
vt 0.918694 0.068281
vt 0.918063 0.068693
vt 0.917435 0.068837
vt 0.482707 0.959999
vt 0.509428 0.959999
vt 0.509235 0.960394
vt 0.918695 0.068631
vt 0.918065 0.069188
vt 0.917436 0.069187
vt 0.482899 0.960394
vt 0.508963 0.960407
vt 0.970804 0.093206
vt 0.970800 0.092454
vt 0.971069 0.092441
vt 0.971184 0.093188
vt 0.970800 0.093813
vt 0.971069 0.093801
vt 0.483171 0.960407
vt 0.508770 0.960031
vt 0.918065 0.041906
vt 0.917436 0.041368
vt 0.917435 0.040956
vt 0.918064 0.041323
vt 0.918695 0.041924
vt 0.918694 0.041512
vt 0.483364 0.960031
vt 0.430641 0.960253
vt 0.430677 0.959612
vt 0.431097 0.959666
vt 0.430938 0.960290
vt 0.971311 0.304119
vt 0.971174 0.304491
vt 0.971012 0.304092
vt 0.971174 0.278287
vt 0.971012 0.277786
vt 0.971311 0.277759
vt 0.430755 0.959078
vt 0.431052 0.959116
vt 0.970800 0.304336
vt 0.971523 0.278003
vt 0.944253 0.471872
vt 0.944484 0.471373
vt 0.944724 0.471520
vt 0.944593 0.472080
vt 0.944330 0.472556
vt 0.944570 0.472703
vt 0.945041 0.472351
vt 0.944887 0.472895
vt 0.970800 0.304708
vt 0.971523 0.278375
vt 0.945041 0.471712
vt 0.456691 0.960252
vt 0.456503 0.959702
vt 0.456880 0.959754
vt 0.456957 0.960289
vt 0.971012 0.304991
vt 0.971311 0.278658
vt 0.456580 0.959078
vt 0.456846 0.959115
vt 0.457300 0.959702
vt 0.457254 0.960252
vt 0.971311 0.305018
vt 0.971012 0.278686
vt 0.457143 0.959078
vt 0.944484 0.499823
vt 0.944253 0.499325
vt 0.944592 0.499117
vt 0.944724 0.499677
vt 0.971523 0.304775
vt 0.970800 0.278442
vt 0.944330 0.498640
vt 0.944570 0.498493
vt 0.945040 0.498845
vt 0.945040 0.499485
vt 0.971523 0.304402
vt 0.970800 0.278069
vt 0.944886 0.498302
vt 0.430300 0.959665
vt 0.430488 0.959116
vt 0.430375 0.960290
vt 0.352564 0.959778
vt 0.352153 0.959569
vt 0.352154 0.959095
vt 0.352565 0.959442
vt 0.038936 0.986624
vt 0.038726 0.986653
vt 0.038815 0.986301
vt 0.012906 0.986752
vt 0.012703 0.986624
vt 0.012824 0.986301
vt 0.351743 0.959414
vt 0.351744 0.959078
vt 0.373946 0.987116
vt 0.373929 0.986626
vt 0.374165 0.986603
vt 0.374112 0.987099
vt 0.038644 0.986212
vt 0.012995 0.986212
vt 0.373998 0.986229
vt 0.374165 0.986213
vt 0.325516 0.959468
vt 0.325926 0.959078
vt 0.325925 0.959349
vt 0.325515 0.959659
vt 0.038523 0.986411
vt 0.013116 0.986411
vt 0.326337 0.959104
vt 0.326336 0.959295
vt 0.325925 0.959876
vt 0.325515 0.960032
vt 0.038523 0.986781
vt 0.013116 0.986781
vt 0.326336 0.959668
vt 0.325926 0.960350
vt 0.325516 0.960367
vt 0.038644 0.987104
vt 0.012995 0.987104
vt 0.326337 0.960003
vt 0.399640 0.987098
vt 0.399571 0.986701
vt 0.399807 0.986723
vt 0.399807 0.987114
vt 0.038815 0.987192
vt 0.012824 0.987192
vt 0.399588 0.986212
vt 0.399754 0.986228
vt 0.352154 0.960367
vt 0.351744 0.959978
vt 0.351743 0.959786
vt 0.352153 0.960096
vt 0.352565 0.960342
vt 0.352564 0.960150
vt 0.038936 0.986994
vt 0.012703 0.986994
vt 0.891089 0.845270
vt 0.890300 0.844603
vt 0.890715 0.844154
vt 0.412547 0.904862
vt 0.412685 0.903771
vt 0.413288 0.903771
vt 0.413400 0.904862
vt 0.412581 0.906156
vt 0.413185 0.906156
vt 0.891718 0.872029
vt 0.891089 0.872485
vt 0.891303 0.871581
vt 0.891302 0.844297
vt 0.013808 0.874500
vt 0.014913 0.874424
vt 0.014911 0.874897
vt 0.013805 0.875169
vt 0.012705 0.875400
vt 0.012703 0.875873
vt 0.890715 0.871723
vt 0.891718 0.844948
vt 0.014911 0.875675
vt 0.013805 0.876269
vt 0.012703 0.876651
vt 0.890300 0.872374
vt 0.891718 0.845726
vt 0.014913 0.876303
vt 0.013808 0.877158
vt 0.012705 0.877279
vt 0.890300 0.873152
vt 0.891302 0.846174
vt 0.465689 0.905062
vt 0.465726 0.903771
vt 0.466329 0.903771
vt 0.466543 0.905062
vt 0.465826 0.906154
vt 0.466430 0.906154
vt 0.890715 0.873600
vt 0.891303 0.873458
vt 0.890715 0.846031
vt 0.041424 0.877203
vt 0.040321 0.876303
vt 0.040319 0.875831
vt 0.041421 0.876535
vt 0.042528 0.877279
vt 0.042526 0.876807
vt 0.041422 0.875435
vt 0.042526 0.876029
vt 0.891718 0.872807
vt 0.890300 0.845381
vt 0.040319 0.875053
vt 0.041424 0.874546
vt 0.042528 0.875400
vt 0.040321 0.874424
vt 0.945130 0.821946
vt 0.944691 0.821739
vt 0.944692 0.821211
vt 0.945130 0.821573
vt 0.971245 0.489992
vt 0.971016 0.490001
vt 0.971115 0.489637
vt 0.971016 0.516568
vt 0.970800 0.516454
vt 0.970930 0.516099
vt 0.944253 0.821558
vt 0.944254 0.821184
vt 0.970880 0.595889
vt 0.970800 0.595373
vt 0.971038 0.595313
vt 0.971048 0.595846
vt 0.970930 0.489526
vt 0.971115 0.515988
vt 0.970840 0.594941
vt 0.971008 0.594899
vt 0.971257 0.595373
vt 0.971203 0.595889
vt 0.970800 0.489724
vt 0.971245 0.516186
vt 0.944692 0.794413
vt 0.945130 0.794442
vt 0.945130 0.794624
vt 0.944691 0.794669
vt 0.944253 0.795013
vt 0.944691 0.795224
vt 0.944253 0.795405
vt 0.970800 0.490115
vt 0.971245 0.516577
vt 0.945130 0.795016
vt 0.944692 0.795752
vt 0.944254 0.795778
vt 0.970930 0.490470
vt 0.971115 0.516932
vt 0.945130 0.795389
vt 0.970800 0.621810
vt 0.970880 0.621295
vt 0.971048 0.621336
vt 0.971038 0.621869
vt 0.970841 0.622242
vt 0.971009 0.622283
vt 0.971115 0.490581
vt 0.970930 0.517043
vt 0.970800 0.516845
vt 0.971203 0.621295
vt 0.971257 0.621810
vt 0.945130 0.822520
vt 0.944692 0.822549
vt 0.944691 0.822293
vt 0.945130 0.822338
vt 0.971245 0.490383
vt 0.944253 0.821950
vt 0.221591 0.959905
vt 0.221284 0.959772
vt 0.221472 0.959257
vt 0.039982 0.904865
vt 0.039359 0.904588
vt 0.039360 0.904041
vt 0.039983 0.904091
vt 0.040607 0.905142
vt 0.040608 0.904595
vt 0.247972 0.959772
vt 0.247639 0.959758
vt 0.247785 0.959257
vt 0.221737 0.959078
vt 0.039361 0.903814
vt 0.039985 0.903771
vt 0.970899 0.543269
vt 0.970800 0.542534
vt 0.971126 0.542449
vt 0.971130 0.543209
vt 0.247519 0.959078
vt 0.221925 0.959342
vt 0.013328 0.903771
vt 0.013952 0.903814
vt 0.013951 0.904041
vt 0.013327 0.904092
vt 0.971452 0.542534
vt 0.971360 0.543269
vt 0.247331 0.959342
vt 0.221925 0.959892
vt 0.013951 0.904588
vt 0.013327 0.904866
vt 0.012703 0.904595
vt 0.012703 0.905142
vt 0.247331 0.959892
vt 0.247519 0.960407
vt 0.221737 0.960407
vt 0.013952 0.905135
vt 0.013328 0.905639
vt 0.012704 0.905689
vt 0.013330 0.905959
vt 0.012706 0.905916
vt 0.247785 0.960585
vt 0.221472 0.960585
vt 0.970800 0.569409
vt 0.970899 0.568675
vt 0.971130 0.568734
vt 0.971126 0.569492
vt 0.040608 0.905915
vt 0.039983 0.905959
vt 0.039982 0.905638
vt 0.040607 0.905689
vt 0.247972 0.960322
vt 0.221284 0.960322
vt 0.971361 0.568675
vt 0.971452 0.569409
vt 0.039359 0.905135
vt 0.582313 0.875675
vt 0.581446 0.875109
vt 0.581447 0.874424
vt 0.582314 0.875190
vt 0.066892 0.932127
vt 0.066462 0.932377
vt 0.066627 0.931582
vt 0.092773 0.932580
vt 0.092298 0.932127
vt 0.092563 0.931582
vt 0.580580 0.874909
vt 0.580581 0.874425
vt 0.944253 0.256550
vt 0.944258 0.255511
vt 0.944781 0.255536
vt 0.944623 0.256567
vt 0.066252 0.931562
vt 0.092938 0.931563
vt 0.944253 0.254676
vt 0.944623 0.254693
vt 0.553440 0.875189
vt 0.554306 0.874447
vt 0.554304 0.875249
vt 0.553439 0.875756
vt 0.065987 0.932079
vt 0.093203 0.932079
vt 0.555173 0.874424
vt 0.555172 0.874991
vt 0.554304 0.876300
vt 0.553439 0.876499
vt 0.065987 0.932830
vt 0.093203 0.932830
vt 0.555172 0.875734
vt 0.555173 0.876218
vt 0.554306 0.876984
vt 0.553440 0.876983
vt 0.066252 0.933375
vt 0.092938 0.933375
vt 0.092563 0.933395
vt 0.944258 0.283026
vt 0.944253 0.281990
vt 0.944623 0.281973
vt 0.944781 0.283002
vt 0.944253 0.283863
vt 0.944623 0.283846
vt 0.066627 0.933395
vt 0.092298 0.932878
vt 0.581447 0.876961
vt 0.580581 0.876219
vt 0.580580 0.875652
vt 0.581446 0.876160
vt 0.582314 0.876984
vt 0.582313 0.876418
vt 0.066892 0.932878
vt 0.918422 0.725360
vt 0.917960 0.725667
vt 0.918133 0.724832
vt 0.917960 0.698591
vt 0.917435 0.698074
vt 0.917724 0.697545
vt 0.396014 0.875035
vt 0.395098 0.874853
vt 0.395100 0.874424
vt 0.396016 0.874427
vt 0.545752 0.905817
vt 0.545701 0.904757
vt 0.546324 0.904655
vt 0.546192 0.905744
vt 0.918133 0.697568
vt 0.546368 0.903771
vt 0.546747 0.903843
vt 0.546860 0.904758
vt 0.546571 0.905817
vt 0.917724 0.724854
vt 0.918422 0.698127
vt 0.423253 0.874485
vt 0.424170 0.874424
vt 0.424169 0.875050
vt 0.423252 0.875371
vt 0.422338 0.875234
vt 0.422337 0.875860
vt 0.917435 0.725414
vt 0.917435 0.726183
vt 0.918422 0.698897
vt 0.424170 0.875796
vt 0.423253 0.876425
vt 0.422338 0.876606
vt 0.423256 0.877032
vt 0.422340 0.877035
vt 0.917724 0.726712
vt 0.918133 0.699426
vt 0.625858 0.904828
vt 0.625911 0.903771
vt 0.626351 0.903842
vt 0.626481 0.904929
vt 0.626523 0.905815
vt 0.627017 0.904828
vt 0.626902 0.905743
vt 0.918133 0.726690
vt 0.917724 0.699404
vt 0.626731 0.903771
vt 0.396931 0.877036
vt 0.396014 0.876975
vt 0.396013 0.876090
vt 0.396930 0.876410
vt 0.918422 0.726130
vt 0.917435 0.698844
vt 0.395098 0.876225
vt 0.395098 0.875600
vt 0.396931 0.875664
vt 0.433973 0.932571
vt 0.433555 0.932213
vt 0.433794 0.931644
vt 0.891107 0.069113
vt 0.890300 0.068880
vt 0.890301 0.068329
vt 0.891109 0.068334
vt 0.891915 0.069595
vt 0.891916 0.069044
vt 0.460597 0.932212
vt 0.460197 0.932378
vt 0.460357 0.931644
vt 0.434133 0.931562
vt 0.944253 0.848734
vt 0.944316 0.847956
vt 0.944661 0.847956
vt 0.944741 0.848734
vt 0.944255 0.849701
vt 0.944600 0.849701
vt 0.460018 0.931562
vt 0.434373 0.932015
vt 0.891108 0.096222
vt 0.891916 0.096239
vt 0.891915 0.096716
vt 0.891107 0.096897
vt 0.890301 0.096953
vt 0.890300 0.097430
vt 0.459779 0.932015
vt 0.434373 0.932736
vt 0.891915 0.097443
vt 0.891107 0.097924
vt 0.890300 0.098157
vt 0.459779 0.932736
vt 0.460018 0.933304
vt 0.434133 0.933305
vt 0.891916 0.097994
vt 0.891108 0.098703
vt 0.890301 0.098708
vt 0.944315 0.876852
vt 0.944253 0.876073
vt 0.944742 0.876072
vt 0.944660 0.876851
vt 0.460357 0.933386
vt 0.433794 0.933386
vt 0.944255 0.875108
vt 0.944601 0.875108
vt 0.891916 0.070799
vt 0.891108 0.070816
vt 0.891107 0.070141
vt 0.891915 0.070322
vt 0.460597 0.932934
vt 0.433555 0.932934
vt 0.890301 0.070084
vt 0.890300 0.069607
vt 0.944689 0.365293
vt 0.944710 0.364545
vt 0.945196 0.364606
vt 0.945032 0.365336
vt 0.796538 0.959078
vt 0.796378 0.959517
vt 0.796181 0.959078
vt 0.822646 0.959665
vt 0.822449 0.959078
vt 0.822806 0.959078
vt 0.944760 0.363919
vt 0.945104 0.363962
vt 0.538730 0.932930
vt 0.538419 0.932203
vt 0.538910 0.932321
vt 0.539078 0.933014
vt 0.795928 0.959379
vt 0.823058 0.959379
vt 0.538477 0.931562
vt 0.538824 0.931646
vt 0.539483 0.932457
vt 0.539483 0.933110
vt 0.795928 0.959804
vt 0.823058 0.959804
vt 0.539230 0.931742
vt 0.944436 0.392115
vt 0.944253 0.391471
vt 0.944710 0.391531
vt 0.944759 0.392158
vt 0.796181 0.960104
vt 0.822806 0.960104
vt 0.944366 0.390743
vt 0.944689 0.390785
vt 0.945033 0.390743
vt 0.945196 0.391471
vt 0.945103 0.392115
vt 0.796538 0.960104
vt 0.822449 0.960104
vt 0.822196 0.959803
vt 0.564889 0.932469
vt 0.565201 0.931742
vt 0.565548 0.931658
vt 0.565380 0.932351
vt 0.564948 0.933110
vt 0.565295 0.933026
vt 0.796790 0.959803
vt 0.822196 0.959379
vt 0.565953 0.931562
vt 0.565953 0.932216
vt 0.565700 0.932930
vt 0.796790 0.959378
vt 0.944253 0.364606
vt 0.944437 0.363962
vt 0.944365 0.365336
vt 0.945060 0.147309
vt 0.944855 0.147875
vt 0.944587 0.147351
vt 0.944855 0.174783
vt 0.944587 0.174032
vt 0.945060 0.174074
vt 0.918040 0.259088
vt 0.918048 0.258283
vt 0.918481 0.258338
vt 0.918652 0.259165
vt 0.918039 0.260048
vt 0.918472 0.260103
vt 0.945394 0.174477
vt 0.225902 0.904601
vt 0.225916 0.903771
vt 0.226400 0.903868
vt 0.226587 0.904738
vt 0.226309 0.905512
vt 0.226793 0.905608
vt 0.944253 0.147754
vt 0.945394 0.175006
vt 0.226897 0.903965
vt 0.227290 0.904875
vt 0.227290 0.905706
vt 0.944253 0.148282
vt 0.944587 0.148626
vt 0.945060 0.175349
vt 0.917435 0.286445
vt 0.917611 0.285509
vt 0.918039 0.285563
vt 0.918040 0.286521
vt 0.917620 0.287273
vt 0.918048 0.287326
vt 0.918652 0.286445
vt 0.918481 0.287273
vt 0.945060 0.148584
vt 0.944587 0.175307
vt 0.918472 0.285509
vt 0.252710 0.905706
vt 0.252697 0.904876
vt 0.253381 0.904740
vt 0.253194 0.905609
vt 0.945394 0.148181
vt 0.944253 0.174904
vt 0.253103 0.903965
vt 0.253587 0.903869
vt 0.254084 0.904602
vt 0.253692 0.905512
vt 0.945394 0.147652
vt 0.944253 0.174376
vt 0.254084 0.903771
vt 0.917611 0.260103
vt 0.917435 0.259165
vt 0.917620 0.258338
vt 0.856112 0.932520
vt 0.855699 0.932147
vt 0.855933 0.931618
vt 0.891083 0.180585
vt 0.890300 0.180377
vt 0.890301 0.179878
vt 0.891084 0.179879
vt 0.891867 0.181070
vt 0.891868 0.180570
vt 0.882706 0.932147
vt 0.882319 0.932334
vt 0.882471 0.931618
vt 0.856265 0.931562
vt 0.169520 0.959834
vt 0.169543 0.959079
vt 0.169879 0.959079
vt 0.169996 0.959834
vt 0.169537 0.960773
vt 0.169873 0.960773
vt 0.882140 0.931562
vt 0.856499 0.932014
vt 0.891085 0.207659
vt 0.891868 0.207662
vt 0.891867 0.208146
vt 0.891083 0.208343
vt 0.890301 0.208355
vt 0.890300 0.208839
vt 0.881905 0.932014
vt 0.856499 0.932707
vt 0.891867 0.208841
vt 0.891083 0.209326
vt 0.890300 0.209534
vt 0.881905 0.932707
vt 0.882140 0.933237
vt 0.856265 0.933237
vt 0.891868 0.209340
vt 0.891085 0.210032
vt 0.890301 0.210033
vt 0.195424 0.960771
vt 0.195402 0.960015
vt 0.195877 0.960014
vt 0.195761 0.960771
vt 0.882471 0.933292
vt 0.855933 0.933292
vt 0.195418 0.959078
vt 0.195754 0.959078
vt 0.891868 0.182249
vt 0.891084 0.182252
vt 0.891083 0.181568
vt 0.891867 0.181765
vt 0.882706 0.932841
vt 0.855699 0.932841
vt 0.890301 0.181556
vt 0.890300 0.181072
vt 0.839949 0.904801
vt 0.839666 0.903895
vt 0.840207 0.903771
vt 0.917435 0.589031
vt 0.917541 0.588035
vt 0.918093 0.588035
vt 0.918215 0.589031
vt 0.917476 0.590211
vt 0.918028 0.590211
vt 0.813494 0.903896
vt 0.813236 0.904561
vt 0.812953 0.903771
vt 0.840589 0.904179
vt 0.178296 0.874501
vt 0.179303 0.874424
vt 0.179301 0.874872
vt 0.178293 0.875134
vt 0.177290 0.875314
vt 0.177288 0.875762
vt 0.812570 0.904179
vt 0.840589 0.904881
vt 0.179301 0.875579
vt 0.178293 0.876134
vt 0.177288 0.876469
vt 0.812570 0.904881
vt 0.840207 0.905466
vt 0.179303 0.876130
vt 0.178296 0.876913
vt 0.177290 0.877020
vt 0.812953 0.905466
vt 0.839666 0.905590
vt 0.917435 0.616795
vt 0.917477 0.615618
vt 0.918028 0.615618
vt 0.918215 0.616795
vt 0.917541 0.617792
vt 0.918092 0.617792
vt 0.813494 0.905590
vt 0.813877 0.905182
vt 0.839283 0.905182
vt 0.205717 0.876943
vt 0.204711 0.876130
vt 0.204709 0.875682
vt 0.205715 0.876310
vt 0.206725 0.877020
vt 0.206723 0.876572
vt 0.205715 0.875311
vt 0.206723 0.875866
vt 0.813877 0.904480
vt 0.839283 0.904480
vt 0.204709 0.874975
vt 0.205717 0.874531
vt 0.206724 0.875314
vt 0.204711 0.874424
vt 0.535306 0.959690
vt 0.535098 0.959078
vt 0.535472 0.959083
vt 0.944732 0.094195
vt 0.944778 0.093542
vt 0.945135 0.093587
vt 0.945237 0.094259
vt 0.944713 0.094975
vt 0.945070 0.095020
vt 0.561781 0.959078
vt 0.561614 0.959537
vt 0.561407 0.959084
vt 0.535736 0.959399
vt 0.118609 0.932231
vt 0.118663 0.931562
vt 0.119030 0.931648
vt 0.119127 0.932353
vt 0.118935 0.932987
vt 0.119301 0.933073
vt 0.561143 0.959399
vt 0.535736 0.959840
vt 0.119450 0.931746
vt 0.119722 0.932490
vt 0.119722 0.933170
vt 0.561143 0.959840
vt 0.535472 0.960148
vt 0.944253 0.121186
vt 0.944375 0.120426
vt 0.944713 0.120470
vt 0.944732 0.121249
vt 0.944439 0.121858
vt 0.944777 0.121902
vt 0.561407 0.960148
vt 0.561781 0.960143
vt 0.535098 0.960143
vt 0.945071 0.120426
vt 0.945237 0.121186
vt 0.945135 0.121858
vt 0.145182 0.933170
vt 0.145128 0.932501
vt 0.145646 0.932380
vt 0.145549 0.933084
vt 0.562045 0.959828
vt 0.534834 0.959828
vt 0.145454 0.931746
vt 0.145820 0.931660
vt 0.146241 0.932243
vt 0.145969 0.932987
vt 0.562045 0.959387
vt 0.534834 0.959387
vt 0.146241 0.931563
vt 0.944374 0.095020
vt 0.944253 0.094259
vt 0.944439 0.093587
vt 0.918101 0.205124
vt 0.917848 0.205830
vt 0.917435 0.205393
vt 0.891062 0.431094
vt 0.891074 0.429901
vt 0.891607 0.429834
vt 0.891816 0.430999
vt 0.891042 0.432096
vt 0.891575 0.432029
vt 0.918433 0.232877
vt 0.918101 0.231941
vt 0.918847 0.232440
vt 0.917435 0.204732
vt 0.890300 0.041887
vt 0.890791 0.040756
vt 0.891410 0.040634
vt 0.891175 0.041714
vt 0.890300 0.042923
vt 0.890919 0.042801
vt 0.918847 0.231779
vt 0.917848 0.204233
vt 0.892013 0.040516
vt 0.892029 0.041548
vt 0.891522 0.042683
vt 0.918433 0.231280
vt 0.918433 0.204189
vt 0.890300 0.403261
vt 0.890503 0.402231
vt 0.891042 0.402162
vt 0.891062 0.403164
vt 0.890535 0.404428
vt 0.891074 0.404359
vt 0.917848 0.231236
vt 0.918847 0.204626
vt 0.891575 0.402231
vt 0.891816 0.403261
vt 0.891607 0.404428
vt 0.917435 0.231673
vt 0.917435 0.232334
vt 0.918847 0.205287
vt 0.890300 0.013739
vt 0.890300 0.012703
vt 0.890919 0.012826
vt 0.891175 0.013913
vt 0.890791 0.014870
vt 0.891410 0.014993
vt 0.892028 0.014079
vt 0.892013 0.015110
vt 0.917848 0.232833
vt 0.918433 0.205786
vt 0.891522 0.012943
vt 0.890503 0.432029
vt 0.890300 0.430999
vt 0.890535 0.429834
vt 0.917948 0.150335
vt 0.917435 0.149863
vt 0.917725 0.149224
vt 0.123581 0.875264
vt 0.122618 0.875018
vt 0.122619 0.874424
vt 0.123582 0.874424
vt 0.124545 0.875869
vt 0.124546 0.875275
vt 0.918424 0.177373
vt 0.917948 0.177617
vt 0.918135 0.176734
vt 0.328714 0.932491
vt 0.328719 0.931562
vt 0.329133 0.931562
vt 0.329298 0.932491
vt 0.328742 0.933646
vt 0.329155 0.933645
vt 0.917725 0.176679
vt 0.918135 0.149170
vt 0.918424 0.149731
vt 0.150917 0.874428
vt 0.151881 0.874424
vt 0.151880 0.875030
vt 0.150915 0.875284
vt 0.149954 0.875275
vt 0.149953 0.875881
vt 0.917435 0.177241
vt 0.918424 0.150579
vt 0.151880 0.875878
vt 0.150915 0.876483
vt 0.149953 0.876729
vt 0.917435 0.178089
vt 0.918135 0.151218
vt 0.151881 0.876471
vt 0.150918 0.877322
vt 0.149954 0.877322
vt 0.917725 0.178728
vt 0.917725 0.151273
vt 0.354704 0.932714
vt 0.354732 0.931563
vt 0.355145 0.931563
vt 0.355289 0.932714
vt 0.354711 0.933644
vt 0.355124 0.933644
vt 0.918135 0.178783
vt 0.918424 0.178222
vt 0.917435 0.150712
vt 0.123583 0.877319
vt 0.122620 0.876471
vt 0.122618 0.875866
vt 0.123581 0.876463
vt 0.124546 0.877323
vt 0.124545 0.876717
vt 0.271160 0.986651
vt 0.270936 0.986430
vt 0.271059 0.986212
vt 0.064342 0.986629
vt 0.064430 0.986243
vt 0.064618 0.986212
vt 0.064608 0.986586
vt 0.064368 0.987076
vt 0.064557 0.987045
vt 0.297182 0.986430
vt 0.296986 0.986563
vt 0.297059 0.986212
vt 0.064833 0.986629
vt 0.064716 0.987076
vt 0.296885 0.986226
vt 0.271232 0.986226
vt 0.064777 0.986243
vt 0.971187 0.251466
vt 0.971573 0.251437
vt 0.971573 0.251703
vt 0.971186 0.251843
vt 0.970801 0.251777
vt 0.970800 0.252043
vt 0.296762 0.986463
vt 0.271356 0.986463
vt 0.271356 0.986784
vt 0.971573 0.252012
vt 0.971186 0.252280
vt 0.970800 0.252353
vt 0.296762 0.986784
vt 0.271233 0.987002
vt 0.090239 0.986659
vt 0.090266 0.986213
vt 0.090454 0.986243
vt 0.090505 0.986701
vt 0.090327 0.987045
vt 0.090515 0.987075
vt 0.296885 0.987002
vt 0.271059 0.986988
vt 0.090613 0.986213
vt 0.090730 0.986659
vt 0.090674 0.987045
vt 0.297059 0.986988
vt 0.270936 0.986751
vt 0.971186 0.226000
vt 0.970800 0.225689
vt 0.970800 0.225423
vt 0.971186 0.225624
vt 0.971573 0.226030
vt 0.971572 0.225764
vt 0.297182 0.986751
vt 0.970800 0.225113
vt 0.971186 0.225187
vt 0.971573 0.225455
vt 0.306851 0.904383
vt 0.306200 0.904202
vt 0.306201 0.903771
vt 0.306852 0.903773
vt 0.307503 0.904778
vt 0.307503 0.904347
vt 0.300109 0.959585
vt 0.299787 0.959729
vt 0.299915 0.959135
vt 0.273719 0.959884
vt 0.273379 0.959585
vt 0.273573 0.959135
vt 0.900587 0.960486
vt 0.900580 0.959706
vt 0.900974 0.959706
vt 0.900866 0.960486
vt 0.299641 0.959078
vt 0.273847 0.959078
vt 0.900615 0.959078
vt 0.900894 0.959078
vt 0.279492 0.904356
vt 0.280143 0.903771
vt 0.280141 0.904327
vt 0.279491 0.904749
vt 0.299447 0.959448
vt 0.274041 0.959448
vt 0.280794 0.903780
vt 0.280793 0.904173
vt 0.280793 0.904756
vt 0.280141 0.905151
vt 0.279491 0.905331
vt 0.299447 0.960028
vt 0.274041 0.960028
vt 0.273847 0.960478
vt 0.280794 0.905186
vt 0.280143 0.905760
vt 0.279492 0.905762
vt 0.299641 0.960478
vt 0.273573 0.960534
vt 0.926381 0.959857
vt 0.926388 0.959079
vt 0.926667 0.959079
vt 0.926775 0.959857
vt 0.926416 0.960485
vt 0.926695 0.960485
vt 0.299915 0.960534
vt 0.273379 0.960164
vt 0.306852 0.905762
vt 0.306201 0.905178
vt 0.306200 0.904785
vt 0.306851 0.905207
vt 0.307503 0.905753
vt 0.307503 0.905361
vt 0.300109 0.960165
vt 0.732781 0.905689
vt 0.732893 0.904841
vt 0.733499 0.904759
vt 0.733209 0.905631
vt 0.618727 0.932983
vt 0.618467 0.932189
vt 0.619063 0.932541
vt 0.591912 0.932392
vt 0.591696 0.932983
vt 0.591359 0.932541
vt 0.732948 0.903829
vt 0.733376 0.903771
vt 0.890565 0.459923
vt 0.890300 0.459069
vt 0.890996 0.458634
vt 0.891057 0.459616
vt 0.619063 0.931952
vt 0.591360 0.931953
vt 0.890300 0.458052
vt 0.890792 0.457745
vt 0.891549 0.458292
vt 0.891448 0.459374
vt 0.618727 0.931562
vt 0.591696 0.931563
vt 0.891183 0.457502
vt 0.705803 0.905692
vt 0.705553 0.904702
vt 0.706217 0.904618
vt 0.706272 0.905633
vt 0.618251 0.931599
vt 0.592172 0.931599
vt 0.705633 0.903830
vt 0.706103 0.903771
vt 0.706532 0.903830
vt 0.706823 0.904702
vt 0.706701 0.905692
vt 0.617915 0.932041
vt 0.592508 0.932041
vt 0.592508 0.932629
vt 0.890300 0.486184
vt 0.890565 0.485330
vt 0.891057 0.485637
vt 0.890996 0.486619
vt 0.890300 0.487201
vt 0.890792 0.487508
vt 0.617915 0.932629
vt 0.592172 0.933019
vt 0.891448 0.485879
vt 0.891549 0.486961
vt 0.891183 0.487751
vt 0.618251 0.933019
vt 0.732229 0.904759
vt 0.732478 0.903771
vt 0.732311 0.905631
vt 0.486397 0.932576
vt 0.486003 0.932710
vt 0.486003 0.931994
vt 0.891096 0.153658
vt 0.890300 0.153197
vt 0.890300 0.152474
vt 0.891096 0.152637
vt 0.891893 0.153903
vt 0.891893 0.153180
vt 0.513013 0.932710
vt 0.512605 0.932385
vt 0.513013 0.931994
vt 0.890301 0.152022
vt 0.891097 0.151996
vt 0.891894 0.152727
vt 0.512778 0.931562
vt 0.486238 0.931562
vt 0.486570 0.931669
vt 0.065259 0.959843
vt 0.065314 0.959078
vt 0.065653 0.959085
vt 0.065738 0.959853
vt 0.065399 0.960799
vt 0.065738 0.960806
vt 0.512446 0.931669
vt 0.486804 0.932251
vt 0.891097 0.124123
vt 0.891894 0.124114
vt 0.891893 0.124683
vt 0.891096 0.124928
vt 0.890301 0.124820
vt 0.890300 0.125389
vt 0.512211 0.932251
vt 0.486804 0.932967
vt 0.891893 0.125406
vt 0.891096 0.125950
vt 0.890300 0.126112
vt 0.512211 0.932967
vt 0.486570 0.933399
vt 0.891895 0.125858
vt 0.891098 0.126590
vt 0.890301 0.126565
vt 0.512446 0.933399
vt 0.512778 0.933292
vt 0.486238 0.933292
vt 0.091144 0.960038
vt 0.091285 0.959084
vt 0.091624 0.959078
vt 0.091624 0.960030
vt 0.091199 0.960804
vt 0.091538 0.960798
vt 0.891894 0.154472
vt 0.891097 0.154463
vt 0.890301 0.153766
vt 0.971050 0.331061
vt 0.970800 0.331075
vt 0.970800 0.330644
vt 0.944734 0.067538
vt 0.944253 0.067305
vt 0.944253 0.066872
vt 0.944734 0.066926
vt 0.945217 0.067731
vt 0.945216 0.067298
vt 0.971288 0.357639
vt 0.971050 0.357511
vt 0.971288 0.357209
vt 0.944735 0.066631
vt 0.945217 0.067090
vt 0.971145 0.356990
vt 0.970943 0.330425
vt 0.944254 0.066664
vt 0.116136 0.986668
vt 0.116166 0.986212
vt 0.116354 0.986256
vt 0.116402 0.986729
vt 0.116136 0.987254
vt 0.116324 0.987297
vt 0.970943 0.357109
vt 0.971145 0.330544
vt 0.971288 0.330933
vt 0.944735 0.039746
vt 0.945217 0.039721
vt 0.945217 0.040126
vt 0.944734 0.040319
vt 0.944254 0.040147
vt 0.944253 0.040552
vt 0.970800 0.357498
vt 0.971288 0.331364
vt 0.945217 0.040559
vt 0.944734 0.040931
vt 0.944253 0.040985
vt 0.970800 0.357928
vt 0.971145 0.331583
vt 0.945217 0.040767
vt 0.944735 0.041225
vt 0.944254 0.041193
vt 0.970943 0.358148
vt 0.970943 0.331463
vt 0.141808 0.986840
vt 0.141808 0.986255
vt 0.141995 0.986212
vt 0.142073 0.986779
vt 0.141838 0.987296
vt 0.142026 0.987253
vt 0.971145 0.358028
vt 0.944735 0.068111
vt 0.944254 0.067710
vt 0.945217 0.068136
vt 0.863780 0.799924
vt 0.862703 0.799674
vt 0.862705 0.799069
vt 0.863782 0.799068
vt 0.864859 0.800626
vt 0.864861 0.800021
vt 0.120674 0.904477
vt 0.120139 0.904787
vt 0.120345 0.903797
vt 0.146669 0.905039
vt 0.146080 0.904477
vt 0.146410 0.903797
vt 0.917435 0.425283
vt 0.917440 0.423992
vt 0.918091 0.424021
vt 0.917895 0.425304
vt 0.119879 0.903771
vt 0.146875 0.903771
vt 0.917435 0.422952
vt 0.917895 0.422973
vt 0.862705 0.828614
vt 0.863783 0.827689
vt 0.863780 0.828684
vt 0.862704 0.829317
vt 0.119550 0.904414
vt 0.147204 0.904414
vt 0.864861 0.827662
vt 0.864859 0.828365
vt 0.864859 0.829291
vt 0.863780 0.829993
vt 0.862704 0.830243
vt 0.119550 0.905348
vt 0.147204 0.905348
vt 0.146875 0.906028
vt 0.864861 0.829896
vt 0.863783 0.830849
vt 0.862705 0.830848
vt 0.119879 0.906028
vt 0.146409 0.906054
vt 0.917440 0.452019
vt 0.917435 0.450731
vt 0.917895 0.450711
vt 0.918091 0.451991
vt 0.917435 0.453060
vt 0.917895 0.453039
vt 0.120345 0.906054
vt 0.146080 0.905412
vt 0.863782 0.802228
vt 0.862705 0.801303
vt 0.862703 0.800600
vt 0.863780 0.801233
vt 0.864861 0.802256
vt 0.864859 0.801552
vt 0.120674 0.905412
vt 0.224593 0.933526
vt 0.224552 0.932461
vt 0.225256 0.932461
vt 0.225091 0.933526
vt 0.918270 0.833452
vt 0.918037 0.834054
vt 0.917781 0.833347
vt 0.918037 0.807234
vt 0.917781 0.806416
vt 0.918269 0.806311
vt 0.224640 0.931563
vt 0.225138 0.931563
vt 0.825759 0.875227
vt 0.826667 0.874497
vt 0.826664 0.875079
vt 0.825757 0.875638
vt 0.917435 0.833720
vt 0.918615 0.806684
vt 0.827575 0.874424
vt 0.827573 0.874836
vt 0.826664 0.875977
vt 0.825757 0.876274
vt 0.917435 0.834352
vt 0.918615 0.807316
vt 0.827573 0.875471
vt 0.826666 0.876666
vt 0.825759 0.876761
vt 0.917781 0.834873
vt 0.918269 0.807837
vt 0.827575 0.875958
vt 0.276633 0.932625
vt 0.276675 0.931562
vt 0.277173 0.931562
vt 0.277337 0.932624
vt 0.276720 0.933524
vt 0.277218 0.933524
vt 0.918270 0.834978
vt 0.917781 0.807941
vt 0.917435 0.807568
vt 0.853890 0.876689
vt 0.852983 0.875958
vt 0.852982 0.875547
vt 0.853888 0.876107
vt 0.854799 0.876761
vt 0.854797 0.876350
vt 0.918615 0.834605
vt 0.917435 0.806937
vt 0.852982 0.874911
vt 0.853888 0.875208
vt 0.854797 0.875714
vt 0.918615 0.833973
vt 0.852983 0.874424
vt 0.853890 0.874519
vt 0.854799 0.875227
vt 0.097211 0.876051
vt 0.096243 0.875544
vt 0.096244 0.874455
vt 0.097212 0.875281
vt 0.360258 0.904709
vt 0.359768 0.904802
vt 0.359974 0.903960
vt 0.333391 0.905034
vt 0.332910 0.904710
vt 0.333194 0.903960
vt 0.095276 0.875194
vt 0.095278 0.874424
vt 0.250673 0.933672
vt 0.250663 0.932516
vt 0.251227 0.932483
vt 0.251072 0.933649
vt 0.359572 0.903771
vt 0.333596 0.903771
vt 0.250828 0.931586
vt 0.251227 0.931562
vt 0.067936 0.875336
vt 0.068903 0.874424
vt 0.068901 0.875097
vt 0.067935 0.875812
vt 0.359287 0.904254
vt 0.333881 0.904254
vt 0.069870 0.874479
vt 0.069869 0.874955
vt 0.068901 0.876342
vt 0.067935 0.876692
vt 0.359287 0.905126
vt 0.333881 0.905126
vt 0.069869 0.875836
vt 0.068903 0.877431
vt 0.067936 0.877462
vt 0.359572 0.905876
vt 0.333596 0.905876
vt 0.069870 0.876605
vt 0.302743 0.932715
vt 0.302754 0.931562
vt 0.303153 0.931585
vt 0.303307 0.932747
vt 0.302908 0.933647
vt 0.303307 0.933669
vt 0.359974 0.906064
vt 0.333194 0.906064
vt 0.332910 0.905581
vt 0.096244 0.877462
vt 0.095278 0.876550
vt 0.095277 0.876075
vt 0.096243 0.876790
vt 0.097212 0.877407
vt 0.097210 0.876931
vt 0.360258 0.905581
vt 0.724943 0.932961
vt 0.724350 0.932856
vt 0.724349 0.932205
vt 0.724942 0.932501
vt 0.849116 0.959959
vt 0.848765 0.959615
vt 0.849116 0.959471
vt 0.874823 0.959747
vt 0.874522 0.959959
vt 0.874522 0.959471
vt 0.723758 0.932436
vt 0.723758 0.931976
vt 0.724350 0.931621
vt 0.724943 0.932088
vt 0.848925 0.959106
vt 0.874713 0.959106
vt 0.723758 0.931562
vt 0.378148 0.960404
vt 0.377971 0.959718
vt 0.378311 0.959652
vt 0.378389 0.960357
vt 0.848655 0.959078
vt 0.874983 0.959078
vt 0.378070 0.959125
vt 0.378311 0.959078
vt 0.378729 0.959718
vt 0.378684 0.960404
vt 0.848465 0.959403
vt 0.875173 0.959403
vt 0.378606 0.959125
vt 0.697167 0.932088
vt 0.697759 0.931668
vt 0.697758 0.932319
vt 0.697167 0.932548
vt 0.848465 0.959891
vt 0.875173 0.959891
vt 0.698352 0.931562
vt 0.698351 0.932023
vt 0.697759 0.932903
vt 0.697167 0.932961
vt 0.848655 0.960256
vt 0.874983 0.960256
vt 0.698352 0.932436
vt 0.404135 0.959763
vt 0.404312 0.959078
vt 0.404553 0.959124
vt 0.404476 0.959827
vt 0.404235 0.960356
vt 0.404476 0.960402
vt 0.848925 0.960284
vt 0.874713 0.960284
vt 0.404848 0.959078
vt 0.404893 0.959763
vt 0.404771 0.960356
vt 0.908144 0.933176
vt 0.908112 0.932340
vt 0.908597 0.932259
vt 0.908487 0.933118
vt 0.945025 0.714602
vt 0.944663 0.714836
vt 0.944799 0.714175
vt 0.944663 0.688108
vt 0.944253 0.687707
vt 0.944479 0.687281
vt 0.891023 0.568662
vt 0.890300 0.568513
vt 0.890302 0.568157
vt 0.891025 0.568159
vt 0.944479 0.714185
vt 0.944799 0.687290
vt 0.908647 0.931562
vt 0.908947 0.931620
vt 0.909022 0.932340
vt 0.908788 0.933176
vt 0.890301 0.596285
vt 0.891023 0.595687
vt 0.891023 0.596379
vt 0.890300 0.596775
vt 0.944253 0.714624
vt 0.945025 0.687730
vt 0.891747 0.595646
vt 0.891746 0.596135
vt 0.891023 0.597224
vt 0.890301 0.597372
vt 0.944253 0.715237
vt 0.945025 0.688343
vt 0.891747 0.596732
vt 0.891026 0.597726
vt 0.890303 0.597727
vt 0.944479 0.715664
vt 0.944799 0.688769
vt 0.944253 0.013537
vt 0.944287 0.012703
vt 0.944630 0.012760
vt 0.944737 0.013617
vt 0.944786 0.014314
vt 0.945163 0.013537
vt 0.945087 0.014258
vt 0.944799 0.715654
vt 0.944479 0.688760
vt 0.944930 0.012703
vt 0.891747 0.570239
vt 0.891023 0.570199
vt 0.891022 0.569506
vt 0.891746 0.569750
vt 0.945025 0.715214
vt 0.944253 0.688320
vt 0.890300 0.569600
vt 0.890300 0.569110
vt 0.891747 0.569152
vt 0.970822 0.912361
vt 0.970800 0.911894
vt 0.971074 0.911849
vt 0.971016 0.912329
vt 0.219688 0.986446
vt 0.219485 0.986581
vt 0.219561 0.986212
vt 0.245326 0.986673
vt 0.245095 0.986446
vt 0.245222 0.986212
vt 0.666508 0.959348
vt 0.666105 0.959268
vt 0.666106 0.959078
vt 0.666510 0.959080
vt 0.245402 0.986222
vt 0.971094 0.911459
vt 0.971261 0.911491
vt 0.971310 0.911894
vt 0.971183 0.912361
vt 0.219381 0.986222
vt 0.219254 0.986469
vt 0.245529 0.986468
vt 0.640294 0.959105
vt 0.640698 0.959078
vt 0.640698 0.959354
vt 0.640294 0.959495
vt 0.639891 0.959436
vt 0.639890 0.959711
vt 0.640294 0.959960
vt 0.639891 0.960040
vt 0.219254 0.986808
vt 0.245529 0.986808
vt 0.640698 0.959683
vt 0.640296 0.960229
vt 0.639892 0.960230
vt 0.219381 0.987041
vt 0.245402 0.987041
vt 0.970800 0.938233
vt 0.970823 0.937767
vt 0.971017 0.937798
vt 0.971074 0.938277
vt 0.971093 0.938667
vt 0.971310 0.938233
vt 0.971261 0.938636
vt 0.219561 0.987032
vt 0.245222 0.987032
vt 0.971184 0.937767
vt 0.666913 0.960230
vt 0.666509 0.960204
vt 0.666508 0.959814
vt 0.666912 0.959955
vt 0.219688 0.986785
vt 0.245095 0.986785
vt 0.666105 0.959873
vt 0.666105 0.959597
vt 0.666913 0.959625
vt 0.918668 0.096045
vt 0.917984 0.095436
vt 0.918668 0.095315
vt 0.917984 0.122921
vt 0.917435 0.123333
vt 0.917435 0.122603
vt 0.260528 0.876896
vt 0.259532 0.876132
vt 0.259530 0.875525
vt 0.260526 0.876037
vt 0.261525 0.877016
vt 0.261524 0.876408
vt 0.917796 0.122002
vt 0.259530 0.874817
vt 0.260526 0.875036
vt 0.261524 0.875700
vt 0.918307 0.094714
vt 0.918307 0.121882
vt 0.259532 0.874424
vt 0.260528 0.874480
vt 0.890502 0.680637
vt 0.890300 0.679483
vt 0.890813 0.679372
vt 0.890865 0.680559
vt 0.917796 0.094594
vt 0.917435 0.095024
vt 0.918668 0.122312
vt 0.891006 0.678408
vt 0.891542 0.678486
vt 0.891571 0.679483
vt 0.891400 0.680637
vt 0.232132 0.875310
vt 0.233127 0.874545
vt 0.233126 0.875404
vt 0.232131 0.875918
vt 0.917435 0.095754
vt 0.918668 0.123042
vt 0.234124 0.874424
vt 0.234123 0.875032
vt 0.233127 0.876405
vt 0.232132 0.876626
vt 0.917796 0.096355
vt 0.918307 0.123643
vt 0.234124 0.875740
vt 0.233130 0.876961
vt 0.232135 0.877019
vt 0.918307 0.096475
vt 0.917796 0.123763
vt 0.890300 0.707196
vt 0.890503 0.706044
vt 0.890866 0.706121
vt 0.890813 0.707305
vt 0.891005 0.708271
vt 0.891571 0.707196
vt 0.891541 0.708194
vt 0.891402 0.706044
vt 0.944671 0.606788
vt 0.944253 0.606377
vt 0.944483 0.605951
vt 0.891032 0.513652
vt 0.890300 0.513506
vt 0.890301 0.513157
vt 0.891033 0.513159
vt 0.803074 0.933197
vt 0.803036 0.932351
vt 0.803532 0.932268
vt 0.803425 0.933139
vt 0.945040 0.579466
vt 0.944671 0.579708
vt 0.944809 0.579040
vt 0.944809 0.605966
vt 0.803572 0.931562
vt 0.803876 0.931620
vt 0.803961 0.932351
vt 0.803728 0.933197
vt 0.944483 0.579055
vt 0.945040 0.606413
vt 0.891032 0.540703
vt 0.891765 0.540656
vt 0.891765 0.541155
vt 0.891031 0.541408
vt 0.890301 0.541304
vt 0.890300 0.541803
vt 0.944253 0.579502
vt 0.945040 0.607030
vt 0.891765 0.541754
vt 0.891032 0.542256
vt 0.890301 0.542402
vt 0.944253 0.580119
vt 0.944483 0.580545
vt 0.944809 0.607456
vt 0.829367 0.932407
vt 0.829407 0.931562
vt 0.829758 0.931619
vt 0.829863 0.932488
vt 0.891035 0.542749
vt 0.890302 0.542751
vt 0.829902 0.933195
vt 0.830292 0.932407
vt 0.830206 0.933138
vt 0.944809 0.580530
vt 0.944483 0.607441
vt 0.830061 0.931562
vt 0.891767 0.515250
vt 0.891034 0.515205
vt 0.891032 0.514500
vt 0.891765 0.514751
vt 0.945040 0.580083
vt 0.944253 0.606994
vt 0.890301 0.514604
vt 0.890300 0.514105
vt 0.891765 0.514152
vt 0.971326 0.198953
vt 0.971067 0.199044
vt 0.971172 0.198573
vt 0.971067 0.172562
vt 0.970800 0.172345
vt 0.970954 0.171966
vt 0.172170 0.932100
vt 0.171648 0.931938
vt 0.171648 0.931562
vt 0.172171 0.931568
vt 0.172693 0.932401
vt 0.172694 0.932025
vt 0.971172 0.171898
vt 0.970800 0.648196
vt 0.970857 0.647693
vt 0.971079 0.647690
vt 0.971114 0.648192
vt 0.970800 0.648822
vt 0.971022 0.648819
vt 0.970954 0.198506
vt 0.971326 0.172183
vt 0.198623 0.931562
vt 0.199146 0.931580
vt 0.199145 0.931875
vt 0.198622 0.931980
vt 0.198101 0.932043
vt 0.198100 0.932338
vt 0.970800 0.198791
vt 0.970800 0.199260
vt 0.971326 0.172653
vt 0.199145 0.932350
vt 0.198622 0.932651
vt 0.198100 0.932812
vt 0.198623 0.933182
vt 0.198101 0.933188
vt 0.970954 0.199640
vt 0.971172 0.173032
vt 0.199146 0.932725
vt 0.970857 0.675356
vt 0.970800 0.674853
vt 0.971114 0.674856
vt 0.971079 0.675359
vt 0.971172 0.199707
vt 0.970954 0.173100
vt 0.970800 0.674228
vt 0.971022 0.674231
vt 0.172694 0.933170
vt 0.172171 0.933188
vt 0.172170 0.932771
vt 0.172693 0.932875
vt 0.971326 0.199423
vt 0.970800 0.172815
vt 0.171648 0.932708
vt 0.171648 0.932413
vt 0.970800 0.146492
vt 0.970800 0.146081
vt 0.971185 0.146027
vt 0.971072 0.146454
vt 0.167960 0.986816
vt 0.167696 0.986567
vt 0.167960 0.986504
vt 0.193583 0.986652
vt 0.193367 0.986816
vt 0.193367 0.986504
vt 0.971047 0.145636
vt 0.971319 0.145598
vt 0.971592 0.145972
vt 0.971360 0.146415
vt 0.167819 0.986254
vt 0.193507 0.986254
vt 0.971607 0.145559
vt 0.970897 0.754045
vt 0.970800 0.753573
vt 0.971020 0.753528
vt 0.971053 0.754013
vt 0.167620 0.986212
vt 0.193707 0.986212
vt 0.970915 0.753165
vt 0.971071 0.753133
vt 0.971324 0.753573
vt 0.971268 0.754045
vt 0.167479 0.986404
vt 0.193847 0.986404
vt 0.971286 0.753165
vt 0.971047 0.120076
vt 0.970800 0.119631
vt 0.971185 0.119685
vt 0.971319 0.120114
vt 0.167479 0.986716
vt 0.193847 0.986716
vt 0.970800 0.119220
vt 0.971072 0.119258
vt 0.971592 0.119740
vt 0.971607 0.120153
vt 0.167620 0.986966
vt 0.193707 0.986966
vt 0.971360 0.119297
vt 0.970800 0.779923
vt 0.970897 0.779452
vt 0.971053 0.779483
vt 0.971020 0.779967
vt 0.970916 0.780332
vt 0.971071 0.780363
vt 0.167819 0.987007
vt 0.193508 0.987007
vt 0.971268 0.779452
vt 0.971324 0.779923
vt 0.971286 0.780332
vt 0.700017 0.043269
vt 0.698978 0.014134
vt 0.699760 0.012703
vt 0.700800 0.041838
vt 0.616996 0.536091
vt 0.616996 0.504727
vt 0.618040 0.505352
vt 0.618040 0.536716
vt 0.620045 0.507533
vt 0.620045 0.538897
vt 0.621500 0.509630
vt 0.621500 0.540994
vt 0.698978 0.170216
vt 0.700372 0.141029
vt 0.700896 0.141229
vt 0.699502 0.170417
vt 0.699157 0.134769
vt 0.699922 0.136209
vt 0.700696 0.139084
vt 0.699518 0.138634
vt 0.698978 0.135848
vt 0.657988 0.547283
vt 0.657988 0.515924
vt 0.659680 0.514367
vt 0.659680 0.545727
vt 0.661601 0.511993
vt 0.661601 0.543352
vt 0.700965 0.042923
vt 0.700388 0.045706
vt 0.699504 0.048092
vt 0.698978 0.048284
vt 0.699206 0.046137
vt 0.146500 0.703098
vt 0.146500 0.671856
vt 0.148398 0.674247
vt 0.148399 0.705489
vt 0.150087 0.675813
vt 0.150087 0.707055
vt 0.700401 0.109362
vt 0.698978 0.080142
vt 0.699499 0.079942
vt 0.700922 0.109163
vt 0.657988 0.048885
vt 0.657988 0.017639
vt 0.659417 0.015526
vt 0.659417 0.046773
vt 0.661407 0.013329
vt 0.661407 0.044576
vt 0.699193 0.077999
vt 0.699983 0.075128
vt 0.700753 0.073690
vt 0.700922 0.074769
vt 0.700364 0.077551
vt 0.662459 0.012703
vt 0.662459 0.043950
vt 0.665248 0.701025
vt 0.666319 0.671856
vt 0.667106 0.673285
vt 0.666035 0.702453
vt 0.666863 0.705318
vt 0.667106 0.707461
vt 0.666583 0.707271
vt 0.665687 0.704889
vt 0.665093 0.702109
vt 0.388355 0.748557
vt 0.388785 0.740020
vt 0.389854 0.740270
vt 0.389867 0.748911
vt 0.387908 0.757648
vt 0.388976 0.757899
vt 0.388945 0.737037
vt 0.387704 0.761968
vt 0.042586 0.757682
vt 0.042571 0.748432
vt 0.044791 0.749618
vt 0.044156 0.758521
vt 0.043878 0.739881
vt 0.045741 0.737037
vt 0.045448 0.740719
vt 0.043914 0.762212
vt 0.047032 0.750808
vt 0.045741 0.759362
vt 0.047032 0.741561
vt 0.443720 0.750227
vt 0.443720 0.741204
vt 0.444801 0.741342
vt 0.445249 0.750422
vt 0.444598 0.758820
vt 0.445679 0.758957
vt 0.444598 0.737038
vt 0.445840 0.761949
vt 0.446748 0.758711
vt 0.445870 0.741095
vt 0.446760 0.750073
vt 0.015873 0.762212
vt 0.014010 0.759370
vt 0.015580 0.758532
vt 0.012703 0.750819
vt 0.012719 0.741569
vt 0.014288 0.740731
vt 0.014923 0.749634
vt 0.014047 0.737037
vt 0.017165 0.757690
vt 0.015873 0.739889
vt 0.017165 0.748444
vt 0.386826 0.757790
vt 0.386826 0.748757
vt 0.387704 0.740161
vt 0.359461 0.757648
vt 0.359909 0.748557
vt 0.361420 0.748911
vt 0.360529 0.757899
vt 0.360338 0.740020
vt 0.360498 0.737037
vt 0.361407 0.740270
vt 0.359257 0.761968
vt 0.734696 0.663697
vt 0.734681 0.654447
vt 0.736901 0.655633
vt 0.736266 0.664536
vt 0.735988 0.645896
vt 0.737851 0.643053
vt 0.737558 0.646734
vt 0.736024 0.668227
vt 0.739142 0.656823
vt 0.737851 0.665377
vt 0.739142 0.647576
vt 0.416151 0.758820
vt 0.415273 0.750227
vt 0.416802 0.750422
vt 0.417232 0.758958
vt 0.415273 0.741204
vt 0.416151 0.737038
vt 0.416354 0.741342
vt 0.417393 0.761949
vt 0.417423 0.741096
vt 0.418314 0.750073
vt 0.418301 0.758711
vt 0.075609 0.762212
vt 0.073746 0.759370
vt 0.075315 0.758532
vt 0.072439 0.750819
vt 0.072454 0.741569
vt 0.074024 0.740731
vt 0.074659 0.749634
vt 0.073783 0.737038
vt 0.076900 0.757690
vt 0.075609 0.739889
vt 0.076900 0.748444
vt 0.358379 0.757790
vt 0.358379 0.748757
vt 0.359257 0.740161
vt 0.863109 0.653058
vt 0.863105 0.651293
vt 0.863511 0.651395
vt 0.863105 0.648172
vt 0.863511 0.648275
vt 0.863109 0.646817
vt 0.862874 0.589764
vt 0.862704 0.588000
vt 0.863373 0.588388
vt 0.863045 0.584863
vt 0.863714 0.585251
vt 0.863557 0.583490
vt 0.863714 0.588583
vt 0.862704 0.683241
vt 0.862704 0.680124
vt 0.863106 0.680224
vt 0.863106 0.683342
vt 0.863109 0.678464
vt 0.863109 0.684699
vt 0.863511 0.683241
vt 0.863511 0.680123
vt 0.863558 0.526405
vt 0.863045 0.525032
vt 0.863715 0.524644
vt 0.862704 0.521896
vt 0.863373 0.521508
vt 0.862874 0.520131
vt 0.862704 0.651395
vt 0.862704 0.648274
vt 0.863715 0.521311
vt 0.863109 0.621410
vt 0.863105 0.619645
vt 0.863511 0.619748
vt 0.863105 0.616525
vt 0.863511 0.616628
vt 0.863109 0.615170
vt 0.862874 0.558084
vt 0.862704 0.556320
vt 0.863373 0.556708
vt 0.863045 0.553183
vt 0.863715 0.553571
vt 0.863557 0.551811
vt 0.863715 0.556904
vt 0.862704 0.714883
vt 0.862704 0.711766
vt 0.863105 0.711866
vt 0.863105 0.714984
vt 0.863109 0.710106
vt 0.863109 0.716341
vt 0.863511 0.714883
vt 0.863511 0.711765
vt 0.863558 0.494725
vt 0.863045 0.493352
vt 0.863715 0.492964
vt 0.862704 0.490216
vt 0.863373 0.489828
vt 0.862874 0.488451
vt 0.862704 0.619748
vt 0.862704 0.616627
vt 0.863715 0.489632
vt 0.223440 0.574729
vt 0.223440 0.512728
vt 0.224323 0.511555
vt 0.224323 0.573556
vt 0.190981 0.573565
vt 0.190981 0.511556
vt 0.192083 0.512056
vt 0.192083 0.574066
vt 0.194067 0.513730
vt 0.194067 0.575739
vt 0.194948 0.514902
vt 0.194948 0.576912
vt 0.221456 0.514400
vt 0.220354 0.514900
vt 0.221236 0.513728
vt 0.223221 0.512055
vt 0.220354 0.576901
vt 0.221456 0.576401
vt 0.191862 0.574738
vt 0.193846 0.576411
vt 0.279931 0.574314
vt 0.279931 0.512743
vt 0.281899 0.514435
vt 0.281899 0.576005
vt 0.283005 0.514939
vt 0.283005 0.576509
vt 0.249729 0.576520
vt 0.249729 0.514940
vt 0.250590 0.513752
vt 0.250590 0.575332
vt 0.252557 0.512060
vt 0.252557 0.573640
vt 0.279070 0.511556
vt 0.280176 0.512059
vt 0.282143 0.513751
vt 0.253663 0.511555
vt 0.253663 0.573135
vt 0.279070 0.573126
vt 0.252802 0.574323
vt 0.250835 0.576015
vt 0.537248 0.501972
vt 0.537248 0.454393
vt 0.538216 0.454028
vt 0.538216 0.501607
vt 0.534302 0.575497
vt 0.534302 0.527920
vt 0.535292 0.528008
vt 0.535292 0.575585
vt 0.537248 0.528462
vt 0.537249 0.576039
vt 0.538215 0.528827
vt 0.538215 0.576404
vt 0.501788 0.874424
vt 0.502068 0.875456
vt 0.502068 0.877424
vt 0.501788 0.878361
vt 0.501507 0.877330
vt 0.501507 0.875361
vt 0.534302 0.502513
vt 0.534302 0.454934
vt 0.535292 0.454846
vt 0.535292 0.502425
vt 0.449576 0.875456
vt 0.449857 0.874424
vt 0.450137 0.875363
vt 0.450137 0.877333
vt 0.449857 0.878365
vt 0.449576 0.877426
vt 0.581113 0.060330
vt 0.581113 0.013080
vt 0.583069 0.013540
vt 0.583068 0.060789
vt 0.584062 0.013622
vt 0.584062 0.060871
vt 0.580151 0.134445
vt 0.580151 0.087198
vt 0.581113 0.086820
vt 0.581113 0.134068
vt 0.583068 0.086360
vt 0.583068 0.133608
vt 0.527474 0.877424
vt 0.527474 0.875456
vt 0.527753 0.874424
vt 0.528032 0.875360
vt 0.528032 0.877328
vt 0.527753 0.878360
vt 0.584062 0.086278
vt 0.584062 0.133525
vt 0.580151 0.059953
vt 0.580151 0.012703
vt 0.476101 0.875457
vt 0.476101 0.877427
vt 0.475822 0.878365
vt 0.475543 0.877333
vt 0.475543 0.875362
vt 0.475822 0.874424
vt 0.773469 0.062328
vt 0.772681 0.079075
vt 0.771248 0.076807
vt 0.772036 0.060060
vt 0.770603 0.077141
vt 0.771391 0.060394
vt 0.832827 0.144794
vt 0.832827 0.161380
vt 0.831149 0.163387
vt 0.831149 0.146801
vt 0.772681 0.347105
vt 0.773469 0.363840
vt 0.772036 0.366108
vt 0.771248 0.349373
vt 0.773469 0.081676
vt 0.772824 0.082010
vt 0.771391 0.079743
vt 0.771391 0.365774
vt 0.770603 0.349039
vt 0.800902 0.771630
vt 0.800902 0.788256
vt 0.799225 0.786243
vt 0.799225 0.769617
vt 0.771391 0.346436
vt 0.772824 0.344169
vt 0.773469 0.344503
vt 0.772283 0.486317
vt 0.772283 0.502998
vt 0.770603 0.505008
vt 0.770603 0.488327
vt 0.126819 0.798150
vt 0.124998 0.814611
vt 0.124321 0.814896
vt 0.126142 0.798436
vt 0.773818 0.580917
vt 0.773818 0.597557
vt 0.772284 0.595357
vt 0.772284 0.578716
vt 0.770603 0.593353
vt 0.770603 0.576713
vt 0.012703 0.814623
vt 0.013275 0.811963
vt 0.014524 0.809589
vt 0.015201 0.809874
vt 0.014629 0.812534
vt 0.013380 0.814908
vt 0.013380 0.793402
vt 0.012703 0.793116
vt 0.773814 0.484114
vt 0.773814 0.500795
vt 0.126247 0.795490
vt 0.124893 0.796062
vt 0.124321 0.793402
vt 0.124998 0.793116
vt 0.773469 0.109685
vt 0.772681 0.126432
vt 0.771248 0.124164
vt 0.772036 0.107417
vt 0.770603 0.124498
vt 0.771391 0.107751
vt 0.832827 0.188793
vt 0.832827 0.205379
vt 0.831149 0.207386
vt 0.831149 0.190801
vt 0.772681 0.205067
vt 0.773469 0.221803
vt 0.772036 0.224071
vt 0.771248 0.207335
vt 0.773469 0.129033
vt 0.772824 0.129367
vt 0.771391 0.127100
vt 0.771391 0.223736
vt 0.770603 0.207001
vt 0.832826 0.058762
vt 0.832826 0.075388
vt 0.831149 0.073375
vt 0.831149 0.056749
vt 0.771391 0.204399
vt 0.772824 0.202131
vt 0.773469 0.202465
vt 0.772283 0.532617
vt 0.772283 0.549297
vt 0.770603 0.551307
vt 0.770603 0.534626
vt 0.182628 0.798150
vt 0.180807 0.814610
vt 0.180130 0.814896
vt 0.181951 0.798436
vt 0.773818 0.627167
vt 0.773818 0.643808
vt 0.772284 0.641607
vt 0.772284 0.624967
vt 0.770603 0.639604
vt 0.770603 0.622963
vt 0.040608 0.814623
vt 0.041180 0.811963
vt 0.042429 0.809588
vt 0.043106 0.809874
vt 0.042534 0.812534
vt 0.041285 0.814908
vt 0.041285 0.793402
vt 0.040608 0.793116
vt 0.773814 0.530414
vt 0.773814 0.547094
vt 0.182056 0.795490
vt 0.180702 0.796062
vt 0.180130 0.793402
vt 0.180807 0.793116
vt 0.773470 0.157042
vt 0.772681 0.173789
vt 0.771248 0.171521
vt 0.772036 0.154774
vt 0.770603 0.171855
vt 0.771391 0.155108
vt 0.832827 0.232793
vt 0.832827 0.249378
vt 0.831149 0.251385
vt 0.831149 0.234800
vt 0.772681 0.299759
vt 0.773469 0.316495
vt 0.772036 0.318762
vt 0.771248 0.302027
vt 0.773470 0.176390
vt 0.772824 0.176724
vt 0.771391 0.174457
vt 0.771391 0.318428
vt 0.770603 0.301693
vt 0.832826 0.014716
vt 0.832826 0.031343
vt 0.831149 0.029329
vt 0.831149 0.012703
vt 0.771391 0.299091
vt 0.772824 0.296823
vt 0.773469 0.297157
vt 0.772283 0.393717
vt 0.772283 0.410398
vt 0.770603 0.412408
vt 0.770603 0.395727
vt 0.210533 0.798150
vt 0.208712 0.814611
vt 0.208035 0.814896
vt 0.209856 0.798436
vt 0.773819 0.673418
vt 0.773819 0.690058
vt 0.772284 0.687858
vt 0.772284 0.671218
vt 0.770603 0.685854
vt 0.770603 0.669214
vt 0.096417 0.814622
vt 0.096989 0.811963
vt 0.098238 0.809588
vt 0.098915 0.809874
vt 0.098343 0.812534
vt 0.097094 0.814908
vt 0.097094 0.793401
vt 0.096417 0.793116
vt 0.773814 0.391514
vt 0.773814 0.408195
vt 0.209961 0.795490
vt 0.208607 0.796062
vt 0.208035 0.793402
vt 0.208712 0.793116
vt 0.773470 0.014971
vt 0.772681 0.031718
vt 0.771248 0.029450
vt 0.772036 0.012703
vt 0.770603 0.029784
vt 0.771391 0.013037
vt 0.832827 0.100795
vt 0.832827 0.117380
vt 0.831149 0.119388
vt 0.831149 0.102802
vt 0.772681 0.252413
vt 0.773469 0.269149
vt 0.772036 0.271416
vt 0.771248 0.254681
vt 0.773470 0.034320
vt 0.772824 0.034654
vt 0.771391 0.032386
vt 0.771391 0.271082
vt 0.770603 0.254347
vt 0.800902 0.727584
vt 0.800902 0.744211
vt 0.799225 0.742197
vt 0.799225 0.725571
vt 0.771391 0.251745
vt 0.772824 0.249477
vt 0.773469 0.249811
vt 0.772283 0.440017
vt 0.772283 0.456698
vt 0.770603 0.458708
vt 0.770603 0.442027
vt 0.154724 0.798150
vt 0.152903 0.814610
vt 0.152226 0.814896
vt 0.154047 0.798436
vt 0.773819 0.719669
vt 0.773819 0.736309
vt 0.772284 0.734109
vt 0.772284 0.717468
vt 0.770603 0.732105
vt 0.770603 0.715465
vt 0.068512 0.814622
vt 0.069084 0.811962
vt 0.070333 0.809588
vt 0.071011 0.809874
vt 0.070438 0.812534
vt 0.069189 0.814908
vt 0.069189 0.793401
vt 0.068512 0.793116
vt 0.773814 0.437814
vt 0.773814 0.454495
vt 0.154152 0.795490
vt 0.152798 0.796062
vt 0.152226 0.793402
vt 0.152903 0.793116
vt 0.452033 0.171569
vt 0.452018 0.171569
vt 0.452017 0.171516
vt 0.435423 0.171557
vt 0.435405 0.171557
vt 0.435422 0.171503
vt 0.435405 0.092332
vt 0.435421 0.092278
vt 0.435423 0.092332
vt 0.452046 0.092320
vt 0.452031 0.092320
vt 0.452030 0.092266
vt 0.452033 0.225280
vt 0.452017 0.225334
vt 0.452018 0.225280
vt 0.435405 0.225268
vt 0.435423 0.225268
vt 0.435422 0.225322
vt 0.435405 0.146043
vt 0.435423 0.146043
vt 0.435421 0.146097
vt 0.452046 0.146031
vt 0.452030 0.146085
vt 0.452031 0.146031
vt 0.396513 0.565321
vt 0.401805 0.565323
vt 0.401800 0.565377
vt 0.396509 0.565375
vt 0.365810 0.565323
vt 0.371102 0.565321
vt 0.371098 0.565375
vt 0.365806 0.565377
vt 0.401805 0.511611
vt 0.396513 0.511609
vt 0.396509 0.511556
vt 0.401800 0.511558
vt 0.371102 0.511609
vt 0.365811 0.511611
vt 0.365806 0.511558
vt 0.371098 0.511556
vt 0.735822 0.755997
vt 0.735822 0.739203
vt 0.740714 0.737037
vt 0.740714 0.753831
vt 0.705523 0.753831
vt 0.705523 0.737037
vt 0.710415 0.739204
vt 0.710415 0.755997
vt 0.049559 0.634708
vt 0.049542 0.634674
vt 0.049560 0.634666
vt 0.049542 0.607412
vt 0.049559 0.607363
vt 0.049560 0.607404
vt 0.060959 0.629662
vt 0.060959 0.629621
vt 0.060976 0.629614
vt 0.060959 0.602318
vt 0.060976 0.602351
vt 0.060959 0.602358
vt 0.097798 0.634708
vt 0.097799 0.634667
vt 0.097815 0.634674
vt 0.097798 0.607363
vt 0.097815 0.607412
vt 0.097799 0.607404
vt 0.086399 0.629662
vt 0.086382 0.629613
vt 0.086400 0.629621
vt 0.086399 0.602317
vt 0.086400 0.602359
vt 0.086382 0.602351
vt 0.666032 0.599886
vt 0.657988 0.599732
vt 0.657988 0.599686
vt 0.666032 0.599840
vt 0.657988 0.572690
vt 0.666032 0.572844
vt 0.666032 0.572879
vt 0.657988 0.572725
vt 0.054193 0.698878
vt 0.046149 0.699029
vt 0.046149 0.698993
vt 0.054193 0.698842
vt 0.046149 0.672008
vt 0.054193 0.671857
vt 0.054193 0.671902
vt 0.046149 0.672053
vt 0.509730 0.793116
vt 0.517783 0.793461
vt 0.517783 0.805789
vt 0.509730 0.805444
vt 0.476271 0.793461
vt 0.484324 0.793116
vt 0.484324 0.805444
vt 0.476271 0.805789
vt 0.580168 0.515399
vt 0.580151 0.515366
vt 0.580169 0.515358
vt 0.580151 0.488103
vt 0.580168 0.488055
vt 0.580168 0.488096
vt 0.591572 0.510351
vt 0.591572 0.510310
vt 0.591589 0.510302
vt 0.591572 0.483006
vt 0.591589 0.483040
vt 0.591572 0.483047
vt 0.591572 0.457600
vt 0.591573 0.457559
vt 0.591590 0.457567
vt 0.591572 0.430256
vt 0.591590 0.430304
vt 0.591573 0.430297
vt 0.580169 0.452552
vt 0.580151 0.452503
vt 0.580169 0.452511
vt 0.580168 0.425207
vt 0.580169 0.425248
vt 0.580151 0.425241
vt 0.121094 0.698979
vt 0.113046 0.698899
vt 0.113046 0.698853
vt 0.121094 0.698933
vt 0.113046 0.671856
vt 0.121094 0.671936
vt 0.121094 0.671972
vt 0.113046 0.671892
vt 0.216993 0.698878
vt 0.208945 0.698956
vt 0.208945 0.698921
vt 0.216993 0.698842
vt 0.208945 0.671935
vt 0.216993 0.671856
vt 0.216993 0.671902
vt 0.208945 0.671981
vt 0.610102 0.793116
vt 0.618152 0.793287
vt 0.618152 0.805620
vt 0.610102 0.805449
vt 0.643558 0.793287
vt 0.651608 0.793116
vt 0.651608 0.805449
vt 0.643558 0.805620
vt 0.580168 0.342001
vt 0.580151 0.341967
vt 0.580168 0.341960
vt 0.580151 0.314705
vt 0.580168 0.314656
vt 0.580168 0.314697
vt 0.591572 0.336951
vt 0.591572 0.336910
vt 0.591589 0.336903
vt 0.591572 0.309607
vt 0.591589 0.309640
vt 0.591572 0.309648
vt 0.591572 0.399801
vt 0.591572 0.399760
vt 0.591589 0.399767
vt 0.591572 0.372456
vt 0.591589 0.372505
vt 0.591572 0.372497
vt 0.580168 0.394752
vt 0.580151 0.394703
vt 0.580168 0.394710
vt 0.580168 0.367407
vt 0.580168 0.367448
vt 0.580151 0.367440
vt 0.430901 0.698905
vt 0.422852 0.698899
vt 0.422852 0.698853
vt 0.430901 0.698859
vt 0.422852 0.671857
vt 0.430901 0.671863
vt 0.430901 0.671898
vt 0.422852 0.671892
vt 0.464356 0.698878
vt 0.456307 0.698884
vt 0.456307 0.698848
vt 0.464356 0.698842
vt 0.456307 0.671863
vt 0.464356 0.671857
vt 0.464356 0.671902
vt 0.456307 0.671908
vt 0.710469 0.793119
vt 0.718518 0.793116
vt 0.718518 0.805451
vt 0.710469 0.805454
vt 0.677014 0.793116
vt 0.685063 0.793119
vt 0.685063 0.805454
vt 0.677014 0.805451
vt 0.012721 0.634710
vt 0.012703 0.634676
vt 0.012720 0.634669
vt 0.012703 0.607414
vt 0.012720 0.607365
vt 0.012720 0.607406
vt 0.024119 0.629662
vt 0.024118 0.629621
vt 0.024136 0.629614
vt 0.024119 0.602318
vt 0.024136 0.602351
vt 0.024118 0.602359
vt 0.591567 0.573198
vt 0.591566 0.573157
vt 0.591584 0.573165
vt 0.591567 0.545854
vt 0.591584 0.545902
vt 0.591566 0.545895
vt 0.580169 0.568150
vt 0.580151 0.568102
vt 0.580168 0.568109
vt 0.580169 0.540806
vt 0.580168 0.540847
vt 0.580151 0.540839
vt 0.183539 0.698898
vt 0.175493 0.698967
vt 0.175493 0.698921
vt 0.183538 0.698853
vt 0.175493 0.671924
vt 0.183539 0.671856
vt 0.183538 0.671892
vt 0.175493 0.671960
vt 0.397446 0.698944
vt 0.389400 0.698877
vt 0.389400 0.698842
vt 0.397446 0.698908
vt 0.389400 0.671856
vt 0.397446 0.671923
vt 0.397446 0.671968
vt 0.389400 0.671902
vt 0.576646 0.793293
vt 0.584696 0.793116
vt 0.584696 0.805449
vt 0.576646 0.805626
vt 0.543190 0.793116
vt 0.551239 0.793293
vt 0.551239 0.805626
vt 0.543190 0.805449
vt 0.160068 0.634706
vt 0.160051 0.634673
vt 0.160067 0.634665
vt 0.160051 0.607410
vt 0.160068 0.607361
vt 0.160067 0.607403
vt 0.171456 0.629662
vt 0.171455 0.629622
vt 0.171473 0.629614
vt 0.171456 0.602318
vt 0.171473 0.602351
vt 0.171455 0.602359
vt 0.134627 0.634706
vt 0.134626 0.634665
vt 0.134644 0.634673
vt 0.134627 0.607362
vt 0.134644 0.607410
vt 0.134626 0.607402
vt 0.123239 0.629662
vt 0.123222 0.629613
vt 0.123238 0.629621
vt 0.123239 0.602318
vt 0.123238 0.602358
vt 0.123222 0.602351
vt 0.020743 0.698899
vt 0.012704 0.699041
vt 0.012703 0.698995
vt 0.020742 0.698853
vt 0.012704 0.671999
vt 0.020743 0.671856
vt 0.020742 0.671892
vt 0.012703 0.672034
vt 0.087639 0.699017
vt 0.079600 0.698878
vt 0.079600 0.698842
vt 0.087639 0.698981
vt 0.079600 0.671857
vt 0.087639 0.671996
vt 0.087639 0.672041
vt 0.079600 0.671902
vt 0.409352 0.793467
vt 0.417405 0.793116
vt 0.417405 0.805444
vt 0.409352 0.805795
vt 0.442811 0.793116
vt 0.450865 0.793467
vt 0.450865 0.805795
vt 0.442811 0.805444
vt 0.204574 0.641126
vt 0.204566 0.641158
vt 0.204566 0.641122
vt 0.196887 0.637762
vt 0.196879 0.637723
vt 0.196887 0.637726
vt 0.204574 0.605753
vt 0.204566 0.605749
vt 0.204566 0.605714
vt 0.196879 0.602350
vt 0.196887 0.602318
vt 0.196887 0.602353
vt 0.229980 0.641123
vt 0.229988 0.641121
vt 0.229988 0.641156
vt 0.237675 0.637720
vt 0.237667 0.637759
vt 0.237667 0.637724
vt 0.229980 0.605753
vt 0.229988 0.605714
vt 0.229988 0.605750
vt 0.237675 0.602350
vt 0.237668 0.602353
vt 0.237667 0.602318
vt 0.700779 0.256912
vt 0.698978 0.256656
vt 0.698978 0.256619
vt 0.700779 0.256875
vt 0.700779 0.195856
vt 0.698978 0.196112
vt 0.698978 0.196079
vt 0.700779 0.195823
vt 0.698978 0.291720
vt 0.700779 0.291976
vt 0.700779 0.292009
vt 0.698978 0.291753
vt 0.698978 0.231175
vt 0.700779 0.230920
vt 0.700779 0.230957
vt 0.698978 0.231213
vt 0.067062 0.848721
vt 0.067062 0.840423
vt 0.068836 0.840314
vt 0.068836 0.848612
vt 0.012703 0.848618
vt 0.012703 0.840314
vt 0.014478 0.840425
vt 0.014478 0.848729
vt 0.468701 0.641028
vt 0.468693 0.641060
vt 0.468693 0.641025
vt 0.461016 0.637658
vt 0.461009 0.637619
vt 0.461016 0.637623
vt 0.468701 0.605759
vt 0.468693 0.605756
vt 0.468693 0.605720
vt 0.461009 0.602350
vt 0.461016 0.602318
vt 0.461016 0.602353
vt 0.427911 0.641032
vt 0.427918 0.641028
vt 0.427918 0.641064
vt 0.435603 0.637622
vt 0.435595 0.637661
vt 0.435595 0.637625
vt 0.427911 0.605759
vt 0.427918 0.605721
vt 0.427918 0.605755
vt 0.435603 0.602350
vt 0.435595 0.602352
vt 0.435595 0.602318
vt 0.700779 0.317452
vt 0.698978 0.317710
vt 0.698978 0.317672
vt 0.700779 0.317415
vt 0.700779 0.378500
vt 0.698978 0.378243
vt 0.698978 0.378210
vt 0.700779 0.378467
vt 0.698978 0.352771
vt 0.700779 0.352514
vt 0.700779 0.352547
vt 0.698978 0.352804
vt 0.698978 0.413304
vt 0.700779 0.413562
vt 0.700779 0.413599
vt 0.698978 0.413342
vt 0.094243 0.848612
vt 0.094243 0.840314
vt 0.096014 0.840420
vt 0.096014 0.848718
vt 0.039884 0.848727
vt 0.039884 0.840423
vt 0.041655 0.840314
vt 0.041655 0.848618
s 1
usemtl SnapBack_v13_BakedTexture
f 72/1/1 71/2/2 7/3/3 8/4/4
f 2/5/5 70/6/6 5/7/7 6/8/8
f 69/9/9 1/10/10 4/11/11
f 3/12/12 72/1/1 8/4/4
f 71/13/2 2/5/5 6/8/8 7/14/3
f 70/6/6 69/15/9 4/16/11 5/7/7
f 8/4/4 7/3/3 12/17/13 13/18/14
f 6/8/8 5/7/7 10/19/15 11/20/16
f 4/11/11 1/10/10 9/21/17
f 3/12/12 8/4/4 13/18/14
f 7/14/3 6/8/8 11/20/16 12/22/13
f 5/7/7 4/16/11 9/23/17 10/19/15
f 11/24/16 10/25/15 15/26/18 16/27/19
f 9/21/17 1/10/10 14/28/20
f 3/12/12 13/18/14 18/29/21
f 12/30/13 11/24/16 16/27/19 17/31/22
f 10/25/15 9/32/17 14/33/20 15/26/18
f 13/18/14 12/17/13 17/34/22 18/29/21
f 14/28/20 1/10/10 19/35/23
f 3/12/12 18/29/21 23/36/24
f 17/31/22 16/27/19 21/37/25 22/38/26
f 15/26/18 14/33/20 19/39/23 20/40/27
f 18/41/21 17/31/22 22/38/26 23/42/24
f 16/27/19 15/26/18 20/40/27 21/37/25
f 3/12/12 23/36/24 28/43/28
f 22/38/26 21/37/25 26/44/29 27/45/30
f 20/46/27 19/35/23 24/47/31 25/48/32
f 23/42/24 22/38/26 27/45/30 28/49/28
f 21/37/25 20/40/27 25/50/32 26/44/29
f 19/35/23 1/10/10 24/47/31
f 3/12/12 28/43/28 33/51/33
f 27/52/30 26/53/29 31/54/34 32/55/35
f 25/48/32 24/47/31 29/56/36 30/57/37
f 28/58/28 27/52/30 32/55/35 33/59/33
f 26/53/29 25/60/32 30/61/37 31/54/34
f 24/47/31 1/10/10 29/56/36
f 3/12/12 33/51/33 38/62/38
f 32/55/35 31/54/34 36/63/39 37/64/40
f 30/57/37 29/56/36 34/65/41 35/66/42
f 33/59/33 32/55/35 37/64/40 38/67/38
f 31/54/34 30/61/37 35/68/42 36/63/39
f 29/56/36 1/10/10 34/65/41
f 37/64/40 36/63/39 41/69/43 42/70/44
f 35/66/42 34/65/41 39/71/45 40/72/46
f 38/67/38 37/64/40 42/70/44 43/73/47
f 36/63/39 35/68/42 40/74/46 41/69/43
f 34/65/41 1/10/10 39/71/45
f 3/12/12 38/62/38 43/75/47
f 40/72/46 39/71/45 44/76/48 45/77/49
f 43/73/47 42/70/44 47/78/50 48/79/51
f 41/69/43 40/74/46 45/80/49 46/81/52
f 39/71/45 1/10/10 44/76/48
f 3/12/12 43/75/47 48/82/51
f 42/70/44 41/69/43 46/81/52 47/78/50
f 48/83/51 47/84/50 52/85/53 53/86/54
f 46/87/52 45/88/49 50/89/55 51/90/56
f 44/76/48 1/10/10 49/91/57
f 3/12/12 48/82/51 53/92/54
f 47/84/50 46/87/52 51/90/56 52/85/53
f 45/77/49 44/76/48 49/91/57 50/93/55
f 53/86/54 52/85/53 57/94/58 58/95/59
f 51/90/56 50/89/55 55/96/60 56/97/61
f 49/91/57 1/10/10 54/98/62
f 3/12/12 53/92/54 58/99/59
f 52/85/53 51/90/56 56/97/61 57/94/58
f 50/89/55 49/100/57 54/101/62 55/96/60
f 58/99/59 57/102/58 62/103/63 63/104/64
f 56/97/61 55/96/60 60/105/65 61/106/66
f 54/98/62 1/10/10 59/107/67
f 3/12/12 58/99/59 63/104/64
f 57/94/58 56/97/61 61/106/66 62/108/63
f 55/96/60 54/101/62 59/109/67 60/105/65
f 63/104/64 62/103/63 67/110/68 68/111/69
f 61/112/66 60/113/65 65/114/70 66/115/71
f 59/107/67 1/10/10 64/116/72
f 3/12/12 63/104/64 68/111/69
f 62/117/63 61/112/66 66/115/71 67/118/68
f 60/113/65 59/119/67 64/120/72 65/114/70
f 66/115/71 65/114/70 70/6/6 2/5/5
f 64/116/72 1/10/10 69/9/9
f 3/12/12 68/111/69 72/1/1
f 67/118/68 66/115/71 2/5/5 71/13/2
f 65/114/70 64/120/72 69/15/9 70/6/6
f 68/111/69 67/110/68 71/2/2 72/1/1
f 77/121/73 76/122/74 81/123/75 82/124/76
f 75/125/77 74/126/78 79/127/79 80/128/80
f 78/129/81 77/130/73 82/131/76
f 76/122/74 75/125/77 80/128/80 81/123/75
f 74/132/78 73/133/82 79/134/79
f 82/124/76 81/123/75 85/135/83 86/136/84
f 80/128/80 79/127/79 83/137/85 84/138/86
f 78/129/81 82/131/76 86/139/84
f 81/123/75 80/128/80 84/138/86 85/135/83
f 79/134/79 73/133/82 83/140/85
f 86/141/84 85/142/83 89/143/87 90/144/88
f 84/145/86 83/146/85 87/147/89 88/148/90
f 78/129/81 86/139/84 90/149/88
f 85/142/83 84/145/86 88/148/90 89/143/87
f 83/140/85 73/133/82 87/150/89
f 90/144/88 89/143/87 93/151/91 94/152/92
f 88/148/90 87/147/89 91/153/93 92/154/94
f 78/129/81 90/149/88 94/155/92
f 89/143/87 88/148/90 92/154/94 93/151/91
f 87/150/89 73/133/82 91/156/93
f 94/157/92 93/158/91 97/159/95 98/160/96
f 92/161/94 91/162/93 95/163/97 96/164/98
f 78/129/81 94/155/92 98/165/96
f 93/158/91 92/161/94 96/164/98 97/159/95
f 91/156/93 73/133/82 95/166/97
f 98/160/96 97/159/95 101/167/99 102/168/100
f 96/164/98 95/163/97 99/169/101 100/170/102
f 78/129/81 98/165/96 102/171/100
f 97/159/95 96/164/98 100/170/102 101/167/99
f 95/166/97 73/133/82 99/172/101
f 102/168/100 101/167/99 105/173/103 106/174/104
f 100/170/102 99/169/101 103/175/105 104/176/106
f 78/129/81 102/171/100 106/177/104
f 101/167/99 100/170/102 104/176/106 105/173/103
f 99/172/101 73/133/82 103/178/105
f 106/174/104 105/173/103 109/179/107 110/180/108
f 104/176/106 103/175/105 107/181/109 108/182/110
f 78/129/81 106/177/104 110/183/108
f 105/173/103 104/176/106 108/182/110 109/179/107
f 103/178/105 73/133/82 107/184/109
f 110/185/108 109/186/107 113/187/111 114/188/112
f 108/189/110 107/190/109 111/191/113 112/192/114
f 78/129/81 110/183/108 114/193/112
f 109/186/107 108/189/110 112/192/114 113/187/111
f 107/184/109 73/133/82 111/194/113
f 114/188/112 113/187/111 117/195/115 118/196/116
f 112/192/114 111/191/113 115/197/117 116/198/118
f 78/129/81 114/193/112 118/199/116
f 113/187/111 112/192/114 116/198/118 117/195/115
f 111/194/113 73/133/82 115/200/117
f 118/201/116 117/202/115 121/203/119 122/204/120
f 116/205/118 115/206/117 119/207/121 120/208/122
f 78/129/81 118/199/116 122/209/120
f 117/202/115 116/205/118 120/208/122 121/203/119
f 115/200/117 73/133/82 119/210/121
f 122/204/120 121/203/119 76/122/74 77/121/73
f 120/208/122 119/207/121 74/126/78 75/125/77
f 78/129/81 122/209/120 77/130/73
f 121/203/119 120/208/122 75/125/77 76/122/74
f 119/210/121 73/133/82 74/132/78
s 0
f 123/211/123 124/212/124 125/213/125
f 126/214/126 127/215/127 128/216/128
f 129/217/129 130/218/130 131/219/131
f 132/220/132 133/221/133 134/222/134
f 135/223/135 136/224/136 137/225/137
f 138/226/138 139/227/139 140/228/140
f 141/229/141 142/230/142 143/231/143
f 144/232/144 145/233/145 146/234/146
f 129/217/147 123/211/148 125/213/149 130/218/150
f 124/235/151 126/236/152 128/237/153 125/238/154
f 127/215/155 132/220/156 134/222/157 128/216/158
f 133/239/159 131/240/160 130/241/161 134/242/162
f 141/229/163 129/217/164 131/219/165 142/230/166
f 132/220/167 144/232/168 146/234/169 133/221/170
f 145/243/171 143/244/172 142/245/173 146/246/174
f 135/223/175 141/229/176 143/231/177 136/224/178
f 144/232/179 138/226/180 140/228/181 145/233/182
f 139/247/183 137/248/184 136/249/185 140/250/186
f 123/211/187 135/223/188 137/225/189 124/212/190
f 138/226/191 127/215/192 126/214/193 139/227/194
f 129/217/195 141/229/196 135/223/197 123/211/198
f 125/251/199 128/252/200 134/242/201 130/241/202
f 137/253/203 139/254/204 126/236/205 124/235/206
f 144/232/207 132/220/208 127/215/209 138/226/210
f 131/255/211 133/256/212 146/246/213 142/245/214
f 143/257/215 145/258/216 140/250/217 136/249/218
s 1
f 148/259/219 147/260/220 153/261/221
f 151/262/222 150/263/223 155/264/224 156/265/225
f 149/266/226 148/259/219 153/261/221 154/267/227
f 152/268/228 151/269/222 156/270/225
f 150/263/223 149/266/226 154/267/227 155/264/224
f 152/268/228 156/270/225 160/271/229
f 155/264/224 154/267/227 158/272/230 159/273/231
f 153/261/221 147/260/220 157/274/232
f 156/270/225 155/275/224 159/276/231 160/271/229
f 154/267/227 153/261/221 157/274/232 158/272/230
f 152/268/228 160/271/229 164/277/233
f 159/278/231 158/279/230 162/280/234 163/281/235
f 157/282/232 147/283/220 161/284/236
f 160/285/229 159/278/231 163/281/235 164/286/233
f 158/279/230 157/287/232 161/288/236 162/280/234
f 152/268/228 164/277/233 168/289/237
f 163/281/235 162/280/234 166/290/238 167/291/239
f 161/284/236 147/283/220 165/292/240
f 164/286/233 163/281/235 167/291/239 168/293/237
f 162/280/234 161/288/236 165/294/240 166/290/238
f 152/295/228 168/296/237 172/297/241
f 167/298/239 166/299/238 170/300/242 171/301/243
f 165/292/240 147/283/220 169/302/244
f 168/296/237 167/298/239 171/301/243 172/297/241
f 166/290/238 165/294/240 169/303/244 170/304/242
f 152/295/228 172/297/241 176/305/245
f 171/301/243 170/300/242 174/306/246 175/307/247
f 169/302/244 147/283/220 173/308/248
f 172/297/241 171/301/243 175/307/247 176/305/245
f 170/300/242 169/309/244 173/310/248 174/306/246
f 152/295/228 176/305/245 180/311/249
f 175/307/247 174/306/246 178/312/250 179/313/251
f 173/308/248 147/283/220 177/314/252
f 176/305/245 175/307/247 179/313/251 180/311/249
f 174/306/246 173/310/248 177/315/252 178/312/250
f 152/295/228 180/311/249 184/316/253
f 179/313/251 178/312/250 182/317/254 183/318/255
f 177/314/252 147/283/220 181/319/256
f 180/311/249 179/313/251 183/318/255 184/316/253
f 178/320/250 177/314/252 181/319/256 182/321/254
f 152/268/228 184/322/253 188/323/257
f 183/324/255 182/325/254 186/326/258 187/327/259
f 181/319/256 147/283/220 185/328/260
f 184/329/253 183/324/255 187/327/259 188/330/257
f 182/325/254 181/331/256 185/332/260 186/326/258
f 152/268/228 188/323/257 192/333/261
f 187/327/259 186/326/258 190/334/262 191/335/263
f 185/328/260 147/283/220 189/336/264
f 188/330/257 187/327/259 191/335/263 192/337/261
f 186/326/258 185/332/260 189/338/264 190/334/262
f 152/268/228 192/333/261 196/339/265
f 191/340/263 190/341/262 194/342/266 195/343/267
f 189/344/264 147/260/220 193/345/268
f 192/337/261 191/335/263 195/346/267 196/347/265
f 190/341/262 189/344/264 193/345/268 194/342/266
f 152/268/228 196/339/265 151/269/222
f 195/343/267 194/342/266 149/266/226 150/263/223
f 193/345/268 147/260/220 148/259/219
f 196/348/265 195/343/267 150/263/223 151/262/222
f 194/342/266 193/345/268 148/259/219 149/266/226
f 200/349/269 199/350/270 204/351/271 205/352/272
f 198/353/273 197/354/274 203/355/275
f 201/356/276 200/349/269 205/352/272 206/357/277
f 199/358/270 198/359/273 203/360/275 204/361/271
f 202/362/278 201/363/276 206/364/277
f 202/362/278 206/364/277 210/365/279
f 205/366/272 204/361/271 208/367/280 209/368/281
f 203/355/275 197/354/274 207/369/282
f 206/370/277 205/366/272 209/368/281 210/371/279
f 204/361/271 203/360/275 207/372/282 208/367/280
f 202/362/278 210/365/279 214/373/283
f 209/368/281 208/367/280 212/374/284 213/375/285
f 207/369/282 197/354/274 211/376/286
f 210/371/279 209/368/281 213/375/285 214/377/283
f 208/367/280 207/372/282 211/378/286 212/374/284
f 202/362/278 214/373/283 218/379/287
f 213/375/285 212/374/284 216/380/288 217/381/289
f 211/376/286 197/354/274 215/382/290
f 214/377/283 213/375/285 217/381/289 218/383/287
f 212/374/284 211/378/286 215/384/290 216/380/288
f 202/362/278 218/379/287 222/385/291
f 217/386/289 216/387/288 220/388/292 221/389/293
f 215/382/290 197/354/274 219/390/294
f 218/391/287 217/386/289 221/389/293 222/392/291
f 216/387/288 215/393/290 219/394/294 220/388/292
f 202/362/278 222/385/291 226/395/295
f 221/389/293 220/388/292 224/396/296 225/397/297
f 219/390/294 197/354/274 223/398/298
f 222/392/291 221/389/293 225/397/297 226/399/295
f 220/388/292 219/394/294 223/400/298 224/396/296
f 202/362/278 226/395/295 230/401/299
f 225/397/297 224/396/296 228/402/300 229/403/301
f 223/398/298 197/354/274 227/404/302
f 226/405/295 225/406/297 229/407/301 230/408/299
f 224/396/296 223/400/298 227/409/302 228/402/300
f 202/362/278 230/401/299 234/410/303
f 229/407/301 228/411/300 232/412/304 233/413/305
f 227/404/302 197/354/274 231/414/306
f 230/408/299 229/407/301 233/413/305 234/415/303
f 228/411/300 227/416/302 231/417/306 232/412/304
f 202/362/278 234/410/303 238/418/307
f 233/413/305 232/412/304 236/419/308 237/420/309
f 231/414/306 197/354/274 235/421/310
f 234/415/303 233/413/305 237/420/309 238/422/307
f 232/412/304 231/417/306 235/423/310 236/419/308
f 202/362/278 238/418/307 242/424/311
f 237/420/309 236/419/308 240/425/312 241/426/313
f 235/421/310 197/354/274 239/427/314
f 238/422/307 237/420/309 241/426/313 242/428/311
f 236/419/308 235/423/310 239/429/314 240/425/312
f 202/362/278 242/424/311 246/430/315
f 241/431/313 240/432/312 244/433/316 245/434/317
f 239/427/314 197/354/274 243/435/318
f 242/436/311 241/431/313 245/434/317 246/437/315
f 240/432/312 239/438/314 243/439/318 244/433/316
f 202/362/278 246/430/315 201/363/276
f 245/434/317 244/433/316 199/350/270 200/349/269
f 243/435/318 197/354/274 198/353/273
f 246/437/315 245/434/317 200/349/269 201/356/276
f 244/433/316 243/439/318 198/440/273 199/350/270
f 250/441/319 249/442/320 253/443/321 254/444/322
f 248/445/323 247/446/324 252/447/325
f 251/448/326 250/449/319 254/450/322
f 249/442/320 248/451/323 252/452/325 253/443/321
f 252/447/325 247/446/324 255/453/327
f 251/448/326 254/450/322 257/454/328
f 253/443/321 252/452/325 255/455/327 256/456/329
f 254/444/322 253/443/321 256/456/329 257/457/328
f 257/457/328 256/456/329 259/458/330 260/459/331
f 255/453/327 247/446/324 258/460/332
f 251/448/326 257/454/328 260/461/331
f 256/456/329 255/455/327 258/462/332 259/458/330
f 260/459/331 259/458/330 262/463/333 263/464/334
f 258/460/332 247/446/324 261/465/335
f 251/448/326 260/461/331 263/466/334
f 259/467/330 258/468/332 261/469/335 262/470/333
f 263/471/334 262/470/333 265/472/336 266/473/337
f 261/465/335 247/446/324 264/474/338
f 251/448/326 263/466/334 266/475/337
f 262/470/333 261/469/335 264/476/338 265/472/336
f 266/473/337 265/472/336 268/477/339 269/478/340
f 264/474/338 247/446/324 267/479/341
f 251/448/326 266/475/337 269/480/340
f 265/472/336 264/476/338 267/481/341 268/477/339
f 269/482/340 268/483/339 271/484/342 272/485/343
f 267/479/341 247/446/324 270/486/344
f 251/448/326 269/480/340 272/487/343
f 268/483/339 267/488/341 270/489/344 271/484/342
f 271/484/342 270/489/344 273/490/345 274/491/346
f 272/485/343 271/484/342 274/491/346 275/492/347
f 270/486/344 247/446/324 273/493/345
f 251/448/326 272/487/343 275/494/347
f 251/448/326 275/494/347 278/495/348
f 274/491/346 273/490/345 276/496/349 277/497/350
f 275/492/347 274/491/346 277/497/350 278/498/348
f 273/493/345 247/446/324 276/499/349
f 251/448/326 278/495/348 281/500/351
f 277/497/350 276/496/349 279/501/352 280/502/353
f 278/503/348 277/504/350 280/505/353 281/506/351
f 276/499/349 247/446/324 279/507/352
f 251/448/326 281/500/351 284/508/354
f 280/505/353 279/509/352 282/510/355 283/511/356
f 281/506/351 280/505/353 283/511/356 284/512/354
f 279/507/352 247/446/324 282/513/355
f 251/448/326 284/508/354 250/449/319
f 283/511/356 282/510/355 248/514/323 249/515/320
f 284/512/354 283/511/356 249/515/320 250/516/319
f 282/513/355 247/446/324 248/445/323
f 288/517/357 287/518/358 291/519/359 292/520/360
f 286/521/361 285/522/362 290/523/363
f 289/524/364 288/525/357 292/526/360
f 287/518/358 286/527/361 290/528/363 291/519/359
f 292/520/360 291/519/359 294/529/365 295/530/366
f 290/523/363 285/522/362 293/531/367
f 289/524/364 292/526/360 295/532/366
f 291/519/359 290/528/363 293/533/367 294/529/365
f 295/534/366 294/535/365 297/536/368 298/537/369
f 293/531/367 285/522/362 296/538/370
f 289/524/364 295/532/366 298/539/369
f 294/535/365 293/540/367 296/541/370 297/536/368
f 298/537/369 297/536/368 300/542/371 301/543/372
f 296/538/370 285/522/362 299/544/373
f 289/524/364 298/539/369 301/545/372
f 297/536/368 296/541/370 299/546/373 300/542/371
f 301/543/372 300/542/371 303/547/374 304/548/375
f 299/544/373 285/522/362 302/549/376
f 289/524/364 301/545/372 304/550/375
f 300/542/371 299/546/373 302/551/376 303/547/374
f 304/552/375 303/553/374 306/554/377 307/555/378
f 302/549/376 285/522/362 305/556/379
f 289/524/364 304/550/375 307/557/378
f 303/553/374 302/558/376 305/559/379 306/554/377
f 306/554/377 305/559/379 308/560/380 309/561/381
f 307/555/378 306/554/377 309/561/381 310/562/382
f 305/556/379 285/522/362 308/563/380
f 289/524/364 307/557/378 310/564/382
f 289/524/364 310/564/382 313/565/383
f 309/561/381 308/560/380 311/566/384 312/567/385
f 310/562/382 309/561/381 312/567/385 313/568/383
f 308/563/380 285/522/362 311/569/384
f 289/524/364 313/565/383 316/570/386
f 312/571/385 311/572/384 314/573/387 315/574/388
f 313/575/383 312/571/385 315/574/388 316/576/386
f 311/569/384 285/522/362 314/577/387
f 289/524/364 316/570/386 319/578/389
f 315/574/388 314/573/387 317/579/390 318/580/391
f 316/576/386 315/574/388 318/580/391 319/581/389
f 314/577/387 285/522/362 317/582/390
f 289/524/364 319/578/389 322/583/392
f 318/580/391 317/579/390 320/584/393 321/585/394
f 319/581/389 318/580/391 321/585/394 322/586/392
f 317/582/390 285/522/362 320/587/393
f 320/587/393 285/522/362 286/521/361
f 289/524/364 322/583/392 288/525/357
f 321/588/394 320/589/393 286/527/361 287/518/358
f 322/590/392 321/588/394 287/518/358 288/517/357
f 326/591/395 325/592/396 329/593/397 330/594/398
f 324/595/399 323/596/400 328/597/401
f 327/598/402 326/599/395 330/600/398
f 325/592/396 324/601/399 328/602/401 329/593/397
f 328/597/401 323/596/400 331/603/403
f 327/598/402 330/600/398 333/604/404
f 329/593/397 328/602/401 331/605/403 332/606/405
f 330/594/398 329/593/397 332/606/405 333/607/404
f 333/607/404 332/606/405 335/608/406 336/609/407
f 331/603/403 323/596/400 334/610/408
f 327/598/402 333/604/404 336/611/407
f 332/606/405 331/605/403 334/612/408 335/608/406
f 336/613/407 335/614/406 338/615/409 339/616/410
f 334/610/408 323/596/400 337/617/411
f 327/598/402 336/611/407 339/618/410
f 335/614/406 334/619/408 337/620/411 338/615/409
f 339/616/410 338/615/409 341/621/412 342/622/413
f 337/617/411 323/596/400 340/623/414
f 327/598/402 339/618/410 342/624/413
f 338/615/409 337/620/411 340/625/414 341/621/412
f 342/626/413 341/627/412 344/628/415 345/629/416
f 340/623/414 323/596/400 343/630/417
f 327/598/402 342/624/413 345/631/416
f 341/627/412 340/632/414 343/633/417 344/628/415
f 345/629/416 344/628/415 347/634/418 348/635/419
f 343/630/417 323/596/400 346/636/420
f 327/598/402 345/631/416 348/637/419
f 344/628/415 343/633/417 346/638/420 347/634/418
f 347/634/418 346/638/420 349/639/421 350/640/422
f 348/635/419 347/634/418 350/640/422 351/641/423
f 346/636/420 323/596/400 349/642/421
f 327/598/402 348/637/419 351/643/423
f 327/598/402 351/643/423 354/644/424
f 350/645/422 349/646/421 352/647/425 353/648/426
f 351/649/423 350/645/422 353/648/426 354/650/424
f 349/642/421 323/596/400 352/651/425
f 327/598/402 354/644/424 326/599/395
f 353/648/426 352/647/425 324/652/399 325/653/396
f 354/650/424 353/648/426 325/653/396 326/654/395
f 352/651/425 323/596/400 324/595/399
f 359/655/427 358/656/428 362/657/429
f 357/658/430 356/659/431 360/660/432 361/661/433
f 358/662/428 357/658/430 361/661/433 362/663/429
f 356/664/431 355/665/434 360/666/432
f 359/655/427 362/657/429 365/667/435
f 361/661/433 360/660/432 363/668/436 364/669/437
f 362/663/429 361/661/433 364/669/437 365/670/435
f 360/666/432 355/665/434 363/671/436
f 359/655/427 365/667/435 368/672/438
f 364/673/437 363/674/436 366/675/439 367/676/440
f 365/677/435 364/673/437 367/676/440 368/678/438
f 363/671/436 355/665/434 366/679/439
f 359/680/427 368/678/438 371/681/441
f 367/676/440 366/675/439 369/682/442 370/683/443
f 368/678/438 367/676/440 370/683/443 371/681/441
f 366/679/439 355/665/434 369/684/442
f 369/684/442 355/665/434 372/685/444
f 359/655/427 371/686/441 374/687/445
f 370/688/443 369/689/442 372/690/444 373/691/446
f 371/681/441 370/683/443 373/692/446 374/693/445
f 374/694/445 373/691/446 376/695/447 377/696/448
f 372/685/444 355/665/434 375/697/449
f 359/655/427 374/687/445 377/698/448
f 373/691/446 372/690/444 375/699/449 376/695/447
f 377/696/448 376/695/447 379/700/450 380/701/451
f 375/697/449 355/665/434 378/702/452
f 359/655/427 377/698/448 380/703/451
f 376/695/447 375/699/449 378/704/452 379/700/450
f 380/705/451 379/706/450 382/707/453 383/708/454
f 378/702/452 355/665/434 381/709/455
f 359/655/427 380/703/451 383/710/454
f 379/706/450 378/711/452 381/712/455 382/707/453
f 383/708/454 382/707/453 385/713/456 386/714/457
f 381/712/455 355/715/434 384/716/458
f 359/655/427 383/710/454 386/717/457
f 382/707/453 381/712/455 384/716/458 385/713/456
f 386/718/457 385/719/456 357/658/430 358/662/428
f 384/720/458 355/665/434 356/664/431
f 359/655/427 386/717/457 358/656/428
f 385/713/456 384/716/458 356/721/431 357/722/430
s 0
f 387/723/459 388/724/460 389/725/461
f 390/726/462 391/727/463 392/728/464
f 393/729/465 394/730/466 395/731/467
f 396/732/468 397/733/469 398/734/470
f 399/735/471 400/736/472 401/737/473
f 402/738/474 403/739/475 404/740/476
f 405/741/477 406/742/478 407/743/479
f 408/744/480 409/745/481 410/746/482
f 393/729/483 387/723/484 389/725/485 394/730/486
f 388/724/487 390/726/488 392/728/489 389/725/490
f 391/727/491 396/732/492 398/734/493 392/728/494
f 397/733/495 395/731/496 394/730/497 398/734/498
f 405/747/499 393/748/500 395/749/501 406/750/502
f 396/751/503 408/752/504 410/753/505 397/754/506
f 409/745/507 407/743/508 406/742/509 410/746/510
f 399/735/511 405/741/512 407/743/513 400/736/514
f 408/744/515 402/738/516 404/740/517 409/745/518
f 403/739/519 401/737/520 400/736/521 404/740/522
f 387/755/523 399/756/524 401/757/525 388/758/526
f 402/759/527 391/760/528 390/761/529 403/762/530
f 393/748/531 405/747/532 399/756/533 387/755/534
f 389/725/535 392/728/536 398/734/537 394/730/538
f 401/763/539 403/764/540 390/765/541 388/766/542
f 408/752/543 396/751/544 391/760/545 402/759/546
f 395/767/547 397/768/548 410/769/549 406/770/550
f 407/743/551 409/745/552 404/740/553 400/736/554
s 1
f 414/771/555 413/772/556 418/773/557 419/774/558
f 412/775/559 411/776/274 417/777/560
f 415/778/561 414/771/555 419/774/558 420/779/562
f 413/772/556 412/780/559 417/781/560 418/773/557
f 416/782/278 415/783/561 420/784/562
f 416/782/278 420/784/562 424/785/563
f 419/774/558 418/773/557 422/786/564 423/787/565
f 417/777/560 411/776/274 421/788/566
f 420/779/562 419/774/558 423/787/565 424/789/563
f 418/773/557 417/781/560 421/790/566 422/786/564
f 416/782/278 424/785/563 428/791/567
f 423/792/565 422/793/564 426/794/568 427/795/569
f 421/788/566 411/776/274 425/796/570
f 424/797/563 423/792/565 427/795/569 428/798/567
f 422/793/564 421/799/566 425/800/570 426/794/568
f 416/782/278 428/791/567 432/801/571
f 427/795/569 426/794/568 430/802/572 431/803/573
f 425/796/570 411/776/274 429/804/574
f 428/798/567 427/795/569 431/803/573 432/805/571
f 426/794/568 425/800/570 429/806/574 430/802/572
f 416/782/278 432/801/571 436/807/575
f 431/803/573 430/802/572 434/808/576 435/809/577
f 429/804/574 411/776/274 433/810/578
f 432/805/571 431/803/573 435/809/577 436/811/575
f 430/802/572 429/806/574 433/812/578 434/808/576
f 416/782/278 436/807/575 440/813/579
f 435/809/577 434/808/576 438/814/580 439/815/581
f 433/810/578 411/776/274 437/816/582
f 436/811/575 435/809/577 439/815/581 440/817/579
f 434/818/576 433/819/578 437/820/582 438/821/580
f 416/782/278 440/813/579 444/822/583
f 439/823/581 438/821/580 442/824/584 443/825/585
f 437/816/582 411/776/274 441/826/586
f 440/827/579 439/823/581 443/825/585 444/828/583
f 438/821/580 437/820/582 441/829/586 442/824/584
f 416/782/278 444/822/583 448/830/587
f 443/825/585 442/824/584 446/831/588 447/832/589
f 441/826/586 411/776/274 445/833/590
f 444/828/583 443/825/585 447/832/589 448/834/587
f 442/824/584 441/829/586 445/835/590 446/831/588
f 416/782/278 448/830/587 452/836/591
f 447/837/589 446/838/588 450/839/592 451/840/593
f 445/833/590 411/776/274 449/841/594
f 448/842/587 447/837/589 451/840/593 452/843/591
f 446/838/588 445/844/590 449/845/594 450/839/592
f 416/782/278 452/836/591 456/846/595
f 451/840/593 450/839/592 454/847/596 455/848/597
f 449/841/594 411/776/274 453/849/598
f 452/843/591 451/840/593 455/848/597 456/850/595
f 450/839/592 449/845/594 453/851/598 454/847/596
f 416/782/278 456/846/595 460/852/599
f 455/848/597 454/847/596 458/853/600 459/854/601
f 453/849/598 411/776/274 457/855/602
f 456/850/595 455/848/597 459/854/601 460/856/599
f 454/847/596 453/851/598 457/857/602 458/853/600
f 416/782/278 460/852/599 415/783/561
f 459/854/601 458/853/600 413/858/556 414/859/555
f 457/855/602 411/776/274 412/775/559
f 460/860/599 459/861/601 414/771/555 415/778/561
f 458/853/600 457/857/602 412/862/559 413/858/556
f 465/863/603 464/864/604 468/865/605
f 463/866/606 462/867/607 466/868/608 467/869/609
f 464/870/604 463/866/606 467/869/609 468/871/605
f 462/872/607 461/873/610 466/874/608
f 465/863/603 468/865/605 471/875/611
f 467/869/609 466/868/608 469/876/612 470/877/613
f 468/871/605 467/869/609 470/877/613 471/878/611
f 466/874/608 461/873/610 469/879/612
f 465/863/603 471/875/611 474/880/614
f 470/881/613 469/882/612 472/883/615 473/884/616
f 471/878/611 470/877/613 473/885/616 474/886/614
f 469/879/612 461/873/610 472/887/615
f 465/863/603 474/880/614 477/888/617
f 473/884/616 472/883/615 475/889/618 476/890/619
f 474/891/614 473/884/616 476/890/619 477/892/617
f 472/887/615 461/873/610 475/893/618
f 475/893/618 461/873/610 478/894/620
f 465/863/603 477/888/617 480/895/621
f 476/890/619 475/889/618 478/896/620 479/897/622
f 477/892/617 476/890/619 479/897/622 480/898/621
f 480/898/621 479/897/622 482/899/623 483/900/624
f 478/894/620 461/873/610 481/901/625
f 465/863/603 480/895/621 483/902/624
f 479/897/622 478/896/620 481/903/625 482/899/623
f 483/904/624 482/905/623 485/906/626 486/907/627
f 481/901/625 461/873/610 484/908/628
f 465/863/603 483/902/624 486/909/627
f 482/905/623 481/910/625 484/911/628 485/906/626
f 486/907/627 485/906/626 488/912/629 489/913/630
f 484/908/628 461/873/610 487/914/631
f 465/863/603 486/909/627 489/915/630
f 485/906/626 484/911/628 487/916/631 488/912/629
f 489/917/630 488/918/629 491/919/632 492/920/633
f 487/914/631 461/873/610 490/921/634
f 465/863/603 489/915/630 492/922/633
f 488/912/629 487/916/631 490/923/634 491/924/632
f 492/920/633 491/919/632 494/925/635 495/926/636
f 490/921/634 461/873/610 493/927/637
f 465/863/603 492/922/633 495/928/636
f 491/919/632 490/929/634 493/930/637 494/925/635
f 494/925/635 493/930/637 496/931/638 497/932/639
f 495/926/636 494/925/635 497/932/639 498/933/640
f 493/927/637 461/873/610 496/934/638
f 465/863/603 495/928/636 498/935/640
f 465/863/603 498/935/640 464/864/604
f 497/932/639 496/931/638 462/936/607 463/937/606
f 498/933/640 497/932/639 463/937/606 464/938/604
f 496/934/638 461/873/610 462/872/607
f 503/939/641 502/940/642 506/941/643
f 501/942/644 500/943/645 504/944/646 505/945/647
f 502/946/642 501/942/644 505/945/647 506/947/643
f 500/948/645 499/949/648 504/950/646
f 505/951/647 504/952/646 507/953/649 508/954/650
f 506/955/643 505/951/647 508/954/650 509/956/651
f 504/950/646 499/949/648 507/957/649
f 503/939/641 506/941/643 509/958/651
f 503/939/641 509/958/651 512/959/652
f 508/954/650 507/953/649 510/960/653 511/961/654
f 509/956/651 508/954/650 511/961/654 512/962/652
f 507/957/649 499/949/648 510/963/653
f 503/939/641 512/959/652 515/964/655
f 511/961/654 510/960/653 513/965/656 514/966/657
f 512/962/652 511/961/654 514/966/657 515/967/655
f 510/963/653 499/949/648 513/968/656
f 503/939/641 515/964/655 518/969/658
f 514/970/657 513/971/656 516/972/659 517/973/660
f 515/974/655 514/970/657 517/973/660 518/975/658
f 513/968/656 499/949/648 516/976/659
f 503/939/641 518/969/658 521/977/661
f 517/973/660 516/972/659 519/978/662 520/979/663
f 518/975/658 517/973/660 520/979/663 521/980/661
f 516/976/659 499/949/648 519/981/662
f 519/981/662 499/949/648 522/982/664
f 503/939/641 521/977/661 524/983/665
f 520/979/663 519/978/662 522/984/664 523/985/666
f 521/980/661 520/979/663 523/985/666 524/986/665
f 524/987/665 523/988/666 526/989/667 527/990/668
f 522/982/664 499/949/648 525/991/669
f 503/939/641 524/983/665 527/992/668
f 523/988/666 522/993/664 525/994/669 526/989/667
f 527/990/668 526/989/667 529/995/670 530/996/671
f 525/991/669 499/949/648 528/997/672
f 503/939/641 527/992/668 530/998/671
f 526/989/667 525/994/669 528/999/672 529/995/670
f 530/996/671 529/995/670 532/1000/673 533/1001/674
f 528/997/672 499/949/648 531/1002/675
f 503/939/641 530/998/671 533/1003/674
f 529/995/670 528/999/672 531/1004/675 532/1000/673
f 533/1005/674 532/1006/673 535/1007/676 536/1008/677
f 531/1002/675 499/949/648 534/1009/678
f 503/939/641 533/1003/674 536/1010/677
f 532/1006/673 531/1011/675 534/1012/678 535/1007/676
f 536/1008/677 535/1007/676 501/942/644 502/946/642
f 534/1009/678 499/949/648 500/948/645
f 503/939/641 536/1010/677 502/940/642
f 535/1007/676 534/1012/678 500/943/645 501/942/644
f 541/1013/679 540/1014/680 544/1015/681
f 539/1016/682 538/1017/683 542/1018/684 543/1019/685
f 540/1020/680 539/1016/682 543/1019/685 544/1021/681
f 538/1022/683 537/1023/686 542/1024/684
f 541/1013/679 544/1015/681 547/1025/687
f 543/1019/685 542/1018/684 545/1026/688 546/1027/689
f 544/1021/681 543/1019/685 546/1027/689 547/1028/687
f 542/1024/684 537/1023/686 545/1029/688
f 541/1013/679 547/1025/687 550/1030/690
f 546/1031/689 545/1032/688 548/1033/691 549/1034/692
f 547/1035/687 546/1031/689 549/1034/692 550/1036/690
f 545/1029/688 537/1023/686 548/1037/691
f 541/1013/679 550/1030/690 553/1038/693
f 549/1034/692 548/1033/691 551/1039/694 552/1040/695
f 550/1036/690 549/1034/692 552/1040/695 553/1041/693
f 548/1037/691 537/1023/686 551/1042/694
f 551/1042/694 537/1023/686 554/1043/696
f 541/1013/679 553/1038/693 556/1044/697
f 552/1040/695 551/1039/694 554/1045/696 555/1046/698
f 553/1041/693 552/1040/695 555/1046/698 556/1047/697
f 556/1048/697 555/1049/698 558/1050/699 559/1051/700
f 554/1043/696 537/1023/686 557/1052/701
f 541/1013/679 556/1044/697 559/1053/700
f 555/1049/698 554/1054/696 557/1055/701 558/1050/699
f 559/1051/700 558/1050/699 561/1056/702 562/1057/703
f 557/1052/701 537/1023/686 560/1058/704
f 541/1013/679 559/1053/700 562/1059/703
f 558/1050/699 557/1055/701 560/1060/704 561/1056/702
f 562/1061/703 561/1062/702 564/1063/705 565/1064/706
f 560/1058/704 537/1023/686 563/1065/707
f 541/1013/679 562/1059/703 565/1066/706
f 561/1062/702 560/1067/704 563/1068/707 564/1063/705
f 565/1064/706 564/1063/705 567/1069/708 568/1070/709
f 563/1065/707 537/1023/686 566/1071/710
f 541/1013/679 565/1066/706 568/1072/709
f 564/1063/705 563/1068/707 566/1073/710 567/1069/708
f 568/1070/709 567/1069/708 539/1074/682 540/1075/680
f 566/1071/710 537/1023/686 538/1022/683
f 541/1013/679 568/1072/709 540/1014/680
f 567/1069/708 566/1073/710 538/1076/683 539/1074/682
f 572/1077/711 571/1078/712 575/1079/713 576/1080/714
f 570/1081/715 569/1082/716 574/1083/717
f 573/1084/718 572/1085/711 576/1086/714
f 571/1078/712 570/1087/715 574/1088/717 575/1079/713
f 574/1089/717 569/1090/716 577/1091/719
f 573/1084/718 576/1086/714 579/1092/720
f 575/1093/713 574/1089/717 577/1091/719 578/1094/721
f 576/1095/714 575/1093/713 578/1094/721 579/1096/720
f 579/1096/720 578/1094/721 581/1097/722 582/1098/723
f 577/1099/719 569/1082/716 580/1100/724
f 573/1084/718 579/1092/720 582/1101/723
f 578/1094/721 577/1091/719 580/1102/724 581/1097/722
f 582/1103/723 581/1104/722 584/1105/725 585/1106/726
f 580/1100/724 569/1082/716 583/1107/727
f 573/1084/718 582/1101/723 585/1108/726
f 581/1104/722 580/1109/724 583/1110/727 584/1105/725
f 585/1106/726 584/1105/725 587/1111/728 588/1112/729
f 583/1107/727 569/1082/716 586/1113/730
f 573/1084/718 585/1108/726 588/1114/729
f 584/1105/725 583/1110/727 586/1115/730 587/1111/728
f 588/1112/729 587/1111/728 590/1116/731 591/1117/732
f 586/1113/730 569/1082/716 589/1118/733
f 573/1084/718 588/1114/729 591/1119/732
f 587/1111/728 586/1115/730 589/1120/733 590/1116/731
f 591/1121/732 590/1122/731 593/1123/734 594/1124/735
f 589/1118/733 569/1082/716 592/1125/736
f 573/1126/718 591/1121/732 594/1124/735
f 590/1122/731 589/1127/733 592/1128/736 593/1123/734
f 593/1123/734 592/1128/736 595/1129/737 596/1130/738
f 594/1124/735 593/1123/734 596/1130/738 597/1131/739
f 592/1125/736 569/1082/716 595/1132/737
f 573/1084/718 594/1133/735 597/1134/739
f 573/1084/718 597/1134/739 600/1135/740
f 596/1136/738 595/1137/737 598/1138/741 599/1139/742
f 597/1140/739 596/1136/738 599/1139/742 600/1141/740
f 595/1132/737 569/1082/716 598/1142/741
f 573/1084/718 600/1135/740 572/1085/711
f 599/1139/742 598/1138/741 570/1087/715 571/1078/712
f 600/1141/740 599/1139/742 571/1078/712 572/1077/711
f 598/1142/741 569/1082/716 570/1081/715
s 0
f 601/1143/743 602/1144/744 603/1145/745
f 604/1146/746 605/1147/747 606/1148/748
f 607/1149/749 608/1150/750 609/1151/751
f 610/1152/752 611/1153/753 612/1154/754
f 613/1155/755 614/1156/756 615/1157/757
f 616/1158/758 617/1159/759 618/1160/760
f 619/1161/761 620/1162/762 621/1163/763
f 622/1164/764 623/1165/765 624/1166/766
f 607/1149/767 601/1143/768 603/1145/769 608/1150/770
f 602/1144/771 604/1146/772 606/1148/773 603/1145/774
f 605/1147/775 610/1152/776 612/1154/777 606/1148/778
f 611/1153/779 609/1151/780 608/1150/781 612/1154/782
f 619/1167/783 607/1168/784 609/1169/785 620/1170/786
f 610/1171/787 622/1172/788 624/1173/789 611/1174/790
f 623/1165/791 621/1163/792 620/1162/793 624/1166/794
f 613/1155/795 619/1161/796 621/1163/797 614/1156/798
f 622/1164/799 616/1158/800 618/1160/801 623/1165/802
f 617/1159/803 615/1157/804 614/1156/805 618/1160/806
f 601/1175/807 613/1176/808 615/1177/809 602/1178/810
f 616/1179/811 605/1180/812 604/1181/813 617/1182/814
f 607/1168/815 619/1167/816 613/1176/817 601/1175/818
f 603/1145/819 606/1148/820 612/1154/821 608/1150/822
f 615/1183/823 617/1184/824 604/1185/825 602/1186/826
f 622/1172/827 610/1171/828 605/1180/829 616/1179/830
f 609/1187/831 611/1188/832 624/1189/833 620/1190/834
f 621/1163/835 623/1165/836 618/1160/837 614/1156/838
f 625/1191/839 626/1192/840 627/1193/841
f 628/1194/842 629/1195/843 630/1196/844
f 631/1197/845 632/1198/846 633/1199/847
f 634/1200/848 635/1201/849 636/1202/850
f 637/1203/851 638/1204/852 639/1205/853
f 640/1206/854 641/1207/855 642/1208/856
f 643/1209/857 644/1210/858 645/1211/859
f 646/1212/860 647/1213/861 648/1214/862
f 631/1215/863 625/1216/864 627/1217/865 632/1218/866
f 626/1192/867 628/1194/868 630/1196/869 627/1193/870
f 629/1219/871 634/1220/872 636/1221/873 630/1222/874
f 635/1201/875 633/1199/876 632/1198/877 636/1202/878
f 643/1209/879 631/1197/880 633/1199/881 644/1210/882
f 634/1200/883 646/1212/884 648/1214/885 635/1201/886
f 647/1213/887 645/1211/888 644/1210/889 648/1214/890
f 637/1223/891 643/1224/892 645/1225/893 638/1226/894
f 646/1227/895 640/1228/896 642/1229/897 647/1230/898
f 641/1207/899 639/1205/900 638/1204/901 642/1208/902
f 625/1191/903 637/1203/904 639/1205/905 626/1192/906
f 640/1206/907 629/1195/908 628/1194/909 641/1207/910
f 631/1215/911 643/1224/912 637/1223/913 625/1216/914
f 627/1231/915 630/1232/916 636/1233/917 632/1234/918
f 639/1205/919 641/1207/920 628/1194/921 626/1192/922
f 646/1227/923 634/1220/924 629/1219/925 640/1228/926
f 633/1199/927 635/1201/928 648/1214/929 644/1210/930
f 645/1235/931 647/1236/932 642/1237/933 638/1238/934
f 649/1239/935 650/1239/936 651/1239/937
f 652/1240/938 653/1241/939 654/1242/940
f 655/1243/941 656/1244/942 657/1245/943
f 658/1246/944 659/1246/945 660/1246/946
f 661/1247/947 662/1247/948 663/1247/949
f 664/1248/950 665/1249/951 666/1250/952
f 667/1251/953 668/1252/954 669/1253/955
f 670/1254/956 671/1254/957 672/1254/958
f 655/1255/959 649/1256/960 651/1257/961 656/1258/962
f 650/1259/963 652/1240/964 654/1242/965 651/1260/966
f 653/1261/967 658/1262/968 660/1263/969 654/1264/970
f 659/1265/971 657/1245/972 656/1244/973 660/1266/974
f 667/1251/975 655/1243/976 657/1245/977 668/1252/978
f 658/1267/979 670/1268/980 672/1269/981 659/1265/982
f 671/1270/983 669/1253/984 668/1252/985 672/1269/986
f 661/1271/987 667/1272/988 669/1273/989 662/1274/990
f 670/1275/991 664/1276/992 666/1277/993 671/1278/994
f 665/1249/995 663/1279/996 662/1280/997 666/1250/998
f 649/1281/999 661/1282/1000 663/1279/1001 650/1259/1002
f 664/1248/1003 653/1241/1004 652/1240/1005 665/1249/1006
f 655/1255/1007 667/1272/1008 661/1271/1009 649/1256/1010
f 651/1283/1011 654/1284/1012 660/1285/1013 656/1286/1014
f 663/1279/1015 665/1249/1016 652/1240/1017 650/1259/1018
f 670/1275/1019 658/1262/1020 653/1261/1021 664/1276/1022
f 657/1245/1023 659/1265/1024 672/1269/1025 668/1252/1026
f 669/1287/1027 671/1288/1028 666/1289/1029 662/1290/1030
s 1
f 675/1291/1031 674/1292/1032 677/1293/1033
f 674/1292/1032 686/1294/1034 676/1295/1035 677/1293/1033
f 686/1294/1034 673/1296/1036 676/1295/1035
f 675/1297/1031 677/1298/1033 679/1299/1037
f 677/1298/1033 676/1300/1035 678/1301/1038 679/1299/1037
f 676/1300/1035 673/1302/1036 678/1301/1038
f 675/1303/1031 679/1304/1037 681/1305/1039
f 679/1304/1037 678/1306/1038 680/1307/1040 681/1305/1039
f 678/1306/1038 673/1308/1036 680/1307/1040
f 675/1303/1031 681/1305/1039 683/1309/1041
f 681/1305/1039 680/1307/1040 682/1310/1042 683/1309/1041
f 680/1307/1040 673/1308/1036 682/1310/1042
f 675/1311/1031 683/1312/1041 685/1313/1043
f 683/1312/1041 682/1314/1042 684/1315/1044 685/1313/1043
f 682/1314/1042 673/1316/1036 684/1315/1044
f 675/1291/1031 685/1317/1043 674/1292/1032
f 685/1317/1043 684/1318/1044 686/1294/1034 674/1292/1032
f 684/1318/1044 673/1296/1036 686/1294/1034
f 689/1319/1031 688/1320/1032 691/1321/1045
f 688/1320/1032 700/1322/1034 690/1323/1046 691/1321/1045
f 700/1322/1034 687/1324/1036 690/1323/1046
f 689/1325/1031 691/1326/1045 693/1327/1047
f 691/1326/1045 690/1328/1046 692/1329/1038 693/1327/1047
f 690/1328/1046 687/1330/1036 692/1329/1038
f 689/1331/1031 693/1332/1047 695/1333/1039
f 693/1332/1047 692/1334/1038 694/1335/1048 695/1333/1039
f 692/1334/1038 687/1336/1036 694/1335/1048
f 689/1331/1031 695/1333/1039 697/1337/1049
f 695/1333/1039 694/1335/1048 696/1338/1042 697/1337/1049
f 694/1335/1048 687/1336/1036 696/1338/1042
f 689/1339/1031 697/1340/1049 699/1341/1050
f 697/1340/1049 696/1342/1042 698/1343/1051 699/1341/1050
f 696/1342/1042 687/1344/1036 698/1343/1051
f 689/1319/1031 699/1345/1050 688/1320/1032
f 699/1345/1050 698/1346/1051 700/1322/1034 688/1320/1032
f 698/1346/1051 687/1324/1036 700/1322/1034
f 703/1347/1031 702/1348/1032 705/1349/1033
f 702/1348/1032 714/1350/1052 704/1351/1035 705/1349/1033
f 714/1350/1052 701/1352/1036 704/1351/1035
f 703/1353/1031 705/1354/1033 707/1355/1053
f 705/1354/1033 704/1356/1035 706/1357/1038 707/1355/1053
f 704/1356/1035 701/1358/1036 706/1357/1038
f 703/1359/1031 707/1360/1053 709/1361/1039
f 707/1360/1053 706/1362/1038 708/1363/1054 709/1361/1039
f 706/1362/1038 701/1364/1036 708/1363/1054
f 703/1359/1031 709/1361/1039 711/1365/1055
f 709/1361/1039 708/1363/1054 710/1366/1042 711/1365/1055
f 708/1363/1054 701/1364/1036 710/1366/1042
f 703/1367/1031 711/1368/1055 713/1369/1043
f 711/1368/1055 710/1370/1042 712/1371/1044 713/1369/1043
f 710/1370/1042 701/1372/1036 712/1371/1044
f 703/1347/1031 713/1373/1043 702/1348/1032
f 713/1373/1043 712/1374/1044 714/1350/1052 702/1348/1032
f 712/1374/1044 701/1352/1036 714/1350/1052
f 717/1375/1031 716/1376/1056 719/1377/1033
f 716/1376/1056 728/1378/1034 718/1379/1046 719/1377/1033
f 728/1378/1034 715/1380/1036 718/1379/1046
f 717/1381/1031 719/1382/1033 721/1383/1053
f 719/1382/1033 718/1384/1046 720/1385/1057 721/1383/1053
f 718/1384/1046 715/1386/1036 720/1385/1057
f 717/1387/1031 721/1388/1053 723/1389/1039
f 721/1388/1053 720/1390/1057 722/1391/1048 723/1389/1039
f 720/1390/1057 715/1392/1036 722/1391/1048
f 717/1387/1031 723/1389/1039 725/1393/1055
f 723/1389/1039 722/1391/1048 724/1394/1042 725/1393/1055
f 722/1391/1048 715/1392/1036 724/1394/1042
f 717/1395/1031 725/1396/1055 727/1397/1043
f 725/1396/1055 724/1398/1042 726/1399/1051 727/1397/1043
f 724/1398/1042 715/1400/1036 726/1399/1051
f 717/1375/1031 727/1401/1043 716/1376/1056
f 727/1401/1043 726/1402/1051 728/1378/1034 716/1376/1056
f 726/1402/1051 715/1380/1036 728/1378/1034
s 0
f 729/1403/1058 730/1404/1059 731/1405/1060
f 732/1406/1061 733/1407/1062 734/1408/1063
f 735/1409/1064 736/1410/1065 737/1411/1066
f 738/1412/1067 739/1413/1068 740/1414/1069
f 741/1415/1070 742/1416/1071 743/1417/1072
f 744/1418/1073 745/1419/1074 746/1420/1075
f 747/1421/1076 748/1422/1077 749/1423/1078
f 750/1424/1079 751/1425/1080 752/1426/1081
f 735/1427/1082 729/1428/1083 731/1429/1084 736/1430/1085
f 730/1404/1086 732/1406/1087 734/1408/1088 731/1405/1089
f 733/1431/1090 738/1432/1091 740/1433/1092 734/1434/1093
f 739/1413/1094 737/1411/1095 736/1410/1096 740/1414/1097
f 747/1421/1098 735/1409/1099 737/1411/1100 748/1422/1101
f 738/1412/1102 750/1424/1103 752/1426/1104 739/1413/1105
f 751/1425/1106 749/1423/1107 748/1422/1108 752/1426/1109
f 741/1435/1110 747/1436/1111 749/1437/1112 742/1438/1113
f 750/1439/1114 744/1440/1115 746/1441/1116 751/1442/1117
f 745/1419/1118 743/1417/1119 742/1416/1120 746/1420/1121
f 729/1403/1122 741/1415/1123 743/1417/1124 730/1404/1125
f 744/1418/1126 733/1407/1127 732/1406/1128 745/1419/1129
f 735/1427/1130 747/1436/1131 741/1435/1132 729/1428/1133
f 731/1443/1134 734/1444/1135 740/1445/1136 736/1446/1137
f 743/1417/1138 745/1419/1139 732/1406/1140 730/1404/1141
f 750/1439/1142 738/1432/1143 733/1431/1144 744/1440/1145
f 737/1411/1146 739/1413/1147 752/1426/1148 748/1422/1149
f 749/1447/1150 751/1448/1151 746/1449/1152 742/1450/1153
f 753/1451/1154 754/1451/1155 755/1451/1156
f 756/1452/1157 757/1453/1158 758/1454/1159
f 759/1455/1160 760/1456/1161 761/1457/1162
f 762/1458/1163 763/1458/1164 764/1458/1165
f 765/1459/1166 766/1459/1167 767/1459/1168
f 768/1460/1169 769/1461/1170 770/1462/1171
f 771/1463/1172 772/1464/1173 773/1465/1174
f 774/1466/1175 775/1466/1176 776/1466/1177
f 759/1467/1178 753/1468/1179 755/1469/1180 760/1470/1181
f 754/1471/1182 756/1452/1183 758/1454/1184 755/1472/1185
f 757/1473/1186 762/1474/1187 764/1475/1188 758/1476/1189
f 763/1477/1190 761/1457/1191 760/1456/1192 764/1478/1193
f 771/1463/1194 759/1455/1195 761/1457/1196 772/1464/1197
f 762/1479/1198 774/1480/1199 776/1481/1200 763/1477/1201
f 775/1482/1202 773/1465/1203 772/1464/1204 776/1481/1205
f 765/1483/1206 771/1484/1207 773/1485/1208 766/1486/1209
f 774/1487/1210 768/1488/1211 770/1489/1212 775/1490/1213
f 769/1461/1214 767/1491/1215 766/1492/1216 770/1462/1217
f 753/1493/1218 765/1494/1219 767/1491/1220 754/1471/1221
f 768/1460/1222 757/1453/1223 756/1452/1224 769/1461/1225
f 759/1467/1226 771/1484/1227 765/1483/1228 753/1468/1229
f 755/1495/1230 758/1496/1231 764/1497/1232 760/1498/1233
f 767/1491/1234 769/1461/1235 756/1452/1236 754/1471/1237
f 774/1487/1238 762/1474/1239 757/1473/1240 768/1488/1241
f 761/1457/1242 763/1477/1243 776/1481/1244 772/1464/1245
f 773/1499/1246 775/1500/1247 770/1501/1248 766/1502/1249
s 1
f 779/1503/1031 778/1504/1032 781/1505/1033
f 778/1504/1032 790/1506/1034 780/1507/1035 781/1505/1033
f 790/1506/1034 777/1508/1036 780/1507/1035
f 779/1509/1031 781/1510/1033 783/1511/1037
f 781/1510/1033 780/1512/1035 782/1513/1038 783/1511/1037
f 780/1512/1035 777/1514/1036 782/1513/1038
f 779/1515/1031 783/1516/1037 785/1517/1039
f 783/1516/1037 782/1518/1038 784/1519/1040 785/1517/1039
f 782/1518/1038 777/1520/1036 784/1519/1040
f 779/1515/1031 785/1517/1039 787/1521/1041
f 785/1517/1039 784/1519/1040 786/1522/1042 787/1521/1041
f 784/1519/1040 777/1520/1036 786/1522/1042
f 779/1523/1031 787/1524/1041 789/1525/1043
f 787/1524/1041 786/1526/1042 788/1527/1044 789/1525/1043
f 786/1526/1042 777/1528/1036 788/1527/1044
f 779/1503/1031 789/1529/1043 778/1504/1032
f 789/1529/1043 788/1530/1044 790/1506/1034 778/1504/1032
f 788/1530/1044 777/1508/1036 790/1506/1034
f 793/1531/1031 792/1532/1032 795/1533/1045
f 792/1532/1032 804/1534/1034 794/1535/1046 795/1533/1045
f 804/1534/1034 791/1536/1036 794/1535/1046
f 793/1537/1031 795/1538/1045 797/1539/1047
f 795/1538/1045 794/1540/1046 796/1541/1038 797/1539/1047
f 794/1540/1046 791/1542/1036 796/1541/1038
f 793/1543/1031 797/1544/1047 799/1545/1039
f 797/1544/1047 796/1546/1038 798/1547/1048 799/1545/1039
f 796/1546/1038 791/1548/1036 798/1547/1048
f 793/1543/1031 799/1545/1039 801/1549/1049
f 799/1545/1039 798/1547/1048 800/1550/1042 801/1549/1049
f 798/1547/1048 791/1548/1036 800/1550/1042
f 793/1551/1031 801/1552/1049 803/1553/1050
f 801/1552/1049 800/1554/1042 802/1555/1051 803/1553/1050
f 800/1554/1042 791/1556/1036 802/1555/1051
f 793/1531/1031 803/1557/1050 792/1532/1032
f 803/1557/1050 802/1558/1051 804/1534/1034 792/1532/1032
f 802/1558/1051 791/1536/1036 804/1534/1034
f 807/1559/1031 806/1560/1032 809/1561/1033
f 806/1560/1032 818/1562/1052 808/1563/1035 809/1561/1033
f 818/1562/1052 805/1564/1036 808/1563/1035
f 807/1565/1031 809/1566/1033 811/1567/1053
f 809/1566/1033 808/1568/1035 810/1569/1038 811/1567/1053
f 808/1568/1035 805/1570/1036 810/1569/1038
f 807/1571/1031 811/1572/1053 813/1573/1039
f 811/1572/1053 810/1574/1038 812/1575/1054 813/1573/1039
f 810/1574/1038 805/1576/1036 812/1575/1054
f 807/1571/1031 813/1573/1039 815/1577/1055
f 813/1573/1039 812/1575/1054 814/1578/1042 815/1577/1055
f 812/1575/1054 805/1576/1036 814/1578/1042
f 807/1579/1031 815/1580/1055 817/1581/1043
f 815/1580/1055 814/1582/1042 816/1583/1044 817/1581/1043
f 814/1582/1042 805/1584/1036 816/1583/1044
f 807/1559/1031 817/1585/1043 806/1560/1032
f 817/1585/1043 816/1586/1044 818/1562/1052 806/1560/1032
f 816/1586/1044 805/1564/1036 818/1562/1052
f 821/1587/1031 820/1588/1056 823/1589/1033
f 820/1588/1056 832/1590/1034 822/1591/1046 823/1589/1033
f 832/1590/1034 819/1592/1036 822/1591/1046
f 821/1593/1031 823/1594/1033 825/1595/1053
f 823/1594/1033 822/1596/1046 824/1597/1038 825/1595/1053
f 822/1596/1046 819/1598/1036 824/1597/1038
f 821/1599/1031 825/1600/1053 827/1601/1039
f 825/1600/1053 824/1602/1038 826/1603/1048 827/1601/1039
f 824/1602/1038 819/1604/1036 826/1603/1048
f 821/1599/1031 827/1601/1039 829/1605/1055
f 827/1601/1039 826/1603/1048 828/1606/1042 829/1605/1055
f 826/1603/1048 819/1604/1036 828/1606/1042
f 821/1607/1031 829/1608/1055 831/1609/1043
f 829/1608/1055 828/1610/1042 830/1611/1051 831/1609/1043
f 828/1610/1042 819/1612/1036 830/1611/1051
f 821/1587/1031 831/1613/1043 820/1588/1056
f 831/1613/1043 830/1614/1051 832/1590/1034 820/1588/1056
f 830/1614/1051 819/1592/1036 832/1590/1034
s 0
f 833/1615/1250 834/1616/1251 835/1617/1252
f 836/1618/1253 837/1619/1254 838/1620/1255
f 839/1621/1256 840/1622/1257 841/1623/1258
f 842/1624/1259 843/1625/1260 844/1626/1261
f 845/1627/1262 846/1628/1263 847/1629/1264
f 848/1630/1265 849/1631/1266 850/1632/1267
f 851/1633/1268 852/1634/1269 853/1635/1270
f 854/1636/1271 855/1637/1272 856/1638/1273
f 839/1639/1274 833/1640/1275 835/1641/1276 840/1642/1277
f 834/1616/1278 836/1618/1279 838/1620/1280 835/1617/1281
f 837/1643/1282 842/1644/1283 844/1645/1284 838/1646/1285
f 843/1625/1286 841/1623/1287 840/1622/1288 844/1626/1289
f 851/1633/1290 839/1621/1291 841/1623/1292 852/1634/1293
f 842/1624/1294 854/1636/1295 856/1638/1296 843/1625/1297
f 855/1637/1298 853/1635/1299 852/1634/1300 856/1638/1301
f 845/1647/1302 851/1648/1303 853/1649/1304 846/1650/1305
f 854/1651/1306 848/1652/1307 850/1653/1308 855/1654/1309
f 849/1631/1310 847/1629/1311 846/1628/1312 850/1632/1313
f 833/1615/1314 845/1627/1315 847/1629/1316 834/1616/1317
f 848/1630/1318 837/1619/1319 836/1618/1320 849/1631/1321
f 839/1639/1322 851/1648/1323 845/1647/1324 833/1640/1325
f 835/1655/199 838/1656/1326 844/1657/201 840/1658/202
f 847/1629/1327 849/1631/1328 836/1618/1329 834/1616/1330
f 854/1651/1331 842/1644/1332 837/1643/1333 848/1652/1334
f 841/1623/1335 843/1625/1336 856/1638/1337 852/1634/1338
f 853/1659/1339 855/1660/1340 850/1661/217 846/1662/218
f 857/1663/1341 858/1664/1342 859/1665/1343
f 860/1666/1344 861/1667/1345 862/1668/1346
f 863/1669/1347 864/1670/1348 865/1671/1349
f 866/1672/1350 867/1673/1351 868/1674/1352
f 869/1675/1353 870/1676/1354 871/1677/1355
f 872/1678/1356 873/1679/1357 874/1680/1358
f 875/1681/1359 876/1682/1360 877/1683/1361
f 878/1684/1362 879/1685/1363 880/1686/1364
f 863/1687/1365 857/1688/1366 859/1689/1367 864/1690/1368
f 858/1664/1369 860/1666/1370 862/1668/1371 859/1665/1372
f 861/1691/1373 866/1692/1374 868/1693/1375 862/1694/1376
f 867/1673/1377 865/1671/1378 864/1670/1379 868/1674/1380
f 875/1681/1381 863/1669/1382 865/1671/1383 876/1682/1384
f 866/1672/1385 878/1684/1386 880/1686/1387 867/1673/1388
f 879/1685/1389 877/1683/1390 876/1682/1391 880/1686/1392
f 869/1695/1393 875/1696/1394 877/1697/1395 870/1698/1396
f 878/1699/1397 872/1700/1398 874/1701/1399 879/1702/1400
f 873/1679/1401 871/1677/1402 870/1676/1403 874/1680/1404
f 857/1663/1405 869/1675/1406 871/1677/1407 858/1664/1408
f 872/1678/1409 861/1667/1410 860/1666/1411 873/1679/1412
f 863/1687/1413 875/1696/1414 869/1695/1415 857/1688/1416
f 859/1703/1417 862/1704/1418 868/1705/1419 864/1706/1420
f 871/1677/1421 873/1679/1422 860/1666/1423 858/1664/1424
f 878/1699/1425 866/1692/1426 861/1691/1427 872/1700/1428
f 865/1671/1429 867/1673/1430 880/1686/1431 876/1682/1432
f 877/1707/1433 879/1708/1434 874/1709/1435 870/1710/1436
f 881/1711/1437 882/1712/1438 883/1713/1439
f 884/1714/1440 885/1715/1441 886/1716/1442
f 887/1717/1443 888/1718/1444 889/1719/1445
f 890/1720/1446 891/1721/1447 892/1722/1448
f 893/1723/1449 894/1724/1450 895/1725/1451
f 896/1726/1452 897/1727/1453 898/1728/1454
f 899/1729/1455 900/1730/1456 901/1731/1457
f 902/1732/1458 903/1733/1459 904/1734/1460
f 887/1735/1461 881/1736/1462 883/1737/1463 888/1738/1464
f 882/1712/1465 884/1714/1466 886/1716/1467 883/1713/1468
f 885/1739/1469 890/1740/1470 892/1741/1471 886/1742/1472
f 891/1721/1473 889/1719/1474 888/1718/1475 892/1722/1476
f 899/1729/1477 887/1717/1478 889/1719/1479 900/1730/1480
f 890/1720/1481 902/1732/1482 904/1734/1483 891/1721/1484
f 903/1733/1485 901/1731/1486 900/1730/1487 904/1734/1488
f 893/1743/1489 899/1744/1490 901/1745/1491 894/1746/1492
f 902/1747/1493 896/1748/1494 898/1749/1495 903/1750/1496
f 897/1727/1497 895/1725/1498 894/1724/1499 898/1728/1500
f 881/1711/1501 893/1723/1502 895/1725/1503 882/1712/1504
f 896/1726/1505 885/1715/1506 884/1714/1507 897/1727/1508
f 887/1735/1322 899/1744/1509 893/1743/1510 881/1736/1511
f 883/1751/199 886/1752/1326 892/1753/201 888/1754/202
f 895/1725/1327 897/1727/1328 884/1714/1329 882/1712/1330
f 902/1747/1512 890/1740/1513 885/1739/1514 896/1748/1515
f 889/1719/1335 891/1721/1336 904/1734/1337 900/1730/1338
f 901/1755/1339 903/1756/1340 898/1757/217 894/1758/218
f 905/1759/1516 906/1760/1517 907/1761/1518
f 908/1762/1519 909/1763/1520 910/1764/1521
f 911/1765/1522 912/1766/1523 913/1767/1524
f 914/1768/1525 915/1769/1526 916/1770/1527
f 917/1771/1528 918/1772/1529 919/1773/1530
f 920/1774/1531 921/1775/1532 922/1776/1533
f 923/1777/1534 924/1778/1535 925/1779/1536
f 926/1780/1537 927/1781/1538 928/1782/1539
f 911/1783/1540 905/1784/1541 907/1785/1542 912/1786/1543
f 906/1760/1544 908/1762/1545 910/1764/1546 907/1761/1547
f 909/1787/1548 914/1788/1549 916/1789/1550 910/1790/1551
f 915/1769/1552 913/1767/1553 912/1766/1554 916/1770/1555
f 923/1777/1556 911/1765/1557 913/1767/1558 924/1778/1559
f 914/1768/1560 926/1780/1561 928/1782/1562 915/1769/1563
f 927/1781/1564 925/1779/1565 924/1778/1566 928/1782/1567
f 917/1791/1568 923/1792/1569 925/1793/1570 918/1794/1571
f 926/1795/1572 920/1796/1573 922/1797/1574 927/1798/1575
f 921/1775/1576 919/1773/1577 918/1772/1578 922/1776/1579
f 905/1759/1580 917/1771/1581 919/1773/1582 906/1760/1583
f 920/1774/1584 909/1763/1585 908/1762/1586 921/1775/1587
f 911/1783/1413 923/1792/1414 917/1791/1415 905/1784/1416
f 907/1799/1417 910/1800/1418 916/1801/1419 912/1802/1420
f 919/1773/1421 921/1775/1422 908/1762/1423 906/1760/1424
f 926/1795/1588 914/1788/1426 909/1787/1427 920/1796/1428
f 913/1767/1429 915/1769/1430 928/1782/1431 924/1778/1432
f 925/1803/1433 927/1804/1434 922/1805/1435 918/1806/1436
f 929/1807/1589 930/1808/1590 931/1809/1591
f 932/1810/1592 933/1811/1593 934/1812/1594
f 935/1813/1595 936/1814/1596 937/1815/1597
f 938/1816/1598 939/1817/1599 940/1818/1600
f 941/1819/1601 942/1820/1602 943/1821/1603
f 944/1822/1604 945/1823/1605 946/1824/1606
f 947/1825/1607 948/1826/1608 949/1827/1609
f 950/1828/1610 951/1829/1611 952/1830/1612
f 935/1831/1613 929/1832/1614 931/1833/1615 936/1834/1616
f 930/1808/1617 932/1810/1618 934/1812/1619 931/1809/1620
f 933/1835/1621 938/1836/1622 940/1837/1623 934/1838/1624
f 939/1817/1625 937/1815/1626 936/1814/1627 940/1818/1628
f 947/1825/1629 935/1813/1630 937/1815/1631 948/1826/1632
f 938/1816/1633 950/1828/1634 952/1830/1635 939/1817/1636
f 951/1829/1637 949/1827/1638 948/1826/1639 952/1830/1640
f 941/1839/1641 947/1840/1642 949/1841/1643 942/1842/1644
f 950/1843/1645 944/1844/1646 946/1845/1647 951/1846/1648
f 945/1823/1649 943/1821/1650 942/1820/1651 946/1824/1652
f 929/1807/1653 941/1819/1654 943/1821/1655 930/1808/1656
f 944/1822/1657 933/1811/1658 932/1810/1659 945/1823/1660
f 935/1831/1322 947/1840/1509 941/1839/1510 929/1832/1511
f 931/1847/199 934/1848/1326 940/1849/201 936/1850/202
f 943/1821/1327 945/1823/1328 932/1810/1329 930/1808/1330
f 950/1843/1331 938/1836/1513 933/1835/1514 944/1844/1515
f 937/1815/1335 939/1817/1336 952/1830/1337 948/1826/1338
f 949/1851/1339 951/1852/1340 946/1853/217 942/1854/218
f 953/1855/1661 954/1856/1662 955/1857/1663
f 956/1858/1664 957/1859/1665 958/1860/1666
f 959/1861/1667 960/1862/1668 961/1863/1669
f 962/1864/1670 963/1865/1671 964/1866/1672
f 965/1867/1673 966/1868/1674 967/1869/1675
f 968/1870/1676 969/1871/1677 970/1872/1678
f 971/1873/1679 972/1874/1680 973/1875/1681
f 974/1876/1682 975/1877/1683 976/1878/1684
f 959/1879/1685 953/1880/1686 955/1881/1687 960/1882/1688
f 954/1856/1689 956/1858/1690 958/1860/1691 955/1857/1692
f 957/1883/1693 962/1884/1694 964/1885/1695 958/1886/1696
f 963/1865/1697 961/1863/1698 960/1862/1699 964/1866/1700
f 971/1873/1701 959/1861/1702 961/1863/1703 972/1874/1704
f 962/1864/1705 974/1876/1706 976/1878/1707 963/1865/1708
f 975/1877/1709 973/1875/1710 972/1874/1711 976/1878/1712
f 965/1887/1713 971/1888/1714 973/1889/1715 966/1890/1716
f 974/1891/1717 968/1892/1718 970/1893/1719 975/1894/1720
f 969/1871/1721 967/1869/1722 966/1868/1723 970/1872/1724
f 953/1855/1725 965/1867/1726 967/1869/1727 954/1856/1728
f 968/1870/1729 957/1859/1730 956/1858/1731 969/1871/1732
f 959/1879/1413 971/1888/1414 965/1887/1733 953/1880/1734
f 955/1895/1417 958/1896/1418 964/1897/1419 960/1898/1420
f 967/1869/1421 969/1871/1422 956/1858/1423 954/1856/1424
f 974/1891/1588 962/1884/1426 957/1883/1427 968/1892/1428
f 961/1863/1735 963/1865/1430 976/1878/1431 972/1874/1432
f 973/1899/1433 975/1900/1434 970/1901/1435 966/1902/1436
f 977/1903/1736 978/1904/1737 979/1905/1738
f 980/1906/1739 981/1907/1740 982/1908/1741
f 983/1909/1742 984/1910/1743 985/1911/1744
f 986/1912/1745 987/1913/1746 988/1914/1747
f 989/1915/1748 990/1916/1749 991/1917/1750
f 992/1918/1751 993/1919/1752 994/1920/1753
f 995/1921/1754 996/1922/1755 997/1923/1756
f 998/1924/1757 999/1925/1758 1000/1926/1759
f 983/1927/1760 977/1928/1761 979/1929/1762 984/1930/1763
f 978/1904/1764 980/1906/1765 982/1908/1766 979/1905/1767
f 981/1931/1768 986/1932/1769 988/1933/1770 982/1934/1771
f 987/1913/1772 985/1911/1773 984/1910/1774 988/1914/1775
f 995/1921/1776 983/1909/1777 985/1911/1778 996/1922/1779
f 986/1912/1294 998/1924/1295 1000/1926/1780 987/1913/1781
f 999/1925/1782 997/1923/1783 996/1922/1784 1000/1926/1785
f 989/1935/1786 995/1936/1787 997/1937/1788 990/1938/1789
f 998/1939/1790 992/1940/1791 994/1941/1792 999/1942/1793
f 993/1919/1794 991/1917/1795 990/1916/1796 994/1920/1797
f 977/1903/1798 989/1915/1799 991/1917/1800 978/1904/1801
f 992/1918/1802 981/1907/1803 980/1906/1804 993/1919/1805
f 983/1927/1322 995/1936/1509 989/1935/1324 977/1928/1325
f 979/1943/199 982/1944/1326 988/1945/201 984/1946/202
f 991/1917/1327 993/1919/1328 980/1906/1329 978/1904/1330
f 998/1939/1331 986/1932/1513 981/1931/1514 992/1940/1515
f 985/1911/1335 987/1913/1336 1000/1926/1337 996/1922/1338
f 997/1947/1339 999/1948/1340 994/1949/217 990/1950/218
f 1001/1951/1806 1002/1952/1807 1003/1953/1808
f 1004/1954/1809 1005/1955/1810 1006/1956/1811
f 1007/1957/1812 1008/1958/1813 1009/1959/1814
f 1010/1960/1815 1011/1961/1816 1012/1962/1817
f 1013/1963/1818 1014/1964/1819 1015/1965/1820
f 1016/1966/1821 1017/1967/1822 1018/1968/1823
f 1019/1969/1824 1020/1970/1825 1021/1971/1826
f 1022/1972/1827 1023/1973/1828 1024/1974/1829
f 1007/1975/1830 1001/1976/1831 1003/1977/1832 1008/1978/1833
f 1002/1952/1834 1004/1954/1835 1006/1956/1836 1003/1953/1837
f 1005/1979/1838 1010/1980/1839 1012/1981/1840 1006/1982/1841
f 1011/1961/1842 1009/1959/1843 1008/1958/1844 1012/1962/1845
f 1019/1969/1846 1007/1957/1847 1009/1959/1848 1020/1970/1849
f 1010/1960/1850 1022/1972/1851 1024/1974/1852 1011/1961/1853
f 1023/1973/1854 1021/1971/1855 1020/1970/1856 1024/1974/1857
f 1013/1983/1858 1019/1984/1859 1021/1985/1860 1014/1986/1861
f 1022/1987/1862 1016/1988/1863 1018/1989/1864 1023/1990/1865
f 1017/1967/1866 1015/1965/1867 1014/1964/1868 1018/1968/1869
f 1001/1951/1870 1013/1963/1871 1015/1965/1872 1002/1952/1873
f 1016/1966/1874 1005/1955/1875 1004/1954/1876 1017/1967/1877
f 1007/1975/1878 1019/1984/1879 1013/1983/1880 1001/1976/1881
f 1003/1991/1417 1006/1992/1418 1012/1993/1419 1008/1994/1420
f 1015/1965/1421 1017/1967/1422 1004/1954/1423 1002/1952/1424
f 1022/1987/1588 1010/1980/1426 1005/1979/1427 1016/1988/1428
f 1009/1959/1735 1011/1961/1430 1024/1974/1431 1020/1970/1432
f 1021/1995/1433 1023/1996/1434 1018/1997/1435 1014/1998/1436
f 1025/1999/1882 1026/2000/1883 1027/2001/1884
f 1028/2002/1885 1029/2003/1886 1030/2004/1887
f 1031/2005/1888 1032/2006/1889 1033/2007/1890
f 1034/2008/1891 1035/2009/1892 1036/2010/1893
f 1037/2011/1894 1038/2012/1895 1039/2013/1896
f 1040/2014/1897 1041/2015/1898 1042/2016/1899
f 1043/2017/1900 1044/2018/1901 1045/2019/1902
f 1046/2020/1903 1047/2021/1904 1048/2022/1905
f 1031/2023/1906 1025/2024/1907 1027/2025/1908 1032/2026/1909
f 1026/2000/1910 1028/2002/1911 1030/2004/1912 1027/2001/1913
f 1029/2027/1914 1034/2028/1915 1036/2029/1916 1030/2030/1917
f 1035/2009/1918 1033/2007/1919 1032/2006/1920 1036/2010/1921
f 1043/2017/1629 1031/2005/1630 1033/2007/1631 1044/2018/1632
f 1034/2008/1922 1046/2020/1923 1048/2022/1924 1035/2009/1925
f 1047/2021/1926 1045/2019/1927 1044/2018/1928 1048/2022/1929
f 1037/2031/1930 1043/2032/1931 1045/2033/1932 1038/2034/1933
f 1046/2035/1934 1040/2036/1935 1042/2037/1936 1047/2038/1937
f 1041/2015/1938 1039/2013/1939 1038/2012/1940 1042/2016/1941
f 1025/1999/1501 1037/2011/1502 1039/2013/1942 1026/2000/1943
f 1040/2014/1657 1029/2003/1658 1028/2002/1659 1041/2015/1660
f 1031/2023/1322 1043/2032/1509 1037/2031/1510 1025/2024/1511
f 1027/2039/199 1030/2040/1326 1036/2041/201 1032/2042/202
f 1039/2013/1327 1041/2015/1328 1028/2002/1329 1026/2000/1330
f 1046/2035/1512 1034/2028/1513 1029/2027/1514 1040/2036/1515
f 1033/2007/1335 1035/2009/1336 1048/2022/1337 1044/2018/1338
f 1045/2043/1339 1047/2044/1340 1042/2045/217 1038/2046/218
f 1049/2047/1944 1050/2048/1945 1051/2049/1946
f 1052/2050/1947 1053/2051/1948 1054/2052/1949
f 1055/2053/1950 1056/2054/1951 1057/2055/1952
f 1058/2056/1953 1059/2057/1954 1060/2058/1955
f 1061/2059/1956 1062/2060/1957 1063/2061/1958
f 1064/2062/1959 1065/2063/1960 1066/2064/1961
f 1067/2065/1962 1068/2066/1963 1069/2067/1964
f 1070/2068/1965 1071/2069/1966 1072/2070/1967
f 1055/2071/1968 1049/2072/1969 1051/2073/1970 1056/2074/1971
f 1050/2048/1972 1052/2050/1973 1054/2052/1974 1051/2049/1975
f 1053/2075/1976 1058/2076/1977 1060/2077/1978 1054/2078/1979
f 1059/2057/1980 1057/2055/1981 1056/2054/1982 1060/2058/1983
f 1067/2065/1984 1055/2053/1985 1057/2055/1986 1068/2066/1987
f 1058/2056/1988 1070/2068/1989 1072/2070/1990 1059/2057/1991
f 1071/2069/1992 1069/2067/1993 1068/2066/1994 1072/2070/1995
f 1061/2079/1996 1067/2080/1997 1069/2081/1998 1062/2082/1999
f 1070/2083/2000 1064/2084/2001 1066/2085/2002 1071/2086/2003
f 1065/2063/2004 1063/2061/2005 1062/2060/2006 1066/2064/2007
f 1049/2047/2008 1061/2059/2009 1063/2061/2010 1050/2048/2011
f 1064/2062/2012 1053/2051/2013 1052/2050/2014 1065/2063/2015
f 1055/2071/1878 1067/2080/1879 1061/2079/1733 1049/2072/1734
f 1051/2087/1417 1054/2088/1418 1060/2089/1419 1056/2090/1420
f 1063/2061/1421 1065/2063/1422 1052/2050/1423 1050/2048/1424
f 1070/2083/1588 1058/2076/1426 1053/2075/1427 1064/2084/1428
f 1057/2055/1429 1059/2057/1430 1072/2070/1431 1068/2066/1432
f 1069/2091/1433 1071/2092/1434 1066/2093/1435 1062/2094/1436
s 1
f 1074/2095/2016 1073/2096/2017 1078/2097/2018
f 1077/2098/2019 1076/2099/2020 1080/2100/2021
f 1075/2101/2022 1074/2102/2016 1078/2103/2018 1079/2104/2023
f 1076/2105/2020 1075/2101/2022 1079/2104/2023 1080/2106/2021
f 1077/2098/2019 1080/2100/2021 1083/2107/2024
f 1079/2104/2023 1078/2103/2018 1081/2108/2025 1082/2109/2026
f 1080/2106/2021 1079/2104/2023 1082/2109/2026 1083/2110/2024
f 1078/2097/2018 1073/2096/2017 1081/2111/2025
f 1077/2098/2019 1083/2107/2024 1086/2112/2027
f 1082/2113/2026 1081/2114/2025 1084/2115/2028 1085/2116/2029
f 1083/2117/2024 1082/2113/2026 1085/2116/2029 1086/2118/2027
f 1081/2111/2025 1073/2096/2017 1084/2119/2028
f 1084/2119/2028 1073/2096/2017 1087/2120/2030
f 1077/2098/2019 1086/2112/2027 1089/2121/2031
f 1085/2116/2029 1084/2115/2028 1087/2122/2030 1088/2123/2032
f 1086/2118/2027 1085/2116/2029 1088/2123/2032 1089/2124/2031
f 1089/2125/2031 1088/2126/2032 1091/2127/2033 1092/2128/2034
f 1087/2120/2030 1073/2096/2017 1090/2129/2035
f 1077/2098/2019 1089/2121/2031 1092/2130/2034
f 1088/2126/2032 1087/2131/2030 1090/2132/2035 1091/2127/2033
f 1092/2128/2034 1091/2127/2033 1094/2133/2036 1095/2134/2037
f 1090/2129/2035 1073/2096/2017 1093/2135/2038
f 1077/2098/2019 1092/2130/2034 1095/2136/2037
f 1091/2127/2033 1090/2132/2035 1093/2137/2038 1094/2133/2036
f 1095/2138/2037 1094/2139/2036 1097/2140/2039 1098/2141/2040
f 1093/2135/2038 1073/2096/2017 1096/2142/2041
f 1077/2098/2019 1095/2136/2037 1098/2143/2040
f 1094/2139/2036 1093/2144/2038 1096/2145/2041 1097/2140/2039
f 1098/2141/2040 1097/2140/2039 1075/2146/2022 1076/2147/2020
f 1096/2142/2041 1073/2096/2017 1074/2095/2016
f 1077/2098/2019 1098/2143/2040 1076/2099/2020
f 1097/2140/2039 1096/2145/2041 1074/2148/2016 1075/2146/2022
f 1103/2149/2042 1102/2150/2043 1106/2151/2044
f 1101/2152/2045 1100/2153/2046 1104/2154/2047 1105/2155/2048
f 1102/2156/2043 1101/2152/2045 1105/2155/2048 1106/2157/2044
f 1100/2158/2046 1099/2159/2049 1104/2160/2047
f 1106/2157/2044 1105/2155/2048 1108/2161/2050 1109/2162/2051
f 1104/2160/2047 1099/2159/2049 1107/2163/2052
f 1103/2149/2042 1106/2151/2044 1109/2164/2051
f 1105/2165/2048 1104/2166/2047 1107/2167/2052 1108/2168/2050
f 1108/2168/2050 1107/2167/2052 1110/2169/2053 1111/2170/2054
f 1109/2171/2051 1108/2168/2050 1111/2170/2054 1112/2172/2055
f 1107/2163/2052 1099/2159/2049 1110/2173/2053
f 1103/2149/2042 1109/2164/2051 1112/2174/2055
f 1103/2149/2042 1112/2174/2055 1115/2175/2056
f 1111/2170/2054 1110/2169/2053 1113/2176/2057 1114/2177/2058
f 1112/2172/2055 1111/2170/2054 1114/2177/2058 1115/2178/2056
f 1110/2173/2053 1099/2159/2049 1113/2179/2057
f 1103/2149/2042 1115/2175/2056 1118/2180/2059
f 1114/2181/2058 1113/2182/2057 1116/2183/2060 1117/2184/2061
f 1115/2185/2056 1114/2181/2058 1117/2184/2061 1118/2186/2059
f 1113/2179/2057 1099/2159/2049 1116/2187/2060
f 1103/2149/2042 1118/2180/2059 1121/2188/2062
f 1117/2184/2061 1116/2183/2060 1119/2189/2063 1120/2190/2064
f 1118/2191/2059 1117/2192/2061 1120/2193/2064 1121/2194/2062
f 1116/2187/2060 1099/2159/2049 1119/2195/2063
f 1103/2149/2042 1121/2188/2062 1124/2196/2065
f 1120/2193/2064 1119/2197/2063 1122/2198/2066 1123/2199/2067
f 1121/2194/2062 1120/2193/2064 1123/2199/2067 1124/2200/2065
f 1119/2195/2063 1099/2159/2049 1122/2201/2066
f 1122/2201/2066 1099/2159/2049 1100/2158/2046
f 1103/2149/2042 1124/2196/2065 1102/2150/2043
f 1123/2199/2067 1122/2198/2066 1100/2202/2046 1101/2203/2045
f 1124/2200/2065 1123/2199/2067 1101/2203/2045 1102/2204/2043
f 1128/2205/2068 1127/2206/2069 1131/2207/2070 1132/2208/2071
f 1126/2209/2072 1125/2210/2073 1130/2211/2074
f 1129/2212/2075 1128/2213/2068 1132/2214/2071
f 1127/2206/2069 1126/2215/2072 1130/2216/2074 1131/2207/2070
f 1132/2208/2071 1131/2207/2070 1134/2217/2076 1135/2218/2077
f 1130/2211/2074 1125/2210/2073 1133/2219/2078
f 1129/2212/2075 1132/2214/2071 1135/2220/2077
f 1131/2207/2070 1130/2216/2074 1133/2221/2078 1134/2217/2076
f 1135/2222/2077 1134/2223/2076 1137/2224/2079 1138/2225/2080
f 1133/2219/2078 1125/2210/2073 1136/2226/2081
f 1129/2212/2075 1135/2220/2077 1138/2227/2080
f 1134/2217/2076 1133/2221/2078 1136/2228/2081 1137/2229/2079
f 1138/2225/2080 1137/2224/2079 1140/2230/2082 1141/2231/2083
f 1136/2226/2081 1125/2210/2073 1139/2232/2084
f 1129/2212/2075 1138/2227/2080 1141/2233/2083
f 1137/2224/2079 1136/2234/2081 1139/2235/2084 1140/2230/2082
f 1141/2236/2083 1140/2237/2082 1143/2238/2085 1144/2239/2086
f 1139/2232/2084 1125/2210/2073 1142/2240/2087
f 1129/2212/2075 1141/2233/2083 1144/2241/2086
f 1140/2237/2082 1139/2242/2084 1142/2243/2087 1143/2238/2085
f 1144/2239/2086 1143/2238/2085 1146/2244/2088 1147/2245/2089
f 1142/2240/2087 1125/2210/2073 1145/2246/2090
f 1129/2212/2075 1144/2241/2086 1147/2247/2089
f 1143/2238/2085 1142/2243/2087 1145/2248/2090 1146/2244/2088
f 1146/2249/2088 1145/2250/2090 1148/2251/2091 1149/2252/2092
f 1147/2245/2089 1146/2244/2088 1149/2253/2092 1150/2254/2093
f 1145/2246/2090 1125/2210/2073 1148/2255/2091
f 1129/2212/2075 1147/2247/2089 1150/2256/2093
f 1129/2212/2075 1150/2256/2093 1128/2213/2068
f 1149/2252/2092 1148/2251/2091 1126/2257/2072 1127/2258/2069
f 1150/2259/2093 1149/2252/2092 1127/2258/2069 1128/2260/2068
f 1148/2255/2091 1125/2210/2073 1126/2209/2072
f 1155/2261/2094 1154/2262/2095 1158/2263/2096
f 1153/2264/2097 1152/2265/2098 1156/2266/2099 1157/2267/2100
f 1154/2268/2095 1153/2264/2097 1157/2267/2100 1158/2269/2096
f 1152/2270/2098 1151/2271/2101 1156/2272/2099
f 1155/2261/2094 1158/2263/2096 1161/2273/2102
f 1157/2267/2100 1156/2266/2099 1159/2274/2103 1160/2275/2104
f 1158/2269/2096 1157/2267/2100 1160/2275/2104 1161/2276/2102
f 1156/2272/2099 1151/2271/2101 1159/2277/2103
f 1155/2261/2094 1161/2273/2102 1164/2278/2105
f 1160/2275/2104 1159/2274/2103 1162/2279/2106 1163/2280/2107
f 1161/2276/2102 1160/2275/2104 1163/2280/2107 1164/2281/2105
f 1159/2277/2103 1151/2271/2101 1162/2282/2106
f 1155/2261/2094 1164/2278/2105 1167/2283/2108
f 1163/2284/2107 1162/2285/2106 1165/2286/2109 1166/2287/2110
f 1164/2288/2105 1163/2284/2107 1166/2287/2110 1167/2289/2108
f 1162/2282/2106 1151/2271/2101 1165/2290/2109
f 1165/2290/2109 1151/2271/2101 1168/2291/2111
f 1155/2261/2094 1167/2283/2108 1170/2292/2112
f 1166/2293/2110 1165/2294/2109 1168/2295/2111 1169/2296/2113
f 1167/2297/2108 1166/2293/2110 1169/2296/2113 1170/2298/2112
f 1170/2298/2112 1169/2296/2113 1172/2299/2114 1173/2300/2115
f 1168/2291/2111 1151/2271/2101 1171/2301/2116
f 1155/2261/2094 1170/2292/2112 1173/2302/2115
f 1169/2296/2113 1168/2295/2111 1171/2303/2116 1172/2299/2114
f 1173/2300/2115 1172/2299/2114 1175/2304/2117 1176/2305/2118
f 1171/2301/2116 1151/2271/2101 1174/2306/2119
f 1155/2261/2094 1173/2302/2115 1176/2307/2118
f 1172/2299/2114 1171/2303/2116 1174/2308/2119 1175/2304/2117
f 1176/2309/2118 1175/2310/2117 1153/2311/2097 1154/2312/2095
f 1174/2306/2119 1151/2271/2101 1152/2270/2098
f 1155/2261/2094 1176/2307/2118 1154/2262/2095
f 1175/2310/2117 1174/2313/2119 1152/2314/2098 1153/2311/2097
f 1181/2315/2120 1180/2316/2121 1184/2317/2122
f 1179/2318/2123 1178/2319/2124 1182/2320/2125 1183/2321/2126
f 1180/2322/2121 1179/2318/2123 1183/2321/2126 1184/2323/2122
f 1178/2324/2124 1177/2325/2127 1182/2326/2125
f 1181/2315/2120 1184/2317/2122 1187/2327/2128
f 1183/2328/2126 1182/2329/2125 1185/2330/2129 1186/2331/2130
f 1184/2332/2122 1183/2328/2126 1186/2331/2130 1187/2333/2128
f 1182/2326/2125 1177/2325/2127 1185/2334/2129
f 1181/2315/2120 1187/2327/2128 1190/2335/2131
f 1186/2331/2130 1185/2330/2129 1188/2336/2132 1189/2337/2133
f 1187/2333/2128 1186/2331/2130 1189/2337/2133 1190/2338/2131
f 1185/2334/2129 1177/2325/2127 1188/2339/2132
f 1181/2315/2120 1190/2335/2131 1193/2340/2134
f 1189/2341/2133 1188/2342/2132 1191/2343/2135 1192/2344/2136
f 1190/2345/2131 1189/2341/2133 1192/2344/2136 1193/2346/2134
f 1188/2339/2132 1177/2325/2127 1191/2347/2135
f 1191/2347/2135 1177/2325/2127 1194/2348/2137
f 1181/2315/2120 1193/2340/2134 1196/2349/2138
f 1192/2344/2136 1191/2343/2135 1194/2350/2137 1195/2351/2139
f 1193/2346/2134 1192/2344/2136 1195/2351/2139 1196/2352/2138
f 1196/2353/2138 1195/2354/2139 1198/2355/2140 1199/2356/2141
f 1194/2348/2137 1177/2325/2127 1197/2357/2142
f 1181/2315/2120 1196/2349/2138 1199/2358/2141
f 1195/2354/2139 1194/2359/2137 1197/2360/2142 1198/2355/2140
f 1199/2356/2141 1198/2355/2140 1201/2361/2143 1202/2362/2144
f 1197/2357/2142 1177/2325/2127 1200/2363/2145
f 1181/2315/2120 1199/2358/2141 1202/2364/2144
f 1198/2355/2140 1197/2360/2142 1200/2365/2145 1201/2361/2143
f 1202/2366/2144 1201/2367/2143 1179/2318/2123 1180/2322/2121
f 1200/2363/2145 1177/2325/2127 1178/2324/2124
f 1181/2315/2120 1202/2364/2144 1180/2316/2121
f 1201/2367/2143 1200/2368/2145 1178/2319/2124 1179/2318/2123
f 1207/2369/2146 1206/2370/2147 1210/2371/2148
f 1205/2372/2149 1204/2373/2150 1208/2374/2151 1209/2375/2152
f 1206/2376/2147 1205/2372/2149 1209/2375/2152 1210/2377/2148
f 1204/2378/2150 1203/2379/2153 1208/2380/2151
f 1207/2369/2146 1210/2371/2148 1213/2381/2154
f 1209/2375/2152 1208/2374/2151 1211/2382/2155 1212/2383/2156
f 1210/2377/2148 1209/2375/2152 1212/2383/2156 1213/2384/2154
f 1208/2380/2151 1203/2379/2153 1211/2385/2155
f 1207/2369/2146 1213/2381/2154 1216/2386/2157
f 1212/2387/2156 1211/2388/2155 1214/2389/2158 1215/2390/2159
f 1213/2391/2154 1212/2387/2156 1215/2390/2159 1216/2392/2157
f 1211/2385/2155 1203/2379/2153 1214/2393/2158
f 1207/2369/2146 1216/2386/2157 1219/2394/2160
f 1215/2390/2159 1214/2389/2158 1217/2395/2161 1218/2396/2162
f 1216/2392/2157 1215/2390/2159 1218/2396/2162 1219/2397/2160
f 1214/2393/2158 1203/2379/2153 1217/2398/2161
f 1217/2398/2161 1203/2379/2153 1220/2399/2163
f 1207/2369/2146 1219/2394/2160 1222/2400/2164
f 1218/2401/2162 1217/2402/2161 1220/2403/2163 1221/2404/2165
f 1219/2405/2160 1218/2401/2162 1221/2404/2165 1222/2406/2164
f 1222/2406/2164 1221/2404/2165 1224/2407/2166 1225/2408/2167
f 1220/2399/2163 1203/2379/2153 1223/2409/2168
f 1207/2369/2146 1222/2400/2164 1225/2410/2167
f 1221/2404/2165 1220/2403/2163 1223/2411/2168 1224/2407/2166
f 1225/2412/2167 1224/2413/2166 1227/2414/2169 1228/2415/2170
f 1223/2409/2168 1203/2379/2153 1226/2416/2171
f 1207/2369/2146 1225/2410/2167 1228/2417/2170
f 1224/2413/2166 1223/2418/2168 1226/2419/2171 1227/2414/2169
f 1228/2415/2170 1227/2414/2169 1205/2420/2149 1206/2421/2147
f 1226/2416/2171 1203/2379/2153 1204/2378/2150
f 1207/2369/2146 1228/2417/2170 1206/2370/2147
f 1227/2414/2169 1226/2419/2171 1204/2422/2150 1205/2420/2149
f 1231/2423/2172 1230/2424/2173 1234/2425/2174 1235/2426/2175
f 1232/2427/2176 1231/2423/2172 1235/2426/2175 1236/2428/2177
f 1230/2429/2173 1229/2430/2178 1234/2431/2174
f 1233/2432/2179 1232/2433/2176 1236/2434/2177
f 1236/2435/2177 1235/2436/2175 1238/2437/2180 1239/2438/2181
f 1234/2431/2174 1229/2430/2178 1237/2439/2182
f 1233/2432/2179 1236/2434/2177 1239/2440/2181
f 1235/2436/2175 1234/2441/2174 1237/2442/2182 1238/2437/2180
f 1239/2443/2181 1238/2444/2180 1241/2445/2183 1242/2446/2184
f 1237/2439/2182 1229/2430/2178 1240/2447/2185
f 1233/2432/2179 1239/2440/2181 1242/2448/2184
f 1238/2444/2180 1237/2449/2182 1240/2450/2185 1241/2445/2183
f 1241/2445/2183 1240/2450/2185 1243/2451/2186 1244/2452/2187
f 1242/2446/2184 1241/2445/2183 1244/2452/2187 1245/2453/2188
f 1240/2447/2185 1229/2430/2178 1243/2454/2186
f 1233/2432/2179 1242/2448/2184 1245/2455/2188
f 1233/2432/2179 1245/2455/2188 1248/2456/2189
f 1244/2452/2187 1243/2451/2186 1246/2457/2190 1247/2458/2191
f 1245/2453/2188 1244/2452/2187 1247/2458/2191 1248/2459/2189
f 1243/2454/2186 1229/2430/2178 1246/2460/2190
f 1233/2432/2179 1248/2456/2189 1251/2461/2192
f 1247/2462/2191 1246/2463/2190 1249/2464/2193 1250/2465/2194
f 1248/2466/2189 1247/2462/2191 1250/2465/2194 1251/2467/2192
f 1246/2460/2190 1229/2430/2178 1249/2468/2193
f 1233/2432/2179 1251/2461/2192 1254/2469/2195
f 1250/2470/2194 1249/2471/2193 1252/2472/2196 1253/2473/2197
f 1251/2474/2192 1250/2470/2194 1253/2473/2197 1254/2475/2195
f 1249/2468/2193 1229/2430/2178 1252/2476/2196
f 1233/2432/2179 1254/2469/2195 1232/2433/2176
f 1253/2473/2197 1252/2472/2196 1230/2424/2173 1231/2423/2172
f 1254/2475/2195 1253/2473/2197 1231/2423/2172 1232/2427/2176
f 1252/2476/2196 1229/2430/2178 1230/2429/2173
f 1258/2477/2198 1257/2478/2199 1261/2479/2200 1262/2480/2201
f 1256/2481/2202 1255/2482/2203 1260/2483/2204
f 1259/2484/2205 1258/2485/2198 1262/2486/2201
f 1257/2478/2199 1256/2487/2202 1260/2488/2204 1261/2479/2200
f 1260/2483/2204 1255/2482/2203 1263/2489/2206
f 1259/2484/2205 1262/2486/2201 1265/2490/2207
f 1261/2479/2200 1260/2488/2204 1263/2491/2206 1264/2492/2208
f 1262/2480/2201 1261/2479/2200 1264/2492/2208 1265/2493/2207
f 1265/2494/2207 1264/2495/2208 1267/2496/2209 1268/2497/2210
f 1263/2489/2206 1255/2482/2203 1266/2498/2211
f 1259/2484/2205 1265/2490/2207 1268/2499/2210
f 1264/2495/2208 1263/2500/2206 1266/2501/2211 1267/2496/2209
f 1268/2502/2210 1267/2503/2209 1270/2504/2212 1271/2505/2213
f 1266/2498/2211 1255/2482/2203 1269/2506/2214
f 1259/2484/2205 1268/2499/2210 1271/2507/2213
f 1267/2503/2209 1266/2508/2211 1269/2509/2214 1270/2504/2212
f 1271/2505/2213 1270/2504/2212 1273/2510/2215 1274/2511/2216
f 1269/2506/2214 1255/2482/2203 1272/2512/2217
f 1259/2484/2205 1271/2507/2213 1274/2513/2216
f 1270/2504/2212 1269/2509/2214 1272/2514/2217 1273/2510/2215
f 1274/2511/2216 1273/2510/2215 1276/2515/2218 1277/2516/2219
f 1272/2512/2217 1255/2482/2203 1275/2517/2220
f 1259/2484/2205 1274/2513/2216 1277/2518/2219
f 1273/2510/2215 1272/2514/2217 1275/2519/2220 1276/2515/2218
f 1277/2520/2219 1276/2521/2218 1279/2522/2221 1280/2523/2222
f 1275/2517/2220 1255/2482/2203 1278/2524/2223
f 1259/2484/2205 1277/2518/2219 1280/2525/2222
f 1276/2521/2218 1275/2526/2220 1278/2527/2223 1279/2522/2221
f 1279/2528/2221 1278/2529/2223 1256/2487/2202 1257/2478/2199
f 1280/2530/2222 1279/2528/2221 1257/2478/2199 1258/2477/2198
f 1278/2524/2223 1255/2482/2203 1256/2481/2202
f 1259/2484/2205 1280/2525/2222 1258/2485/2198
f 1285/2531/2224 1284/2532/2225 1288/2533/2226
f 1283/2534/2227 1282/2535/2228 1286/2536/2229 1287/2537/2230
f 1284/2538/2225 1283/2534/2227 1287/2537/2230 1288/2539/2226
f 1282/2540/2228 1281/2541/2231 1286/2542/2229
f 1285/2531/2224 1288/2533/2226 1291/2543/2232
f 1287/2544/2230 1286/2545/2229 1289/2546/2233 1290/2547/2234
f 1288/2548/2226 1287/2544/2230 1290/2547/2234 1291/2549/2232
f 1286/2542/2229 1281/2541/2231 1289/2550/2233
f 1285/2531/2224 1291/2543/2232 1294/2551/2235
f 1290/2552/2234 1289/2553/2233 1292/2554/2236 1293/2555/2237
f 1291/2556/2232 1290/2552/2234 1293/2555/2237 1294/2557/2235
f 1289/2550/2233 1281/2541/2231 1292/2558/2236
f 1285/2531/2224 1294/2551/2235 1297/2559/2238
f 1293/2555/2237 1292/2554/2236 1295/2560/2239 1296/2561/2240
f 1294/2557/2235 1293/2555/2237 1296/2561/2240 1297/2562/2238
f 1292/2558/2236 1281/2541/2231 1295/2563/2239
f 1285/2531/2224 1297/2559/2238 1300/2564/2241
f 1296/2561/2240 1295/2560/2239 1298/2565/2242 1299/2566/2243
f 1297/2562/2238 1296/2561/2240 1299/2566/2243 1300/2567/2241
f 1295/2563/2239 1281/2541/2231 1298/2568/2242
f 1298/2568/2242 1281/2541/2231 1301/2569/2244
f 1285/2531/2224 1300/2564/2241 1303/2570/2245
f 1299/2571/2243 1298/2572/2242 1301/2573/2244 1302/2574/2246
f 1300/2575/2241 1299/2571/2243 1302/2574/2246 1303/2576/2245
f 1303/2577/2245 1302/2578/2246 1305/2579/2247 1306/2580/2248
f 1301/2569/2244 1281/2541/2231 1304/2581/2249
f 1285/2531/2224 1303/2570/2245 1306/2582/2248
f 1302/2578/2246 1301/2583/2244 1304/2584/2249 1305/2579/2247
f 1306/2580/2248 1305/2579/2247 1283/2534/2227 1284/2538/2225
f 1304/2581/2249 1281/2541/2231 1282/2540/2228
f 1285/2531/2224 1306/2582/2248 1284/2532/2225
f 1305/2579/2247 1304/2584/2249 1282/2535/2228 1283/2534/2227
f 1310/2585/2250 1309/2586/2251 1313/2587/2252 1314/2588/2253
f 1308/2589/2254 1307/2590/2255 1312/2591/2256
f 1311/2592/2257 1310/2593/2250 1314/2594/2253
f 1309/2586/2251 1308/2595/2254 1312/2596/2256 1313/2587/2252
f 1314/2597/2253 1313/2598/2252 1316/2599/2258 1317/2600/2259
f 1312/2591/2256 1307/2590/2255 1315/2601/2260
f 1311/2592/2257 1314/2594/2253 1317/2602/2259
f 1313/2598/2252 1312/2603/2256 1315/2604/2260 1316/2599/2258
f 1317/2605/2259 1316/2606/2258 1319/2607/2261 1320/2608/2262
f 1315/2601/2260 1307/2590/2255 1318/2609/2263
f 1311/2592/2257 1317/2602/2259 1320/2610/2262
f 1316/2606/2258 1315/2611/2260 1318/2612/2263 1319/2607/2261
f 1320/2608/2262 1319/2607/2261 1322/2613/2264 1323/2614/2265
f 1318/2609/2263 1307/2590/2255 1321/2615/2266
f 1311/2592/2257 1320/2610/2262 1323/2616/2265
f 1319/2607/2261 1318/2612/2263 1321/2617/2266 1322/2613/2264
f 1322/2613/2264 1321/2617/2266 1324/2618/2267 1325/2619/2268
f 1323/2614/2265 1322/2613/2264 1325/2619/2268 1326/2620/2269
f 1321/2615/2266 1307/2590/2255 1324/2621/2267
f 1311/2592/2257 1323/2616/2265 1326/2622/2269
f 1311/2592/2257 1326/2622/2269 1329/2623/2270
f 1325/2624/2268 1324/2625/2267 1327/2626/2271 1328/2627/2272
f 1326/2628/2269 1325/2624/2268 1328/2627/2272 1329/2629/2270
f 1324/2621/2267 1307/2590/2255 1327/2630/2271
f 1311/2592/2257 1329/2623/2270 1332/2631/2273
f 1328/2632/2272 1327/2633/2271 1330/2634/2274 1331/2635/2275
f 1329/2636/2270 1328/2632/2272 1331/2635/2275 1332/2637/2273
f 1327/2630/2271 1307/2590/2255 1330/2638/2274
f 1311/2592/2257 1332/2631/2273 1310/2593/2250
f 1331/2635/2275 1330/2634/2274 1308/2595/2254 1309/2586/2251
f 1332/2637/2273 1331/2635/2275 1309/2586/2251 1310/2585/2250
f 1330/2638/2274 1307/2590/2255 1308/2589/2254
f 1336/2639/2276 1335/2640/2277 1339/2641/2278 1340/2642/2279
f 1334/2643/2280 1333/2644/2281 1338/2645/2282
f 1337/2646/2283 1336/2647/2276 1340/2648/2279
f 1335/2640/2277 1334/2649/2280 1338/2650/2282 1339/2641/2278
f 1337/2646/2283 1340/2648/2279 1343/2651/2284
f 1339/2641/2278 1338/2650/2282 1341/2652/2285 1342/2653/2286
f 1340/2642/2279 1339/2641/2278 1342/2653/2286 1343/2654/2284
f 1338/2645/2282 1333/2644/2281 1341/2655/2285
f 1341/2655/2285 1333/2644/2281 1344/2656/2287
f 1337/2646/2283 1343/2651/2284 1346/2657/2288
f 1342/2658/2286 1341/2659/2285 1344/2660/2287 1345/2661/2289
f 1343/2662/2284 1342/2658/2286 1345/2661/2289 1346/2663/2288
f 1346/2663/2288 1345/2661/2289 1348/2664/2290 1349/2665/2291
f 1344/2656/2287 1333/2644/2281 1347/2666/2292
f 1337/2646/2283 1346/2657/2288 1349/2667/2291
f 1345/2661/2289 1344/2660/2287 1347/2668/2292 1348/2664/2290
f 1349/2669/2291 1348/2670/2290 1351/2671/2293 1352/2672/2294
f 1347/2666/2292 1333/2644/2281 1350/2673/2295
f 1337/2646/2283 1349/2667/2291 1352/2674/2294
f 1348/2670/2290 1347/2675/2292 1350/2676/2295 1351/2671/2293
f 1352/2672/2294 1351/2671/2293 1354/2677/2296 1355/2678/2297
f 1350/2673/2295 1333/2644/2281 1353/2679/2298
f 1337/2646/2283 1352/2674/2294 1355/2680/2297
f 1351/2671/2293 1350/2676/2295 1353/2681/2298 1354/2677/2296
f 1355/2682/2297 1354/2683/2296 1357/2684/2299 1358/2685/2300
f 1353/2679/2298 1333/2644/2281 1356/2686/2301
f 1337/2646/2283 1355/2680/2297 1358/2687/2300
f 1354/2683/2296 1353/2688/2298 1356/2689/2301 1357/2684/2299
f 1358/2685/2300 1357/2684/2299 1335/2690/2277 1336/2691/2276
f 1356/2686/2301 1333/2644/2281 1334/2643/2280
f 1337/2646/2283 1358/2687/2300 1336/2647/2276
f 1357/2684/2299 1356/2689/2301 1334/2692/2280 1335/2690/2277
f 1363/2693/2302 1362/2694/2303 1366/2695/2304
f 1361/2696/2305 1360/2697/2306 1364/2698/2307 1365/2699/2308
f 1362/2700/2303 1361/2696/2305 1365/2699/2308 1366/2701/2304
f 1360/2702/2306 1359/2703/2309 1364/2704/2307
f 1365/2699/2308 1364/2698/2307 1367/2705/2310 1368/2706/2311
f 1366/2701/2304 1365/2699/2308 1368/2706/2311 1369/2707/2312
f 1364/2704/2307 1359/2703/2309 1367/2708/2310
f 1363/2693/2302 1366/2695/2304 1369/2709/2312
f 1363/2693/2302 1369/2709/2312 1372/2710/2313
f 1368/2711/2311 1367/2712/2310 1370/2713/2314 1371/2714/2315
f 1369/2715/2312 1368/2711/2311 1371/2714/2315 1372/2716/2313
f 1367/2708/2310 1359/2703/2309 1370/2717/2314
f 1363/2693/2302 1372/2710/2313 1375/2718/2316
f 1371/2719/2315 1370/2720/2314 1373/2721/2317 1374/2722/2318
f 1372/2723/2313 1371/2719/2315 1374/2722/2318 1375/2724/2316
f 1370/2717/2314 1359/2703/2309 1373/2725/2317
f 1363/2693/2302 1375/2718/2316 1378/2726/2319
f 1374/2722/2318 1373/2721/2317 1376/2727/2320 1377/2728/2321
f 1375/2724/2316 1374/2722/2318 1377/2728/2321 1378/2729/2319
f 1373/2725/2317 1359/2703/2309 1376/2730/2320
f 1363/2693/2302 1378/2726/2319 1381/2731/2322
f 1377/2728/2321 1376/2727/2320 1379/2732/2323 1380/2733/2324
f 1378/2729/2319 1377/2728/2321 1380/2733/2324 1381/2734/2322
f 1376/2730/2320 1359/2703/2309 1379/2735/2323
f 1379/2735/2323 1359/2703/2309 1382/2736/2325
f 1363/2693/2302 1381/2731/2322 1384/2737/2326
f 1380/2738/2324 1379/2739/2323 1382/2740/2325 1383/2741/2327
f 1381/2742/2322 1380/2738/2324 1383/2741/2327 1384/2743/2326
f 1384/2744/2326 1383/2745/2327 1361/2696/2305 1362/2700/2303
f 1382/2736/2325 1359/2703/2309 1360/2702/2306
f 1363/2693/2302 1384/2737/2326 1362/2694/2303
f 1383/2745/2327 1382/2746/2325 1360/2697/2306 1361/2696/2305
f 1388/2747/2328 1387/2748/2329 1391/2749/2330 1392/2750/2331
f 1386/2751/2332 1385/2752/2333 1390/2753/2334
f 1389/2754/2335 1388/2755/2328 1392/2756/2331
f 1387/2748/2329 1386/2757/2332 1390/2758/2334 1391/2749/2330
f 1392/2759/2331 1391/2760/2330 1394/2761/2336 1395/2762/2337
f 1390/2753/2334 1385/2752/2333 1393/2763/2338
f 1389/2754/2335 1392/2756/2331 1395/2764/2337
f 1391/2760/2330 1390/2765/2334 1393/2766/2338 1394/2761/2336
f 1395/2762/2337 1394/2761/2336 1397/2767/2339 1398/2768/2340
f 1393/2763/2338 1385/2752/2333 1396/2769/2341
f 1389/2754/2335 1395/2764/2337 1398/2770/2340
f 1394/2761/2336 1393/2766/2338 1396/2771/2341 1397/2767/2339
f 1398/2772/2340 1397/2773/2339 1400/2774/2342 1401/2775/2343
f 1396/2769/2341 1385/2752/2333 1399/2776/2344
f 1389/2754/2335 1398/2770/2340 1401/2777/2343
f 1397/2773/2339 1396/2778/2341 1399/2779/2344 1400/2774/2342
f 1401/2775/2343 1400/2774/2342 1403/2780/2345 1404/2781/2346
f 1399/2776/2344 1385/2752/2333 1402/2782/2347
f 1389/2754/2335 1401/2777/2343 1404/2783/2346
f 1400/2774/2342 1399/2779/2344 1402/2784/2347 1403/2780/2345
f 1403/2785/2345 1402/2786/2347 1405/2787/2348 1406/2788/2349
f 1404/2789/2346 1403/2785/2345 1406/2788/2349 1407/2790/2350
f 1402/2782/2347 1385/2752/2333 1405/2791/2348
f 1389/2754/2335 1404/2783/2346 1407/2792/2350
f 1389/2754/2335 1407/2792/2350 1410/2793/2351
f 1406/2788/2349 1405/2787/2348 1408/2794/2352 1409/2795/2353
f 1407/2790/2350 1406/2788/2349 1409/2795/2353 1410/2796/2351
f 1405/2791/2348 1385/2752/2333 1408/2797/2352
f 1389/2754/2335 1410/2793/2351 1388/2755/2328
f 1409/2798/2353 1408/2799/2352 1386/2757/2332 1387/2748/2329
f 1410/2800/2351 1409/2798/2353 1387/2748/2329 1388/2747/2328
f 1408/2797/2352 1385/2752/2333 1386/2751/2332
f 1412/2801/2354 1411/2802/2355 1416/2803/2356
f 1415/2804/2357 1414/2805/2358 1418/2806/2359
f 1413/2807/2360 1412/2808/2354 1416/2809/2356 1417/2810/2361
f 1414/2811/2358 1413/2807/2360 1417/2810/2361 1418/2812/2359
f 1415/2804/2357 1418/2806/2359 1421/2813/2362
f 1417/2814/2361 1416/2815/2356 1419/2816/2363 1420/2817/2364
f 1418/2812/2359 1417/2810/2361 1420/2818/2364 1421/2819/2362
f 1416/2803/2356 1411/2802/2355 1419/2820/2363
f 1415/2804/2357 1421/2813/2362 1424/2821/2365
f 1420/2817/2364 1419/2816/2363 1422/2822/2366 1423/2823/2367
f 1421/2824/2362 1420/2817/2364 1423/2823/2367 1424/2825/2365
f 1419/2820/2363 1411/2802/2355 1422/2826/2366
f 1422/2826/2366 1411/2802/2355 1425/2827/2368
f 1415/2804/2357 1424/2821/2365 1427/2828/2369
f 1423/2823/2367 1422/2822/2366 1425/2829/2368 1426/2830/2370
f 1424/2825/2365 1423/2823/2367 1426/2830/2370 1427/2831/2369
f 1427/2832/2369 1426/2833/2370 1429/2834/2371 1430/2835/2372
f 1425/2827/2368 1411/2802/2355 1428/2836/2373
f 1415/2804/2357 1427/2828/2369 1430/2837/2372
f 1426/2833/2370 1425/2838/2368 1428/2839/2373 1429/2834/2371
f 1430/2840/2372 1429/2841/2371 1432/2842/2374 1433/2843/2375
f 1428/2836/2373 1411/2802/2355 1431/2844/2376
f 1415/2804/2357 1430/2837/2372 1433/2845/2375
f 1429/2834/2371 1428/2839/2373 1431/2846/2376 1432/2847/2374
f 1433/2843/2375 1432/2842/2374 1435/2848/2377 1436/2849/2378
f 1431/2844/2376 1411/2802/2355 1434/2850/2379
f 1415/2804/2357 1433/2845/2375 1436/2851/2378
f 1432/2842/2374 1431/2852/2376 1434/2853/2379 1435/2848/2377
f 1436/2849/2378 1435/2848/2377 1413/2854/2360 1414/2855/2358
f 1434/2850/2379 1411/2802/2355 1412/2801/2354
f 1415/2804/2357 1436/2851/2378 1414/2805/2358
f 1435/2848/2377 1434/2853/2379 1412/2856/2354 1413/2854/2360
f 1441/2857/2380 1440/2858/2381 1444/2859/2382
f 1439/2860/2383 1438/2861/2384 1442/2862/2385 1443/2863/2386
f 1440/2864/2381 1439/2860/2383 1443/2863/2386 1444/2865/2382
f 1438/2866/2384 1437/2867/2387 1442/2868/2385
f 1444/2865/2382 1443/2863/2386 1446/2869/2388 1447/2870/2389
f 1442/2868/2385 1437/2867/2387 1445/2871/2390
f 1441/2857/2380 1444/2859/2382 1447/2872/2389
f 1443/2863/2386 1442/2862/2385 1445/2873/2390 1446/2869/2388
f 1446/2874/2388 1445/2875/2390 1448/2876/2391 1449/2877/2392
f 1447/2878/2389 1446/2874/2388 1449/2877/2392 1450/2879/2393
f 1445/2871/2390 1437/2867/2387 1448/2880/2391
f 1441/2857/2380 1447/2872/2389 1450/2881/2393
f 1441/2857/2380 1450/2881/2393 1453/2882/2394
f 1449/2877/2392 1448/2876/2391 1451/2883/2395 1452/2884/2396
f 1450/2879/2393 1449/2877/2392 1452/2884/2396 1453/2885/2394
f 1448/2880/2391 1437/2867/2387 1451/2886/2395
f 1441/2857/2380 1453/2882/2394 1456/2887/2397
f 1452/2888/2396 1451/2889/2395 1454/2890/2398 1455/2891/2399
f 1453/2892/2394 1452/2888/2396 1455/2891/2399 1456/2893/2397
f 1451/2886/2395 1437/2867/2387 1454/2894/2398
f 1441/2857/2380 1456/2887/2397 1459/2895/2400
f 1455/2891/2399 1454/2890/2398 1457/2896/2401 1458/2897/2402
f 1456/2893/2397 1455/2891/2399 1458/2897/2402 1459/2898/2400
f 1454/2894/2398 1437/2867/2387 1457/2899/2401
f 1441/2857/2380 1459/2895/2400 1462/2900/2403
f 1458/2901/2402 1457/2902/2401 1460/2903/2404 1461/2904/2405
f 1459/2905/2400 1458/2901/2402 1461/2904/2405 1462/2906/2403
f 1457/2899/2401 1437/2867/2387 1460/2907/2404
f 1460/2907/2404 1437/2867/2387 1438/2866/2384
f 1441/2857/2380 1462/2900/2403 1440/2858/2381
f 1461/2904/2405 1460/2903/2404 1438/2908/2384 1439/2909/2383
f 1462/2906/2403 1461/2904/2405 1439/2909/2383 1440/2910/2381
f 1466/2911/2406 1465/2912/2407 1469/2913/2408 1470/2914/2409
f 1464/2915/2410 1463/2916/2411 1468/2917/2412
f 1467/2918/2413 1466/2919/2406 1470/2920/2409
f 1465/2912/2407 1464/2921/2410 1468/2922/2412 1469/2913/2408
f 1470/2923/2409 1469/2924/2408 1472/2925/2414 1473/2926/2415
f 1468/2917/2412 1463/2916/2411 1471/2927/2416
f 1467/2918/2413 1470/2920/2409 1473/2928/2415
f 1469/2924/2408 1468/2929/2412 1471/2930/2416 1472/2925/2414
f 1473/2926/2415 1472/2925/2414 1475/2931/2417 1476/2932/2418
f 1471/2927/2416 1463/2916/2411 1474/2933/2419
f 1467/2918/2413 1473/2928/2415 1476/2934/2418
f 1472/2925/2414 1471/2930/2416 1474/2935/2419 1475/2931/2417
f 1476/2936/2418 1475/2937/2417 1478/2938/2420 1479/2939/2421
f 1474/2933/2419 1463/2916/2411 1477/2940/2422
f 1467/2918/2413 1476/2934/2418 1479/2941/2421
f 1475/2937/2417 1474/2942/2419 1477/2943/2422 1478/2938/2420
f 1479/2939/2421 1478/2938/2420 1481/2944/2423 1482/2945/2424
f 1477/2940/2422 1463/2916/2411 1480/2946/2425
f 1467/2918/2413 1479/2941/2421 1482/2947/2424
f 1478/2938/2420 1477/2943/2422 1480/2948/2425 1481/2944/2423
f 1482/2949/2424 1481/2950/2423 1484/2951/2426 1485/2952/2427
f 1480/2946/2425 1463/2916/2411 1483/2953/2428
f 1467/2918/2413 1482/2947/2424 1485/2954/2427
f 1481/2950/2423 1480/2955/2425 1483/2956/2428 1484/2951/2426
f 1484/2951/2426 1483/2956/2428 1486/2957/2429 1487/2958/2430
f 1485/2952/2427 1484/2951/2426 1487/2958/2430 1488/2959/2431
f 1483/2953/2428 1463/2916/2411 1486/2960/2429
f 1467/2918/2413 1485/2954/2427 1488/2961/2431
f 1467/2918/2413 1488/2961/2431 1466/2919/2406
f 1487/2962/2430 1486/2963/2429 1464/2921/2410 1465/2912/2407
f 1488/2964/2431 1487/2962/2430 1465/2912/2407 1466/2911/2406
f 1486/2960/2429 1463/2916/2411 1464/2915/2410
f 1493/2965/2432 1492/2966/2433 1496/2967/2434
f 1491/2968/2435 1490/2969/2436 1494/2970/2437 1495/2971/2438
f 1492/2972/2433 1491/2968/2435 1495/2971/2438 1496/2973/2434
f 1490/2974/2436 1489/2975/2439 1494/2976/2437
f 1493/2965/2432 1496/2967/2434 1499/2977/2440
f 1495/2971/2438 1494/2970/2437 1497/2978/2441 1498/2979/2442
f 1496/2973/2434 1495/2971/2438 1498/2979/2442 1499/2980/2440
f 1494/2976/2437 1489/2975/2439 1497/2981/2441
f 1493/2965/2432 1499/2977/2440 1502/2982/2443
f 1498/2983/2442 1497/2984/2441 1500/2985/2444 1501/2986/2445
f 1499/2987/2440 1498/2983/2442 1501/2986/2445 1502/2988/2443
f 1497/2981/2441 1489/2975/2439 1500/2989/2444
f 1493/2965/2432 1502/2982/2443 1505/2990/2446
f 1501/2991/2445 1500/2992/2444 1503/2993/2447 1504/2994/2448
f 1502/2995/2443 1501/2991/2445 1504/2994/2448 1505/2996/2446
f 1500/2989/2444 1489/2975/2439 1503/2997/2447
f 1503/2997/2447 1489/2975/2439 1506/2998/2449
f 1493/2965/2432 1505/2990/2446 1508/2999/2450
f 1504/2994/2448 1503/2993/2447 1506/3000/2449 1507/3001/2451
f 1505/2996/2446 1504/2994/2448 1507/3001/2451 1508/3002/2450
f 1508/3002/2450 1507/3001/2451 1510/3003/2452 1511/3004/2453
f 1506/2998/2449 1489/2975/2439 1509/3005/2454
f 1493/2965/2432 1508/2999/2450 1511/3006/2453
f 1507/3001/2451 1506/3000/2449 1509/3007/2454 1510/3003/2452
f 1511/3008/2453 1510/3009/2452 1513/3010/2455 1514/3011/2456
f 1509/3005/2454 1489/2975/2439 1512/3012/2457
f 1493/2965/2432 1511/3006/2453 1514/3013/2456
f 1510/3009/2452 1509/3014/2454 1512/3015/2457 1513/3010/2455
f 1514/3016/2456 1513/3017/2455 1491/2968/2435 1492/2972/2433
f 1512/3012/2457 1489/2975/2439 1490/2974/2436
f 1493/2965/2432 1514/3013/2456 1492/2966/2433
f 1513/3017/2455 1512/3018/2457 1490/2969/2436 1491/2968/2435
f 1517/3019/2458 1516/3020/2459 1520/3021/2460 1521/3022/2461
f 1518/3023/2462 1517/3019/2458 1521/3022/2461 1522/3024/2463
f 1516/3025/2459 1515/3026/2464 1520/3027/2460
f 1519/3028/2465 1518/3029/2462 1522/3030/2463
f 1522/3031/2463 1521/3032/2461 1524/3033/2466 1525/3034/2467
f 1520/3027/2460 1515/3026/2464 1523/3035/2468
f 1519/3028/2465 1522/3030/2463 1525/3036/2467
f 1521/3032/2461 1520/3037/2460 1523/3038/2468 1524/3033/2466
f 1525/3039/2467 1524/3040/2466 1527/3041/2469 1528/3042/2470
f 1523/3035/2468 1515/3026/2464 1526/3043/2471
f 1519/3028/2465 1525/3036/2467 1528/3044/2470
f 1524/3040/2466 1523/3045/2468 1526/3046/2471 1527/3041/2469
f 1527/3041/2469 1526/3046/2471 1529/3047/2472 1530/3048/2473
f 1528/3042/2470 1527/3041/2469 1530/3048/2473 1531/3049/2474
f 1526/3043/2471 1515/3026/2464 1529/3050/2472
f 1519/3028/2465 1528/3044/2470 1531/3051/2474
f 1519/3028/2465 1531/3051/2474 1534/3052/2475
f 1530/3048/2473 1529/3047/2472 1532/3053/2476 1533/3054/2477
f 1531/3049/2474 1530/3048/2473 1533/3054/2477 1534/3055/2475
f 1529/3050/2472 1515/3026/2464 1532/3056/2476
f 1519/3028/2465 1534/3052/2475 1537/3057/2478
f 1533/3058/2477 1532/3059/2476 1535/3060/2479 1536/3061/2480
f 1534/3062/2475 1533/3058/2477 1536/3061/2480 1537/3063/2478
f 1532/3056/2476 1515/3026/2464 1535/3064/2479
f 1519/3028/2465 1537/3057/2478 1540/3065/2481
f 1536/3066/2480 1535/3067/2479 1538/3068/2482 1539/3069/2483
f 1537/3070/2478 1536/3066/2480 1539/3069/2483 1540/3071/2481
f 1535/3064/2479 1515/3026/2464 1538/3072/2482
f 1519/3028/2465 1540/3065/2481 1518/3029/2462
f 1539/3069/2483 1538/3068/2482 1516/3020/2459 1517/3019/2458
f 1540/3071/2481 1539/3069/2483 1517/3019/2458 1518/3023/2462
f 1538/3072/2482 1515/3026/2464 1516/3025/2459
f 1544/3073/2484 1543/3074/2485 1547/3075/2486 1548/3076/2487
f 1542/3077/2488 1541/3078/2489 1546/3079/2490
f 1545/3080/2491 1544/3081/2484 1548/3082/2487
f 1543/3074/2485 1542/3083/2488 1546/3084/2490 1547/3075/2486
f 1546/3079/2490 1541/3078/2489 1549/3085/2492
f 1545/3080/2491 1548/3082/2487 1551/3086/2493
f 1547/3087/2486 1546/3088/2490 1549/3089/2492 1550/3090/2494
f 1548/3091/2487 1547/3087/2486 1550/3090/2494 1551/3092/2493
f 1551/3092/2493 1550/3090/2494 1553/3093/2495 1554/3094/2496
f 1549/3085/2492 1541/3078/2489 1552/3095/2497
f 1545/3080/2491 1551/3086/2493 1554/3096/2496
f 1550/3090/2494 1549/3089/2492 1552/3097/2497 1553/3093/2495
f 1554/3098/2496 1553/3099/2495 1556/3100/2498 1557/3101/2499
f 1552/3095/2497 1541/3078/2489 1555/3102/2500
f 1545/3080/2491 1554/3096/2496 1557/3103/2499
f 1553/3099/2495 1552/3104/2497 1555/3105/2500 1556/3100/2498
f 1557/3101/2499 1556/3100/2498 1559/3106/2501 1560/3107/2502
f 1555/3102/2500 1541/3078/2489 1558/3108/2503
f 1545/3080/2491 1557/3103/2499 1560/3109/2502
f 1556/3100/2498 1555/3105/2500 1558/3110/2503 1559/3106/2501
f 1560/3111/2502 1559/3112/2501 1562/3113/2504 1563/3114/2505
f 1558/3108/2503 1541/3078/2489 1561/3115/2506
f 1545/3080/2491 1560/3109/2502 1563/3116/2505
f 1559/3112/2501 1558/3117/2503 1561/3118/2506 1562/3113/2504
f 1563/3114/2505 1562/3113/2504 1565/3119/2507 1566/3120/2508
f 1561/3115/2506 1541/3078/2489 1564/3121/2509
f 1545/3080/2491 1563/3116/2505 1566/3122/2508
f 1562/3113/2504 1561/3118/2506 1564/3123/2509 1565/3119/2507
f 1565/3124/2507 1564/3125/2509 1542/3083/2488 1543/3074/2485
f 1566/3126/2508 1565/3124/2507 1543/3074/2485 1544/3073/2484
f 1564/3121/2509 1541/3078/2489 1542/3077/2488
f 1545/3080/2491 1566/3122/2508 1544/3081/2484
f 1570/3127/2510 1569/3128/2511 1573/3129/2512 1574/3130/2513
f 1568/3131/2514 1567/3132/2515 1572/3133/2516
f 1571/3134/2517 1570/3135/2510 1574/3136/2513
f 1569/3128/2511 1568/3137/2514 1572/3138/2516 1573/3129/2512
f 1574/3139/2513 1573/3140/2512 1576/3141/2518 1577/3142/2519
f 1572/3133/2516 1567/3132/2515 1575/3143/2520
f 1571/3134/2517 1574/3136/2513 1577/3144/2519
f 1573/3140/2512 1572/3145/2516 1575/3146/2520 1576/3141/2518
f 1577/3147/2519 1576/3148/2518 1579/3149/2521 1580/3150/2522
f 1575/3143/2520 1567/3132/2515 1578/3151/2523
f 1571/3134/2517 1577/3144/2519 1580/3152/2522
f 1576/3148/2518 1575/3153/2520 1578/3154/2523 1579/3149/2521
f 1580/3150/2522 1579/3149/2521 1582/3155/2524 1583/3156/2525
f 1578/3151/2523 1567/3132/2515 1581/3157/2526
f 1571/3134/2517 1580/3152/2522 1583/3158/2525
f 1579/3149/2521 1578/3154/2523 1581/3159/2526 1582/3155/2524
f 1583/3156/2525 1582/3155/2524 1585/3160/2527 1586/3161/2528
f 1581/3157/2526 1567/3132/2515 1584/3162/2529
f 1571/3134/2517 1583/3158/2525 1586/3163/2528
f 1582/3155/2524 1581/3159/2526 1584/3164/2529 1585/3160/2527
f 1586/3165/2528 1585/3166/2527 1588/3167/2530 1589/3168/2531
f 1584/3162/2529 1567/3132/2515 1587/3169/2532
f 1571/3134/2517 1586/3163/2528 1589/3170/2531
f 1585/3166/2527 1584/3171/2529 1587/3172/2532 1588/3167/2530
f 1588/3173/2530 1587/3174/2532 1590/3175/2533 1591/3176/2534
f 1589/3177/2531 1588/3173/2530 1591/3176/2534 1592/3178/2535
f 1587/3169/2532 1567/3132/2515 1590/3179/2533
f 1571/3134/2517 1589/3170/2531 1592/3180/2535
f 1571/3134/2517 1592/3180/2535 1570/3135/2510
f 1591/3176/2534 1590/3175/2533 1568/3137/2514 1569/3128/2511
f 1592/3178/2535 1591/3176/2534 1569/3128/2511 1570/3127/2510
f 1590/3179/2533 1567/3132/2515 1568/3131/2514
f 1597/3181/2536 1596/3182/2537 1600/3183/2538
f 1595/3184/2539 1594/3185/2540 1598/3186/2541 1599/3187/2542
f 1596/3188/2537 1595/3184/2539 1599/3187/2542 1600/3189/2538
f 1594/3190/2540 1593/3191/2543 1598/3192/2541
f 1597/3181/2536 1600/3183/2538 1603/3193/2544
f 1599/3194/2542 1598/3195/2541 1601/3196/2545 1602/3197/2546
f 1600/3198/2538 1599/3194/2542 1602/3197/2546 1603/3199/2544
f 1598/3192/2541 1593/3191/2543 1601/3200/2545
f 1597/3181/2536 1603/3193/2544 1606/3201/2547
f 1602/3197/2546 1601/3196/2545 1604/3202/2548 1605/3203/2549
f 1603/3199/2544 1602/3197/2546 1605/3203/2549 1606/3204/2547
f 1601/3200/2545 1593/3191/2543 1604/3205/2548
f 1597/3181/2536 1606/3201/2547 1609/3206/2550
f 1605/3203/2549 1604/3202/2548 1607/3207/2551 1608/3208/2552
f 1606/3204/2547 1605/3203/2549 1608/3208/2552 1609/3209/2550
f 1604/3205/2548 1593/3191/2543 1607/3210/2551
f 1597/3181/2536 1609/3206/2550 1612/3211/2553
f 1608/3212/2552 1607/3213/2551 1610/3214/2554 1611/3215/2555
f 1609/3216/2550 1608/3212/2552 1611/3215/2555 1612/3217/2553
f 1607/3210/2551 1593/3191/2543 1610/3218/2554
f 1610/3218/2554 1593/3191/2543 1613/3219/2556
f 1597/3181/2536 1612/3211/2553 1615/3220/2557
f 1611/3221/2555 1610/3222/2554 1613/3223/2556 1614/3224/2558
f 1612/3225/2553 1611/3221/2555 1614/3224/2558 1615/3226/2557
f 1615/3226/2557 1614/3224/2558 1617/3227/2559 1618/3228/2560
f 1613/3219/2556 1593/3191/2543 1616/3229/2561
f 1597/3181/2536 1615/3220/2557 1618/3230/2560
f 1614/3224/2558 1613/3223/2556 1616/3231/2561 1617/3227/2559
f 1618/3228/2560 1617/3227/2559 1595/3232/2539 1596/3233/2537
f 1616/3229/2561 1593/3191/2543 1594/3190/2540
f 1597/3181/2536 1618/3230/2560 1596/3182/2537
f 1617/3227/2559 1616/3231/2561 1594/3234/2540 1595/3232/2539
f 1622/3235/2562 1621/3236/2563 1625/3237/2564 1626/3238/2565
f 1620/3239/2566 1619/3240/2567 1624/3241/2568
f 1623/3242/2569 1622/3243/2562 1626/3244/2565
f 1621/3236/2563 1620/3245/2566 1624/3246/2568 1625/3237/2564
f 1626/3247/2565 1625/3248/2564 1628/3249/2570 1629/3250/2571
f 1624/3241/2568 1619/3240/2567 1627/3251/2572
f 1623/3242/2569 1626/3244/2565 1629/3252/2571
f 1625/3248/2564 1624/3253/2568 1627/3254/2572 1628/3249/2570
f 1629/3250/2571 1628/3249/2570 1631/3255/2573 1632/3256/2574
f 1627/3251/2572 1619/3240/2567 1630/3257/2575
f 1623/3242/2569 1629/3252/2571 1632/3258/2574
f 1628/3259/2570 1627/3260/2572 1630/3261/2575 1631/3262/2573
f 1632/3263/2574 1631/3262/2573 1634/3264/2576 1635/3265/2577
f 1630/3257/2575 1619/3240/2567 1633/3266/2578
f 1623/3242/2569 1632/3258/2574 1635/3267/2577
f 1631/3262/2573 1630/3261/2575 1633/3268/2578 1634/3264/2576
f 1635/3265/2577 1634/3264/2576 1637/3269/2579 1638/3270/2580
f 1633/3266/2578 1619/3240/2567 1636/3271/2581
f 1623/3242/2569 1635/3267/2577 1638/3272/2580
f 1634/3264/2576 1633/3268/2578 1636/3273/2581 1637/3269/2579
f 1637/3274/2579 1636/3275/2581 1639/3276/2582 1640/3277/2583
f 1638/3278/2580 1637/3274/2579 1640/3277/2583 1641/3279/2584
f 1636/3271/2581 1619/3240/2567 1639/3280/2582
f 1623/3242/2569 1638/3272/2580 1641/3281/2584
f 1623/3242/2569 1641/3281/2584 1644/3282/2585
f 1640/3277/2583 1639/3276/2582 1642/3283/2586 1643/3284/2587
f 1641/3285/2584 1640/3286/2583 1643/3287/2587 1644/3288/2585
f 1639/3280/2582 1619/3240/2567 1642/3289/2586
f 1623/3242/2569 1644/3282/2585 1622/3243/2562
f 1643/3287/2587 1642/3290/2586 1620/3245/2566 1621/3236/2563
f 1644/3288/2585 1643/3287/2587 1621/3236/2563 1622/3235/2562
f 1642/3289/2586 1619/3240/2567 1620/3239/2566
f 1649/3291/2588 1648/3292/2589 1652/3293/2590
f 1647/3294/2591 1646/3295/2592 1650/3296/2593 1651/3297/2594
f 1648/3298/2589 1647/3294/2591 1651/3297/2594 1652/3299/2590
f 1646/3300/2592 1645/3301/2595 1650/3302/2593
f 1649/3291/2588 1652/3293/2590 1655/3303/2596
f 1651/3297/2594 1650/3296/2593 1653/3304/2597 1654/3305/2598
f 1652/3306/2590 1651/3307/2594 1654/3308/2598 1655/3309/2596
f 1650/3302/2593 1645/3301/2595 1653/3310/2597
f 1649/3291/2588 1655/3303/2596 1658/3311/2599
f 1654/3312/2598 1653/3313/2597 1656/3314/2600 1657/3315/2601
f 1655/3309/2596 1654/3308/2598 1657/3316/2601 1658/3317/2599
f 1653/3310/2597 1645/3301/2595 1656/3318/2600
f 1649/3291/2588 1658/3311/2599 1661/3319/2602
f 1657/3315/2601 1656/3314/2600 1659/3320/2603 1660/3321/2604
f 1658/3322/2599 1657/3315/2601 1660/3321/2604 1661/3323/2602
f 1656/3318/2600 1645/3301/2595 1659/3324/2603
f 1659/3324/2603 1645/3301/2595 1662/3325/2605
f 1649/3291/2588 1661/3319/2602 1664/3326/2606
f 1660/3321/2604 1659/3320/2603 1662/3327/2605 1663/3328/2607
f 1661/3323/2602 1660/3321/2604 1663/3328/2607 1664/3329/2606
f 1664/3329/2606 1663/3328/2607 1666/3330/2608 1667/3331/2609
f 1662/3325/2605 1645/3301/2595 1665/3332/2610
f 1649/3291/2588 1664/3326/2606 1667/3333/2609
f 1663/3334/2607 1662/3335/2605 1665/3336/2610 1666/3337/2608
f 1667/3338/2609 1666/3339/2608 1669/3340/2611 1670/3341/2612
f 1665/3332/2610 1645/3301/2595 1668/3342/2613
f 1649/3291/2588 1667/3333/2609 1670/3343/2612
f 1666/3337/2608 1665/3336/2610 1668/3344/2613 1669/3345/2611
f 1670/3341/2612 1669/3340/2611 1647/3294/2591 1648/3298/2589
f 1668/3342/2613 1645/3301/2595 1646/3300/2592
f 1649/3291/2588 1670/3343/2612 1648/3292/2589
f 1669/3340/2611 1668/3346/2613 1646/3295/2592 1647/3294/2591
f 1674/3347/2614 1673/3348/2615 1677/3349/2616 1678/3350/2617
f 1672/3351/2618 1671/3352/2619 1676/3353/2620
f 1675/3354/2621 1674/3355/2614 1678/3356/2617
f 1673/3348/2615 1672/3357/2618 1676/3358/2620 1677/3349/2616
f 1678/3359/2617 1677/3360/2616 1680/3361/2622 1681/3362/2623
f 1676/3353/2620 1671/3352/2619 1679/3363/2624
f 1675/3354/2621 1678/3356/2617 1681/3364/2623
f 1677/3360/2616 1676/3365/2620 1679/3366/2624 1680/3361/2622
f 1681/3367/2623 1680/3368/2622 1683/3369/2625 1684/3370/2626
f 1679/3363/2624 1671/3352/2619 1682/3371/2627
f 1675/3354/2621 1681/3364/2623 1684/3372/2626
f 1680/3368/2622 1679/3373/2624 1682/3374/2627 1683/3369/2625
f 1684/3370/2626 1683/3369/2625 1686/3375/2628 1687/3376/2629
f 1682/3371/2627 1671/3352/2619 1685/3377/2630
f 1675/3354/2621 1684/3372/2626 1687/3378/2629
f 1683/3369/2625 1682/3374/2627 1685/3379/2630 1686/3375/2628
f 1686/3375/2628 1685/3379/2630 1688/3380/2631 1689/3381/2632
f 1687/3376/2629 1686/3375/2628 1689/3381/2632 1690/3382/2633
f 1685/3377/2630 1671/3352/2619 1688/3383/2631
f 1675/3354/2621 1687/3378/2629 1690/3384/2633
f 1675/3354/2621 1690/3384/2633 1693/3385/2634
f 1689/3386/2632 1688/3387/2631 1691/3388/2635 1692/3389/2636
f 1690/3390/2633 1689/3386/2632 1692/3389/2636 1693/3391/2634
f 1688/3383/2631 1671/3352/2619 1691/3392/2635
f 1675/3354/2621 1693/3385/2634 1696/3393/2637
f 1692/3394/2636 1691/3395/2635 1694/3396/2638 1695/3397/2639
f 1693/3398/2634 1692/3394/2636 1695/3397/2639 1696/3399/2637
f 1691/3392/2635 1671/3352/2619 1694/3400/2638
f 1675/3354/2621 1696/3393/2637 1674/3355/2614
f 1695/3397/2639 1694/3396/2638 1672/3357/2618 1673/3348/2615
f 1696/3399/2637 1695/3397/2639 1673/3348/2615 1674/3347/2614
f 1694/3400/2638 1671/3352/2619 1672/3351/2618
f 1698/3401/2640 1697/3402/2641 1702/3403/2642
f 1701/3404/2643 1700/3405/2644 1704/3406/2645
f 1699/3407/2646 1698/3408/2640 1702/3409/2642 1703/3410/2647
f 1700/3411/2644 1699/3412/2646 1703/3413/2647 1704/3414/2645
f 1701/3404/2643 1704/3406/2645 1707/3415/2648
f 1703/3413/2647 1702/3416/2642 1705/3417/2649 1706/3418/2650
f 1704/3414/2645 1703/3413/2647 1706/3418/2650 1707/3419/2648
f 1702/3403/2642 1697/3402/2641 1705/3420/2649
f 1701/3404/2643 1707/3415/2648 1710/3421/2651
f 1706/3422/2650 1705/3423/2649 1708/3424/2652 1709/3425/2653
f 1707/3426/2648 1706/3422/2650 1709/3425/2653 1710/3427/2651
f 1705/3420/2649 1697/3402/2641 1708/3428/2652
f 1708/3428/2652 1697/3402/2641 1711/3429/2654
f 1701/3404/2643 1710/3421/2651 1713/3430/2655
f 1709/3425/2653 1708/3424/2652 1711/3431/2654 1712/3432/2656
f 1710/3427/2651 1709/3425/2653 1712/3432/2656 1713/3433/2655
f 1713/3433/2655 1712/3432/2656 1715/3434/2657 1716/3435/2658
f 1711/3429/2654 1697/3402/2641 1714/3436/2659
f 1701/3404/2643 1713/3430/2655 1716/3437/2658
f 1712/3438/2656 1711/3439/2654 1714/3440/2659 1715/3441/2657
f 1716/3442/2658 1715/3441/2657 1718/3443/2660 1719/3444/2661
f 1714/3436/2659 1697/3402/2641 1717/3445/2662
f 1701/3404/2643 1716/3437/2658 1719/3446/2661
f 1715/3441/2657 1714/3440/2659 1717/3447/2662 1718/3443/2660
f 1719/3448/2661 1718/3449/2660 1721/3450/2663 1722/3451/2664
f 1717/3445/2662 1697/3402/2641 1720/3452/2665
f 1701/3404/2643 1719/3446/2661 1722/3453/2664
f 1718/3449/2660 1717/3454/2662 1720/3455/2665 1721/3450/2663
f 1722/3451/2664 1721/3450/2663 1699/3407/2646 1700/3456/2644
f 1720/3452/2665 1697/3402/2641 1698/3401/2640
f 1701/3404/2643 1722/3453/2664 1700/3405/2644
f 1721/3450/2663 1720/3455/2665 1698/3408/2640 1699/3407/2646
f 1727/3457/2666 1726/3458/2667 1730/3459/2668
f 1725/3460/2669 1724/3461/2670 1728/3462/2671 1729/3463/2672
f 1726/3464/2667 1725/3460/2669 1729/3463/2672 1730/3465/2668
f 1724/3466/2670 1723/3467/2673 1728/3468/2671
f 1727/3457/2666 1730/3459/2668 1733/3469/2674
f 1729/3470/2672 1728/3471/2671 1731/3472/2675 1732/3473/2676
f 1730/3474/2668 1729/3470/2672 1732/3473/2676 1733/3475/2674
f 1728/3468/2671 1723/3467/2673 1731/3476/2675
f 1727/3457/2666 1733/3469/2674 1736/3477/2677
f 1732/3478/2676 1731/3479/2675 1734/3480/2678 1735/3481/2679
f 1733/3482/2674 1732/3478/2676 1735/3481/2679 1736/3483/2677
f 1731/3476/2675 1723/3467/2673 1734/3484/2678
f 1727/3457/2666 1736/3477/2677 1739/3485/2680
f 1735/3481/2679 1734/3480/2678 1737/3486/2681 1738/3487/2682
f 1736/3483/2677 1735/3481/2679 1738/3487/2682 1739/3488/2680
f 1734/3484/2678 1723/3467/2673 1737/3489/2681
f 1737/3489/2681 1723/3467/2673 1740/3490/2683
f 1727/3457/2666 1739/3485/2680 1742/3491/2684
f 1738/3487/2682 1737/3486/2681 1740/3492/2683 1741/3493/2685
f 1739/3488/2680 1738/3487/2682 1741/3493/2685 1742/3494/2684
f 1742/3495/2684 1741/3496/2685 1744/3497/2686 1745/3498/2687
f 1740/3490/2683 1723/3467/2673 1743/3499/2688
f 1727/3457/2666 1742/3491/2684 1745/3500/2687
f 1741/3496/2685 1740/3501/2683 1743/3502/2688 1744/3497/2686
f 1745/3503/2687 1744/3504/2686 1747/3505/2689 1748/3506/2690
f 1743/3499/2688 1723/3467/2673 1746/3507/2691
f 1727/3457/2666 1745/3500/2687 1748/3508/2690
f 1744/3504/2686 1743/3509/2688 1746/3510/2691 1747/3505/2689
f 1748/3506/2690 1747/3505/2689 1725/3460/2669 1726/3464/2667
f 1746/3507/2691 1723/3467/2673 1724/3466/2670
f 1727/3457/2666 1748/3508/2690 1726/3458/2667
f 1747/3505/2689 1746/3510/2691 1724/3461/2670 1725/3460/2669
f 1752/3511/2692 1751/3512/2693 1755/3513/2694 1756/3514/2695
f 1750/3515/2696 1749/3516/2697 1754/3517/2698
f 1753/3518/2699 1752/3519/2692 1756/3520/2695
f 1751/3512/2693 1750/3521/2696 1754/3522/2698 1755/3513/2694
f 1756/3523/2695 1755/3524/2694 1758/3525/2700 1759/3526/2701
f 1754/3517/2698 1749/3516/2697 1757/3527/2702
f 1753/3518/2699 1756/3520/2695 1759/3528/2701
f 1755/3524/2694 1754/3529/2698 1757/3530/2702 1758/3525/2700
f 1759/3526/2701 1758/3525/2700 1761/3531/2703 1762/3532/2704
f 1757/3527/2702 1749/3516/2697 1760/3533/2705
f 1753/3518/2699 1759/3528/2701 1762/3534/2704
f 1758/3525/2700 1757/3530/2702 1760/3535/2705 1761/3531/2703
f 1762/3536/2704 1761/3537/2703 1764/3538/2706 1765/3539/2707
f 1760/3533/2705 1749/3516/2697 1763/3540/2708
f 1753/3518/2699 1762/3534/2704 1765/3541/2707
f 1761/3537/2703 1760/3542/2705 1763/3543/2708 1764/3538/2706
f 1764/3538/2706 1763/3543/2708 1766/3544/2709 1767/3545/2710
f 1765/3539/2707 1764/3538/2706 1767/3545/2710 1768/3546/2711
f 1763/3540/2708 1749/3516/2697 1766/3547/2709
f 1753/3518/2699 1765/3541/2707 1768/3548/2711
f 1753/3518/2699 1768/3548/2711 1771/3549/2712
f 1767/3550/2710 1766/3551/2709 1769/3552/2713 1770/3553/2714
f 1768/3554/2711 1767/3550/2710 1770/3553/2714 1771/3555/2712
f 1766/3547/2709 1749/3516/2697 1769/3556/2713
f 1753/3518/2699 1771/3549/2712 1774/3557/2715
f 1770/3553/2714 1769/3552/2713 1772/3558/2716 1773/3559/2717
f 1771/3555/2712 1770/3553/2714 1773/3559/2717 1774/3560/2715
f 1769/3556/2713 1749/3516/2697 1772/3561/2716
f 1753/3518/2699 1774/3557/2715 1752/3519/2692
f 1773/3562/2717 1772/3563/2716 1750/3521/2696 1751/3512/2693
f 1774/3564/2715 1773/3562/2717 1751/3512/2693 1752/3511/2692
f 1772/3561/2716 1749/3516/2697 1750/3515/2696
f 1776/3565/2718 1775/3566/2719 1780/3567/2720
f 1779/3568/2721 1778/3569/2722 1782/3570/2723
f 1777/3571/2724 1776/3572/2718 1780/3573/2720 1781/3574/2725
f 1778/3575/2722 1777/3571/2724 1781/3574/2725 1782/3576/2723
f 1779/3568/2721 1782/3570/2723 1785/3577/2726
f 1781/3578/2725 1780/3579/2720 1783/3580/2727 1784/3581/2728
f 1782/3582/2723 1781/3578/2725 1784/3581/2728 1785/3583/2726
f 1780/3567/2720 1775/3566/2719 1783/3584/2727
f 1779/3568/2721 1785/3577/2726 1788/3585/2729
f 1784/3581/2728 1783/3580/2727 1786/3586/2730 1787/3587/2731
f 1785/3583/2726 1784/3581/2728 1787/3587/2731 1788/3588/2729
f 1783/3584/2727 1775/3566/2719 1786/3589/2730
f 1786/3589/2730 1775/3566/2719 1789/3590/2732
f 1779/3568/2721 1788/3585/2729 1791/3591/2733
f 1787/3592/2731 1786/3593/2730 1789/3594/2732 1790/3595/2734
f 1788/3596/2729 1787/3592/2731 1790/3595/2734 1791/3597/2733
f 1791/3597/2733 1790/3595/2734 1793/3598/2735 1794/3599/2736
f 1789/3590/2732 1775/3566/2719 1792/3600/2737
f 1779/3568/2721 1791/3591/2733 1794/3601/2736
f 1790/3595/2734 1789/3594/2732 1792/3602/2737 1793/3598/2735
f 1794/3603/2736 1793/3604/2735 1796/3605/2738 1797/3606/2739
f 1792/3600/2737 1775/3566/2719 1795/3607/2740
f 1779/3568/2721 1794/3601/2736 1797/3608/2739
f 1793/3604/2735 1792/3609/2737 1795/3610/2740 1796/3605/2738
f 1797/3606/2739 1796/3605/2738 1799/3611/2741 1800/3612/2742
f 1795/3607/2740 1775/3566/2719 1798/3613/2743
f 1779/3568/2721 1797/3608/2739 1800/3614/2742
f 1796/3605/2738 1795/3610/2740 1798/3615/2743 1799/3611/2741
f 1800/3616/2742 1799/3617/2741 1777/3571/2724 1778/3575/2722
f 1798/3613/2743 1775/3566/2719 1776/3565/2718
f 1779/3568/2721 1800/3614/2742 1778/3569/2722
f 1799/3617/2741 1798/3618/2743 1776/3572/2718 1777/3571/2724
f 1805/3619/2744 1804/3620/2745 1808/3621/2746
f 1803/3622/2747 1802/3623/2748 1806/3624/2749 1807/3625/2750
f 1804/3626/2745 1803/3622/2747 1807/3625/2750 1808/3627/2746
f 1802/3628/2748 1801/3629/2751 1806/3630/2749
f 1805/3619/2744 1808/3621/2746 1811/3631/2752
f 1807/3632/2750 1806/3633/2749 1809/3634/2753 1810/3635/2754
f 1808/3636/2746 1807/3632/2750 1810/3635/2754 1811/3637/2752
f 1806/3630/2749 1801/3629/2751 1809/3638/2753
f 1805/3619/2744 1811/3631/2752 1814/3639/2755
f 1810/3640/2754 1809/3641/2753 1812/3642/2756 1813/3643/2757
f 1811/3644/2752 1810/3640/2754 1813/3643/2757 1814/3645/2755
f 1809/3638/2753 1801/3629/2751 1812/3646/2756
f 1805/3619/2744 1814/3639/2755 1817/3647/2758
f 1813/3643/2757 1812/3642/2756 1815/3648/2759 1816/3649/2760
f 1814/3645/2755 1813/3643/2757 1816/3649/2760 1817/3650/2758
f 1812/3646/2756 1801/3629/2751 1815/3651/2759
f 1815/3651/2759 1801/3629/2751 1818/3652/2761
f 1805/3619/2744 1817/3647/2758 1820/3653/2762
f 1816/3649/2760 1815/3648/2759 1818/3654/2761 1819/3655/2763
f 1817/3650/2758 1816/3649/2760 1819/3655/2763 1820/3656/2762
f 1820/3657/2762 1819/3658/2763 1822/3659/2764 1823/3660/2765
f 1818/3652/2761 1801/3629/2751 1821/3661/2766
f 1805/3619/2744 1820/3653/2762 1823/3662/2765
f 1819/3658/2763 1818/3663/2761 1821/3664/2766 1822/3659/2764
f 1823/3665/2765 1822/3666/2764 1825/3667/2767 1826/3668/2768
f 1821/3661/2766 1801/3629/2751 1824/3669/2769
f 1805/3619/2744 1823/3662/2765 1826/3670/2768
f 1822/3666/2764 1821/3671/2766 1824/3672/2769 1825/3667/2767
f 1826/3668/2768 1825/3667/2767 1803/3622/2747 1804/3626/2745
f 1824/3669/2769 1801/3629/2751 1802/3628/2748
f 1805/3619/2744 1826/3670/2768 1804/3620/2745
f 1825/3667/2767 1824/3672/2769 1802/3623/2748 1803/3622/2747
f 1831/3673/2770 1830/3674/2771 1834/3675/2772
f 1829/3676/2773 1828/3677/2774 1832/3678/2775 1833/3679/2776
f 1830/3680/2771 1829/3676/2773 1833/3679/2776 1834/3681/2772
f 1828/3682/2774 1827/3683/2777 1832/3684/2775
f 1831/3673/2770 1834/3675/2772 1837/3685/2778
f 1833/3686/2776 1832/3687/2775 1835/3688/2779 1836/3689/2780
f 1834/3690/2772 1833/3686/2776 1836/3689/2780 1837/3691/2778
f 1832/3684/2775 1827/3683/2777 1835/3692/2779
f 1831/3673/2770 1837/3685/2778 1840/3693/2781
f 1836/3689/2780 1835/3688/2779 1838/3694/2782 1839/3695/2783
f 1837/3691/2778 1836/3689/2780 1839/3695/2783 1840/3696/2781
f 1835/3692/2779 1827/3683/2777 1838/3697/2782
f 1831/3673/2770 1840/3693/2781 1843/3698/2784
f 1839/3695/2783 1838/3694/2782 1841/3699/2785 1842/3700/2786
f 1840/3696/2781 1839/3695/2783 1842/3700/2786 1843/3701/2784
f 1838/3697/2782 1827/3683/2777 1841/3702/2785
f 1831/3673/2770 1843/3698/2784 1846/3703/2787
f 1842/3704/2786 1841/3705/2785 1844/3706/2788 1845/3707/2789
f 1843/3708/2784 1842/3704/2786 1845/3707/2789 1846/3709/2787
f 1841/3702/2785 1827/3683/2777 1844/3710/2788
f 1844/3710/2788 1827/3683/2777 1847/3711/2790
f 1831/3673/2770 1846/3703/2787 1849/3712/2791
f 1845/3713/2789 1844/3714/2788 1847/3715/2790 1848/3716/2792
f 1846/3717/2787 1845/3713/2789 1848/3716/2792 1849/3718/2791
f 1849/3718/2791 1848/3716/2792 1851/3719/2793 1852/3720/2794
f 1847/3711/2790 1827/3683/2777 1850/3721/2795
f 1831/3673/2770 1849/3712/2791 1852/3722/2794
f 1848/3716/2792 1847/3715/2790 1850/3723/2795 1851/3719/2793
f 1852/3720/2794 1851/3719/2793 1829/3724/2773 1830/3725/2771
f 1850/3721/2795 1827/3683/2777 1828/3682/2774
f 1831/3673/2770 1852/3722/2794 1830/3674/2771
f 1851/3719/2793 1850/3723/2795 1828/3726/2774 1829/3724/2773
f 1857/3727/2796 1856/3728/2797 1860/3729/2798
f 1855/3730/2799 1854/3731/2800 1858/3732/2801 1859/3733/2802
f 1856/3734/2797 1855/3730/2799 1859/3733/2802 1860/3735/2798
f 1854/3736/2800 1853/3737/2803 1858/3738/2801
f 1857/3727/2796 1860/3729/2798 1863/3739/2804
f 1859/3740/2802 1858/3741/2801 1861/3742/2805 1862/3743/2806
f 1860/3744/2798 1859/3740/2802 1862/3743/2806 1863/3745/2804
f 1858/3738/2801 1853/3737/2803 1861/3746/2805
f 1857/3727/2796 1863/3739/2804 1866/3747/2807
f 1862/3743/2806 1861/3742/2805 1864/3748/2808 1865/3749/2809
f 1863/3745/2804 1862/3743/2806 1865/3749/2809 1866/3750/2807
f 1861/3746/2805 1853/3737/2803 1864/3751/2808
f 1857/3727/2796 1866/3747/2807 1869/3752/2810
f 1865/3753/2809 1864/3754/2808 1867/3755/2811 1868/3756/2812
f 1866/3757/2807 1865/3753/2809 1868/3756/2812 1869/3758/2810
f 1864/3751/2808 1853/3737/2803 1867/3759/2811
f 1867/3759/2811 1853/3737/2803 1870/3760/2813
f 1857/3727/2796 1869/3752/2810 1872/3761/2814
f 1868/3756/2812 1867/3755/2811 1870/3762/2813 1871/3763/2815
f 1869/3758/2810 1868/3756/2812 1871/3763/2815 1872/3764/2814
f 1872/3765/2814 1871/3766/2815 1874/3767/2816 1875/3768/2817
f 1870/3760/2813 1853/3737/2803 1873/3769/2818
f 1857/3727/2796 1872/3761/2814 1875/3770/2817
f 1871/3766/2815 1870/3771/2813 1873/3772/2818 1874/3767/2816
f 1875/3768/2817 1874/3767/2816 1877/3773/2819 1878/3774/2820
f 1873/3769/2818 1853/3737/2803 1876/3775/2821
f 1857/3727/2796 1875/3770/2817 1878/3776/2820
f 1874/3767/2816 1873/3772/2818 1876/3777/2821 1877/3773/2819
f 1878/3778/2820 1877/3779/2819 1855/3730/2799 1856/3734/2797
f 1876/3775/2821 1853/3737/2803 1854/3736/2800
f 1857/3727/2796 1878/3776/2820 1856/3728/2797
f 1877/3779/2819 1876/3780/2821 1854/3731/2800 1855/3730/2799
f 1883/3781/2822 1882/3782/2823 1886/3783/2824
f 1881/3784/2825 1880/3785/2826 1884/3786/2827 1885/3787/2828
f 1882/3788/2823 1881/3784/2825 1885/3787/2828 1886/3789/2824
f 1880/3790/2826 1879/3791/2829 1884/3792/2827
f 1883/3781/2822 1886/3783/2824 1889/3793/2830
f 1885/3794/2828 1884/3795/2827 1887/3796/2831 1888/3797/2832
f 1886/3798/2824 1885/3794/2828 1888/3797/2832 1889/3799/2830
f 1884/3792/2827 1879/3791/2829 1887/3800/2831
f 1883/3781/2822 1889/3793/2830 1892/3801/2833
f 1888/3797/2832 1887/3796/2831 1890/3802/2834 1891/3803/2835
f 1889/3799/2830 1888/3797/2832 1891/3803/2835 1892/3804/2833
f 1887/3800/2831 1879/3791/2829 1890/3805/2834
f 1883/3781/2822 1892/3801/2833 1895/3806/2836
f 1891/3807/2835 1890/3808/2834 1893/3809/2837 1894/3810/2838
f 1892/3811/2833 1891/3807/2835 1894/3810/2838 1895/3812/2836
f 1890/3805/2834 1879/3791/2829 1893/3813/2837
f 1883/3781/2822 1895/3806/2836 1898/3814/2839
f 1894/3810/2838 1893/3809/2837 1896/3815/2840 1897/3816/2841
f 1895/3812/2836 1894/3810/2838 1897/3816/2841 1898/3817/2839
f 1893/3813/2837 1879/3791/2829 1896/3818/2840
f 1896/3818/2840 1879/3791/2829 1899/3819/2842
f 1883/3781/2822 1898/3814/2839 1901/3820/2843
f 1897/3821/2841 1896/3822/2840 1899/3823/2842 1900/3824/2844
f 1898/3825/2839 1897/3821/2841 1900/3824/2844 1901/3826/2843
f 1901/3826/2843 1900/3824/2844 1903/3827/2845 1904/3828/2846
f 1899/3819/2842 1879/3791/2829 1902/3829/2847
f 1883/3781/2822 1901/3820/2843 1904/3830/2846
f 1900/3824/2844 1899/3823/2842 1902/3831/2847 1903/3827/2845
f 1904/3832/2846 1903/3833/2845 1881/3784/2825 1882/3788/2823
f 1902/3829/2847 1879/3791/2829 1880/3790/2826
f 1883/3781/2822 1904/3830/2846 1882/3782/2823
f 1903/3833/2845 1902/3834/2847 1880/3785/2826 1881/3784/2825
f 1909/3835/2848 1908/3836/2849 1912/3837/2850
f 1907/3838/2851 1906/3839/2852 1910/3840/2853 1911/3841/2854
f 1908/3842/2849 1907/3838/2851 1911/3841/2854 1912/3843/2850
f 1906/3844/2852 1905/3845/2855 1910/3846/2853
f 1911/3847/2854 1910/3848/2853 1913/3849/2856 1914/3850/2857
f 1912/3851/2850 1911/3847/2854 1914/3850/2857 1915/3852/2858
f 1910/3846/2853 1905/3845/2855 1913/3853/2856
f 1909/3835/2848 1912/3837/2850 1915/3854/2858
f 1909/3835/2848 1915/3854/2858 1918/3855/2859
f 1914/3856/2857 1913/3857/2856 1916/3858/2860 1917/3859/2861
f 1915/3860/2858 1914/3856/2857 1917/3859/2861 1918/3861/2859
f 1913/3853/2856 1905/3845/2855 1916/3862/2860
f 1909/3835/2848 1918/3855/2859 1921/3863/2862
f 1917/3859/2861 1916/3858/2860 1919/3864/2863 1920/3865/2864
f 1918/3861/2859 1917/3859/2861 1920/3865/2864 1921/3866/2862
f 1916/3862/2860 1905/3845/2855 1919/3867/2863
f 1909/3835/2848 1921/3863/2862 1924/3868/2865
f 1920/3865/2864 1919/3864/2863 1922/3869/2866 1923/3870/2867
f 1921/3866/2862 1920/3865/2864 1923/3870/2867 1924/3871/2865
f 1919/3867/2863 1905/3845/2855 1922/3872/2866
f 1909/3835/2848 1924/3868/2865 1927/3873/2868
f 1923/3874/2867 1922/3875/2866 1925/3876/2869 1926/3877/2870
f 1924/3878/2865 1923/3874/2867 1926/3877/2870 1927/3879/2868
f 1922/3872/2866 1905/3845/2855 1925/3880/2869
f 1925/3880/2869 1905/3845/2855 1928/3881/2871
f 1909/3835/2848 1927/3873/2868 1930/3882/2872
f 1926/3883/2870 1925/3884/2869 1928/3885/2871 1929/3886/2873
f 1927/3887/2868 1926/3883/2870 1929/3886/2873 1930/3888/2872
f 1930/3888/2872 1929/3886/2873 1907/3838/2851 1908/3842/2849
f 1928/3881/2871 1905/3845/2855 1906/3844/2852
f 1909/3835/2848 1930/3882/2872 1908/3836/2849
f 1929/3886/2873 1928/3885/2871 1906/3839/2852 1907/3838/2851
f 1935/3889/2874 1934/3890/2875 1938/3891/2876
f 1933/3892/2877 1932/3893/2878 1936/3894/2879 1937/3895/2880
f 1934/3896/2875 1933/3892/2877 1937/3895/2880 1938/3897/2876
f 1932/3898/2878 1931/3899/2881 1936/3900/2879
f 1938/3897/2876 1937/3895/2880 1940/3901/2882 1941/3902/2883
f 1936/3900/2879 1931/3899/2881 1939/3903/2884
f 1935/3889/2874 1938/3891/2876 1941/3904/2883
f 1937/3895/2880 1936/3894/2879 1939/3905/2884 1940/3901/2882
f 1940/3906/2882 1939/3907/2884 1942/3908/2885 1943/3909/2886
f 1941/3910/2883 1940/3906/2882 1943/3909/2886 1944/3911/2887
f 1939/3903/2884 1931/3899/2881 1942/3912/2885
f 1935/3889/2874 1941/3904/2883 1944/3913/2887
f 1935/3889/2874 1944/3913/2887 1947/3914/2888
f 1943/3909/2886 1942/3908/2885 1945/3915/2889 1946/3916/2890
f 1944/3911/2887 1943/3909/2886 1946/3916/2890 1947/3917/2888
f 1942/3912/2885 1931/3899/2881 1945/3918/2889
f 1935/3889/2874 1947/3914/2888 1950/3919/2891
f 1946/3920/2890 1945/3921/2889 1948/3922/2892 1949/3923/2893
f 1947/3924/2888 1946/3920/2890 1949/3923/2893 1950/3925/2891
f 1945/3918/2889 1931/3899/2881 1948/3926/2892
f 1935/3889/2874 1950/3919/2891 1953/3927/2894
f 1949/3923/2893 1948/3922/2892 1951/3928/2895 1952/3929/2896
f 1950/3925/2891 1949/3923/2893 1952/3929/2896 1953/3930/2894
f 1948/3926/2892 1931/3899/2881 1951/3931/2895
f 1935/3889/2874 1953/3927/2894 1956/3932/2897
f 1952/3933/2896 1951/3934/2895 1954/3935/2898 1955/3936/2899
f 1953/3937/2894 1952/3933/2896 1955/3936/2899 1956/3938/2897
f 1951/3931/2895 1931/3899/2881 1954/3939/2898
f 1954/3939/2898 1931/3899/2881 1932/3898/2878
f 1935/3889/2874 1956/3932/2897 1934/3890/2875
f 1955/3936/2899 1954/3935/2898 1932/3940/2878 1933/3941/2877
f 1956/3938/2897 1955/3936/2899 1933/3941/2877 1934/3942/2875
f 1959/3943/2900 1958/3944/2901 1962/3945/2902 1963/3946/2903
f 1960/3947/2904 1959/3943/2900 1963/3946/2903 1964/3948/2905
f 1958/3949/2901 1957/3950/2906 1962/3951/2902
f 1961/3952/2907 1960/3953/2904 1964/3954/2905
f 1964/3955/2905 1963/3956/2903 1966/3957/2908 1967/3958/2909
f 1962/3951/2902 1957/3950/2906 1965/3959/2910
f 1961/3952/2907 1964/3954/2905 1967/3960/2909
f 1963/3956/2903 1962/3961/2902 1965/3962/2910 1966/3957/2908
f 1967/3963/2909 1966/3964/2908 1969/3965/2911 1970/3966/2912
f 1965/3959/2910 1957/3950/2906 1968/3967/2913
f 1961/3952/2907 1967/3960/2909 1970/3968/2912
f 1966/3964/2908 1965/3969/2910 1968/3970/2913 1969/3965/2911
f 1969/3965/2911 1968/3970/2913 1971/3971/2914 1972/3972/2915
f 1970/3966/2912 1969/3965/2911 1972/3972/2915 1973/3973/2916
f 1968/3967/2913 1957/3950/2906 1971/3974/2914
f 1961/3952/2907 1970/3968/2912 1973/3975/2916
f 1961/3952/2907 1973/3975/2916 1976/3976/2917
f 1972/3972/2915 1971/3971/2914 1974/3977/2918 1975/3978/2919
f 1973/3973/2916 1972/3972/2915 1975/3978/2919 1976/3979/2917
f 1971/3974/2914 1957/3950/2906 1974/3980/2918
f 1961/3952/2907 1976/3976/2917 1979/3981/2920
f 1975/3982/2919 1974/3983/2918 1977/3984/2921 1978/3985/2922
f 1976/3986/2917 1975/3982/2919 1978/3985/2922 1979/3987/2920
f 1974/3980/2918 1957/3950/2906 1977/3988/2921
f 1961/3952/2907 1979/3981/2920 1982/3989/2923
f 1978/3990/2922 1977/3991/2921 1980/3992/2924 1981/3993/2925
f 1979/3994/2920 1978/3990/2922 1981/3993/2925 1982/3995/2923
f 1977/3988/2921 1957/3950/2906 1980/3996/2924
f 1961/3952/2907 1982/3989/2923 1960/3953/2904
f 1981/3993/2925 1980/3992/2924 1958/3944/2901 1959/3943/2900
f 1982/3995/2923 1981/3993/2925 1959/3943/2900 1960/3947/2904
f 1980/3996/2924 1957/3950/2906 1958/3949/2901
f 1986/3997/2926 1985/3998/2927 1989/3999/2928 1990/4000/2929
f 1984/4001/2930 1983/4002/2931 1988/4003/2932
f 1987/4004/2933 1986/4005/2926 1990/4006/2929
f 1985/3998/2927 1984/4007/2930 1988/4008/2932 1989/3999/2928
f 1990/4009/2929 1989/4010/2928 1992/4011/2934 1993/4012/2935
f 1988/4003/2932 1983/4002/2931 1991/4013/2936
f 1987/4004/2933 1990/4006/2929 1993/4014/2935
f 1989/4010/2928 1988/4015/2932 1991/4016/2936 1992/4011/2934
f 1993/4012/2935 1992/4011/2934 1995/4017/2937 1996/4018/2938
f 1991/4013/2936 1983/4002/2931 1994/4019/2939
f 1987/4004/2933 1993/4014/2935 1996/4020/2938
f 1992/4011/2934 1991/4016/2936 1994/4021/2939 1995/4017/2937
f 1996/4022/2938 1995/4023/2937 1998/4024/2940 1999/4025/2941
f 1994/4019/2939 1983/4002/2931 1997/4026/2942
f 1987/4004/2933 1996/4020/2938 1999/4027/2941
f 1995/4023/2937 1994/4028/2939 1997/4029/2942 1998/4024/2940
f 1998/4024/2940 1997/4029/2942 2000/4030/2943 2001/4031/2944
f 1999/4025/2941 1998/4024/2940 2001/4031/2944 2002/4032/2945
f 1997/4026/2942 1983/4002/2931 2000/4033/2943
f 1987/4004/2933 1999/4027/2941 2002/4034/2945
f 1987/4004/2933 2002/4034/2945 2005/4035/2946
f 2001/4036/2944 2000/4037/2943 2003/4038/2947 2004/4039/2948
f 2002/4040/2945 2001/4036/2944 2004/4039/2948 2005/4041/2946
f 2000/4033/2943 1983/4002/2931 2003/4042/2947
f 1987/4004/2933 2005/4035/2946 2008/4043/2949
f 2004/4039/2948 2003/4038/2947 2006/4044/2950 2007/4045/2951
f 2005/4041/2946 2004/4039/2948 2007/4045/2951 2008/4046/2949
f 2003/4042/2947 1983/4002/2931 2006/4047/2950
f 1987/4004/2933 2008/4043/2949 1986/4005/2926
f 2007/4048/2951 2006/4049/2950 1984/4007/2930 1985/3998/2927
f 2008/4050/2949 2007/4048/2951 1985/3998/2927 1986/3997/2926
f 2006/4047/2950 1983/4002/2931 1984/4001/2930
f 2013/4051/2952 2012/4052/2953 2016/4053/2954
f 2011/4054/2955 2010/4055/2956 2014/4056/2957 2015/4057/2958
f 2012/4058/2953 2011/4054/2955 2015/4057/2958 2016/4059/2954
f 2010/4060/2956 2009/4061/2959 2014/4062/2957
f 2015/4057/2958 2014/4056/2957 2017/4063/2960 2018/4064/2961
f 2016/4059/2954 2015/4057/2958 2018/4064/2961 2019/4065/2962
f 2014/4062/2957 2009/4061/2959 2017/4066/2960
f 2013/4051/2952 2016/4053/2954 2019/4067/2962
f 2013/4051/2952 2019/4067/2962 2022/4068/2963
f 2018/4069/2961 2017/4070/2960 2020/4071/2964 2021/4072/2965
f 2019/4073/2962 2018/4069/2961 2021/4072/2965 2022/4074/2963
f 2017/4066/2960 2009/4061/2959 2020/4075/2964
f 2013/4051/2952 2022/4068/2963 2025/4076/2966
f 2021/4077/2965 2020/4078/2964 2023/4079/2967 2024/4080/2968
f 2022/4081/2963 2021/4077/2965 2024/4080/2968 2025/4082/2966
f 2020/4075/2964 2009/4061/2959 2023/4083/2967
f 2013/4051/2952 2025/4076/2966 2028/4084/2969
f 2024/4080/2968 2023/4079/2967 2026/4085/2970 2027/4086/2971
f 2025/4082/2966 2024/4080/2968 2027/4086/2971 2028/4087/2969
f 2023/4083/2967 2009/4061/2959 2026/4088/2970
f 2013/4051/2952 2028/4084/2969 2031/4089/2972
f 2027/4086/2971 2026/4085/2970 2029/4090/2973 2030/4091/2974
f 2028/4087/2969 2027/4086/2971 2030/4091/2974 2031/4092/2972
f 2026/4088/2970 2009/4061/2959 2029/4093/2973
f 2029/4093/2973 2009/4061/2959 2032/4094/2975
f 2013/4051/2952 2031/4089/2972 2034/4095/2976
f 2030/4096/2974 2029/4097/2973 2032/4098/2975 2033/4099/2977
f 2031/4100/2972 2030/4096/2974 2033/4099/2977 2034/4101/2976
f 2034/4102/2976 2033/4103/2977 2011/4054/2955 2012/4058/2953
f 2032/4094/2975 2009/4061/2959 2010/4060/2956
f 2013/4051/2952 2034/4095/2976 2012/4052/2953
f 2033/4103/2977 2032/4104/2975 2010/4055/2956 2011/4054/2955
f 2039/4105/2978 2038/4106/2979 2042/4107/2980
f 2037/4108/2981 2036/4109/2982 2040/4110/2983 2041/4111/2984
f 2038/4112/2979 2037/4108/2981 2041/4111/2984 2042/4113/2980
f 2036/4114/2982 2035/4115/2985 2040/4116/2983
f 2042/4113/2980 2041/4111/2984 2044/4117/2986 2045/4118/2987
f 2040/4116/2983 2035/4115/2985 2043/4119/2988
f 2039/4105/2978 2042/4107/2980 2045/4120/2987
f 2041/4111/2984 2040/4110/2983 2043/4121/2988 2044/4117/2986
f 2044/4122/2986 2043/4123/2988 2046/4124/2989 2047/4125/2990
f 2045/4126/2987 2044/4122/2986 2047/4125/2990 2048/4127/2991
f 2043/4119/2988 2035/4115/2985 2046/4128/2989
f 2039/4105/2978 2045/4120/2987 2048/4129/2991
f 2039/4105/2978 2048/4129/2991 2051/4130/2992
f 2047/4131/2990 2046/4132/2989 2049/4133/2993 2050/4134/2994
f 2048/4135/2991 2047/4131/2990 2050/4134/2994 2051/4136/2992
f 2046/4128/2989 2035/4115/2985 2049/4137/2993
f 2039/4105/2978 2051/4130/2992 2054/4138/2995
f 2050/4134/2994 2049/4133/2993 2052/4139/2996 2053/4140/2997
f 2051/4136/2992 2050/4134/2994 2053/4140/2997 2054/4141/2995
f 2049/4137/2993 2035/4115/2985 2052/4142/2996
f 2039/4105/2978 2054/4138/2995 2057/4143/2998
f 2053/4140/2997 2052/4139/2996 2055/4144/2999 2056/4145/3000
f 2054/4141/2995 2053/4140/2997 2056/4145/3000 2057/4146/2998
f 2052/4142/2996 2035/4115/2985 2055/4147/2999
f 2039/4105/2978 2057/4143/2998 2060/4148/3001
f 2056/4149/3000 2055/4150/2999 2058/4151/3002 2059/4152/3003
f 2057/4153/2998 2056/4149/3000 2059/4152/3003 2060/4154/3001
f 2055/4147/2999 2035/4115/2985 2058/4155/3002
f 2058/4155/3002 2035/4115/2985 2036/4114/2982
f 2039/4105/2978 2060/4148/3001 2038/4106/2979
f 2059/4156/3003 2058/4157/3002 2036/4109/2982 2037/4108/2981
f 2060/4158/3001 2059/4156/3003 2037/4108/2981 2038/4112/2979
f 2063/4159/3004 2062/4160/3005 2066/4161/3006 2067/4162/3007
f 2064/4163/3008 2063/4159/3004 2067/4162/3007 2068/4164/3009
f 2062/4165/3005 2061/4166/3010 2066/4167/3006
f 2065/4168/3011 2064/4169/3008 2068/4170/3009
f 2068/4171/3009 2067/4172/3007 2070/4173/3012 2071/4174/3013
f 2066/4167/3006 2061/4166/3010 2069/4175/3014
f 2065/4168/3011 2068/4170/3009 2071/4176/3013
f 2067/4172/3007 2066/4177/3006 2069/4178/3014 2070/4173/3012
f 2071/4179/3013 2070/4180/3012 2073/4181/3015 2074/4182/3016
f 2069/4175/3014 2061/4166/3010 2072/4183/3017
f 2065/4168/3011 2071/4176/3013 2074/4184/3016
f 2070/4180/3012 2069/4185/3014 2072/4186/3017 2073/4181/3015
f 2073/4181/3015 2072/4186/3017 2075/4187/3018 2076/4188/3019
f 2074/4182/3016 2073/4181/3015 2076/4188/3019 2077/4189/3020
f 2072/4183/3017 2061/4166/3010 2075/4190/3018
f 2065/4168/3011 2074/4184/3016 2077/4191/3020
f 2065/4168/3011 2077/4191/3020 2080/4192/3021
f 2076/4188/3019 2075/4187/3018 2078/4193/3022 2079/4194/3023
f 2077/4189/3020 2076/4188/3019 2079/4194/3023 2080/4195/3021
f 2075/4190/3018 2061/4166/3010 2078/4196/3022
f 2065/4168/3011 2080/4192/3021 2083/4197/3024
f 2079/4198/3023 2078/4199/3022 2081/4200/3025 2082/4201/3026
f 2080/4202/3021 2079/4198/3023 2082/4201/3026 2083/4203/3024
f 2078/4196/3022 2061/4166/3010 2081/4204/3025
f 2065/4168/3011 2083/4197/3024 2086/4205/3027
f 2082/4206/3026 2081/4207/3025 2084/4208/3028 2085/4209/3029
f 2083/4210/3024 2082/4206/3026 2085/4209/3029 2086/4211/3027
f 2081/4204/3025 2061/4166/3010 2084/4212/3028
f 2065/4168/3011 2086/4205/3027 2064/4169/3008
f 2085/4209/3029 2084/4208/3028 2062/4160/3005 2063/4159/3004
f 2086/4211/3027 2085/4209/3029 2063/4159/3004 2064/4163/3008
f 2084/4212/3028 2061/4166/3010 2062/4165/3005
f 2090/4213/3030 2089/4214/3031 2093/4215/3032 2094/4216/3033
f 2088/4217/3034 2087/4218/3035 2092/4219/3036
f 2091/4220/3037 2090/4221/3030 2094/4222/3033
f 2089/4214/3031 2088/4223/3034 2092/4224/3036 2093/4215/3032
f 2094/4225/3033 2093/4226/3032 2096/4227/3038 2097/4228/3039
f 2092/4219/3036 2087/4218/3035 2095/4229/3040
f 2091/4220/3037 2094/4222/3033 2097/4230/3039
f 2093/4226/3032 2092/4231/3036 2095/4232/3040 2096/4227/3038
f 2097/4228/3039 2096/4227/3038 2099/4233/3041 2100/4234/3042
f 2095/4229/3040 2087/4218/3035 2098/4235/3043
f 2091/4220/3037 2097/4230/3039 2100/4236/3042
f 2096/4227/3038 2095/4232/3040 2098/4237/3043 2099/4233/3041
f 2100/4234/3042 2099/4233/3041 2102/4238/3044 2103/4239/3045
f 2098/4235/3043 2087/4218/3035 2101/4240/3046
f 2091/4220/3037 2100/4236/3042 2103/4241/3045
f 2099/4233/3041 2098/4237/3043 2101/4242/3046 2102/4238/3044
f 2102/4243/3044 2101/4244/3046 2104/4245/3047 2105/4246/3048
f 2103/4247/3045 2102/4243/3044 2105/4246/3048 2106/4248/3049
f 2101/4240/3046 2087/4218/3035 2104/4249/3047
f 2091/4220/3037 2103/4241/3045 2106/4250/3049
f 2091/4220/3037 2106/4250/3049 2109/4251/3050
f 2105/4252/3048 2104/4253/3047 2107/4254/3051 2108/4255/3052
f 2106/4256/3049 2105/4252/3048 2108/4255/3052 2109/4257/3050
f 2104/4249/3047 2087/4218/3035 2107/4258/3051
f 2091/4220/3037 2109/4251/3050 2112/4259/3053
f 2108/4255/3052 2107/4254/3051 2110/4260/3054 2111/4261/3055
f 2109/4257/3050 2108/4255/3052 2111/4261/3055 2112/4262/3053
f 2107/4258/3051 2087/4218/3035 2110/4263/3054
f 2091/4220/3037 2112/4259/3053 2090/4221/3030
f 2111/4261/3055 2110/4260/3054 2088/4264/3034 2089/4265/3031
f 2112/4262/3053 2111/4261/3055 2089/4265/3031 2090/4266/3030
f 2110/4263/3054 2087/4218/3035 2088/4217/3034
f 2116/4267/3056 2115/4268/3057 2119/4269/3058 2120/4270/3059
f 2114/4271/3060 2113/4272/3061 2118/4273/3062
f 2117/4274/3063 2116/4275/3056 2120/4276/3059
f 2115/4268/3057 2114/4277/3060 2118/4278/3062 2119/4269/3058
f 2120/4279/3059 2119/4280/3058 2122/4281/3064 2123/4282/3065
f 2118/4273/3062 2113/4272/3061 2121/4283/3066
f 2117/4274/3063 2120/4276/3059 2123/4284/3065
f 2119/4280/3058 2118/4285/3062 2121/4286/3066 2122/4281/3064
f 2123/4287/3065 2122/4288/3064 2125/4289/3067 2126/4290/3068
f 2121/4283/3066 2113/4272/3061 2124/4291/3069
f 2117/4274/3063 2123/4284/3065 2126/4292/3068
f 2122/4288/3064 2121/4293/3066 2124/4294/3069 2125/4289/3067
f 2126/4290/3068 2125/4289/3067 2128/4295/3070 2129/4296/3071
f 2124/4291/3069 2113/4272/3061 2127/4297/3072
f 2117/4274/3063 2126/4292/3068 2129/4298/3071
f 2125/4289/3067 2124/4294/3069 2127/4299/3072 2128/4295/3070
f 2129/4296/3071 2128/4295/3070 2131/4300/3073 2132/4301/3074
f 2127/4297/3072 2113/4272/3061 2130/4302/3075
f 2117/4274/3063 2129/4298/3071 2132/4303/3074
f 2128/4295/3070 2127/4299/3072 2130/4304/3075 2131/4300/3073
f 2131/4305/3073 2130/4306/3075 2133/4307/3076 2134/4308/3077
f 2132/4309/3074 2131/4305/3073 2134/4308/3077 2135/4310/3078
f 2130/4302/3075 2113/4272/3061 2133/4311/3076
f 2117/4274/3063 2132/4303/3074 2135/4312/3078
f 2117/4274/3063 2135/4312/3078 2138/4313/3079
f 2134/4314/3077 2133/4315/3076 2136/4316/3080 2137/4317/3081
f 2135/4318/3078 2134/4314/3077 2137/4317/3081 2138/4319/3079
f 2133/4311/3076 2113/4272/3061 2136/4320/3080
f 2117/4274/3063 2138/4313/3079 2116/4275/3056
f 2137/4317/3081 2136/4316/3080 2114/4277/3060 2115/4268/3057
f 2138/4319/3079 2137/4317/3081 2115/4268/3057 2116/4267/3056
f 2136/4320/3080 2113/4272/3061 2114/4271/3060
f 2142/4321/3082 2141/4322/3083 2145/4323/3084 2146/4324/3085
f 2140/4325/3086 2139/4326/3087 2144/4327/3088
f 2143/4328/3089 2142/4329/3082 2146/4330/3085
f 2141/4322/3083 2140/4331/3086 2144/4332/3088 2145/4323/3084
f 2146/4324/3085 2145/4323/3084 2148/4333/3090 2149/4334/3091
f 2144/4327/3088 2139/4326/3087 2147/4335/3092
f 2143/4328/3089 2146/4330/3085 2149/4336/3091
f 2145/4323/3084 2144/4332/3088 2147/4337/3092 2148/4333/3090
f 2149/4338/3091 2148/4339/3090 2151/4340/3093 2152/4341/3094
f 2147/4335/3092 2139/4326/3087 2150/4342/3095
f 2143/4328/3089 2149/4336/3091 2152/4343/3094
f 2148/4339/3090 2147/4344/3092 2150/4345/3095 2151/4340/3093
f 2152/4341/3094 2151/4340/3093 2154/4346/3096 2155/4347/3097
f 2150/4342/3095 2139/4326/3087 2153/4348/3098
f 2143/4328/3089 2152/4343/3094 2155/4349/3097
f 2151/4340/3093 2150/4345/3095 2153/4350/3098 2154/4346/3096
f 2155/4351/3097 2154/4352/3096 2157/4353/3099 2158/4354/3100
f 2153/4348/3098 2139/4326/3087 2156/4355/3101
f 2143/4328/3089 2155/4349/3097 2158/4356/3100
f 2154/4352/3096 2153/4357/3098 2156/4358/3101 2157/4353/3099
f 2158/4354/3100 2157/4353/3099 2160/4359/3102 2161/4360/3103
f 2156/4355/3101 2139/4326/3087 2159/4361/3104
f 2143/4328/3089 2158/4356/3100 2161/4362/3103
f 2157/4353/3099 2156/4358/3101 2159/4363/3104 2160/4359/3102
f 2160/4364/3102 2159/4365/3104 2162/4366/3105 2163/4367/3106
f 2161/4368/3103 2160/4364/3102 2163/4367/3106 2164/4369/3107
f 2159/4361/3104 2139/4326/3087 2162/4370/3105
f 2143/4328/3089 2161/4362/3103 2164/4371/3107
f 2143/4328/3089 2164/4371/3107 2142/4329/3082
f 2163/4367/3106 2162/4366/3105 2140/4372/3086 2141/4373/3083
f 2164/4369/3107 2163/4367/3106 2141/4373/3083 2142/4374/3082
f 2162/4370/3105 2139/4326/3087 2140/4325/3086
f 2168/4375/3108 2167/4376/3109 2171/4377/3110 2172/4378/3111
f 2166/4379/3112 2165/4380/3113 2170/4381/3114
f 2169/4382/3115 2168/4383/3108 2172/4384/3111
f 2167/4385/3109 2166/4386/3112 2170/4387/3114 2171/4388/3110
f 2170/4381/3114 2165/4380/3113 2173/4389/3116
f 2169/4382/3115 2172/4384/3111 2175/4390/3117
f 2171/4377/3110 2170/4391/3114 2173/4392/3116 2174/4393/3118
f 2172/4378/3111 2171/4377/3110 2174/4393/3118 2175/4394/3117
f 2175/4395/3117 2174/4396/3118 2177/4397/3119 2178/4398/3120
f 2173/4389/3116 2165/4380/3113 2176/4399/3121
f 2169/4382/3115 2175/4390/3117 2178/4400/3120
f 2174/4396/3118 2173/4401/3116 2176/4402/3121 2177/4397/3119
f 2178/4398/3120 2177/4397/3119 2180/4403/3122 2181/4404/3123
f 2176/4399/3121 2165/4380/3113 2179/4405/3124
f 2169/4382/3115 2178/4400/3120 2181/4406/3123
f 2177/4397/3119 2176/4402/3121 2179/4407/3124 2180/4403/3122
f 2181/4404/3123 2180/4403/3122 2183/4408/3125 2184/4409/3126
f 2179/4405/3124 2165/4380/3113 2182/4410/3127
f 2169/4382/3115 2181/4406/3123 2184/4411/3126
f 2180/4412/3122 2179/4413/3124 2182/4414/3127 2183/4415/3125
f 2184/4416/3126 2183/4415/3125 2186/4417/3128 2187/4418/3129
f 2182/4410/3127 2165/4380/3113 2185/4419/3130
f 2169/4382/3115 2184/4411/3126 2187/4420/3129
f 2183/4415/3125 2182/4414/3127 2185/4421/3130 2186/4417/3128
f 2187/4422/3129 2186/4423/3128 2189/4424/3131 2190/4425/3132
f 2185/4419/3130 2165/4380/3113 2188/4426/3133
f 2169/4382/3115 2187/4420/3129 2190/4427/3132
f 2186/4423/3128 2185/4428/3130 2188/4429/3133 2189/4424/3131
f 2189/4424/3131 2188/4429/3133 2166/4386/3112 2167/4385/3109
f 2190/4425/3132 2189/4424/3131 2167/4385/3109 2168/4430/3108
f 2188/4426/3133 2165/4380/3113 2166/4379/3112
f 2169/4382/3115 2190/4427/3132 2168/4383/3108
f 2194/4431/3134 2193/4432/3135 2197/4433/3136 2198/4434/3137
f 2192/4435/3138 2191/4436/3139 2196/4437/3140
f 2195/4438/3141 2194/4439/3134 2198/4440/3137
f 2193/4441/3135 2192/4442/3138 2196/4443/3140 2197/4444/3136
f 2195/4438/3141 2198/4440/3137 2201/4445/3142
f 2197/4433/3136 2196/4446/3140 2199/4447/3143 2200/4448/3144
f 2198/4434/3137 2197/4433/3136 2200/4448/3144 2201/4449/3142
f 2196/4437/3140 2191/4436/3139 2199/4450/3143
f 2199/4450/3143 2191/4436/3139 2202/4451/3145
f 2195/4438/3141 2201/4445/3142 2204/4452/3146
f 2200/4453/3144 2199/4454/3143 2202/4455/3145 2203/4456/3147
f 2201/4457/3142 2200/4453/3144 2203/4456/3147 2204/4458/3146
f 2204/4458/3146 2203/4456/3147 2206/4459/3148 2207/4460/3149
f 2202/4451/3145 2191/4436/3139 2205/4461/3150
f 2195/4438/3141 2204/4452/3146 2207/4462/3149
f 2203/4456/3147 2202/4455/3145 2205/4463/3150 2206/4459/3148
f 2207/4460/3149 2206/4459/3148 2209/4464/3151 2210/4465/3152
f 2205/4461/3150 2191/4436/3139 2208/4466/3153
f 2195/4438/3141 2207/4462/3149 2210/4467/3152
f 2206/4468/3148 2205/4469/3150 2208/4470/3153 2209/4471/3151
f 2210/4472/3152 2209/4471/3151 2212/4473/3154 2213/4474/3155
f 2208/4466/3153 2191/4436/3139 2211/4475/3156
f 2195/4438/3141 2210/4467/3152 2213/4476/3155
f 2209/4471/3151 2208/4470/3153 2211/4477/3156 2212/4473/3154
f 2213/4478/3155 2212/4479/3154 2215/4480/3157 2216/4481/3158
f 2211/4475/3156 2191/4436/3139 2214/4482/3159
f 2195/4438/3141 2213/4476/3155 2216/4483/3158
f 2212/4479/3154 2211/4484/3156 2214/4485/3159 2215/4480/3157
f 2216/4481/3158 2215/4480/3157 2193/4441/3135 2194/4486/3134
f 2214/4482/3159 2191/4436/3139 2192/4435/3138
f 2195/4438/3141 2216/4483/3158 2194/4439/3134
f 2215/4480/3157 2214/4485/3159 2192/4442/3138 2193/4441/3135
f 2218/4487/3160 2217/4488/3161 2222/4489/3162
f 2221/4490/3163 2220/4491/3164 2224/4492/3165
f 2219/4493/3166 2218/4494/3160 2222/4495/3162 2223/4496/3167
f 2220/4497/3164 2219/4493/3166 2223/4496/3167 2224/4498/3165
f 2221/4490/3163 2224/4492/3165 2227/4499/3168
f 2223/4496/3167 2222/4495/3162 2225/4500/3169 2226/4501/3170
f 2224/4498/3165 2223/4496/3167 2226/4501/3170 2227/4502/3168
f 2222/4489/3162 2217/4488/3161 2225/4503/3169
f 2221/4490/3163 2227/4499/3168 2230/4504/3171
f 2226/4501/3170 2225/4500/3169 2228/4505/3172 2229/4506/3173
f 2227/4507/3168 2226/4508/3170 2229/4509/3173 2230/4510/3171
f 2225/4503/3169 2217/4488/3161 2228/4511/3172
f 2228/4511/3172 2217/4488/3161 2231/4512/3174
f 2221/4490/3163 2230/4504/3171 2233/4513/3175
f 2229/4509/3173 2228/4514/3172 2231/4515/3174 2232/4516/3176
f 2230/4510/3171 2229/4509/3173 2232/4516/3176 2233/4517/3175
f 2233/4518/3175 2232/4519/3176 2235/4520/3177 2236/4521/3178
f 2231/4512/3174 2217/4488/3161 2234/4522/3179
f 2221/4490/3163 2233/4513/3175 2236/4523/3178
f 2232/4519/3176 2231/4524/3174 2234/4525/3179 2235/4520/3177
f 2236/4521/3178 2235/4520/3177 2238/4526/3180 2239/4527/3181
f 2234/4522/3179 2217/4488/3161 2237/4528/3182
f 2221/4490/3163 2236/4523/3178 2239/4529/3181
f 2235/4520/3177 2234/4525/3179 2237/4530/3182 2238/4526/3180
f 2239/4527/3181 2238/4526/3180 2241/4531/3183 2242/4532/3184
f 2237/4528/3182 2217/4488/3161 2240/4533/3185
f 2221/4490/3163 2239/4529/3181 2242/4534/3184
f 2238/4535/3180 2237/4536/3182 2240/4537/3185 2241/4538/3183
f 2242/4539/3184 2241/4538/3183 2219/4540/3166 2220/4541/3164
f 2240/4533/3185 2217/4488/3161 2218/4487/3160
f 2221/4490/3163 2242/4534/3184 2220/4491/3164
f 2241/4538/3183 2240/4537/3185 2218/4542/3160 2219/4540/3166
f 2247/4543/3186 2246/4544/3187 2250/4545/3188
f 2245/4546/3189 2244/4547/3190 2248/4548/3191 2249/4549/3192
f 2246/4550/3187 2245/4551/3189 2249/4552/3192 2250/4553/3188
f 2244/4554/3190 2243/4555/3193 2248/4556/3191
f 2247/4543/3186 2250/4545/3188 2253/4557/3194
f 2249/4552/3192 2248/4558/3191 2251/4559/3195 2252/4560/3196
f 2250/4553/3188 2249/4552/3192 2252/4560/3196 2253/4561/3194
f 2248/4556/3191 2243/4555/3193 2251/4562/3195
f 2247/4543/3186 2253/4557/3194 2256/4563/3197
f 2252/4564/3196 2251/4565/3195 2254/4566/3198 2255/4567/3199
f 2253/4568/3194 2252/4564/3196 2255/4567/3199 2256/4569/3197
f 2251/4562/3195 2243/4555/3193 2254/4570/3198
f 2247/4543/3186 2256/4563/3197 2259/4571/3200
f 2255/4567/3199 2254/4566/3198 2257/4572/3201 2258/4573/3202
f 2256/4569/3197 2255/4567/3199 2258/4573/3202 2259/4574/3200
f 2254/4570/3198 2243/4555/3193 2257/4575/3201
f 2257/4575/3201 2243/4555/3193 2260/4576/3203
f 2247/4543/3186 2259/4571/3200 2262/4577/3204
f 2258/4578/3202 2257/4579/3201 2260/4580/3203 2261/4581/3205
f 2259/4574/3200 2258/4573/3202 2261/4582/3205 2262/4583/3204
f 2262/4584/3204 2261/4581/3205 2264/4585/3206 2265/4586/3207
f 2260/4576/3203 2243/4555/3193 2263/4587/3208
f 2247/4543/3186 2262/4577/3204 2265/4588/3207
f 2261/4581/3205 2260/4580/3203 2263/4589/3208 2264/4585/3206
f 2265/4590/3207 2264/4591/3206 2267/4592/3209 2268/4593/3210
f 2263/4587/3208 2243/4555/3193 2266/4594/3211
f 2247/4543/3186 2265/4588/3207 2268/4595/3210
f 2264/4591/3206 2263/4596/3208 2266/4597/3211 2267/4592/3209
f 2268/4593/3210 2267/4592/3209 2245/4546/3189 2246/4598/3187
f 2266/4594/3211 2243/4555/3193 2244/4554/3190
f 2247/4543/3186 2268/4595/3210 2246/4544/3187
f 2267/4592/3209 2266/4597/3211 2244/4547/3190 2245/4546/3189
f 2270/4599/3212 2269/4600/3213 2274/4601/3214
f 2273/4602/3215 2272/4603/3216 2276/4604/3217
f 2271/4605/3218 2270/4606/3212 2274/4607/3214 2275/4608/3219
f 2272/4609/3216 2271/4605/3218 2275/4608/3219 2276/4610/3217
f 2273/4602/3215 2276/4604/3217 2279/4611/3220
f 2275/4612/3219 2274/4613/3214 2277/4614/3221 2278/4615/3222
f 2276/4616/3217 2275/4612/3219 2278/4615/3222 2279/4617/3220
f 2274/4601/3214 2269/4600/3213 2277/4618/3221
f 2273/4602/3215 2279/4611/3220 2282/4619/3223
f 2278/4620/3222 2277/4621/3221 2280/4622/3224 2281/4623/3225
f 2279/4624/3220 2278/4620/3222 2281/4623/3225 2282/4625/3223
f 2277/4618/3221 2269/4600/3213 2280/4626/3224
f 2280/4626/3224 2269/4600/3213 2283/4627/3226
f 2273/4602/3215 2282/4619/3223 2285/4628/3227
f 2281/4623/3225 2280/4622/3224 2283/4629/3226 2284/4630/3228
f 2282/4625/3223 2281/4623/3225 2284/4630/3228 2285/4631/3227
f 2285/4631/3227 2284/4630/3228 2287/4632/3229 2288/4633/3230
f 2283/4627/3226 2269/4600/3213 2286/4634/3231
f 2273/4602/3215 2285/4628/3227 2288/4635/3230
f 2284/4630/3228 2283/4629/3226 2286/4636/3231 2287/4632/3229
f 2288/4637/3230 2287/4638/3229 2290/4639/3232 2291/4640/3233
f 2286/4634/3231 2269/4600/3213 2289/4641/3234
f 2273/4602/3215 2288/4635/3230 2291/4642/3233
f 2287/4638/3229 2286/4643/3231 2289/4644/3234 2290/4639/3232
f 2291/4645/3233 2290/4646/3232 2293/4647/3235 2294/4648/3236
f 2289/4641/3234 2269/4600/3213 2292/4649/3237
f 2273/4602/3215 2291/4642/3233 2294/4650/3236
f 2290/4646/3232 2289/4651/3234 2292/4652/3237 2293/4647/3235
f 2294/4648/3236 2293/4647/3235 2271/4605/3218 2272/4609/3216
f 2292/4649/3237 2269/4600/3213 2270/4599/3212
f 2273/4602/3215 2294/4650/3236 2272/4603/3216
f 2293/4647/3235 2292/4652/3237 2270/4606/3212 2271/4605/3218
f 2298/4653/3238 2297/4654/3239 2301/4655/3240 2302/4656/3241
f 2296/4657/3242 2295/4658/3243 2300/4659/3244
f 2299/4660/3245 2298/4661/3238 2302/4662/3241
f 2297/4654/3239 2296/4663/3242 2300/4664/3244 2301/4655/3240
f 2302/4656/3241 2301/4655/3240 2304/4665/3246 2305/4666/3247
f 2300/4659/3244 2295/4658/3243 2303/4667/3248
f 2299/4660/3245 2302/4662/3241 2305/4668/3247
f 2301/4655/3240 2300/4664/3244 2303/4669/3248 2304/4665/3246
f 2305/4670/3247 2304/4671/3246 2307/4672/3249 2308/4673/3250
f 2303/4667/3248 2295/4658/3243 2306/4674/3251
f 2299/4660/3245 2305/4668/3247 2308/4675/3250
f 2304/4671/3246 2303/4676/3248 2306/4677/3251 2307/4672/3249
f 2308/4673/3250 2307/4672/3249 2310/4678/3252 2311/4679/3253
f 2306/4674/3251 2295/4658/3243 2309/4680/3254
f 2299/4660/3245 2308/4675/3250 2311/4681/3253
f 2307/4672/3249 2306/4677/3251 2309/4682/3254 2310/4678/3252
f 2311/4683/3253 2310/4684/3252 2313/4685/3255 2314/4686/3256
f 2309/4680/3254 2295/4658/3243 2312/4687/3257
f 2299/4660/3245 2311/4681/3253 2314/4688/3256
f 2310/4684/3252 2309/4689/3254 2312/4690/3257 2313/4685/3255
f 2314/4686/3256 2313/4685/3255 2316/4691/3258 2317/4692/3259
f 2312/4687/3257 2295/4658/3243 2315/4693/3260
f 2299/4660/3245 2314/4688/3256 2317/4694/3259
f 2313/4685/3255 2312/4690/3257 2315/4695/3260 2316/4691/3258
f 2316/4696/3258 2315/4697/3260 2318/4698/3261 2319/4699/3262
f 2317/4700/3259 2316/4696/3258 2319/4699/3262 2320/4701/3263
f 2315/4693/3260 2295/4658/3243 2318/4702/3261
f 2299/4660/3245 2317/4694/3259 2320/4703/3263
f 2299/4660/3245 2320/4703/3263 2298/4661/3238
f 2319/4699/3262 2318/4698/3261 2296/4704/3242 2297/4705/3239
f 2320/4701/3263 2319/4699/3262 2297/4705/3239 2298/4706/3238
f 2318/4702/3261 2295/4658/3243 2296/4657/3242
f 2321/4707/3264 2322/4708/3265 2324/4709/3266 2323/4710/3267
f 2323/4711/3267 2324/4712/3266 2326/4713/3268 2325/4714/3269
f 2325/4714/3269 2326/4713/3268 2328/4715/3270 2327/4716/3271
f 2327/4716/3271 2328/4715/3270 2330/4717/3272 2329/4718/3273
f 2329/4719/3273 2330/4720/3272 2332/4721/3274 2331/4722/3275
f 2324/4723/3266 2322/4724/3265 2334/4725/3276 2332/4721/3274 2330/4720/3272 2328/4726/3270 2326/4727/3268
f 2331/4728/3275 2332/4729/3274 2334/4730/3276 2333/4731/3277
f 2333/4731/3277 2334/4730/3276 2322/4732/3265 2321/4733/3264
f 2321/4707/3264 2323/4710/3267 2325/4734/3269 2327/4735/3271 2329/4736/3273 2331/4737/3275 2333/4738/3277
f 2335/4739/3278 2336/4740/3279 2338/4741/3280 2337/4742/3281
f 2337/4742/3281 2338/4741/3280 2340/4743/3282 2339/4744/3283
f 2339/4745/3283 2340/4746/3282 2342/4747/3284 2341/4748/3285
f 2341/4749/3285 2342/4750/3284 2344/4751/3286 2343/4752/3287
f 2343/4752/3287 2344/4751/3286 2346/4753/3288 2345/4754/3289
f 2338/4755/3280 2336/4756/3279 2348/4757/3290 2346/4758/3288 2344/4759/3286 2342/4747/3284 2340/4746/3282
f 2345/4754/3289 2346/4753/3288 2348/4760/3290 2347/4761/3291
f 2347/4762/3291 2348/4763/3290 2336/4764/3279 2335/4765/3278
f 2335/4765/3278 2337/4766/3281 2339/4767/3283 2341/4768/3285 2343/4769/3287 2345/4770/3289 2347/4762/3291
f 2351/4771/3292 2350/4772/3293 2354/4773/3294 2355/4774/3295
f 2352/4775/3296 2351/4771/3292 2355/4774/3295 2356/4776/3297
f 2350/4772/3293 2349/4777/3298 2354/4773/3294
f 2353/4778/3299 2352/4775/3296 2356/4776/3297
f 2356/4779/3297 2355/4780/3295 2358/4781/3300 2359/4782/3301
f 2354/4783/3294 2349/4784/3298 2357/4785/3302
f 2353/4786/3299 2356/4779/3297 2359/4782/3301
f 2355/4780/3295 2354/4783/3294 2357/4785/3302 2358/4781/3300
f 2359/4782/3301 2358/4781/3300 2361/4787/3303 2362/4788/3304
f 2357/4785/3302 2349/4784/3298 2360/4789/3305
f 2353/4786/3299 2359/4782/3301 2362/4788/3304
f 2358/4781/3300 2357/4785/3302 2360/4789/3305 2361/4787/3303
f 2361/4790/3303 2360/4791/3305 2363/4792/3306 2364/4793/3307
f 2362/4794/3304 2361/4790/3303 2364/4793/3307 2365/4795/3308
f 2360/4791/3305 2349/4796/3298 2363/4792/3306
f 2353/4797/3299 2362/4794/3304 2365/4795/3308
f 2353/4797/3299 2365/4795/3308 2368/4798/3309
f 2364/4793/3307 2363/4792/3306 2366/4799/3310 2367/4800/3311
f 2365/4795/3308 2364/4793/3307 2367/4800/3311 2368/4798/3309
f 2363/4792/3306 2349/4796/3298 2366/4799/3310
f 2353/4801/3299 2368/4802/3309 2371/4803/3312
f 2367/4804/3311 2366/4805/3310 2369/4806/3313 2370/4807/3314
f 2368/4802/3309 2367/4804/3311 2370/4807/3314 2371/4803/3312
f 2366/4805/3310 2349/4808/3298 2369/4806/3313
f 2353/4801/3299 2371/4803/3312 2374/4809/3315
f 2370/4807/3314 2369/4806/3313 2372/4810/3316 2373/4811/3317
f 2371/4803/3312 2370/4807/3314 2373/4811/3317 2374/4809/3315
f 2369/4806/3313 2349/4808/3298 2372/4810/3316
f 2353/4778/3299 2374/4812/3315 2352/4775/3296
f 2373/4813/3317 2372/4814/3316 2350/4772/3293 2351/4771/3292
f 2374/4812/3315 2373/4813/3317 2351/4771/3292 2352/4775/3296
f 2372/4814/3316 2349/4777/3298 2350/4772/3293
f 2378/4815/3296 2377/4816/3292 2381/4817/3295 2382/4818/3297
f 2376/4819/3293 2375/4820/3298 2380/4821/3294
f 2379/4822/3299 2378/4815/3296 2382/4818/3297
f 2377/4816/3292 2376/4819/3293 2380/4821/3294 2381/4817/3295
f 2382/4823/3297 2381/4824/3295 2384/4825/3300 2385/4826/3301
f 2380/4827/3294 2375/4828/3298 2383/4829/3302
f 2379/4830/3299 2382/4823/3297 2385/4826/3301
f 2381/4824/3295 2380/4827/3294 2383/4829/3302 2384/4825/3300
f 2385/4826/3301 2384/4825/3300 2387/4831/3303 2388/4832/3304
f 2383/4829/3302 2375/4828/3298 2386/4833/3305
f 2379/4830/3299 2385/4826/3301 2388/4832/3304
f 2384/4825/3300 2383/4829/3302 2386/4833/3305 2387/4831/3303
f 2388/4834/3304 2387/4835/3303 2390/4836/3307 2391/4837/3308
f 2386/4838/3305 2375/4839/3298 2389/4840/3306
f 2379/4841/3299 2388/4834/3304 2391/4837/3308
f 2387/4835/3303 2386/4838/3305 2389/4840/3306 2390/4836/3307
f 2390/4836/3307 2389/4840/3306 2392/4842/3310 2393/4843/3311
f 2391/4837/3308 2390/4836/3307 2393/4843/3311 2394/4844/3309
f 2389/4840/3306 2375/4839/3298 2392/4842/3310
f 2379/4841/3299 2391/4837/3308 2394/4844/3309
f 2379/4845/3299 2394/4846/3309 2397/4847/3312
f 2393/4848/3311 2392/4849/3310 2395/4850/3313 2396/4851/3314
f 2394/4846/3309 2393/4848/3311 2396/4851/3314 2397/4847/3312
f 2392/4849/3310 2375/4852/3298 2395/4850/3313
f 2379/4845/3299 2397/4847/3312 2400/4853/3315
f 2396/4851/3314 2395/4850/3313 2398/4854/3316 2399/4855/3317
f 2397/4847/3312 2396/4851/3314 2399/4855/3317 2400/4853/3315
f 2395/4850/3313 2375/4852/3298 2398/4854/3316
f 2379/4822/3299 2400/4856/3315 2378/4815/3296
f 2399/4857/3317 2398/4858/3316 2376/4819/3293 2377/4816/3292
f 2400/4856/3315 2399/4857/3317 2377/4816/3292 2378/4815/3296
f 2398/4858/3316 2375/4820/3298 2376/4819/3293
f 2403/4859/3318 2402/4860/3319 2405/4861/3320
f 2402/4860/3319 2414/4862/3321 2404/4863/3322 2405/4861/3320
f 2414/4862/3321 2401/4864/3323 2404/4863/3322
f 2403/4865/3318 2405/4866/3320 2407/4867/3324
f 2405/4866/3320 2404/4868/3322 2406/4869/3325 2407/4867/3324
f 2404/4868/3322 2401/4870/3323 2406/4869/3325
f 2403/4865/3318 2407/4867/3324 2409/4871/3326
f 2407/4872/3324 2406/4873/3325 2408/4874/3327 2409/4875/3326
f 2406/4873/3325 2401/4876/3323 2408/4874/3327
f 2403/4877/3318 2409/4875/3326 2411/4878/3328
f 2409/4875/3326 2408/4874/3327 2410/4879/3329 2411/4878/3328
f 2408/4874/3327 2401/4876/3323 2410/4879/3329
f 2403/4880/3318 2411/4881/3328 2413/4882/3330
f 2411/4881/3328 2410/4883/3329 2412/4884/3331 2413/4882/3330
f 2410/4883/3329 2401/4885/3323 2412/4884/3331
f 2403/4859/3318 2413/4886/3330 2402/4860/3319
f 2413/4886/3330 2412/4887/3331 2414/4862/3321 2402/4860/3319
f 2412/4884/3331 2401/4885/3323 2414/4888/3321
f 2417/4889/3318 2416/4890/3319 2419/4891/3320
f 2416/4890/3319 2428/4892/3321 2418/4893/3322 2419/4891/3320
f 2428/4892/3321 2415/4894/3323 2418/4893/3322
f 2417/4895/3318 2419/4896/3320 2421/4897/3324
f 2419/4896/3320 2418/4898/3322 2420/4899/3332 2421/4897/3324
f 2418/4898/3322 2415/4900/3323 2420/4899/3332
f 2417/4895/3318 2421/4897/3324 2423/4901/3326
f 2421/4902/3324 2420/4903/3332 2422/4904/3327 2423/4905/3326
f 2420/4903/3332 2415/4906/3323 2422/4904/3327
f 2417/4907/3318 2423/4905/3326 2425/4908/3328
f 2423/4905/3326 2422/4904/3327 2424/4909/3333 2425/4908/3328
f 2422/4904/3327 2415/4906/3323 2424/4909/3333
f 2417/4910/3318 2425/4911/3328 2427/4912/3330
f 2425/4911/3328 2424/4913/3333 2426/4914/3331 2427/4912/3330
f 2424/4913/3333 2415/4915/3323 2426/4914/3331
f 2417/4889/3318 2427/4916/3330 2416/4890/3319
f 2427/4916/3330 2426/4917/3331 2428/4892/3321 2416/4890/3319
f 2426/4914/3331 2415/4915/3323 2428/4918/3321
f 2429/4919/3334 2430/4920/3335 2432/4921/3336 2431/4922/3337
f 2431/4923/3337 2432/4924/3336 2434/4925/3338 2433/4926/3339
f 2433/4926/3339 2434/4925/3338 2436/4927/3340 2435/4928/3341
f 2435/4928/3341 2436/4927/3340 2438/4929/3342 2437/4930/3343
f 2432/4921/3336 2430/4920/3335 2440/4931/3344 2438/4932/3342 2436/4933/3340 2434/4934/3338
f 2437/4935/3343 2438/4932/3342 2440/4931/3344 2439/4936/3345
f 2439/4936/3345 2440/4931/3344 2430/4920/3335 2429/4919/3334
f 2429/4937/3334 2431/4923/3337 2433/4926/3339 2435/4928/3341 2437/4930/3343 2439/4938/3345
f 2441/4939/3346 2442/4940/3347 2444/4941/3348 2443/4942/3349
f 2443/4942/3349 2444/4941/3348 2446/4943/3350 2445/4944/3351
f 2445/4945/3351 2446/4946/3350 2448/4947/3352 2447/4948/3353
f 2447/4948/3353 2448/4947/3352 2450/4949/3354 2449/4950/3355
f 2444/4941/3348 2442/4940/3347 2452/4951/3356 2450/4952/3354 2448/4953/3352 2446/4943/3350
f 2449/4950/3355 2450/4949/3354 2452/4954/3356 2451/4955/3357
f 2451/4956/3357 2452/4951/3356 2442/4940/3347 2441/4939/3346
f 2441/4957/3346 2443/4958/3349 2445/4945/3351 2447/4948/3353 2449/4950/3355 2451/4955/3357
f 2453/4959/3358 2454/4960/3359 2456/4961/3360 2455/4962/3361
f 2455/4963/3361 2456/4964/3360 2458/4965/3362 2457/4966/3363
f 2457/4966/3363 2458/4965/3362 2460/4967/3364 2459/4968/3365
f 2459/4968/3365 2460/4967/3364 2462/4969/3366 2461/4970/3367
f 2456/4971/3360 2454/4972/3359 2464/4973/3368 2462/4974/3366 2460/4975/3364 2458/4976/3362
f 2461/4977/3367 2462/4978/3366 2464/4979/3368 2463/4980/3369
f 2463/4980/3369 2464/4979/3368 2454/4960/3359 2453/4959/3358
f 2453/4981/3358 2455/4982/3361 2457/4983/3363 2459/4984/3365 2461/4985/3367 2463/4986/3369
f 2465/4987/3370 2466/4988/3371 2468/4989/3372 2467/4990/3373
f 2467/4990/3373 2468/4989/3372 2470/4991/3374 2469/4992/3375
f 2469/4993/3375 2470/4994/3374 2472/4995/3376 2471/4996/3377
f 2471/4996/3377 2472/4995/3376 2474/4997/3378 2473/4998/3379
f 2468/4999/3372 2466/5000/3371 2476/5001/3380 2474/5002/3378 2472/5003/3376 2470/5004/3374
f 2473/4998/3379 2474/4997/3378 2476/5005/3380 2475/5006/3381
f 2475/5007/3381 2476/5008/3380 2466/4988/3371 2465/4987/3370
f 2465/5009/3370 2467/5010/3373 2469/5011/3375 2471/5012/3377 2473/5013/3379 2475/5014/3381
f 2477/5015/3382 2478/5016/3383 2480/5017/3384 2479/5018/3385
f 2479/5018/3385 2480/5017/3384 2482/5019/3386 2481/5020/3387
f 2481/5021/3387 2482/5022/3386 2484/5023/3388 2483/5024/3389
f 2483/5025/3389 2484/5026/3388 2486/5027/3390 2485/5028/3391
f 2480/5017/3384 2478/5016/3383 2488/5029/3392 2486/5030/3390 2484/5031/3388 2482/5019/3386
f 2485/5028/3391 2486/5027/3390 2488/5032/3392 2487/5033/3393
f 2487/5034/3393 2488/5035/3392 2478/5036/3383 2477/5037/3382
f 2477/5038/3382 2479/5039/3385 2481/5040/3387 2483/5025/3389 2485/5028/3391 2487/5033/3393
f 2489/5041/3394 2490/5042/3395 2492/5043/3396 2491/5044/3397
f 2491/5045/3397 2492/5046/3396 2494/5047/3398 2493/5048/3399
f 2493/5049/3399 2494/5050/3398 2496/5051/3400 2495/5052/3401
f 2495/5052/3401 2496/5051/3400 2498/5053/3402 2497/5054/3403
f 2492/5055/3396 2490/5056/3395 2500/5057/3404 2498/5058/3402 2496/5059/3400 2494/5060/3398
f 2497/5061/3403 2498/5058/3402 2500/5057/3404 2499/5062/3405
f 2499/5063/3405 2500/5064/3404 2490/5042/3395 2489/5041/3394
f 2489/5065/3394 2491/5045/3397 2493/5048/3399 2495/5066/3401 2497/5067/3403 2499/5068/3405
f 2501/5069/3406 2502/5070/3383 2504/5071/3384 2503/5072/3407
f 2503/5072/3407 2504/5071/3384 2506/5073/3408 2505/5074/3409
f 2505/5075/3409 2506/5076/3408 2508/5077/3410 2507/5078/3389
f 2507/5079/3389 2508/5080/3410 2510/5081/3390 2509/5082/3391
f 2504/5071/3384 2502/5070/3383 2512/5083/3392 2510/5084/3390 2508/5085/3410 2506/5073/3408
f 2509/5082/3391 2510/5081/3390 2512/5086/3392 2511/5087/3411
f 2511/5088/3411 2512/5089/3392 2502/5090/3383 2501/5091/3406
f 2501/5092/3406 2503/5093/3407 2505/5094/3409 2507/5079/3389 2509/5082/3391 2511/5087/3411
f 2513/5095/3412 2514/5096/3395 2516/5097/3396 2515/5098/3413
f 2515/5099/3413 2516/5100/3396 2518/5101/3398 2517/5102/3399
f 2517/5103/3399 2518/5104/3398 2520/5105/3414 2519/5106/3401
f 2519/5106/3401 2520/5105/3414 2522/5107/3415 2521/5108/3403
f 2516/5109/3396 2514/5110/3395 2524/5111/3404 2522/5112/3415 2520/5113/3414 2518/5114/3398
f 2521/5115/3403 2522/5112/3415 2524/5111/3404 2523/5116/3416
f 2523/5117/3416 2524/5118/3404 2514/5096/3395 2513/5095/3412
f 2513/5119/3412 2515/5099/3413 2517/5102/3399 2519/5120/3401 2521/5121/3403 2523/5122/3416
f 2525/5123/3382 2526/5124/3383 2528/5125/3384 2527/5126/3417
f 2527/5126/3417 2528/5125/3384 2530/5127/3408 2529/5128/3418
f 2529/5129/3418 2530/5130/3408 2532/5131/3419 2531/5132/3389
f 2531/5133/3389 2532/5134/3419 2534/5135/3420 2533/5136/3391
f 2528/5125/3384 2526/5124/3383 2536/5137/3392 2534/5138/3420 2532/5139/3419 2530/5127/3408
f 2533/5136/3391 2534/5135/3420 2536/5140/3392 2535/5141/3411
f 2535/5142/3411 2536/5143/3392 2526/5144/3383 2525/5145/3382
f 2525/5146/3382 2527/5147/3417 2529/5148/3418 2531/5133/3389 2533/5136/3391 2535/5141/3411
f 2537/5149/3412 2538/5150/3395 2540/5151/3396 2539/5152/3413
f 2539/5153/3413 2540/5154/3396 2542/5155/3421 2541/5156/3399
f 2541/5157/3399 2542/5158/3421 2544/5159/3422 2543/5160/3401
f 2543/5160/3401 2544/5159/3422 2546/5161/3415 2545/5162/3423
f 2540/5163/3396 2538/5164/3395 2548/5165/3404 2546/5166/3415 2544/5167/3422 2542/5168/3421
f 2545/5169/3423 2546/5166/3415 2548/5165/3404 2547/5170/3424
f 2547/5171/3424 2548/5172/3404 2538/5150/3395 2537/5149/3412
f 2537/5173/3412 2539/5153/3413 2541/5156/3399 2543/5174/3401 2545/5175/3423 2547/5176/3424
f 2549/5177/3382 2550/5178/3383 2552/5179/3384 2551/5180/3407
f 2551/5180/3407 2552/5179/3384 2554/5181/3386 2553/5182/3409
f 2553/5183/3409 2554/5184/3386 2556/5185/3425 2555/5186/3389
f 2555/5187/3389 2556/5188/3425 2558/5189/3426 2557/5190/3391
f 2552/5179/3384 2550/5178/3383 2560/5191/3392 2558/5192/3426 2556/5193/3425 2554/5181/3386
f 2557/5190/3391 2558/5189/3426 2560/5194/3392 2559/5195/3393
f 2559/5196/3393 2560/5197/3392 2550/5198/3383 2549/5199/3382
f 2549/5200/3382 2551/5201/3407 2553/5202/3409 2555/5187/3389 2557/5190/3391 2559/5195/3393
f 2561/5203/3394 2562/5204/3395 2564/5205/3396 2563/5206/3397
f 2563/5207/3397 2564/5208/3396 2566/5209/3427 2565/5210/3399
f 2565/5211/3399 2566/5212/3427 2568/5213/3428 2567/5214/3401
f 2567/5214/3401 2568/5213/3428 2570/5215/3402 2569/5216/3403
f 2564/5217/3396 2562/5218/3395 2572/5219/3404 2570/5220/3402 2568/5221/3428 2566/5222/3427
f 2569/5223/3403 2570/5220/3402 2572/5219/3404 2571/5224/3416
f 2571/5225/3416 2572/5226/3404 2562/5204/3395 2561/5203/3394
f 2561/5227/3394 2563/5207/3397 2565/5210/3399 2567/5228/3401 2569/5229/3403 2571/5230/3416
s 0
f 2573/5231/3429 2574/5232/3430 2575/5233/3431
f 2576/5234/3432 2577/5235/3433 2578/5236/3434
f 2579/5237/3435 2580/5238/3436 2581/5239/3437
f 2582/5240/3438 2583/5241/3439 2584/5242/3440
f 2585/5243/3441 2586/5244/3442 2587/5245/3443
f 2588/5246/3444 2589/5247/3445 2590/5248/3446
f 2591/5249/3447 2592/5250/3448 2593/5251/3449
f 2594/5252/3450 2595/5253/3451 2596/5254/3452
f 2579/5255/3453 2573/5256/3454 2575/5257/3455 2580/5258/3456
f 2574/5232/3457 2576/5234/3458 2578/5236/3459 2575/5233/3460
f 2577/5259/3461 2582/5260/3462 2584/5261/3463 2578/5262/3464
f 2583/5241/3465 2581/5239/3466 2580/5238/3467 2584/5242/3468
f 2591/5249/3469 2579/5237/3470 2581/5239/3471 2592/5250/3472
f 2582/5240/3473 2594/5252/3474 2596/5254/3475 2583/5241/3476
f 2595/5253/3477 2593/5251/3478 2592/5250/3479 2596/5254/3480
f 2585/5263/3481 2591/5264/3482 2593/5265/3483 2586/5266/3484
f 2594/5267/3485 2588/5268/3486 2590/5269/3487 2595/5270/3488
f 2589/5247/3489 2587/5245/3490 2586/5244/3491 2590/5248/3492
f 2573/5231/3493 2585/5243/3494 2587/5245/3495 2574/5232/3496
f 2588/5246/3497 2577/5235/3498 2576/5234/3499 2589/5247/3500
f 2579/5255/3501 2591/5264/3502 2585/5263/3503 2573/5256/3504
f 2575/5271/3505 2578/5272/3506 2584/5273/3507 2580/5274/3508
f 2587/5245/3509 2589/5247/3510 2576/5234/3511 2574/5232/3512
f 2594/5267/3513 2582/5260/3514 2577/5259/3515 2588/5268/3516
f 2581/5239/3517 2583/5241/3518 2596/5254/3519 2592/5250/3520
f 2593/5275/3521 2595/5276/3522 2590/5277/3523 2586/5278/3524
f 2597/5279/3525 2598/5280/3526 2599/5281/3527
f 2600/5282/3528 2601/5283/3529 2602/5284/3530
f 2603/5285/3531 2604/5286/3532 2605/5287/3533
f 2606/5288/3534 2607/5289/3535 2608/5290/3536
f 2609/5291/3537 2610/5292/3538 2611/5293/3539
f 2612/5294/3540 2613/5295/3541 2614/5296/3542
f 2615/5297/3543 2616/5298/3544 2617/5299/3545
f 2618/5300/3546 2619/5301/3547 2620/5302/3548
f 2603/5285/3549 2597/5279/3550 2599/5281/3551 2604/5286/3552
f 2598/5280/3553 2600/5282/3554 2602/5284/3555 2599/5281/3556
f 2601/5283/3557 2606/5288/3558 2608/5290/3559 2602/5284/3560
f 2607/5289/3561 2605/5287/3562 2604/5286/3563 2608/5290/3564
f 2615/5303/3565 2603/5304/3566 2605/5305/3567 2616/5306/3568
f 2606/5307/3569 2618/5308/3570 2620/5309/3571 2607/5310/3572
f 2619/5301/3573 2617/5299/3574 2616/5298/3575 2620/5302/3576
f 2609/5291/3577 2615/5297/3578 2617/5299/3579 2610/5292/3580
f 2618/5300/3581 2612/5294/3582 2614/5296/3583 2619/5301/3584
f 2613/5295/3585 2611/5293/3586 2610/5292/3587 2614/5296/3588
f 2597/5311/3589 2609/5312/3590 2611/5313/3591 2598/5314/3592
f 2612/5315/3593 2601/5316/3594 2600/5317/3595 2613/5318/3596
f 2603/5319/3597 2615/5320/3598 2609/5321/3599 2597/5322/3600
f 2599/5281/3601 2602/5284/3602 2608/5290/3603 2604/5286/3604
f 2611/5313/3605 2613/5318/3606 2600/5317/3607 2598/5314/3608
f 2618/5323/3609 2606/5324/3610 2601/5325/3611 2612/5326/3612
f 2605/5305/3613 2607/5310/3614 2620/5309/3615 2616/5306/3616
f 2617/5299/3617 2619/5301/3618 2614/5296/3619 2610/5292/3620
f 2621/5327/3621 2622/5328/3622 2623/5329/3623
f 2624/5330/3624 2625/5331/3625 2626/5332/3626
f 2627/5333/3627 2628/5334/3628 2629/5335/3629
f 2630/5336/3630 2631/5337/3631 2632/5338/3632
f 2633/5339/3633 2634/5340/3634 2635/5341/3635
f 2636/5342/3636 2637/5343/3637 2638/5344/3638
f 2639/5345/3639 2640/5346/3640 2641/5347/3641
f 2642/5348/3642 2643/5349/3643 2644/5350/3644
f 2627/5333/3645 2621/5327/3646 2623/5329/3647 2628/5334/3648
f 2622/5328/3649 2624/5330/3650 2626/5332/3651 2623/5329/3652
f 2625/5331/3653 2630/5336/3654 2632/5338/3655 2626/5332/3656
f 2631/5337/3657 2629/5335/3658 2628/5334/3659 2632/5338/3660
f 2639/5351/3661 2627/5352/3662 2629/5353/3663 2640/5354/3664
f 2630/5355/3665 2642/5356/3666 2644/5357/3667 2631/5358/3668
f 2643/5349/3669 2641/5347/3670 2640/5346/3671 2644/5350/3672
f 2633/5339/3673 2639/5345/3674 2641/5347/3675 2634/5340/3676
f 2642/5348/3677 2636/5342/3678 2638/5344/3679 2643/5349/3680
f 2637/5343/3681 2635/5341/3682 2634/5340/3683 2638/5344/3684
f 2621/5359/3685 2633/5360/3686 2635/5361/3687 2622/5362/3688
f 2636/5363/3689 2625/5364/3690 2624/5365/3691 2637/5366/3692
f 2627/5367/3693 2639/5368/3694 2633/5369/3695 2621/5370/3696
f 2623/5329/3697 2626/5332/3698 2632/5338/3699 2628/5334/3700
f 2635/5361/3701 2637/5366/3702 2624/5365/3703 2622/5362/3704
f 2642/5371/3705 2630/5372/3706 2625/5373/3707 2636/5374/3708
f 2629/5353/3709 2631/5358/3710 2644/5357/3711 2640/5354/3712
f 2641/5347/3713 2643/5349/3714 2638/5344/3715 2634/5340/3716
f 2645/5375/3717 2646/5376/3718 2647/5377/3719
f 2648/5378/3720 2649/5379/3721 2650/5380/3722
f 2651/5381/3723 2652/5382/3724 2653/5383/3725
f 2654/5384/3726 2655/5385/3727 2656/5386/3728
f 2657/5387/3729 2658/5388/3730 2659/5389/3731
f 2660/5390/3732 2661/5391/3733 2662/5392/3734
f 2663/5393/3735 2664/5394/3736 2665/5395/3737
f 2666/5396/3738 2667/5397/3739 2668/5398/3740
f 2651/5381/3741 2645/5375/3742 2647/5377/3743 2652/5382/3744
f 2646/5376/3745 2648/5378/3746 2650/5380/3747 2647/5377/3748
f 2649/5379/3749 2654/5384/3750 2656/5386/3751 2650/5380/3752
f 2655/5385/3753 2653/5383/3754 2652/5382/3755 2656/5386/3756
f 2663/5399/3757 2651/5400/3758 2653/5401/3759 2664/5402/3760
f 2654/5403/3761 2666/5404/3762 2668/5405/3763 2655/5406/3764
f 2667/5397/3765 2665/5395/3766 2664/5394/3767 2668/5398/3768
f 2657/5387/3769 2663/5393/3770 2665/5395/3771 2658/5388/3772
f 2666/5396/3773 2660/5390/3774 2662/5392/3775 2667/5397/3776
f 2661/5391/3777 2659/5389/3778 2658/5388/3779 2662/5392/3780
f 2645/5407/3781 2657/5408/3782 2659/5409/3783 2646/5410/3784
f 2660/5411/3785 2649/5412/3786 2648/5413/3787 2661/5414/3788
f 2651/5415/3693 2663/5416/3789 2657/5417/3695 2645/5418/3790
f 2647/5377/3791 2650/5380/3792 2656/5386/3793 2652/5382/3794
f 2659/5409/3795 2661/5414/3796 2648/5413/3797 2646/5410/3798
f 2666/5419/3799 2654/5420/3706 2649/5421/3800 2660/5422/3801
f 2653/5401/3802 2655/5406/3803 2668/5405/3804 2664/5402/3805
f 2665/5395/3806 2667/5397/3807 2662/5392/3808 2658/5388/3809
f 2669/5423/3810 2670/5424/3811 2671/5425/3812
f 2672/5426/3813 2673/5427/3814 2674/5428/3815
f 2675/5429/3816 2676/5430/3817 2677/5431/3818
f 2678/5432/3819 2679/5433/3820 2680/5434/3821
f 2681/5435/3822 2682/5436/3823 2683/5437/3824
f 2684/5438/3825 2685/5439/3826 2686/5440/3827
f 2687/5441/3828 2688/5442/3829 2689/5443/3830
f 2690/5444/3831 2691/5445/3832 2692/5446/3833
f 2675/5429/3834 2669/5423/3835 2671/5425/3836 2676/5430/3837
f 2670/5424/3838 2672/5426/3839 2674/5428/3840 2671/5425/3841
f 2673/5427/3842 2678/5432/3843 2680/5434/3844 2674/5428/3845
f 2679/5433/3846 2677/5431/3847 2676/5430/3848 2680/5434/3849
f 2687/5447/3850 2675/5448/3851 2677/5449/3852 2688/5450/3853
f 2678/5451/3854 2690/5452/3855 2692/5453/3856 2679/5454/3857
f 2691/5445/3858 2689/5443/3859 2688/5442/3860 2692/5446/3861
f 2681/5435/3862 2687/5441/3863 2689/5443/3864 2682/5436/3865
f 2690/5444/3866 2684/5438/3867 2686/5440/3868 2691/5445/3869
f 2685/5439/3870 2683/5437/3871 2682/5436/3872 2686/5440/3873
f 2669/5455/3874 2681/5456/3875 2683/5457/3876 2670/5458/3877
f 2684/5459/3878 2673/5460/3879 2672/5461/3880 2685/5462/3881
f 2675/5463/3882 2687/5464/3883 2681/5465/3884 2669/5466/3790
f 2671/5425/3885 2674/5428/3886 2680/5434/3887 2676/5430/3888
f 2683/5457/3889 2685/5462/3890 2672/5461/3891 2670/5458/3892
f 2690/5467/3799 2678/5468/3893 2673/5469/3894 2684/5470/3895
f 2677/5449/3896 2679/5454/3897 2692/5453/3898 2688/5450/3899
f 2689/5443/3900 2691/5445/3901 2686/5440/3902 2682/5436/3903
f 2693/5471/3904 2694/5472/3905 2695/5473/3906
f 2696/5474/3907 2697/5475/3908 2698/5476/3909
f 2699/5477/3910 2700/5478/3911 2701/5479/3912
f 2702/5480/3913 2703/5481/3914 2704/5482/3915
f 2705/5483/3916 2706/5484/3917 2707/5485/3918
f 2708/5486/3919 2709/5487/3920 2710/5488/3921
f 2711/5489/3922 2712/5490/3923 2713/5491/3924
f 2714/5492/3925 2715/5493/3926 2716/5494/3927
f 2699/5477/3928 2693/5471/3929 2695/5473/3930 2700/5478/3931
f 2694/5472/3932 2696/5474/3933 2698/5476/3934 2695/5473/3935
f 2697/5475/3936 2702/5480/3937 2704/5482/3938 2698/5476/3939
f 2703/5481/3940 2701/5479/3941 2700/5478/3942 2704/5482/3943
f 2711/5495/3944 2699/5496/3945 2701/5497/3946 2712/5498/3947
f 2702/5499/3948 2714/5500/3949 2716/5501/3950 2703/5502/3951
f 2715/5493/3952 2713/5491/3953 2712/5490/3954 2716/5494/3955
f 2705/5483/3956 2711/5489/3957 2713/5491/3958 2706/5484/3959
f 2714/5492/3960 2708/5486/3961 2710/5488/3962 2715/5493/3963
f 2709/5487/3964 2707/5485/3965 2706/5484/3966 2710/5488/3967
f 2693/5503/3968 2705/5504/3969 2707/5505/3970 2694/5506/3971
f 2708/5507/3972 2697/5508/3973 2696/5509/3974 2709/5510/3975
f 2699/5511/3976 2711/5512/3977 2705/5513/3978 2693/5514/3979
f 2695/5473/3980 2698/5476/3981 2704/5482/3982 2700/5478/3983
f 2707/5505/3984 2709/5510/3985 2696/5509/3986 2694/5506/3987
f 2714/5515/3988 2702/5516/3989 2697/5517/3990 2708/5518/3991
f 2701/5497/3992 2703/5502/3993 2716/5501/3994 2712/5498/3995
f 2713/5491/3996 2715/5493/3997 2710/5488/3998 2706/5484/3999
f 2717/5519/4000 2718/5520/4001 2719/5521/4002
f 2720/5522/4003 2721/5523/4004 2722/5524/4005
f 2723/5525/4006 2724/5526/4007 2725/5527/4008
f 2726/5528/4009 2727/5529/4010 2728/5530/4011
f 2729/5531/4012 2730/5532/4013 2731/5533/4014
f 2732/5534/4015 2733/5535/4016 2734/5536/4017
f 2735/5537/4018 2736/5538/4019 2737/5539/4020
f 2738/5540/4021 2739/5541/4022 2740/5542/4023
f 2723/5525/4024 2717/5519/4025 2719/5521/4026 2724/5526/4027
f 2718/5520/4028 2720/5522/4029 2722/5524/4030 2719/5521/4031
f 2721/5523/4032 2726/5528/4033 2728/5530/4034 2722/5524/4035
f 2727/5529/4036 2725/5527/4037 2724/5526/4038 2728/5530/4039
f 2735/5543/4040 2723/5544/4041 2725/5545/4042 2736/5546/4043
f 2726/5547/4044 2738/5548/4045 2740/5549/4046 2727/5550/4047
f 2739/5541/4048 2737/5539/4049 2736/5538/4050 2740/5542/4051
f 2729/5531/4052 2735/5537/4053 2737/5539/4054 2730/5532/4055
f 2738/5540/4056 2732/5534/4057 2734/5536/4058 2739/5541/4059
f 2733/5535/4060 2731/5533/4061 2730/5532/4062 2734/5536/4063
f 2717/5551/4064 2729/5552/4065 2731/5553/4066 2718/5554/4067
f 2732/5555/4068 2721/5556/4069 2720/5557/4070 2733/5558/4071
f 2723/5544/531 2735/5543/532 2729/5552/533 2717/5551/4072
f 2719/5521/4073 2722/5524/4074 2728/5530/4075 2724/5526/4076
f 2731/5559/4077 2733/5560/4078 2720/5561/4079 2718/5562/4080
f 2738/5548/4081 2726/5547/544 2721/5556/545 2732/5555/546
f 2725/5563/4082 2727/5564/4083 2740/5565/4084 2736/5566/4085
f 2737/5539/4086 2739/5541/4087 2734/5536/4088 2730/5532/4089
f 2741/5567/4090 2742/5568/4091 2743/5569/4092
f 2744/5570/4093 2745/5571/4094 2746/5572/4095
f 2747/5573/4096 2748/5574/4097 2749/5575/4098
f 2750/5576/4099 2751/5577/4100 2752/5578/4101
f 2753/5579/4102 2754/5580/4103 2755/5581/4104
f 2756/5582/4105 2757/5583/4106 2758/5584/4107
f 2759/5585/4108 2760/5586/4109 2761/5587/4110
f 2762/5588/4111 2763/5589/4112 2764/5590/4113
f 2747/5573/4114 2741/5567/4115 2743/5569/4116 2748/5574/4117
f 2742/5568/4118 2744/5570/4119 2746/5572/4120 2743/5569/4121
f 2745/5571/4122 2750/5576/4123 2752/5578/4124 2746/5572/4125
f 2751/5577/4126 2749/5575/4127 2748/5574/4128 2752/5578/4129
f 2759/5591/4130 2747/5592/4131 2749/5593/4132 2760/5594/4133
f 2750/5595/4134 2762/5596/4135 2764/5597/4136 2751/5598/4137
f 2763/5589/4138 2761/5587/4139 2760/5586/4140 2764/5590/4141
f 2753/5579/4142 2759/5585/4143 2761/5587/4144 2754/5580/4145
f 2762/5588/4146 2756/5582/4147 2758/5584/4148 2763/5589/4149
f 2757/5583/4150 2755/5581/4151 2754/5580/4152 2758/5584/4153
f 2741/5599/4154 2753/5600/4155 2755/5601/4156 2742/5602/4157
f 2756/5603/4158 2745/5604/4159 2744/5605/4160 2757/5606/4161
f 2747/5592/815 2759/5591/816 2753/5600/4162 2741/5599/818
f 2743/5569/4163 2746/5572/4164 2752/5578/4165 2748/5574/4166
f 2755/5607/4167 2757/5608/4168 2744/5609/4169 2742/5610/4170
f 2762/5596/4171 2750/5595/4172 2745/5604/829 2756/5603/830
f 2749/5611/4173 2751/5612/4174 2764/5613/4175 2760/5614/4176
f 2761/5587/4177 2763/5589/4178 2758/5584/4179 2754/5580/4180
