# Blender 5.1.1
# www.blender.org
mtllib snap_back_v8_single_colored.mtl
o SnapBack_v8_Single_Colored_Handle
v 0.000000 0.205371 0.079954
v 0.000000 0.204740 0.078563
v 0.000000 0.204629 0.080046
v 0.000414 0.205263 0.079378
v 0.000746 0.205103 0.078926
v 0.000931 0.204922 0.078686
v 0.000931 0.204757 0.078706
v 0.000746 0.204640 0.078982
v 0.000414 0.204594 0.079461
v 0.000746 0.205285 0.079557
v 0.001345 0.205143 0.079248
v 0.001677 0.204972 0.079087
v 0.001677 0.204807 0.079108
v 0.001345 0.204680 0.079305
v 0.000746 0.204616 0.079639
v 0.000931 0.205317 0.079816
v 0.001677 0.205200 0.079713
v 0.002091 0.205043 0.079668
v 0.002091 0.204878 0.079688
v 0.001677 0.204737 0.079770
v 0.000931 0.204648 0.079898
v 0.000931 0.205352 0.080102
v 0.001677 0.205263 0.080230
v 0.002091 0.205122 0.080312
v 0.002091 0.204957 0.080332
v 0.001677 0.204800 0.080287
v 0.000931 0.204683 0.080184
v 0.000746 0.205384 0.080361
v 0.001345 0.205320 0.080695
v 0.001677 0.205193 0.080892
v 0.001677 0.205028 0.080913
v 0.001345 0.204857 0.080752
v 0.000746 0.204715 0.080443
v 0.000414 0.205406 0.080539
v 0.000746 0.205360 0.081018
v 0.000931 0.205243 0.081294
v 0.000931 0.205078 0.081314
v 0.000746 0.204897 0.081074
v 0.000414 0.204737 0.080622
v -0.000000 0.205414 0.080603
v -0.000000 0.205374 0.081132
v -0.000000 0.205260 0.081437
v -0.000000 0.205095 0.081458
v -0.000000 0.204911 0.081189
v -0.000000 0.204745 0.080685
v -0.000414 0.205406 0.080539
v -0.000746 0.205360 0.081018
v -0.000931 0.205243 0.081294
v -0.000931 0.205078 0.081314
v -0.000746 0.204897 0.081074
v -0.000414 0.204737 0.080622
v -0.000746 0.205384 0.080361
v -0.001345 0.205320 0.080695
v -0.001677 0.205193 0.080892
v -0.001677 0.205028 0.080913
v -0.001345 0.204857 0.080752
v -0.000746 0.204715 0.080443
v -0.000931 0.205352 0.080102
v -0.001677 0.205263 0.080230
v -0.002091 0.205122 0.080312
v -0.002091 0.204957 0.080332
v -0.001677 0.204800 0.080287
v -0.000931 0.204683 0.080184
v -0.000931 0.205317 0.079816
v -0.001677 0.205200 0.079713
v -0.002091 0.205043 0.079668
v -0.002091 0.204878 0.079688
v -0.001677 0.204737 0.079770
v -0.000931 0.204648 0.079898
v -0.000746 0.205285 0.079557
v -0.001345 0.205143 0.079248
v -0.001677 0.204972 0.079087
v -0.001677 0.204807 0.079108
v -0.001345 0.204680 0.079305
v -0.000746 0.204616 0.079639
v -0.000414 0.205263 0.079378
v -0.000746 0.205103 0.078926
v -0.000931 0.204922 0.078686
v -0.000931 0.204757 0.078706
v -0.000746 0.204640 0.078982
v -0.000414 0.204594 0.079461
v 0.000000 0.205255 0.079315
v 0.000000 0.205089 0.078811
v 0.000000 0.204905 0.078542
v 0.000000 0.204626 0.078868
v 0.000000 0.204586 0.079397
v 0.000000 0.198308 -0.075016
v 0.000000 0.198224 -0.075478
v 0.000000 0.198056 -0.075757
v 0.000000 0.197866 -0.075747
v 0.000000 0.197727 -0.075452
v 0.000000 0.197692 -0.074984
v 0.000543 0.198228 -0.075416
v 0.000879 0.198061 -0.075656
v 0.000879 0.197871 -0.075646
v 0.000543 0.197730 -0.075390
v 0.000941 0.198237 -0.075245
v 0.001522 0.198075 -0.075381
v 0.001522 0.197885 -0.075371
v 0.000941 0.197739 -0.075219
v 0.001086 0.198249 -0.075013
v 0.001758 0.198095 -0.075005
v 0.001758 0.197905 -0.074995
v 0.001086 0.197751 -0.074987
v 0.000941 0.198261 -0.074781
v 0.001522 0.198115 -0.074629
v 0.001522 0.197925 -0.074619
v 0.000941 0.197763 -0.074755
v 0.000543 0.198270 -0.074610
v 0.000879 0.198129 -0.074354
v 0.000879 0.197939 -0.074344
v 0.000543 0.197772 -0.074584
v 0.000000 0.198273 -0.074548
v -0.000000 0.198134 -0.074253
v -0.000000 0.197944 -0.074243
v 0.000000 0.197776 -0.074522
v -0.000543 0.198270 -0.074610
v -0.000879 0.198129 -0.074354
v -0.000879 0.197939 -0.074344
v -0.000543 0.197772 -0.074584
v -0.000941 0.198261 -0.074781
v -0.001522 0.198115 -0.074629
v -0.001522 0.197925 -0.074619
v -0.000941 0.197763 -0.074755
v -0.001086 0.198249 -0.075013
v -0.001758 0.198095 -0.075005
v -0.001758 0.197905 -0.074995
v -0.001086 0.197751 -0.074987
v -0.000941 0.198237 -0.075245
v -0.001522 0.198075 -0.075381
v -0.001522 0.197885 -0.075371
v -0.000941 0.197739 -0.075219
v -0.000543 0.198228 -0.075416
v -0.000879 0.198061 -0.075656
v -0.000879 0.197871 -0.075646
v -0.000543 0.197730 -0.075390
v -0.001842 0.129968 0.051232
v -0.001842 0.129968 0.051235
v -0.001848 0.129968 0.051232
v -0.001842 0.130161 0.051225
v -0.001842 0.130161 0.051222
v -0.001848 0.130161 0.051222
v -0.001842 0.129839 0.048778
v -0.001848 0.129839 0.048778
v -0.001842 0.129839 0.048775
v -0.001842 0.130032 0.048768
v -0.001842 0.130032 0.048765
v -0.001848 0.130032 0.048768
v 0.001842 0.129968 0.051232
v 0.001848 0.129968 0.051232
v 0.001842 0.129968 0.051235
v 0.001842 0.130161 0.051222
v 0.001842 0.130161 0.051225
v 0.001848 0.130161 0.051222
v 0.001842 0.129839 0.048778
v 0.001842 0.129839 0.048775
v 0.001848 0.129839 0.048778
v 0.001842 0.130032 0.048768
v 0.001848 0.130032 0.048768
v 0.001842 0.130032 0.048765
v 0.000000 0.215303 0.339947
v 0.000000 0.215176 0.339562
v 0.000000 0.214981 0.339345
v 0.000000 0.214794 0.339378
v 0.000000 0.214685 0.339648
v 0.000000 0.214697 0.340053
v 0.000362 0.215185 0.339615
v 0.000586 0.214996 0.339430
v 0.000586 0.214809 0.339463
v 0.000362 0.214694 0.339701
v 0.000627 0.215211 0.339759
v 0.001015 0.215037 0.339664
v 0.001015 0.214850 0.339697
v 0.000627 0.214720 0.339846
v 0.000724 0.215245 0.339957
v 0.001172 0.215094 0.339983
v 0.001172 0.214906 0.340017
v 0.000724 0.214755 0.340043
v 0.000627 0.215280 0.340154
v 0.001015 0.215150 0.340303
v 0.001015 0.214963 0.340336
v 0.000627 0.214789 0.340241
v 0.000362 0.215306 0.340299
v 0.000586 0.215191 0.340537
v 0.000586 0.215004 0.340570
v 0.000362 0.214815 0.340385
v 0.000000 0.215315 0.340352
v -0.000000 0.215206 0.340622
v -0.000000 0.215019 0.340655
v 0.000000 0.214824 0.340438
v -0.000362 0.215306 0.340299
v -0.000586 0.215191 0.340537
v -0.000586 0.215004 0.340570
v -0.000362 0.214815 0.340385
v -0.000627 0.215280 0.340154
v -0.001015 0.215150 0.340303
v -0.001015 0.214963 0.340336
v -0.000627 0.214789 0.340241
v -0.000724 0.215245 0.339957
v -0.001172 0.215094 0.339983
v -0.001172 0.214906 0.340017
v -0.000724 0.214755 0.340043
v -0.000627 0.215211 0.339759
v -0.001015 0.215037 0.339664
v -0.001015 0.214850 0.339697
v -0.000627 0.214720 0.339846
v -0.000362 0.215185 0.339615
v -0.000586 0.214996 0.339430
v -0.000586 0.214809 0.339463
v -0.000362 0.214694 0.339701
v -0.180000 0.170202 0.540000
v -0.179804 0.170164 0.539397
v -0.179683 0.170063 0.539025
v -0.179683 0.169937 0.539025
v -0.179804 0.169836 0.539397
v -0.180000 0.169798 0.540000
v -0.179566 0.170164 0.539564
v -0.179298 0.170063 0.539295
v -0.179298 0.169937 0.539295
v -0.179566 0.169836 0.539564
v -0.179444 0.170164 0.539848
v -0.179101 0.170063 0.539753
v -0.179101 0.169937 0.539753
v -0.179444 0.169836 0.539848
v -0.179471 0.170164 0.540172
v -0.179144 0.170063 0.540278
v -0.179144 0.169937 0.540278
v -0.179471 0.169836 0.540172
v -0.179640 0.170164 0.540450
v -0.179417 0.170063 0.540728
v -0.179417 0.169937 0.540728
v -0.179640 0.169836 0.540450
v -0.179905 0.170164 0.540608
v -0.179847 0.170063 0.540983
v -0.179847 0.169937 0.540983
v -0.179905 0.169836 0.540608
v -0.180196 0.170164 0.540603
v -0.180317 0.170063 0.540975
v -0.180317 0.169937 0.540975
v -0.180196 0.169836 0.540603
v -0.180434 0.170164 0.540436
v -0.180702 0.170063 0.540705
v -0.180702 0.169937 0.540705
v -0.180434 0.169836 0.540436
v -0.180556 0.170164 0.540153
v -0.180899 0.170063 0.540247
v -0.180899 0.169937 0.540247
v -0.180556 0.169836 0.540152
v -0.180529 0.170164 0.539828
v -0.180856 0.170063 0.539722
v -0.180856 0.169937 0.539722
v -0.180529 0.169836 0.539828
v -0.180360 0.170164 0.539550
v -0.180583 0.170063 0.539272
v -0.180583 0.169937 0.539272
v -0.180360 0.169836 0.539550
v -0.180095 0.170164 0.539392
v -0.180153 0.170063 0.539017
v -0.180153 0.169937 0.539017
v -0.180095 0.169836 0.539392
v 0.180000 0.170202 0.540000
v 0.179804 0.170164 0.539397
v 0.179683 0.170063 0.539025
v 0.179683 0.169937 0.539025
v 0.179804 0.169836 0.539397
v 0.180000 0.169798 0.540000
v 0.180095 0.170164 0.539392
v 0.180153 0.170063 0.539017
v 0.180153 0.169937 0.539017
v 0.180095 0.169836 0.539392
v 0.180360 0.170164 0.539550
v 0.180583 0.170063 0.539272
v 0.180583 0.169937 0.539272
v 0.180360 0.169836 0.539550
v 0.180529 0.170164 0.539828
v 0.180856 0.170063 0.539722
v 0.180856 0.169937 0.539722
v 0.180529 0.169836 0.539828
v 0.180556 0.170164 0.540153
v 0.180899 0.170063 0.540247
v 0.180899 0.169937 0.540247
v 0.180556 0.169836 0.540152
v 0.180434 0.170164 0.540436
v 0.180702 0.170063 0.540705
v 0.180702 0.169937 0.540705
v 0.180434 0.169836 0.540436
v 0.180196 0.170164 0.540603
v 0.180317 0.170063 0.540975
v 0.180317 0.169937 0.540975
v 0.180196 0.169836 0.540603
v 0.179905 0.170164 0.540608
v 0.179847 0.170063 0.540983
v 0.179847 0.169937 0.540983
v 0.179905 0.169836 0.540608
v 0.179640 0.170164 0.540450
v 0.179417 0.170063 0.540728
v 0.179417 0.169937 0.540728
v 0.179640 0.169836 0.540450
v 0.179471 0.170164 0.540172
v 0.179144 0.170063 0.540278
v 0.179144 0.169937 0.540278
v 0.179471 0.169836 0.540172
v 0.179444 0.170164 0.539848
v 0.179101 0.170063 0.539753
v 0.179101 0.169937 0.539753
v 0.179444 0.169836 0.539848
v 0.179566 0.170164 0.539564
v 0.179298 0.170063 0.539295
v 0.179298 0.169937 0.539295
v 0.179566 0.169836 0.539564
v -0.315000 0.172114 0.690000
v -0.315000 0.172081 0.689714
v -0.315000 0.172000 0.689595
v -0.315000 0.171919 0.689714
v -0.315000 0.171886 0.690000
v -0.314868 0.172081 0.689768
v -0.314814 0.172000 0.689673
v -0.314868 0.171919 0.689768
v -0.314787 0.172081 0.689912
v -0.314699 0.172000 0.689875
v -0.314787 0.171919 0.689912
v -0.314787 0.172081 0.690089
v -0.314699 0.172000 0.690125
v -0.314787 0.171919 0.690088
v -0.314868 0.172081 0.690232
v -0.314814 0.172000 0.690327
v -0.314868 0.171919 0.690232
v -0.315000 0.172081 0.690286
v -0.315000 0.172000 0.690405
v -0.315000 0.171919 0.690286
v -0.315132 0.172081 0.690232
v -0.315186 0.172000 0.690327
v -0.315132 0.171919 0.690232
v -0.315213 0.172081 0.690089
v -0.315301 0.172000 0.690125
v -0.315213 0.171919 0.690088
v -0.315213 0.172081 0.689912
v -0.315301 0.172000 0.689875
v -0.315213 0.171919 0.689912
v -0.315132 0.172081 0.689768
v -0.315186 0.172000 0.689673
v -0.315132 0.171919 0.689768
v 0.315000 0.172114 0.690000
v 0.315000 0.172081 0.689714
v 0.315000 0.172000 0.689595
v 0.315000 0.171919 0.689714
v 0.315000 0.171886 0.690000
v 0.315132 0.172081 0.689768
v 0.315186 0.172000 0.689673
v 0.315132 0.171919 0.689768
v 0.315213 0.172081 0.689912
v 0.315301 0.172000 0.689875
v 0.315213 0.171919 0.689912
v 0.315213 0.172081 0.690089
v 0.315301 0.172000 0.690125
v 0.315213 0.171919 0.690088
v 0.315132 0.172081 0.690232
v 0.315186 0.172000 0.690327
v 0.315132 0.171919 0.690232
v 0.315000 0.172081 0.690286
v 0.315000 0.172000 0.690405
v 0.315000 0.171919 0.690286
v 0.314868 0.172081 0.690232
v 0.314814 0.172000 0.690327
v 0.314868 0.171919 0.690232
v 0.314787 0.172081 0.690089
v 0.314699 0.172000 0.690125
v 0.314787 0.171919 0.690088
v 0.314787 0.172081 0.689912
v 0.314699 0.172000 0.689875
v 0.314787 0.171919 0.689912
v 0.314868 0.172081 0.689768
v 0.314814 0.172000 0.689673
v 0.314868 0.171919 0.689768
v -0.205514 0.207947 0.564897
v -0.205514 0.207947 0.564897
v -0.205515 0.207947 0.564897
v -0.205514 0.208053 0.564897
v -0.205514 0.208053 0.564897
v -0.205515 0.208053 0.564897
v -0.205460 0.207947 0.564749
v -0.205461 0.207947 0.564748
v -0.205460 0.207947 0.564748
v -0.205460 0.208053 0.564749
v -0.205460 0.208053 0.564748
v -0.205461 0.208053 0.564748
v -0.204540 0.207947 0.565251
v -0.204539 0.207947 0.565252
v -0.204540 0.207947 0.565252
v -0.204540 0.208053 0.565252
v -0.204540 0.208053 0.565252
v -0.204539 0.208053 0.565252
v -0.204486 0.207947 0.565103
v -0.204486 0.207947 0.565103
v -0.204485 0.207947 0.565103
v -0.204486 0.208053 0.565103
v -0.204485 0.208053 0.565103
v -0.204486 0.208053 0.565103
v 0.204540 0.207947 0.565251
v 0.204540 0.207947 0.565252
v 0.204539 0.207947 0.565252
v 0.204540 0.208053 0.565252
v 0.204540 0.208053 0.565252
v 0.204539 0.208053 0.565252
v 0.204486 0.207947 0.565103
v 0.204485 0.207947 0.565103
v 0.204486 0.207947 0.565103
v 0.204486 0.208053 0.565103
v 0.204486 0.208053 0.565103
v 0.204485 0.208053 0.565103
v 0.205514 0.207947 0.564897
v 0.205515 0.207947 0.564897
v 0.205514 0.207947 0.564897
v 0.205514 0.208053 0.564897
v 0.205514 0.208053 0.564897
v 0.205515 0.208053 0.564897
v 0.205460 0.207947 0.564749
v 0.205460 0.207947 0.564748
v 0.205461 0.207947 0.564748
v 0.205460 0.208053 0.564749
v 0.205461 0.208053 0.564748
v 0.205460 0.208053 0.564748
v -0.059905 0.167930 0.650335
v -0.059904 0.167930 0.650336
v -0.059905 0.167930 0.650335
v -0.059904 0.168070 0.650336
v -0.059905 0.168070 0.650335
v -0.059905 0.168070 0.650335
v -0.060282 0.167930 0.649796
v -0.060283 0.167930 0.649796
v -0.060283 0.167930 0.649795
v -0.060282 0.168070 0.649796
v -0.060283 0.168070 0.649795
v -0.060283 0.168070 0.649796
v -0.059718 0.167930 0.650204
v -0.059717 0.167930 0.650204
v -0.059717 0.167930 0.650205
v -0.059718 0.168070 0.650204
v -0.059717 0.168070 0.650205
v -0.059717 0.168070 0.650204
v -0.060095 0.167930 0.649665
v -0.060096 0.167930 0.649664
v -0.060095 0.167930 0.649665
v -0.060095 0.168070 0.649665
v -0.060095 0.168070 0.649665
v -0.060096 0.168070 0.649664
v 0.059718 0.167930 0.650204
v 0.059717 0.167930 0.650205
v 0.059717 0.167930 0.650204
v 0.059717 0.168070 0.650205
v 0.059718 0.168070 0.650204
v 0.059717 0.168070 0.650204
v 0.060095 0.167930 0.649665
v 0.060095 0.167930 0.649665
v 0.060096 0.167930 0.649664
v 0.060095 0.168070 0.649665
v 0.060096 0.168070 0.649664
v 0.060095 0.168070 0.649665
v 0.059905 0.167930 0.650335
v 0.059905 0.167930 0.650335
v 0.059904 0.167930 0.650336
v 0.059905 0.168070 0.650335
v 0.059904 0.168070 0.650336
v 0.059905 0.168070 0.650335
v 0.060282 0.167930 0.649796
v 0.060283 0.167930 0.649795
v 0.060283 0.167930 0.649796
v 0.060282 0.168070 0.649796
v 0.060283 0.168070 0.649796
v 0.060283 0.168070 0.649795
v -0.001082 0.294804 0.205058
v -0.001082 0.294804 0.205058
v -0.001086 0.294804 0.205058
v -0.001082 0.294953 0.205047
v -0.001082 0.294953 0.205047
v -0.001086 0.294953 0.205047
v -0.001082 0.294797 0.204953
v -0.001086 0.294797 0.204953
v -0.001082 0.294797 0.204953
v -0.001082 0.294946 0.204942
v -0.001082 0.294946 0.204942
v -0.001086 0.294946 0.204942
v 0.001082 0.294804 0.205058
v 0.001086 0.294804 0.205058
v 0.001082 0.294804 0.205058
v 0.001082 0.294953 0.205047
v 0.001082 0.294953 0.205047
v 0.001086 0.294953 0.205047
v 0.001082 0.294797 0.204953
v 0.001082 0.294797 0.204953
v 0.001086 0.294797 0.204953
v 0.001082 0.294946 0.204942
v 0.001086 0.294946 0.204942
v 0.001082 0.294946 0.204942
v -0.000704 0.312841 0.191024
v -0.000704 0.312842 0.191024
v -0.000706 0.312842 0.191024
v -0.000704 0.312912 0.191020
v -0.000704 0.312912 0.191019
v -0.000706 0.312912 0.191019
v -0.000704 0.312838 0.190981
v -0.000706 0.312838 0.190981
v -0.000704 0.312838 0.190981
v -0.000704 0.312909 0.190976
v -0.000704 0.312909 0.190976
v -0.000706 0.312909 0.190976
v 0.000704 0.312841 0.191024
v 0.000706 0.312842 0.191024
v 0.000704 0.312842 0.191024
v 0.000704 0.312912 0.191019
v 0.000704 0.312912 0.191020
v 0.000706 0.312912 0.191019
v 0.000704 0.312838 0.190981
v 0.000704 0.312838 0.190981
v 0.000706 0.312838 0.190981
v 0.000704 0.312909 0.190976
v 0.000706 0.312909 0.190976
v 0.000704 0.312909 0.190976
v -0.001339 0.297054 0.115058
v -0.001339 0.297054 0.115058
v -0.001343 0.297054 0.115058
v -0.001339 0.297203 0.115047
v -0.001339 0.297203 0.115047
v -0.001343 0.297203 0.115047
v -0.001339 0.297047 0.114953
v -0.001343 0.297047 0.114953
v -0.001339 0.297047 0.114953
v -0.001339 0.297196 0.114942
v -0.001339 0.297196 0.114942
v -0.001343 0.297196 0.114942
v 0.001339 0.297054 0.115058
v 0.001343 0.297054 0.115058
v 0.001339 0.297054 0.115058
v 0.001339 0.297203 0.115047
v 0.001339 0.297203 0.115047
v 0.001343 0.297203 0.115047
v 0.001339 0.297047 0.114953
v 0.001339 0.297047 0.114953
v 0.001343 0.297047 0.114953
v 0.001339 0.297196 0.114942
v 0.001343 0.297196 0.114942
v 0.001339 0.297196 0.114942
v -0.000871 0.315091 0.101024
v -0.000871 0.315091 0.101024
v -0.000873 0.315091 0.101024
v -0.000871 0.315162 0.101020
v -0.000871 0.315162 0.101019
v -0.000873 0.315162 0.101019
v -0.000871 0.315088 0.100981
v -0.000873 0.315088 0.100981
v -0.000871 0.315088 0.100981
v -0.000871 0.315159 0.100976
v -0.000871 0.315158 0.100976
v -0.000873 0.315158 0.100976
v 0.000871 0.315091 0.101024
v 0.000873 0.315091 0.101024
v 0.000871 0.315091 0.101024
v 0.000871 0.315162 0.101019
v 0.000871 0.315162 0.101020
v 0.000873 0.315162 0.101019
v 0.000871 0.315088 0.100981
v 0.000871 0.315088 0.100981
v 0.000873 0.315088 0.100981
v 0.000871 0.315159 0.100976
v 0.000873 0.315158 0.100976
v 0.000871 0.315158 0.100976
v -0.001596 0.299304 0.025058
v -0.001596 0.299304 0.025058
v -0.001601 0.299304 0.025058
v -0.001596 0.299453 0.025047
v -0.001596 0.299453 0.025047
v -0.001601 0.299453 0.025047
v -0.001596 0.299297 0.024953
v -0.001601 0.299297 0.024953
v -0.001596 0.299297 0.024953
v -0.001596 0.299446 0.024942
v -0.001596 0.299446 0.024942
v -0.001601 0.299446 0.024942
v 0.001596 0.299304 0.025058
v 0.001601 0.299304 0.025058
v 0.001596 0.299304 0.025058
v 0.001596 0.299453 0.025047
v 0.001596 0.299453 0.025047
v 0.001601 0.299453 0.025047
v 0.001596 0.299297 0.024953
v 0.001596 0.299297 0.024953
v 0.001601 0.299297 0.024953
v 0.001596 0.299446 0.024942
v 0.001601 0.299446 0.024942
v 0.001596 0.299446 0.024942
v -0.001038 0.317341 0.011024
v -0.001038 0.317341 0.011024
v -0.001040 0.317341 0.011024
v -0.001038 0.317412 0.011019
v -0.001038 0.317412 0.011019
v -0.001040 0.317412 0.011019
v -0.001038 0.317338 0.010981
v -0.001040 0.317338 0.010981
v -0.001038 0.317338 0.010981
v -0.001038 0.317409 0.010976
v -0.001038 0.317409 0.010976
v -0.001040 0.317409 0.010976
v 0.001038 0.317341 0.011024
v 0.001040 0.317341 0.011024
v 0.001038 0.317341 0.011024
v 0.001038 0.317412 0.011019
v 0.001038 0.317412 0.011019
v 0.001040 0.317412 0.011019
v 0.001038 0.317338 0.010981
v 0.001038 0.317338 0.010981
v 0.001040 0.317338 0.010981
v 0.001038 0.317409 0.010976
v 0.001040 0.317409 0.010976
v 0.001038 0.317409 0.010976
v -0.001482 0.298304 -0.064942
v -0.001482 0.298304 -0.064942
v -0.001486 0.298304 -0.064942
v -0.001482 0.298453 -0.064953
v -0.001482 0.298453 -0.064953
v -0.001486 0.298453 -0.064953
v -0.001482 0.298297 -0.065047
v -0.001486 0.298297 -0.065047
v -0.001482 0.298297 -0.065047
v -0.001482 0.298446 -0.065058
v -0.001482 0.298446 -0.065058
v -0.001486 0.298446 -0.065058
v 0.001482 0.298304 -0.064942
v 0.001486 0.298304 -0.064942
v 0.001482 0.298304 -0.064942
v 0.001482 0.298453 -0.064953
v 0.001482 0.298453 -0.064953
v 0.001486 0.298453 -0.064953
v 0.001482 0.298297 -0.065047
v 0.001482 0.298297 -0.065047
v 0.001486 0.298297 -0.065047
v 0.001482 0.298446 -0.065058
v 0.001486 0.298446 -0.065058
v 0.001482 0.298446 -0.065058
v -0.000964 0.316341 -0.078976
v -0.000964 0.316341 -0.078976
v -0.000966 0.316341 -0.078976
v -0.000964 0.316412 -0.078981
v -0.000964 0.316412 -0.078981
v -0.000966 0.316412 -0.078981
v -0.000964 0.316338 -0.079019
v -0.000966 0.316338 -0.079019
v -0.000964 0.316338 -0.079020
v -0.000964 0.316409 -0.079024
v -0.000964 0.316408 -0.079024
v -0.000966 0.316409 -0.079024
v 0.000964 0.316341 -0.078976
v 0.000966 0.316341 -0.078976
v 0.000964 0.316341 -0.078976
v 0.000964 0.316412 -0.078981
v 0.000964 0.316412 -0.078981
v 0.000966 0.316412 -0.078981
v 0.000964 0.316338 -0.079019
v 0.000964 0.316338 -0.079020
v 0.000966 0.316338 -0.079019
v 0.000964 0.316409 -0.079024
v 0.000966 0.316409 -0.079024
v 0.000964 0.316408 -0.079024
v -0.001239 0.296179 -0.149942
v -0.001239 0.296179 -0.149942
v -0.001243 0.296179 -0.149942
v -0.001239 0.296328 -0.149953
v -0.001239 0.296328 -0.149953
v -0.001243 0.296328 -0.149953
v -0.001239 0.296172 -0.150047
v -0.001243 0.296172 -0.150047
v -0.001239 0.296172 -0.150047
v -0.001239 0.296321 -0.150058
v -0.001239 0.296321 -0.150058
v -0.001243 0.296321 -0.150058
v 0.001239 0.296179 -0.149942
v 0.001243 0.296179 -0.149942
v 0.001239 0.296179 -0.149942
v 0.001239 0.296328 -0.149953
v 0.001239 0.296328 -0.149953
v 0.001243 0.296328 -0.149953
v 0.001239 0.296172 -0.150047
v 0.001239 0.296172 -0.150047
v 0.001243 0.296172 -0.150047
v 0.001239 0.296321 -0.150058
v 0.001243 0.296321 -0.150058
v 0.001239 0.296321 -0.150058
v -0.000806 0.314216 -0.163976
v -0.000806 0.314216 -0.163976
v -0.000808 0.314216 -0.163976
v -0.000806 0.314287 -0.163981
v -0.000806 0.314287 -0.163981
v -0.000808 0.314287 -0.163981
v -0.000806 0.314213 -0.164019
v -0.000808 0.314213 -0.164019
v -0.000806 0.314213 -0.164019
v -0.000806 0.314284 -0.164024
v -0.000806 0.314284 -0.164024
v -0.000808 0.314284 -0.164024
v 0.000806 0.314216 -0.163976
v 0.000808 0.314216 -0.163976
v 0.000806 0.314216 -0.163976
v 0.000806 0.314287 -0.163981
v 0.000806 0.314287 -0.163981
v 0.000808 0.314287 -0.163981
v 0.000806 0.314213 -0.164019
v 0.000806 0.314213 -0.164019
v 0.000808 0.314213 -0.164019
v 0.000806 0.314284 -0.164024
v 0.000808 0.314284 -0.164024
v 0.000806 0.314284 -0.164024
v -0.129821 0.314861 0.384673
v -0.130217 0.315169 0.385289
v -0.129799 0.314874 0.384680
v -0.130195 0.315182 0.385296
v -0.129779 0.314866 0.384696
v -0.130175 0.315174 0.385312
v -0.129777 0.314843 0.384709
v -0.130173 0.315151 0.385326
v -0.129793 0.314822 0.384709
v -0.130189 0.315130 0.385326
v -0.129816 0.314819 0.384696
v -0.130212 0.315127 0.385312
v -0.129829 0.314836 0.384680
v -0.130225 0.315144 0.385296
v 0.129821 0.314861 0.384673
v 0.130217 0.315169 0.385289
v 0.129829 0.314836 0.384680
v 0.130225 0.315144 0.385296
v 0.129816 0.314819 0.384696
v 0.130212 0.315127 0.385312
v 0.129793 0.314822 0.384709
v 0.130189 0.315130 0.385326
v 0.129777 0.314843 0.384709
v 0.130173 0.315151 0.385326
v 0.129779 0.314866 0.384696
v 0.130175 0.315174 0.385312
v 0.129799 0.314874 0.384680
v 0.130195 0.315182 0.385296
v -0.185000 0.357097 0.468000
v -0.185000 0.357068 0.467932
v -0.185000 0.357000 0.467903
v -0.185000 0.356932 0.467932
v -0.185000 0.356903 0.468000
v -0.184952 0.357068 0.467952
v -0.184932 0.357000 0.467932
v -0.184952 0.356932 0.467952
v -0.184932 0.357068 0.468000
v -0.184903 0.357000 0.468000
v -0.184932 0.356932 0.468000
v -0.184952 0.357068 0.468048
v -0.184932 0.357000 0.468068
v -0.184952 0.356932 0.468048
v -0.185000 0.357068 0.468068
v -0.185000 0.357000 0.468097
v -0.185000 0.356932 0.468068
v -0.185048 0.357068 0.468048
v -0.185068 0.357000 0.468068
v -0.185048 0.356932 0.468048
v -0.185068 0.357068 0.468000
v -0.185097 0.357000 0.468000
v -0.185068 0.356932 0.468000
v -0.185048 0.357068 0.467952
v -0.185068 0.357000 0.467932
v -0.185048 0.356932 0.467952
v 0.185000 0.357097 0.468000
v 0.185000 0.357068 0.467932
v 0.185000 0.357000 0.467903
v 0.185000 0.356932 0.467932
v 0.185000 0.356903 0.468000
v 0.185048 0.357068 0.467952
v 0.185068 0.357000 0.467932
v 0.185048 0.356932 0.467952
v 0.185068 0.357068 0.468000
v 0.185097 0.357000 0.468000
v 0.185068 0.356932 0.468000
v 0.185048 0.357068 0.468048
v 0.185068 0.357000 0.468068
v 0.185048 0.356932 0.468048
v 0.185000 0.357068 0.468068
v 0.185000 0.357000 0.468097
v 0.185000 0.356932 0.468068
v 0.184952 0.357068 0.468048
v 0.184932 0.357000 0.468068
v 0.184952 0.356932 0.468048
v 0.184932 0.357068 0.468000
v 0.184903 0.357000 0.468000
v 0.184932 0.356932 0.468000
v 0.184952 0.357068 0.467952
v 0.184932 0.357000 0.467932
v 0.184952 0.356932 0.467952
v -0.189488 0.387212 0.546769
v -0.190544 0.387806 0.548199
v -0.189470 0.387226 0.546777
v -0.190526 0.387820 0.548207
v -0.189454 0.387217 0.546793
v -0.190510 0.387811 0.548223
v -0.189456 0.387194 0.546801
v -0.190512 0.387788 0.548231
v -0.189474 0.387180 0.546793
v -0.190530 0.387774 0.548223
v -0.189490 0.387189 0.546777
v -0.190546 0.387783 0.548207
v 0.189488 0.387212 0.546769
v 0.190544 0.387806 0.548199
v 0.189490 0.387189 0.546777
v 0.190546 0.387783 0.548207
v 0.189474 0.387180 0.546793
v 0.190530 0.387774 0.548223
v 0.189456 0.387194 0.546801
v 0.190512 0.387788 0.548231
v 0.189454 0.387217 0.546793
v 0.190510 0.387811 0.548223
v 0.189470 0.387226 0.546777
v 0.190526 0.387820 0.548207
v -0.089750 0.334854 0.576734
v -0.090278 0.335162 0.578252
v -0.089735 0.334863 0.576738
v -0.090263 0.335171 0.578256
v -0.089721 0.334855 0.576744
v -0.090249 0.335163 0.578262
v -0.089722 0.334838 0.576748
v -0.090250 0.335146 0.578266
v -0.089737 0.334829 0.576744
v -0.090265 0.335137 0.578262
v -0.089751 0.334837 0.576738
v -0.090279 0.335145 0.578256
v 0.089750 0.334854 0.576734
v 0.090278 0.335162 0.578252
v 0.089751 0.334837 0.576738
v 0.090279 0.335145 0.578256
v 0.089737 0.334829 0.576744
v 0.090265 0.335137 0.578262
v 0.089722 0.334838 0.576748
v 0.090250 0.335146 0.578266
v 0.089721 0.334855 0.576744
v 0.090249 0.335163 0.578262
v 0.089735 0.334863 0.576738
v 0.090263 0.335171 0.578256
v -0.337281 0.149046 0.187356
v -0.337743 0.148949 0.187597
v -0.337280 0.149070 0.187367
v -0.337742 0.148973 0.187609
v -0.337268 0.149072 0.187391
v -0.337730 0.148975 0.187633
v -0.337257 0.149051 0.187403
v -0.337719 0.148954 0.187644
v -0.337258 0.149027 0.187391
v -0.337720 0.148930 0.187633
v -0.337270 0.149025 0.187367
v -0.337732 0.148928 0.187609
v 0.337281 0.149046 0.187356
v 0.337743 0.148949 0.187597
v 0.337270 0.149025 0.187367
v 0.337732 0.148928 0.187609
v 0.337258 0.149027 0.187391
v 0.337720 0.148930 0.187633
v 0.337257 0.149051 0.187403
v 0.337719 0.148954 0.187644
v 0.337268 0.149072 0.187391
v 0.337730 0.148975 0.187633
v 0.337280 0.149070 0.187367
v 0.337742 0.148973 0.187609
v -0.337281 0.157046 0.087356
v -0.337743 0.156949 0.087597
v -0.337280 0.157070 0.087367
v -0.337742 0.156973 0.087609
v -0.337268 0.157072 0.087391
v -0.337730 0.156975 0.087633
v -0.337257 0.157051 0.087403
v -0.337719 0.156954 0.087644
v -0.337258 0.157027 0.087391
v -0.337720 0.156930 0.087633
v -0.337270 0.157025 0.087367
v -0.337732 0.156928 0.087609
v 0.337281 0.157046 0.087356
v 0.337743 0.156949 0.087597
v 0.337270 0.157025 0.087367
v 0.337732 0.156928 0.087609
v 0.337258 0.157027 0.087391
v 0.337720 0.156930 0.087633
v 0.337257 0.157051 0.087403
v 0.337719 0.156954 0.087644
v 0.337268 0.157072 0.087391
v 0.337730 0.156975 0.087633
v 0.337280 0.157070 0.087367
v 0.337742 0.156973 0.087609
v -0.337281 0.149046 -0.017644
v -0.337743 0.148949 -0.017402
v -0.337280 0.149070 -0.017633
v -0.337742 0.148973 -0.017391
v -0.337268 0.149072 -0.017609
v -0.337730 0.148975 -0.017367
v -0.337257 0.149051 -0.017597
v -0.337719 0.148954 -0.017355
v -0.337258 0.149027 -0.017609
v -0.337720 0.148930 -0.017367
v -0.337270 0.149025 -0.017633
v -0.337732 0.148928 -0.017391
v 0.337281 0.149046 -0.017644
v 0.337743 0.148949 -0.017402
v 0.337270 0.149025 -0.017633
v 0.337732 0.148928 -0.017391
v 0.337258 0.149027 -0.017609
v 0.337720 0.148930 -0.017367
v 0.337257 0.149051 -0.017597
v 0.337719 0.148954 -0.017355
v 0.337268 0.149072 -0.017609
v 0.337730 0.148975 -0.017367
v 0.337280 0.149070 -0.017633
v 0.337742 0.148973 -0.017391
v -0.337281 0.157046 -0.107644
v -0.337743 0.156949 -0.107402
v -0.337280 0.157070 -0.107633
v -0.337742 0.156973 -0.107391
v -0.337268 0.157072 -0.107609
v -0.337730 0.156975 -0.107367
v -0.337257 0.157051 -0.107598
v -0.337719 0.156954 -0.107356
v -0.337258 0.157027 -0.107609
v -0.337720 0.156930 -0.107367
v -0.337270 0.157025 -0.107633
v -0.337732 0.156928 -0.107391
v 0.337281 0.157046 -0.107644
v 0.337743 0.156949 -0.107402
v 0.337270 0.157025 -0.107633
v 0.337732 0.156928 -0.107391
v 0.337258 0.157027 -0.107609
v 0.337720 0.156930 -0.107367
v 0.337257 0.157051 -0.107598
v 0.337719 0.156954 -0.107356
v 0.337268 0.157072 -0.107609
v 0.337730 0.156975 -0.107367
v 0.337280 0.157070 -0.107633
v 0.337742 0.156973 -0.107391
v -0.001317 0.149930 -0.289921
v -0.001317 0.149930 -0.289921
v -0.001320 0.149930 -0.289921
v -0.001317 0.150070 -0.289921
v -0.001317 0.150070 -0.289921
v -0.001320 0.150070 -0.289921
v -0.001317 0.149930 -0.290079
v -0.001320 0.149930 -0.290079
v -0.001317 0.149930 -0.290079
v -0.001317 0.150070 -0.290079
v -0.001317 0.150070 -0.290079
v -0.001320 0.150070 -0.290079
v 0.001317 0.149930 -0.289921
v 0.001320 0.149930 -0.289921
v 0.001317 0.149930 -0.289921
v 0.001317 0.150070 -0.289921
v 0.001317 0.150070 -0.289921
v 0.001320 0.150070 -0.289921
v 0.001317 0.149930 -0.290079
v 0.001317 0.149930 -0.290079
v 0.001320 0.149930 -0.290079
v 0.001317 0.150070 -0.290079
v 0.001320 0.150070 -0.290079
v 0.001317 0.150070 -0.290079
v -0.160205 0.165886 -0.249824
v -0.160205 0.165886 -0.249824
v -0.160206 0.165886 -0.249824
v -0.160205 0.166114 -0.249824
v -0.160205 0.166114 -0.249824
v -0.160206 0.166114 -0.249824
v -0.160190 0.165886 -0.250192
v -0.160190 0.165886 -0.250192
v -0.160189 0.165886 -0.250193
v -0.160190 0.166114 -0.250192
v -0.160189 0.166114 -0.250193
v -0.160190 0.166114 -0.250192
v -0.159810 0.165886 -0.249808
v -0.159810 0.165886 -0.249808
v -0.159810 0.165886 -0.249807
v -0.159810 0.166114 -0.249808
v -0.159810 0.166114 -0.249807
v -0.159810 0.166114 -0.249808
v -0.159795 0.165886 -0.250176
v -0.159795 0.165886 -0.250176
v -0.159794 0.165886 -0.250176
v -0.159795 0.166114 -0.250176
v -0.159794 0.166114 -0.250176
v -0.159795 0.166114 -0.250176
v -0.080201 0.165886 -0.249820
v -0.080201 0.165886 -0.249819
v -0.080202 0.165886 -0.249820
v -0.080201 0.166114 -0.249819
v -0.080201 0.166114 -0.249820
v -0.080202 0.166114 -0.249820
v -0.080193 0.165886 -0.250188
v -0.080194 0.165886 -0.250188
v -0.080193 0.165886 -0.250189
v -0.080193 0.166114 -0.250188
v -0.080193 0.166114 -0.250189
v -0.080194 0.166114 -0.250188
v -0.079806 0.165886 -0.249812
v -0.079806 0.165886 -0.249812
v -0.079807 0.165886 -0.249811
v -0.079806 0.166114 -0.249812
v -0.079807 0.166114 -0.249811
v -0.079806 0.166114 -0.249812
v -0.079799 0.165886 -0.250180
v -0.079799 0.165886 -0.250181
v -0.079798 0.165886 -0.250180
v -0.079799 0.166114 -0.250180
v -0.079798 0.166114 -0.250180
v -0.079799 0.166114 -0.250181
v -0.000197 0.165886 -0.249816
v -0.000197 0.165886 -0.249815
v -0.000198 0.165886 -0.249816
v -0.000197 0.166114 -0.249815
v -0.000197 0.166114 -0.249816
v -0.000198 0.166114 -0.249816
v -0.000197 0.165886 -0.250184
v -0.000198 0.165886 -0.250184
v -0.000197 0.165886 -0.250185
v -0.000197 0.166114 -0.250184
v -0.000197 0.166114 -0.250185
v -0.000198 0.166114 -0.250184
v 0.000197 0.165886 -0.249816
v 0.000198 0.165886 -0.249816
v 0.000197 0.165886 -0.249815
v 0.000197 0.166114 -0.249816
v 0.000197 0.166114 -0.249815
v 0.000198 0.166114 -0.249816
v 0.000197 0.165886 -0.250184
v 0.000197 0.165886 -0.250185
v 0.000198 0.165886 -0.250184
v 0.000197 0.166114 -0.250184
v 0.000198 0.166114 -0.250184
v 0.000197 0.166114 -0.250185
v 0.079806 0.165886 -0.249812
v 0.079807 0.165886 -0.249811
v 0.079806 0.165886 -0.249812
v 0.079807 0.166114 -0.249811
v 0.079806 0.166114 -0.249812
v 0.079806 0.166114 -0.249812
v 0.079799 0.165886 -0.250180
v 0.079798 0.165886 -0.250180
v 0.079799 0.165886 -0.250181
v 0.079799 0.166114 -0.250180
v 0.079799 0.166114 -0.250181
v 0.079798 0.166114 -0.250180
v 0.080201 0.165886 -0.249820
v 0.080202 0.165886 -0.249820
v 0.080201 0.165886 -0.249819
v 0.080201 0.166114 -0.249820
v 0.080201 0.166114 -0.249819
v 0.080202 0.166114 -0.249820
v 0.080193 0.165886 -0.250188
v 0.080193 0.165886 -0.250189
v 0.080194 0.165886 -0.250188
v 0.080193 0.166114 -0.250188
v 0.080194 0.166114 -0.250188
v 0.080193 0.166114 -0.250189
v 0.159810 0.165886 -0.249808
v 0.159810 0.165886 -0.249807
v 0.159810 0.165886 -0.249808
v 0.159810 0.166114 -0.249807
v 0.159810 0.166114 -0.249808
v 0.159810 0.166114 -0.249808
v 0.159795 0.165886 -0.250176
v 0.159794 0.165886 -0.250176
v 0.159795 0.165886 -0.250176
v 0.159795 0.166114 -0.250176
v 0.159795 0.166114 -0.250176
v 0.159794 0.166114 -0.250176
v 0.160205 0.165886 -0.249824
v 0.160206 0.165886 -0.249824
v 0.160205 0.165886 -0.249824
v 0.160205 0.166114 -0.249824
v 0.160205 0.166114 -0.249824
v 0.160206 0.166114 -0.249824
v 0.160190 0.165886 -0.250192
v 0.160189 0.165886 -0.250193
v 0.160190 0.165886 -0.250192
v 0.160190 0.166114 -0.250192
v 0.160190 0.166114 -0.250192
v 0.160189 0.166114 -0.250193
v -0.390117 0.244965 0.020516
v -0.390117 0.244965 0.020517
v -0.390117 0.244965 0.020516
v -0.390117 0.245035 0.020517
v -0.390117 0.245035 0.020516
v -0.390117 0.245035 0.020516
v -0.389970 0.244965 0.019472
v -0.389970 0.244965 0.019472
v -0.389970 0.244965 0.019471
v -0.389970 0.245035 0.019472
v -0.389970 0.245035 0.019471
v -0.389970 0.245035 0.019472
v -0.390030 0.244965 0.020528
v -0.390030 0.244965 0.020528
v -0.390030 0.244965 0.020529
v -0.390030 0.245035 0.020528
v -0.390030 0.245035 0.020529
v -0.390030 0.245035 0.020528
v -0.389883 0.244965 0.019484
v -0.389883 0.244965 0.019483
v -0.389883 0.244965 0.019484
v -0.389883 0.245035 0.019484
v -0.389883 0.245035 0.019484
v -0.389883 0.245035 0.019483
v 0.390030 0.244965 0.020528
v 0.390030 0.244965 0.020529
v 0.390030 0.244965 0.020528
v 0.390030 0.245035 0.020529
v 0.390030 0.245035 0.020528
v 0.390030 0.245035 0.020528
v 0.389883 0.244965 0.019484
v 0.389883 0.244965 0.019484
v 0.389883 0.244965 0.019483
v 0.389883 0.245035 0.019484
v 0.389883 0.245035 0.019483
v 0.389883 0.245035 0.019484
v 0.390117 0.244965 0.020516
v 0.390117 0.244965 0.020516
v 0.390117 0.244965 0.020517
v 0.390117 0.245035 0.020516
v 0.390117 0.245035 0.020517
v 0.390117 0.245035 0.020516
v 0.389970 0.244965 0.019472
v 0.389970 0.244965 0.019471
v 0.389970 0.244965 0.019472
v 0.389970 0.245035 0.019472
v 0.389970 0.245035 0.019472
v 0.389970 0.245035 0.019471
vn -0.0000 -0.9999 -0.0115
vn -0.0000 -0.9740 -0.2266
vn 0.1000 -0.9752 -0.1975
vn 0.0379 -0.9993 -0.0004
vn -0.0000 -0.5999 -0.8001
vn -0.0000 0.3886 -0.9214
vn 0.2816 0.4026 -0.8710
vn 0.2817 -0.6013 -0.7477
vn -0.0000 0.8903 -0.4555
vn -0.0000 0.9674 -0.2531
vn 0.0379 0.9695 -0.2421
vn 0.1000 0.8984 -0.4276
vn -0.0000 -0.9925 0.1219
vn -0.0000 0.9925 -0.1219
vn 0.0715 0.9754 -0.2086
vn 0.1884 -0.9759 -0.1098
vn 0.0715 -0.9969 0.0335
vn 0.5730 0.4396 -0.6917
vn 0.5730 -0.5939 -0.5648
vn 0.1884 0.9204 -0.3426
vn 0.2461 -0.9687 0.0331
vn 0.0933 -0.9917 0.0886
vn 0.8107 0.4928 -0.3160
vn 0.8107 -0.5546 -0.1874
vn 0.0933 0.9837 -0.1539
vn 0.2461 0.9479 -0.2022
vn 0.8107 0.5546 0.1874
vn 0.8107 -0.4928 0.3160
vn 0.0933 0.9917 -0.0886
vn 0.2461 0.9687 -0.0331
vn 0.0933 -0.9837 0.1539
vn 0.2461 -0.9479 0.2022
vn 0.0715 -0.9754 0.2086
vn 0.5730 -0.4396 0.6917
vn 0.1884 -0.9204 0.3426
vn 0.1884 0.9759 0.1098
vn 0.5730 0.5939 0.5648
vn 0.0715 0.9969 -0.0335
vn 0.0379 -0.9695 0.2421
vn 0.2816 -0.4026 0.8710
vn 0.1000 -0.8984 0.4276
vn 0.1000 0.9752 0.1975
vn 0.2816 0.6013 0.7477
vn 0.0379 0.9993 0.0004
vn -0.0000 0.9740 0.2266
vn -0.0000 0.5999 0.8001
vn -0.0000 0.9999 0.0115
vn -0.0000 -0.8903 0.4555
vn -0.0000 -0.9674 0.2531
vn -0.0000 -0.3885 0.9214
vn -0.1000 -0.8984 0.4276
vn -0.0379 -0.9695 0.2421
vn -0.2816 0.6013 0.7477
vn -0.2817 -0.4026 0.8710
vn -0.0379 0.9993 0.0004
vn -0.1000 0.9752 0.1975
vn -0.1884 -0.9204 0.3426
vn -0.0715 -0.9754 0.2086
vn -0.5730 0.5939 0.5648
vn -0.5730 -0.4396 0.6917
vn -0.0715 0.9969 -0.0335
vn -0.1884 0.9759 0.1098
vn -0.0933 0.9917 -0.0886
vn -0.2461 0.9687 -0.0331
vn -0.0933 -0.9837 0.1539
vn -0.8107 -0.4928 0.3160
vn -0.2461 -0.9479 0.2022
vn -0.8107 0.5546 0.1874
vn -0.0933 -0.9917 0.0886
vn -0.8107 -0.5546 -0.1874
vn -0.2461 -0.9687 0.0331
vn -0.2461 0.9479 -0.2022
vn -0.8107 0.4928 -0.3160
vn -0.0933 0.9837 -0.1539
vn -0.5730 -0.5939 -0.5648
vn -0.1884 -0.9759 -0.1098
vn -0.1884 0.9204 -0.3426
vn -0.5730 0.4396 -0.6917
vn -0.0715 0.9754 -0.2086
vn -0.0715 -0.9969 0.0335
vn -0.0379 0.9695 -0.2421
vn -0.1000 -0.9752 -0.1975
vn -0.0379 -0.9993 -0.0004
vn -0.2816 0.4026 -0.8710
vn -0.2817 -0.6013 -0.7477
vn -0.1000 0.8984 -0.4276
vn -0.0000 -0.9986 0.0523
vn -0.0000 -0.9641 -0.2655
vn 0.0628 -0.9693 -0.2378
vn -0.0000 -0.5427 -0.8399
vn -0.0000 0.4520 -0.8920
vn 0.2309 0.4767 -0.8482
vn 0.2309 -0.5627 -0.7937
vn -0.0000 0.9311 -0.3648
vn -0.0000 0.9986 -0.0523
vn 0.0628 0.9391 -0.3378
vn 0.1274 -0.9818 -0.1405
vn 0.5551 0.5153 -0.6529
vn 0.5551 -0.5808 -0.5955
vn 0.1274 0.9618 -0.2423
vn 0.1689 -0.9843 0.0516
vn 0.8437 0.5360 -0.0281
vn 0.8437 -0.5360 0.0281
vn 0.1689 0.9843 -0.0516
vn 0.1274 -0.9618 0.2423
vn 0.5551 0.5808 0.5955
vn 0.5551 -0.5153 0.6529
vn 0.1274 0.9818 0.1405
vn 0.0628 -0.9391 0.3378
vn 0.2309 0.5628 0.7937
vn 0.2309 -0.4767 0.8482
vn 0.0628 0.9693 0.2378
vn -0.0000 -0.9311 0.3649
vn -0.0000 0.5427 0.8399
vn -0.0000 -0.4520 0.8920
vn -0.0000 0.9641 0.2655
vn -0.0628 -0.9391 0.3378
vn -0.2309 0.5628 0.7937
vn -0.2309 -0.4767 0.8482
vn -0.0628 0.9693 0.2378
vn -0.1274 -0.9618 0.2423
vn -0.5551 0.5807 0.5955
vn -0.5551 -0.5153 0.6529
vn -0.1275 0.9818 0.1405
vn -0.1689 -0.9843 0.0516
vn -0.8437 0.5360 -0.0281
vn -0.8437 -0.5360 0.0281
vn -0.1689 0.9843 -0.0516
vn -0.1275 -0.9818 -0.1405
vn -0.5551 0.5153 -0.6530
vn -0.5551 -0.5808 -0.5955
vn -0.1274 0.9618 -0.2423
vn -0.0628 -0.9693 -0.2378
vn -0.2309 0.4767 -0.8482
vn -0.2309 -0.5627 -0.7937
vn -0.0628 0.9391 -0.3378
vn 0.5484 -0.6734 -0.4958
vn 0.3580 -0.4989 0.7893
vn -0.8060 -0.5692 -0.1627
vn 0.3541 0.5809 0.7329
vn 0.5429 0.6240 -0.5620
vn -0.8117 0.5411 -0.2198
vn 0.5441 -0.6229 0.5620
vn -0.8106 -0.5423 0.2208
vn 0.3544 -0.5807 -0.7329
vn 0.5458 0.6757 0.4955
vn 0.3560 0.5006 -0.7891
vn -0.8086 0.5653 0.1629
vn -0.5483 -0.6734 -0.4959
vn 0.8060 -0.5692 -0.1625
vn -0.3581 -0.4989 0.7892
vn -0.5436 0.6234 -0.5620
vn -0.3545 0.5804 0.7331
vn 0.8110 0.5422 -0.2199
vn -0.5442 -0.6229 0.5619
vn -0.3543 -0.5807 -0.7330
vn 0.8106 -0.5423 0.2209
vn -0.5457 0.6757 0.4956
vn 0.8087 0.5653 0.1627
vn -0.3561 0.5006 -0.7891
vn 0.6708 -0.7407 0.0372
vn 0.6708 -0.7405 0.0405
vn -0.7397 -0.6720 0.0365
vn -0.7396 -0.6722 0.0338
vn 0.1952 0.0497 0.9795
vn 0.1950 0.0527 0.9794
vn -0.9802 0.0120 0.1975
vn -0.9802 0.0090 0.1979
vn 0.6688 0.7424 -0.0376
vn 0.6689 0.7423 -0.0403
vn -0.7414 0.6700 -0.0367
vn -0.7414 0.6702 -0.0334
vn 0.1946 -0.0497 -0.9796
vn 0.1946 -0.0527 -0.9795
vn -0.9803 -0.0119 -0.1971
vn -0.9803 -0.0089 -0.1972
vn 0.0015 -0.7256 0.6882
vn -0.0015 -0.7256 0.6882
vn -0.0015 -0.6903 -0.7235
vn 0.0015 -0.6903 -0.7235
vn -0.0015 0.7926 0.6097
vn 0.0015 0.7926 0.6097
vn 0.0015 0.6121 -0.7908
vn -0.0015 0.6121 -0.7908
vn 0.9803 -0.0089 -0.1971
vn 0.9803 -0.0119 -0.1970
vn -0.1945 -0.0527 -0.9795
vn -0.1945 -0.0497 -0.9796
vn -0.6708 -0.7405 0.0405
vn -0.6708 -0.7407 0.0372
vn 0.7396 -0.6722 0.0338
vn 0.7397 -0.6720 0.0365
vn -0.6689 0.7423 -0.0403
vn -0.6688 0.7424 -0.0376
vn 0.7414 0.6702 -0.0334
vn 0.7414 0.6700 -0.0367
vn -0.1949 0.0527 0.9794
vn -0.1951 0.0497 0.9795
vn 0.9802 0.0090 0.1978
vn 0.9803 0.0120 0.1974
vn -0.0015 -0.7926 -0.6097
vn 0.0015 -0.7926 -0.6097
vn 0.0015 -0.6121 0.7908
vn -0.0015 -0.6121 0.7908
vn 0.0015 0.7254 -0.6883
vn -0.0015 0.7254 -0.6883
vn -0.0015 0.6904 0.7234
vn 0.0015 0.6904 0.7234
vn -0.0015 -0.9987 0.0508
vn 0.0015 -0.9987 0.0508
vn 0.0015 -0.9985 0.0538
vn -0.0015 -0.9985 0.0538
vn -1.0000 -0.0014 0.0016
vn -1.0000 0.0016 0.0014
vn -1.0000 0.0014 -0.0016
vn -1.0000 -0.0016 -0.0014
vn 0.0015 0.0508 0.9987
vn 0.0015 0.0539 0.9985
vn -0.0015 0.0539 0.9985
vn -0.0015 0.0508 0.9987
vn 0.0015 0.9985 -0.0538
vn -0.0015 0.9985 -0.0539
vn -0.0015 0.9987 -0.0508
vn 0.0015 0.9987 -0.0508
vn -0.0015 -0.0538 -0.9985
vn -0.0015 -0.0508 -0.9987
vn 0.0015 -0.0508 -0.9987
vn 0.0015 -0.0539 -0.9985
vn 1.0000 -0.0016 -0.0014
vn 1.0000 0.0014 -0.0016
vn 1.0000 0.0016 0.0014
vn 1.0000 -0.0014 0.0016
vn -0.0000 0.3069 -0.9517
vn -0.0000 0.8560 -0.5169
vn 0.0965 0.8695 -0.4845
vn 0.2909 0.3353 -0.8961
vn -0.0000 -0.9848 0.1736
vn -0.0000 -0.9812 -0.1930
vn 0.0965 -0.9827 -0.1579
vn -0.0000 -0.6139 -0.7894
vn 0.2909 -0.6215 -0.7274
vn -0.0000 0.9848 -0.1737
vn 0.6325 -0.6060 -0.4824
vn 0.1888 -0.9811 -0.0415
vn 0.1888 0.9078 -0.3745
vn 0.6325 0.4045 -0.6606
vn 0.8572 -0.5071 0.0894
vn 0.2385 -0.9564 0.1686
vn 0.2385 0.9564 -0.1686
vn 0.8572 0.5071 -0.0894
vn 0.6325 -0.4045 0.6606
vn 0.1887 -0.9078 0.3745
vn 0.1887 0.9812 0.0415
vn 0.6325 0.6060 0.4824
vn 0.2909 -0.3353 0.8961
vn 0.0965 -0.8695 0.4845
vn 0.0965 0.9827 0.1578
vn 0.2909 0.6215 0.7274
vn -0.0000 -0.3069 0.9517
vn -0.0000 -0.8561 0.5169
vn -0.0000 0.9812 0.1929
vn -0.0000 0.6139 0.7894
vn -0.2909 -0.3353 0.8961
vn -0.0965 -0.8695 0.4845
vn -0.0965 0.9827 0.1579
vn -0.2909 0.6215 0.7274
vn -0.6325 -0.4045 0.6606
vn -0.1888 -0.9078 0.3745
vn -0.1888 0.9811 0.0415
vn -0.6325 0.6060 0.4824
vn -0.8572 -0.5071 0.0894
vn -0.2385 -0.9564 0.1686
vn -0.2385 0.9564 -0.1687
vn -0.8572 0.5071 -0.0894
vn -0.6325 -0.6060 -0.4824
vn -0.1887 -0.9812 -0.0414
vn -0.1888 0.9078 -0.3745
vn -0.6325 0.4045 -0.6606
vn -0.2909 -0.6215 -0.7274
vn -0.0965 -0.9827 -0.1579
vn -0.0965 0.8695 -0.4845
vn -0.2909 0.3353 -0.8961
vn 0.0537 -0.9848 -0.1653
vn 0.2555 -0.5624 -0.7864
vn 0.6400 -0.5623 -0.5237
vn 0.1407 -0.9839 -0.1104
vn 0.2555 0.5624 -0.7864
vn 0.0537 0.9848 -0.1653
vn 0.1407 0.9839 -0.1104
vn 0.6400 0.5624 -0.5236
vn -0.0000 -1.0000 -0.0000
vn -0.0000 1.0000 -0.0000
vn 0.8166 -0.5612 -0.1351
vn 0.1861 -0.9822 -0.0274
vn 0.1861 0.9822 -0.0274
vn 0.8165 0.5613 -0.1351
vn 0.7878 -0.5603 0.2559
vn 0.1829 -0.9813 0.0594
vn 0.1829 0.9813 0.0594
vn 0.7878 0.5603 0.2560
vn 0.5812 -0.5613 0.5892
vn 0.1344 -0.9822 0.1315
vn 0.1344 0.9822 0.1316
vn 0.5812 0.5612 0.5893
vn 0.2100 -0.5623 0.7998
vn 0.0489 -0.9839 0.1720
vn 0.0489 0.9839 0.1721
vn 0.2100 0.5623 0.7998
vn -0.2555 -0.5623 0.7864
vn -0.0537 -0.9848 0.1653
vn -0.0537 0.9848 0.1653
vn -0.2555 0.5624 0.7864
vn -0.6400 -0.5624 0.5236
vn -0.1407 -0.9839 0.1104
vn -0.1407 0.9839 0.1104
vn -0.6400 0.5623 0.5236
vn -0.8165 -0.5613 0.1351
vn -0.1860 -0.9822 0.0274
vn -0.1861 0.9822 0.0275
vn -0.8165 0.5612 0.1351
vn -0.7878 -0.5603 -0.2560
vn -0.1829 -0.9813 -0.0594
vn -0.1829 0.9813 -0.0594
vn -0.7878 0.5603 -0.2560
vn -0.5812 -0.5612 -0.5892
vn -0.1344 -0.9822 -0.1316
vn -0.1344 0.9822 -0.1316
vn -0.5812 0.5613 -0.5892
vn -0.2100 -0.5623 -0.7998
vn -0.0490 -0.9839 -0.1720
vn -0.0490 0.9839 -0.1720
vn -0.2100 0.5623 -0.7998
vn -0.2555 0.5624 -0.7864
vn -0.0537 0.9848 -0.1653
vn 0.0490 0.9839 -0.1720
vn 0.2100 0.5623 -0.7998
vn -0.0537 -0.9848 -0.1653
vn 0.0490 -0.9839 -0.1720
vn -0.2555 -0.5624 -0.7864
vn 0.2100 -0.5623 -0.7998
vn 0.5812 -0.5612 -0.5892
vn 0.1344 -0.9822 -0.1316
vn 0.1344 0.9822 -0.1316
vn 0.5812 0.5613 -0.5892
vn 0.7878 -0.5603 -0.2560
vn 0.1829 -0.9813 -0.0594
vn 0.1829 0.9813 -0.0594
vn 0.7878 0.5603 -0.2559
vn 0.8165 -0.5613 0.1351
vn 0.1860 -0.9822 0.0274
vn 0.1861 0.9822 0.0274
vn 0.8165 0.5612 0.1351
vn 0.6400 -0.5624 0.5236
vn 0.1407 -0.9839 0.1104
vn 0.1407 0.9839 0.1104
vn 0.6400 0.5623 0.5236
vn 0.2556 -0.5623 0.7864
vn 0.0537 -0.9848 0.1653
vn 0.0537 0.9848 0.1653
vn 0.2555 0.5624 0.7864
vn -0.2100 -0.5623 0.7998
vn -0.0489 -0.9839 0.1720
vn -0.0489 0.9839 0.1721
vn -0.2100 0.5623 0.7998
vn -0.5812 -0.5613 0.5892
vn -0.1344 -0.9822 0.1316
vn -0.1344 0.9821 0.1316
vn -0.5812 0.5612 0.5893
vn -0.7878 -0.5603 0.2560
vn -0.1829 -0.9813 0.0594
vn -0.1829 0.9813 0.0594
vn -0.7878 0.5603 0.2560
vn -0.8165 -0.5612 -0.1351
vn -0.1861 -0.9822 -0.0274
vn -0.1861 0.9822 -0.0274
vn -0.8165 0.5613 -0.1351
vn -0.6400 -0.5623 -0.5237
vn -0.1407 -0.9839 -0.1104
vn -0.1407 0.9839 -0.1104
vn -0.6400 0.5624 -0.5236
vn -0.0000 -0.9165 -0.4001
vn 0.2905 -0.9065 -0.3063
vn -0.0000 -0.0002 -1.0000
vn -0.0000 0.9164 -0.4002
vn 0.2906 0.9065 -0.3063
vn 0.6411 -0.0000 -0.7675
vn 0.9630 -0.0000 -0.2694
vn 0.4371 -0.8928 -0.1087
vn 0.4371 0.8928 -0.1086
vn 0.4371 0.8928 0.1087
vn 0.9630 -0.0000 0.2694
vn 0.4371 -0.8928 0.1086
vn 0.2905 -0.9065 0.3063
vn 0.2905 0.9065 0.3063
vn 0.6411 -0.0000 0.7675
vn -0.0000 -0.9165 0.4001
vn -0.0000 0.9165 0.4001
vn -0.0000 -0.0000 1.0000
vn -0.2905 -0.9065 0.3063
vn -0.2906 0.9065 0.3063
vn -0.6411 -0.0000 0.7675
vn -0.4371 -0.8928 0.1087
vn -0.4371 0.8928 0.1087
vn -0.9630 -0.0000 0.2694
vn -0.4371 0.8928 -0.1087
vn -0.4371 -0.8928 -0.1086
vn -0.9630 -0.0001 -0.2695
vn -0.6411 -0.0002 -0.7675
vn -0.2905 -0.9065 -0.3063
vn -0.2906 0.9065 -0.3064
vn -0.0000 -0.0001 -1.0000
vn 0.6411 -0.0001 -0.7675
vn 0.2906 0.9065 -0.3064
vn 0.9630 -0.0000 -0.2695
vn 0.4371 -0.8928 -0.1086
vn 0.4371 0.8928 -0.1087
vn 0.4371 -0.8928 0.1087
vn -0.4371 -0.8928 0.1086
vn -0.4371 -0.8928 -0.1087
vn -0.4371 0.8928 -0.1086
vn -0.9630 -0.0000 -0.2695
vn -0.6411 -0.0001 -0.7675
vn 0.3479 -0.9013 0.2580
vn 0.1291 0.0218 0.9914
vn -0.9467 -0.3162 -0.0617
vn 0.0944 0.5167 0.8509
vn 0.7466 0.6430 -0.1707
vn -0.8156 0.5327 -0.2260
vn 0.4471 -0.8721 0.1990
vn -0.6824 -0.4079 -0.6065
vn 0.7974 -0.0466 -0.6017
vn 0.4117 0.7875 0.4587
vn 0.7672 0.2689 -0.5823
vn -0.6909 0.5134 -0.5090
vn -0.3970 -0.8017 -0.4469
vn 0.7118 -0.5182 0.4742
vn -0.7642 -0.2703 0.5857
vn -0.3685 0.7510 -0.5479
vn -0.7292 0.4002 0.5550
vn 0.7396 0.5224 0.4244
vn -0.4553 -0.8637 -0.2162
vn -0.1692 0.0156 -0.9855
vn 0.9288 -0.3696 -0.0287
vn -0.5679 0.8219 0.0439
vn 0.8843 0.4635 0.0562
vn -0.1847 0.2472 -0.9512
vn 0.6077 -0.7630 0.2201
vn 0.6080 -0.7620 0.2229
vn -0.7121 -0.6504 -0.2644
vn -0.7148 -0.6463 -0.2672
vn 0.2534 0.0013 0.9673
vn 0.2539 0.0032 0.9672
vn -0.9669 0.0003 0.2553
vn -0.9668 -0.0016 0.2557
vn 0.5910 0.7753 0.2229
vn 0.5908 0.7760 0.2210
vn -0.7244 0.6303 -0.2791
vn -0.7218 0.6349 -0.2755
vn 0.8470 0.0039 -0.5316
vn 0.8470 0.0019 -0.5316
vn -0.5300 -0.0044 -0.8480
vn -0.5300 -0.0025 -0.8480
vn -0.0106 -0.9994 0.0317
vn -0.0054 -0.9999 0.0091
vn 0.3648 -0.0207 -0.9309
vn 0.3654 -0.0269 -0.9305
vn -0.0642 0.9798 0.1896
vn -0.0694 0.9758 0.2076
vn 0.3370 0.2182 -0.9159
vn 0.3352 0.2044 -0.9197
vn 0.9539 0.0007 -0.3001
vn 0.9538 -0.0046 -0.3005
vn -0.2987 0.0025 -0.9543
vn -0.2984 0.0011 -0.9544
vn -0.6004 -0.7704 -0.2142
vn -0.5993 -0.7708 -0.2160
vn 0.7237 -0.6389 0.2609
vn 0.7233 -0.6385 0.2630
vn -0.5946 0.7763 -0.2092
vn -0.5944 0.7771 -0.2069
vn 0.7318 0.6318 0.2556
vn 0.7332 0.6309 0.2539
vn -0.8162 0.0029 0.5777
vn -0.8164 -0.0023 0.5774
vn 0.5759 0.0008 0.8176
vn 0.5762 -0.0005 0.8173
vn 0.1314 -0.9418 -0.3093
vn 0.1287 -0.9462 -0.2968
vn -0.3321 -0.3221 0.8865
vn -0.3318 -0.3403 0.8798
vn 0.1145 0.9657 -0.2330
vn 0.1171 0.9609 -0.2509
vn -0.3617 0.2747 0.8909
vn -0.3630 0.2645 0.8935
vn -0.0006 -1.0000 -0.0012
vn 0.0012 -1.0000 -0.0006
vn 0.0006 -1.0000 0.0013
vn -0.0013 -1.0000 0.0006
vn -0.9401 -0.0012 -0.3410
vn -0.9401 0.0008 -0.3410
vn -0.9394 0.0008 -0.3429
vn -0.9394 -0.0012 -0.3429
vn -0.3411 -0.0011 0.9400
vn -0.3411 0.0009 0.9400
vn -0.3429 0.0009 0.9394
vn -0.3429 -0.0011 0.9394
vn 0.0013 1.0000 -0.0006
vn -0.0005 1.0000 -0.0012
vn -0.0012 1.0000 0.0006
vn 0.0006 1.0000 0.0012
vn 0.3410 -0.0009 -0.9400
vn 0.3410 0.0011 -0.9400
vn 0.3429 0.0011 -0.9394
vn 0.3429 -0.0009 -0.9394
vn 0.9400 -0.0010 0.3411
vn 0.9400 0.0010 0.3411
vn 0.9393 0.0010 0.3430
vn 0.9393 -0.0010 0.3430
vn 0.3971 -0.8016 -0.4469
vn 0.7641 -0.2702 0.5858
vn -0.7118 -0.5182 0.4741
vn 0.7178 0.4140 0.5598
vn 0.3627 0.7566 -0.5440
vn -0.7531 0.5069 0.4193
vn 0.4553 -0.8637 -0.2161
vn -0.9288 -0.3695 -0.0288
vn 0.1693 0.0156 -0.9854
vn 0.5680 0.8219 0.0437
vn 0.1846 0.2472 -0.9512
vn -0.8843 0.4636 0.0563
vn -0.3478 -0.9014 0.2579
vn 0.9467 -0.3161 -0.0616
vn -0.1292 0.0217 0.9914
vn -0.7467 0.6430 -0.1705
vn -0.0943 0.5167 0.8510
vn 0.8156 0.5327 -0.2261
vn -0.4472 -0.8720 0.1989
vn -0.7973 -0.0465 -0.6018
vn 0.6825 -0.4080 -0.6065
vn -0.4115 0.7875 0.4588
vn 0.6908 0.5134 -0.5091
vn -0.7673 0.2690 -0.5822
vn 0.5994 -0.7708 -0.2159
vn 0.6005 -0.7704 -0.2141
vn -0.7233 -0.6385 0.2629
vn -0.7237 -0.6389 0.2608
vn 0.8164 -0.0023 0.5774
vn 0.8162 0.0029 0.5777
vn -0.5762 -0.0005 0.8173
vn -0.5759 0.0008 0.8176
vn 0.5944 0.7771 -0.2070
vn 0.5946 0.7763 -0.2092
vn -0.7331 0.6309 0.2540
vn -0.7318 0.6318 0.2557
vn 0.2984 0.0011 -0.9544
vn 0.2987 0.0025 -0.9543
vn -0.9538 -0.0046 -0.3005
vn -0.9539 0.0007 -0.3001
vn 0.0053 -0.9999 0.0092
vn 0.0106 -0.9994 0.0317
vn -0.3653 -0.0269 -0.9305
vn -0.3647 -0.0207 -0.9309
vn 0.0695 0.9758 0.2075
vn 0.0643 0.9798 0.1896
vn -0.3353 0.2044 -0.9197
vn -0.3371 0.2182 -0.9158
vn 0.5300 -0.0024 -0.8480
vn 0.5300 -0.0044 -0.8480
vn -0.8470 0.0019 -0.5316
vn -0.8470 0.0039 -0.5316
vn -0.6080 -0.7620 0.2228
vn -0.6078 -0.7630 0.2201
vn 0.7148 -0.6463 -0.2671
vn 0.7121 -0.6504 -0.2643
vn -0.5908 0.7760 0.2211
vn -0.5909 0.7753 0.2230
vn 0.7218 0.6349 -0.2756
vn 0.7244 0.6303 -0.2792
vn -0.2539 0.0032 0.9672
vn -0.2534 0.0013 0.9673
vn 0.9668 -0.0016 0.2557
vn 0.9669 0.0003 0.2553
vn -0.1286 -0.9462 -0.2969
vn -0.1313 -0.9419 -0.3093
vn 0.3317 -0.3403 0.8799
vn 0.3320 -0.3221 0.8865
vn -0.1172 0.9609 -0.2509
vn -0.1146 0.9657 -0.2330
vn 0.3630 0.2645 0.8935
vn 0.3618 0.2747 0.8909
vn -0.0012 -1.0000 -0.0006
vn 0.0006 -1.0000 -0.0012
vn 0.0013 -1.0000 0.0006
vn -0.0006 -1.0000 0.0013
vn -0.9393 -0.0010 0.3430
vn -0.9393 0.0010 0.3430
vn -0.9400 0.0010 0.3411
vn -0.9400 -0.0010 0.3411
vn 0.3429 -0.0011 0.9394
vn 0.3429 0.0009 0.9394
vn 0.3410 0.0009 0.9400
vn 0.3410 -0.0011 0.9400
vn 0.0006 1.0000 -0.0013
vn -0.0012 1.0000 -0.0006
vn -0.0006 1.0000 0.0012
vn 0.0012 1.0000 0.0006
vn -0.3429 -0.0009 -0.9394
vn -0.3429 0.0011 -0.9394
vn -0.3410 0.0011 -0.9400
vn -0.3410 -0.0009 -0.9400
vn 0.9394 -0.0012 -0.3428
vn 0.9394 0.0008 -0.3428
vn 0.9401 0.0008 -0.3409
vn 0.9401 -0.0012 -0.3409
vn -0.1196 -0.8666 -0.4845
vn 0.4425 -0.4102 0.7974
vn -0.9267 -0.2538 0.2772
vn 0.4346 0.4906 0.7553
vn -0.0981 0.7982 -0.5944
vn -0.9151 0.3078 0.2605
vn 0.4040 -0.8719 0.2767
vn -0.5366 -0.2208 0.8144
vn -0.6576 -0.4013 -0.6376
vn 0.2203 0.8849 0.4104
vn -0.7332 0.3695 -0.5709
vn -0.5394 -0.0298 0.8415
vn -0.0867 -0.9368 -0.3390
vn 0.4551 0.0544 -0.8888
vn 0.7529 -0.2905 0.5905
vn -0.4030 0.8925 -0.2026
vn 0.6758 0.4023 0.6176
vn 0.4602 0.2321 -0.8570
vn 0.1207 -0.9182 0.3772
vn -0.4454 -0.3277 -0.8332
vn 0.9380 -0.2188 -0.2688
vn 0.1551 0.9171 0.3673
vn 0.9713 0.1362 -0.1951
vn -0.3763 0.3784 -0.8457
vn 0.3187 -0.9301 -0.1827
vn 0.2943 -0.9307 -0.2170
vn -0.7386 -0.3554 0.5729
vn -0.7565 -0.3796 0.5326
vn 0.2163 -0.0010 0.9763
vn 0.2163 0.0010 0.9763
vn -0.9759 0.0014 0.2181
vn -0.9759 -0.0006 0.2182
vn 0.2572 0.9349 -0.2446
vn 0.3442 0.9175 -0.1993
vn -0.7783 0.3946 0.4884
vn -0.7407 0.3596 0.5675
vn -0.8829 0.0048 -0.4696
vn -0.8830 0.0028 -0.4693
vn -0.4713 -0.0036 0.8820
vn -0.4709 -0.0017 0.8822
vn 0.3099 -0.8510 0.4240
vn 0.3059 -0.8535 0.4218
vn -0.4850 -0.5267 -0.6981
vn -0.4849 -0.5226 -0.7013
vn 0.3102 0.8372 0.4503
vn 0.3229 0.8368 0.4422
vn -0.4872 0.5493 -0.6788
vn -0.4786 0.5481 -0.6859
vn 0.9815 -0.0018 -0.1912
vn 0.9815 -0.0038 -0.1914
vn -0.1894 0.0021 -0.9819
vn -0.1896 0.0042 -0.9819
vn -0.2070 -0.9651 0.1602
vn -0.2063 -0.9657 0.1574
vn 0.7868 -0.2634 -0.5582
vn 0.7884 -0.2612 -0.5570
vn -0.2707 0.9500 0.1558
vn -0.2298 0.9560 0.1822
vn 0.7604 0.3017 -0.5751
vn 0.7827 0.3065 -0.5417
vn 0.8878 0.0004 0.4602
vn 0.8878 -0.0017 0.4603
vn 0.4619 -0.0007 -0.8870
vn 0.4619 0.0013 -0.8869
vn -0.3195 -0.8370 -0.4443
vn -0.3165 -0.8384 -0.4437
vn 0.4861 -0.5464 0.6820
vn 0.4838 -0.5489 0.6817
vn -0.3402 0.8129 -0.4727
vn -0.3265 0.8193 -0.4713
vn 0.4699 0.5767 0.6682
vn 0.4792 0.5821 0.6569
vn -0.0013 -1.0000 -0.0003
vn 0.0003 -1.0000 -0.0014
vn 0.0014 -1.0000 0.0002
vn -0.0002 -1.0000 0.0013
vn -0.8186 -0.0009 0.5743
vn -0.8186 0.0011 0.5743
vn -0.8198 0.0011 0.5727
vn -0.8198 -0.0009 0.5727
vn 0.5744 -0.0009 0.8186
vn 0.5744 0.0011 0.8186
vn 0.5727 0.0011 0.8198
vn 0.5727 -0.0009 0.8198
vn 0.0002 1.0000 -0.0013
vn -0.0013 1.0000 -0.0002
vn -0.0002 1.0000 0.0014
vn 0.0014 1.0000 0.0003
vn -0.5744 -0.0015 -0.8186
vn -0.5744 0.0005 -0.8186
vn -0.5727 0.0005 -0.8197
vn -0.5727 -0.0015 -0.8197
vn 0.8186 -0.0014 -0.5744
vn 0.8186 0.0006 -0.5744
vn 0.8197 0.0006 -0.5727
vn 0.8197 -0.0014 -0.5727
vn 0.0867 -0.9368 -0.3389
vn -0.7530 -0.2904 0.5905
vn -0.4550 0.0543 -0.8888
vn -0.6675 0.4186 0.6158
vn 0.4335 0.8793 -0.1970
vn -0.4548 0.2521 -0.8542
vn -0.1208 -0.9182 0.3772
vn -0.9380 -0.2188 -0.2689
vn 0.4455 -0.3278 -0.8331
vn -0.1550 0.9171 0.3672
vn 0.3762 0.3783 -0.8458
vn -0.9713 0.1362 -0.1950
vn 0.1197 -0.8665 -0.4846
vn 0.9267 -0.2538 0.2773
vn -0.4426 -0.4103 0.7974
vn 0.1148 0.8197 -0.5612
vn -0.4296 0.4733 0.7690
vn 0.9230 0.2771 0.2668
vn -0.4041 -0.8719 0.2766
vn 0.6577 -0.4013 -0.6375
vn 0.5365 -0.2209 0.8145
vn -0.2203 0.8848 0.4105
vn 0.5395 -0.0299 0.8414
vn 0.7331 0.3696 -0.5709
vn 0.2064 -0.9657 0.1574
vn 0.2070 -0.9651 0.1602
vn -0.7884 -0.2612 -0.5570
vn -0.7868 -0.2634 -0.5583
vn -0.8878 -0.0016 0.4603
vn -0.8878 0.0005 0.4602
vn -0.4619 0.0013 -0.8869
vn -0.4619 -0.0007 -0.8870
vn 0.2298 0.9560 0.1822
vn 0.2708 0.9500 0.1556
vn -0.7827 0.3065 -0.5416
vn -0.7604 0.3017 -0.5751
vn 0.1896 0.0041 -0.9819
vn 0.1894 0.0021 -0.9819
vn -0.9815 -0.0037 -0.1914
vn -0.9815 -0.0018 -0.1912
vn -0.3059 -0.8535 0.4218
vn -0.3099 -0.8510 0.4240
vn 0.4849 -0.5226 -0.7013
vn 0.4850 -0.5267 -0.6981
vn -0.3229 0.8368 0.4422
vn -0.3102 0.8372 0.4503
vn 0.4786 0.5481 -0.6859
vn 0.4873 0.5493 -0.6788
vn 0.4709 -0.0017 0.8822
vn 0.4713 -0.0036 0.8820
vn 0.8830 0.0028 -0.4693
vn 0.8829 0.0049 -0.4696
vn -0.2944 -0.9307 -0.2170
vn -0.3187 -0.9301 -0.1826
vn 0.7565 -0.3796 0.5326
vn 0.7386 -0.3554 0.5729
vn -0.3442 0.9175 -0.1992
vn -0.2572 0.9349 -0.2446
vn 0.7407 0.3596 0.5675
vn 0.7783 0.3946 0.4883
vn -0.2163 0.0009 0.9763
vn -0.2163 -0.0012 0.9763
vn 0.9759 -0.0006 0.2182
vn 0.9759 0.0014 0.2181
vn 0.3164 -0.8385 -0.4437
vn 0.3195 -0.8370 -0.4443
vn -0.4837 -0.5489 0.6817
vn -0.4861 -0.5464 0.6820
vn 0.3265 0.8193 -0.4713
vn 0.3403 0.8129 -0.4727
vn -0.4792 0.5821 0.6569
vn -0.4699 0.5767 0.6682
vn -0.0002 -1.0000 -0.0014
vn 0.0014 -1.0000 -0.0003
vn 0.0002 -1.0000 0.0013
vn -0.0014 -1.0000 0.0002
vn -0.8197 -0.0014 -0.5727
vn -0.8198 0.0006 -0.5727
vn -0.8186 0.0006 -0.5744
vn -0.8186 -0.0014 -0.5744
vn -0.5727 -0.0009 0.8198
vn -0.5727 0.0011 0.8198
vn -0.5744 0.0011 0.8186
vn -0.5744 -0.0009 0.8186
vn 0.0014 1.0000 -0.0002
vn -0.0002 1.0000 -0.0013
vn -0.0014 1.0000 0.0003
vn 0.0002 1.0000 0.0014
vn 0.5728 -0.0015 -0.8197
vn 0.5728 0.0005 -0.8197
vn 0.5744 0.0005 -0.8186
vn 0.5744 -0.0015 -0.8186
vn 0.8198 -0.0009 0.5727
vn 0.8198 0.0011 0.5727
vn 0.8186 0.0011 0.5743
vn 0.8186 -0.0009 0.5743
vn 0.5412 -0.8103 0.2246
vn 0.5426 0.2109 0.8131
vn -0.8355 -0.2557 0.4863
vn 0.5634 -0.2163 0.7974
vn 0.5206 0.8196 0.2391
vn -0.8363 0.2634 0.4809
vn 0.5380 -0.8354 -0.1122
vn -0.8371 -0.3195 -0.4440
vn 0.5440 0.0946 -0.8337
vn 0.5412 0.8103 -0.2246
vn 0.5426 -0.2109 -0.8131
vn -0.8355 0.2557 -0.4863
vn -0.5411 -0.8104 0.2246
vn 0.8355 -0.2556 0.4864
vn -0.5427 0.2108 0.8130
vn -0.5240 0.8183 0.2362
vn -0.5661 -0.2187 0.7948
vn 0.8326 0.2665 0.4856
vn -0.5381 -0.8353 -0.1123
vn -0.5440 0.0947 -0.8338
vn 0.8371 -0.3196 -0.4439
vn -0.5411 0.8104 -0.2246
vn 0.8355 0.2556 -0.4864
vn -0.5427 -0.2108 -0.8130
vn 0.6515 -0.7569 0.0512
vn 0.6515 -0.7567 0.0542
vn -0.7567 -0.6520 0.0472
vn -0.7567 -0.6522 0.0443
vn 0.6728 0.0508 0.7381
vn 0.6729 0.0538 0.7378
vn -0.7378 0.0481 0.6733
vn -0.7378 0.0451 0.6735
vn 0.6565 0.7526 -0.0509
vn 0.6565 0.7524 -0.0539
vn -0.7524 0.6570 -0.0476
vn -0.7524 0.6572 -0.0446
vn 0.6733 -0.0508 -0.7377
vn 0.6733 -0.0537 -0.7374
vn -0.7374 -0.0481 -0.6737
vn -0.7374 -0.0452 -0.6739
vn 0.0015 -0.9886 -0.1504
vn -0.0015 -0.9886 -0.1504
vn -0.0015 0.1475 -0.9891
vn 0.0015 0.1475 -0.9891
vn -0.0015 0.9505 -0.3108
vn 0.0015 0.9505 -0.3108
vn 0.0015 -0.3080 -0.9514
vn -0.0015 -0.3080 -0.9514
vn 0.7374 -0.0452 -0.6739
vn 0.7374 -0.0481 -0.6737
vn -0.6733 -0.0537 -0.7374
vn -0.6733 -0.0508 -0.7377
vn -0.6515 -0.7567 0.0542
vn -0.6515 -0.7569 0.0512
vn 0.7567 -0.6522 0.0443
vn 0.7567 -0.6520 0.0472
vn -0.6565 0.7524 -0.0539
vn -0.6565 0.7526 -0.0509
vn 0.7524 0.6572 -0.0446
vn 0.7524 0.6570 -0.0476
vn -0.6729 0.0538 0.7378
vn -0.6728 0.0508 0.7381
vn 0.7378 0.0451 0.6735
vn 0.7378 0.0481 0.6733
vn -0.0015 -0.9505 0.3108
vn 0.0015 -0.9505 0.3108
vn 0.0015 0.3080 0.9514
vn -0.0015 0.3080 0.9514
vn 0.0015 0.9886 0.1504
vn -0.0015 0.9886 0.1504
vn -0.0015 -0.1475 0.9891
vn 0.0015 -0.1475 0.9891
vn -0.0015 -0.9977 0.0682
vn 0.0015 -0.9977 0.0682
vn 0.0015 -0.9975 0.0712
vn -0.0015 -0.9975 0.0712
vn 0.0015 0.0683 0.9977
vn 0.0015 0.0713 0.9975
vn -0.0015 0.0713 0.9975
vn -0.0015 0.0683 0.9977
vn 0.0015 0.9975 -0.0712
vn -0.0015 0.9975 -0.0712
vn -0.0015 0.9977 -0.0682
vn 0.0015 0.9977 -0.0682
vn -0.0015 -0.0713 -0.9975
vn -0.0015 -0.0683 -0.9977
vn 0.0015 -0.0683 -0.9977
vn 0.0015 -0.0713 -0.9975
vn 0.6000 -0.7936 -0.1006
vn 0.5233 -0.0971 0.8466
vn -0.8181 -0.4173 0.3957
vn 0.5690 -0.0670 0.8196
vn 0.5506 0.8318 0.0697
vn -0.8231 0.3675 0.4329
vn 0.5375 -0.8393 -0.0814
vn -0.8387 -0.3522 -0.4153
vn 0.5569 0.0559 -0.8287
vn 0.5376 0.7946 -0.2821
vn 0.5568 -0.2548 -0.7906
vn -0.8387 0.2414 -0.4881
vn -0.5999 -0.7937 -0.1007
vn 0.8181 -0.4172 0.3958
vn -0.5234 -0.0971 0.8466
vn -0.5507 0.8318 0.0698
vn -0.5689 -0.0671 0.8196
vn 0.8231 0.3677 0.4328
vn -0.5376 -0.8393 -0.0815
vn -0.5568 0.0560 -0.8287
vn 0.8387 -0.3523 -0.4153
vn -0.5375 0.7947 -0.2820
vn 0.8387 0.2412 -0.4882
vn -0.5569 -0.2547 -0.7905
vn 0.6877 -0.7243 0.0502
vn 0.6877 -0.7241 0.0522
vn -0.7247 -0.6873 0.0486
vn -0.7247 -0.6875 0.0466
vn 0.6833 0.0505 0.7284
vn 0.6833 0.0525 0.7282
vn -0.7289 0.0485 0.6829
vn -0.7288 0.0465 0.6831
vn 0.6743 0.7367 -0.0511
vn 0.6743 0.7366 -0.0532
vn -0.7372 0.6740 -0.0476
vn -0.7372 0.6741 -0.0456
vn 0.6833 -0.0503 -0.7284
vn 0.6833 -0.0522 -0.7283
vn -0.7289 -0.0483 -0.6830
vn -0.7289 -0.0463 -0.6831
vn 0.0010 -0.9977 -0.0672
vn -0.0010 -0.9977 -0.0672
vn -0.0010 0.0653 -0.9979
vn 0.0010 0.0653 -0.9979
vn -0.0010 0.9980 -0.0632
vn 0.0010 0.9980 -0.0632
vn 0.0009 -0.0613 -0.9981
vn -0.0009 -0.0613 -0.9981
vn 0.7289 -0.0463 -0.6831
vn 0.7289 -0.0483 -0.6830
vn -0.6833 -0.0522 -0.7283
vn -0.6833 -0.0502 -0.7284
vn -0.6877 -0.7241 0.0522
vn -0.6877 -0.7243 0.0502
vn 0.7247 -0.6875 0.0466
vn 0.7247 -0.6873 0.0486
vn -0.6743 0.7366 -0.0531
vn -0.6743 0.7367 -0.0511
vn 0.7372 0.6741 -0.0457
vn 0.7372 0.6740 -0.0477
vn -0.6833 0.0524 0.7282
vn -0.6833 0.0504 0.7284
vn 0.7288 0.0465 0.6831
vn 0.7289 0.0485 0.6829
vn -0.0010 -0.9518 0.3066
vn 0.0010 -0.9518 0.3066
vn 0.0010 0.3048 0.9524
vn -0.0010 0.3048 0.9524
vn 0.0010 0.9836 -0.1801
vn -0.0010 0.9836 -0.1801
vn -0.0009 0.1820 0.9833
vn 0.0009 0.1820 0.9833
vn -0.0009 -0.9976 0.0689
vn 0.0010 -0.9976 0.0688
vn 0.0010 -0.9975 0.0708
vn -0.0010 -0.9975 0.0708
vn -1.0000 -0.0009 0.0010
vn -1.0000 0.0011 0.0009
vn -1.0000 0.0009 -0.0010
vn -1.0000 -0.0010 -0.0009
vn 0.0010 0.0685 0.9977
vn 0.0010 0.0705 0.9975
vn -0.0010 0.0705 0.9975
vn -0.0010 0.0685 0.9977
vn 0.0010 0.9975 -0.0708
vn -0.0009 0.9975 -0.0707
vn -0.0010 0.9976 -0.0688
vn 0.0010 0.9976 -0.0688
vn -0.0010 -0.0707 -0.9975
vn -0.0010 -0.0688 -0.9976
vn 0.0010 -0.0687 -0.9976
vn 0.0010 -0.0708 -0.9975
vn 1.0000 -0.0011 -0.0009
vn 1.0000 0.0009 -0.0011
vn 1.0000 0.0010 0.0009
vn 1.0000 -0.0009 0.0010
vn 0.5464 -0.8027 0.2390
vn 0.5504 0.2261 0.8037
vn -0.8321 -0.2532 0.4935
vn 0.5558 -0.1024 0.8250
vn 0.5393 0.8337 0.1188
vn -0.8335 0.3268 0.4456
vn 0.5311 -0.8212 -0.2087
vn -0.8348 -0.2818 -0.4729
vn 0.5621 0.1871 -0.8056
vn 0.5347 0.7814 -0.3218
vn 0.5511 -0.2962 -0.7801
vn -0.8391 0.2059 -0.5036
vn -0.5462 -0.8028 0.2390
vn 0.8321 -0.2531 0.4935
vn -0.5505 0.2260 0.8036
vn -0.5394 0.8336 0.1189
vn -0.5557 -0.1025 0.8251
vn 0.8335 0.3269 0.4455
vn -0.5312 -0.8211 -0.2088
vn -0.5620 0.1872 -0.8057
vn 0.8348 -0.2820 -0.4728
vn -0.5346 0.7815 -0.3218
vn 0.8391 0.2058 -0.5036
vn -0.5512 -0.2962 -0.7800
vn 0.6582 -0.7511 0.0509
vn 0.6582 -0.7509 0.0538
vn -0.7509 -0.6587 0.0477
vn -0.7509 -0.6589 0.0447
vn 0.6793 0.0502 0.7321
vn 0.6793 0.0531 0.7319
vn -0.7319 0.0486 0.6797
vn -0.7318 0.0456 0.6799
vn 0.6662 0.7440 -0.0512
vn 0.6662 0.7438 -0.0542
vn -0.7438 0.6667 -0.0474
vn -0.7438 0.6669 -0.0444
vn 0.6797 -0.0501 -0.7318
vn 0.6797 -0.0531 -0.7316
vn -0.7315 -0.0485 -0.6801
vn -0.7315 -0.0456 -0.6803
vn 0.0015 -0.9923 -0.1238
vn -0.0015 -0.9923 -0.1238
vn -0.0015 0.1209 -0.9927
vn 0.0015 0.1209 -0.9927
vn -0.0015 0.9287 -0.3709
vn 0.0015 0.9287 -0.3709
vn 0.0015 -0.3682 -0.9297
vn -0.0015 -0.3682 -0.9297
vn 0.7315 -0.0456 -0.6803
vn 0.7315 -0.0485 -0.6801
vn -0.6797 -0.0531 -0.7316
vn -0.6797 -0.0501 -0.7318
vn -0.6582 -0.7509 0.0538
vn -0.6582 -0.7511 0.0509
vn 0.7509 -0.6589 0.0447
vn 0.7509 -0.6587 0.0477
vn -0.6662 0.7438 -0.0542
vn -0.6662 0.7440 -0.0512
vn 0.7438 0.6669 -0.0444
vn 0.7438 0.6667 -0.0474
vn -0.6793 0.0531 0.7319
vn -0.6793 0.0502 0.7321
vn 0.7318 0.0456 0.6799
vn 0.7319 0.0486 0.6797
vn -0.0015 -0.9523 0.3050
vn 0.0015 -0.9523 0.3050
vn 0.0015 0.3022 0.9532
vn -0.0015 0.3022 0.9532
vn 0.0015 0.9908 0.1353
vn -0.0015 0.9908 0.1353
vn -0.0015 -0.1324 0.9912
vn 0.0015 -0.1324 0.9912
vn 0.0015 0.0682 0.9977
vn -0.0015 0.0682 0.9977
vn -0.0015 0.9975 -0.0713
vn -0.0015 -0.0712 -0.9975
vn -0.0015 -0.0682 -0.9977
vn 0.0015 -0.0682 -0.9977
vn 0.0015 -0.0712 -0.9975
vn 0.5283 -0.7595 0.3794
vn 0.5742 0.3464 0.7418
vn -0.8361 -0.1956 0.5124
vn 0.5311 0.1951 0.8246
vn 0.5811 0.7944 -0.1766
vn -0.8294 0.4539 0.3256
vn 0.5737 -0.8190 0.0062
vn -0.8354 -0.3756 -0.4012
vn 0.5265 -0.0245 -0.8498
vn 0.4975 0.8562 -0.1390
vn 0.5521 -0.0651 -0.8312
vn -0.8665 0.3195 -0.3836
vn -0.5282 -0.7596 0.3794
vn 0.8361 -0.1955 0.5125
vn -0.5743 0.3463 0.7418
vn -0.5812 0.7944 -0.1765
vn -0.5310 0.1950 0.8246
vn 0.8294 0.4540 0.3255
vn -0.5739 -0.8189 0.0062
vn -0.5265 -0.0244 -0.8499
vn 0.8354 -0.3757 -0.4011
vn -0.4974 0.8563 -0.1389
vn 0.8665 0.3194 -0.3837
vn -0.5522 -0.0650 -0.8312
vn 0.6806 -0.7309 0.0506
vn 0.6806 -0.7308 0.0526
vn -0.7314 -0.6802 0.0482
vn -0.7314 -0.6804 0.0462
vn 0.6878 0.0498 0.7242
vn 0.6877 0.0519 0.7241
vn -0.7246 0.0486 0.6875
vn -0.7247 0.0466 0.6875
vn 0.6806 0.7309 -0.0506
vn 0.6806 0.7308 -0.0527
vn -0.7314 0.6802 -0.0482
vn -0.7314 0.6804 -0.0461
vn 0.6863 -0.0459 -0.7259
vn 0.6862 -0.0479 -0.7258
vn -0.7260 -0.0525 -0.6857
vn -0.7261 -0.0505 -0.6857
vn 0.0010 -0.9728 -0.2318
vn -0.0010 -0.9728 -0.2318
vn -0.0010 0.2300 -0.9732
vn 0.0010 0.2300 -0.9732
vn -0.0010 0.9904 0.1381
vn 0.0010 0.9904 0.1381
vn 0.0010 0.1400 -0.9902
vn -0.0010 0.1400 -0.9902
vn 0.7261 -0.0505 -0.6857
vn 0.7260 -0.0525 -0.6857
vn -0.6862 -0.0479 -0.7258
vn -0.6863 -0.0458 -0.7259
vn -0.6806 -0.7308 0.0526
vn -0.6806 -0.7309 0.0506
vn 0.7314 -0.6804 0.0462
vn 0.7314 -0.6802 0.0482
vn -0.6806 0.7308 -0.0526
vn -0.6806 0.7309 -0.0506
vn 0.7314 0.6804 -0.0462
vn 0.7314 0.6802 -0.0483
vn -0.6877 0.0518 0.7241
vn -0.6878 0.0497 0.7242
vn 0.7247 0.0466 0.6875
vn 0.7246 0.0486 0.6875
vn -0.0010 -0.9809 0.1944
vn 0.0010 -0.9809 0.1944
vn 0.0010 0.1925 0.9813
vn -0.0010 0.1925 0.9813
vn 0.0010 0.9981 0.0611
vn -0.0010 0.9981 0.0611
vn -0.0010 -0.0593 0.9982
vn 0.0010 -0.0593 0.9982
vn 0.0010 -0.9976 0.0689
vn 0.0010 0.0688 0.9976
vn 0.0010 0.0708 0.9975
vn -0.0010 0.0708 0.9975
vn -0.0010 0.0688 0.9976
vn -0.0009 0.9975 -0.0708
vn -0.0010 0.9976 -0.0689
vn 0.0010 0.9976 -0.0689
vn -0.0010 -0.0708 -0.9975
vn 0.0010 -0.0688 -0.9976
vn 0.5479 -0.8119 0.2013
vn 0.5567 0.1867 0.8095
vn -0.8305 -0.2821 0.4803
vn 0.5540 -0.1367 0.8212
vn 0.5480 0.8228 0.1505
vn -0.8313 0.3107 0.4609
vn 0.5393 -0.8195 -0.1937
vn -0.8336 -0.2917 -0.4690
vn 0.5590 0.1746 -0.8106
vn 0.5462 0.8123 -0.2043
vn 0.5581 -0.1891 -0.8079
vn -0.8306 0.2819 -0.4803
vn -0.5478 -0.8120 0.2013
vn 0.8305 -0.2820 0.4804
vn -0.5568 0.1866 0.8094
vn -0.5468 0.8234 0.1519
vn -0.5526 -0.1357 0.8223
vn 0.8329 0.3094 0.4588
vn -0.5394 -0.8194 -0.1938
vn -0.5589 0.1747 -0.8106
vn 0.8336 -0.2918 -0.4689
vn -0.5461 0.8124 -0.2043
vn 0.8306 0.2818 -0.4803
vn -0.5582 -0.1891 -0.8079
vn 0.6694 -0.7412 0.0506
vn 0.6694 -0.7409 0.0536
vn -0.7409 -0.6698 0.0484
vn -0.7409 -0.6701 0.0455
vn 0.6826 0.0484 0.7292
vn 0.6826 0.0514 0.7290
vn -0.7288 0.0503 0.6829
vn -0.7288 0.0473 0.6831
vn 0.6694 0.7412 -0.0504
vn 0.6694 0.7410 -0.0534
vn -0.7409 0.6698 -0.0486
vn -0.7409 0.6701 -0.0457
vn 0.6823 -0.0485 -0.7295
vn 0.6823 -0.0514 -0.7293
vn -0.7291 -0.0503 -0.6826
vn -0.7291 -0.0473 -0.6828
vn 0.0015 -0.9862 -0.1653
vn -0.0015 -0.9862 -0.1653
vn -0.0015 0.1624 -0.9867
vn 0.0015 0.1624 -0.9867
vn -0.0015 0.9735 -0.2289
vn 0.0015 0.9735 -0.2289
vn 0.0015 -0.2260 -0.9741
vn -0.0015 -0.2260 -0.9741
vn 0.7291 -0.0473 -0.6828
vn 0.7291 -0.0503 -0.6826
vn -0.6823 -0.0514 -0.7293
vn -0.6823 -0.0485 -0.7295
vn -0.6694 -0.7409 0.0536
vn -0.6694 -0.7412 0.0506
vn 0.7409 -0.6701 0.0455
vn 0.7409 -0.6699 0.0484
vn -0.6694 0.7410 -0.0534
vn -0.6694 0.7412 -0.0504
vn 0.7409 0.6701 -0.0457
vn 0.7409 0.6698 -0.0486
vn -0.6826 0.0514 0.7290
vn -0.6826 0.0484 0.7292
vn 0.7288 0.0473 0.6831
vn 0.7288 0.0503 0.6829
vn -0.0015 -0.9741 0.2263
vn 0.0015 -0.9741 0.2263
vn 0.0015 0.2234 0.9747
vn -0.0015 0.2234 0.9747
vn 0.0015 0.9839 0.1789
vn -0.0015 0.9839 0.1789
vn -0.0015 -0.1760 0.9844
vn 0.0015 -0.1760 0.9844
vn -0.0015 -0.9977 0.0685
vn 0.0015 -0.9976 0.0685
vn 0.0015 -0.9974 0.0715
vn -0.0015 -0.9974 0.0715
vn 0.0015 0.9974 -0.0715
vn -0.0015 0.9974 -0.0715
vn -0.0015 0.9976 -0.0685
vn 0.0015 0.9976 -0.0685
vn 0.5602 -0.8170 0.1366
vn 0.5564 0.1231 0.8218
vn -0.8294 -0.3216 0.4569
vn 0.5701 -0.1224 0.8124
vn 0.5562 0.8208 0.1304
vn -0.8237 0.3356 0.4570
vn 0.5493 -0.8243 -0.1370
vn -0.8321 -0.3282 -0.4471
vn 0.5636 0.1168 -0.8177
vn 0.5602 0.8170 -0.1366
vn 0.5564 -0.1231 -0.8218
vn -0.8294 0.3216 -0.4569
vn -0.5601 -0.8171 0.1366
vn 0.8294 -0.3215 0.4570
vn -0.5565 0.1230 0.8217
vn -0.5585 0.8195 0.1282
vn -0.5721 -0.1243 0.8107
vn 0.8209 0.3382 0.4602
vn -0.5494 -0.8243 -0.1370
vn -0.5635 0.1169 -0.8178
vn 0.8321 -0.3283 -0.4470
vn -0.5601 0.8171 -0.1366
vn 0.8294 0.3215 -0.4570
vn -0.5565 -0.1230 -0.8217
vn 0.6848 -0.7270 0.0494
vn 0.6848 -0.7269 0.0514
vn -0.7274 -0.6844 0.0494
vn -0.7274 -0.6845 0.0474
vn 0.6908 0.0498 0.7213
vn 0.6908 0.0519 0.7212
vn -0.7217 0.0491 0.6904
vn -0.7217 0.0471 0.6906
vn 0.6848 0.7270 -0.0494
vn 0.6848 0.7269 -0.0515
vn -0.7274 0.6844 -0.0494
vn -0.7274 0.6845 -0.0473
vn 0.6908 -0.0498 -0.7213
vn 0.6908 -0.0518 -0.7212
vn -0.7217 -0.0491 -0.6904
vn -0.7217 -0.0471 -0.6906
vn 0.0010 -0.9903 -0.1390
vn -0.0010 -0.9903 -0.1390
vn -0.0010 0.1372 -0.9905
vn 0.0010 0.1372 -0.9905
vn -0.0010 0.9830 -0.1838
vn 0.0010 0.9830 -0.1838
vn 0.0010 -0.1820 -0.9833
vn -0.0010 -0.1820 -0.9833
vn 0.7217 -0.0471 -0.6906
vn 0.7217 -0.0491 -0.6904
vn -0.6908 -0.0517 -0.7212
vn -0.6908 -0.0497 -0.7213
vn -0.6848 -0.7269 0.0514
vn -0.6848 -0.7270 0.0494
vn 0.7274 -0.6845 0.0474
vn 0.7274 -0.6844 0.0494
vn -0.6848 0.7269 -0.0514
vn -0.6848 0.7270 -0.0494
vn 0.7274 0.6845 -0.0474
vn 0.7274 0.6844 -0.0495
vn -0.6908 0.0517 0.7212
vn -0.6908 0.0497 0.7213
vn 0.7217 0.0471 0.6906
vn 0.7217 0.0491 0.6904
vn -0.0010 -0.9830 0.1838
vn 0.0010 -0.9830 0.1838
vn 0.0010 0.1820 0.9833
vn -0.0010 0.1820 0.9833
vn 0.0010 0.9903 0.1390
vn -0.0010 0.9903 0.1390
vn -0.0010 -0.1372 0.9905
vn 0.0010 -0.1372 0.9905
vn 0.0010 0.0709 0.9975
vn -0.0010 0.0709 0.9975
vn -0.0010 -0.0689 -0.9976
vn 0.0010 -0.0709 -0.9975
vn 0.5487 -0.8026 0.2339
vn 0.5538 0.2224 0.8024
vn -0.8301 -0.2602 0.4933
vn 0.5545 -0.1009 0.8261
vn 0.5437 0.8310 0.1178
vn -0.8331 0.3277 0.4456
vn 0.5465 -0.8228 -0.1560
vn -0.8297 -0.3089 -0.4649
vn 0.5562 0.1450 -0.8183
vn 0.5449 0.8135 -0.2033
vn 0.5558 -0.1876 -0.8099
vn -0.8317 0.2805 -0.4792
vn -0.5486 -0.8027 0.2338
vn 0.8301 -0.2600 0.4933
vn -0.5539 0.2223 0.8024
vn -0.5454 0.8301 0.1163
vn -0.5559 -0.1023 0.8249
vn 0.8312 0.3296 0.4478
vn -0.5466 -0.8227 -0.1561
vn -0.5561 0.1451 -0.8184
vn 0.8297 -0.3090 -0.4648
vn -0.5448 0.8136 -0.2032
vn 0.8317 0.2803 -0.4793
vn -0.5559 -0.1875 -0.8098
vn 0.6665 -0.7438 0.0505
vn 0.6665 -0.7435 0.0534
vn -0.7435 -0.6670 0.0481
vn -0.7435 -0.6672 0.0452
vn 0.6810 0.0500 0.7306
vn 0.6810 0.0530 0.7304
vn -0.7303 0.0487 0.6814
vn -0.7303 0.0457 0.6816
vn 0.6665 0.7438 -0.0505
vn 0.6665 0.7435 -0.0534
vn -0.7435 0.6670 -0.0481
vn -0.7435 0.6672 -0.0452
vn 0.6807 -0.0485 -0.7309
vn 0.6807 -0.0514 -0.7307
vn -0.7305 -0.0502 -0.6810
vn -0.7305 -0.0473 -0.6812
vn 0.0015 -0.9843 -0.1764
vn -0.0015 -0.9843 -0.1764
vn -0.0015 0.1735 -0.9848
vn 0.0015 0.1735 -0.9848
vn -0.0015 0.9743 -0.2251
vn 0.0015 0.9743 -0.2251
vn 0.0015 -0.2222 -0.9750
vn -0.0015 -0.2222 -0.9750
vn 0.7305 -0.0473 -0.6812
vn 0.7305 -0.0503 -0.6810
vn -0.6807 -0.0514 -0.7307
vn -0.6807 -0.0485 -0.7309
vn -0.6665 -0.7435 0.0534
vn -0.6665 -0.7438 0.0505
vn 0.7435 -0.6672 0.0452
vn 0.7435 -0.6670 0.0481
vn -0.6665 0.7435 -0.0534
vn -0.6665 0.7438 -0.0505
vn 0.7435 0.6672 -0.0452
vn 0.7435 0.6670 -0.0481
vn -0.6810 0.0530 0.7304
vn -0.6810 0.0500 0.7306
vn 0.7303 0.0457 0.6816
vn 0.7303 0.0487 0.6814
vn -0.0015 -0.9579 0.2872
vn 0.0015 -0.9579 0.2872
vn 0.0015 0.2844 0.9587
vn -0.0015 0.2844 0.9587
vn 0.0015 0.9931 0.1173
vn -0.0015 0.9931 0.1173
vn -0.0015 -0.1144 0.9934
vn 0.0015 -0.1144 0.9934
vn 0.5476 -0.8010 0.2420
vn 0.5635 0.2220 0.7957
vn -0.8322 -0.2689 0.4850
vn 0.5751 -0.1027 0.8116
vn 0.5583 0.8233 0.1021
vn -0.8182 0.3550 0.4522
vn 0.5559 -0.8247 -0.1044
vn -0.8213 -0.3523 -0.4488
vn 0.5729 0.1007 -0.8134
vn 0.5624 0.7966 -0.2219
vn 0.5671 -0.2197 -0.7938
vn -0.8207 0.2777 -0.4994
vn -0.5475 -0.8011 0.2420
vn 0.8322 -0.2688 0.4850
vn -0.5636 0.2220 0.7956
vn -0.5560 0.8246 0.1044
vn -0.5728 -0.1008 0.8135
vn 0.8213 0.3524 0.4487
vn -0.5560 -0.8246 -0.1044
vn -0.5728 0.1008 -0.8135
vn 0.8213 -0.3524 -0.4487
vn -0.5623 0.7966 -0.2218
vn 0.8207 0.2775 -0.4994
vn -0.5672 -0.2196 -0.7938
vn 0.6831 -0.7286 0.0500
vn 0.6831 -0.7285 0.0519
vn -0.7290 -0.6827 0.0489
vn -0.7290 -0.6829 0.0469
vn 0.6896 0.0499 0.7225
vn 0.6896 0.0519 0.7223
vn -0.7229 0.0489 0.6892
vn -0.7229 0.0470 0.6894
vn 0.6831 0.7286 -0.0499
vn 0.6831 0.7285 -0.0525
vn -0.7291 0.6827 -0.0484
vn -0.7290 0.6829 -0.0468
vn 0.6904 -0.0497 -0.7218
vn 0.6904 -0.0517 -0.7216
vn -0.7222 -0.0489 -0.6900
vn -0.7222 -0.0470 -0.6901
vn 0.0010 -0.9985 -0.0543
vn -0.0010 -0.9985 -0.0543
vn -0.0010 0.0524 -0.9986
vn 0.0010 0.0524 -0.9986
vn -0.0010 0.9527 -0.3041
vn 0.0010 0.9527 -0.3041
vn 0.0010 -0.3023 -0.9532
vn -0.0010 -0.3023 -0.9532
vn 0.7222 -0.0470 -0.6901
vn 0.7222 -0.0489 -0.6900
vn -0.6904 -0.0517 -0.7216
vn -0.6904 -0.0496 -0.7218
vn -0.6831 -0.7285 0.0519
vn -0.6831 -0.7286 0.0500
vn 0.7290 -0.6829 0.0469
vn 0.7290 -0.6827 0.0489
vn -0.6831 0.7285 -0.0524
vn -0.6831 0.7286 -0.0499
vn 0.7290 0.6829 -0.0469
vn 0.7291 0.6827 -0.0485
vn -0.6896 0.0518 0.7223
vn -0.6896 0.0498 0.7225
vn 0.7229 0.0470 0.6894
vn 0.7229 0.0489 0.6892
vn -0.0010 -0.9763 0.2166
vn 0.0010 -0.9763 0.2166
vn 0.0010 0.2147 0.9767
vn -0.0010 0.2147 0.9767
vn 0.0010 0.9985 0.0543
vn -0.0010 0.9985 0.0543
vn -0.0010 -0.0524 0.9986
vn 0.0010 -0.0524 0.9986
vn -0.0010 -0.0687 -0.9976
vn 0.0010 -0.0707 -0.9975
vn 0.5354 -0.7922 0.2928
vn 0.5551 0.2742 0.7853
vn -0.8346 -0.2253 0.5027
vn 0.5464 -0.1016 0.8313
vn 0.5394 0.8331 0.1225
vn -0.8376 0.3170 0.4448
vn 0.5419 -0.8318 -0.1200
vn -0.8346 -0.3198 -0.4485
vn 0.5490 0.1036 -0.8294
vn 0.5430 0.8034 -0.2445
vn 0.5491 -0.2304 -0.8034
vn -0.8335 0.2490 -0.4932
vn -0.5353 -0.7923 0.2927
vn 0.8346 -0.2251 0.5027
vn -0.5552 0.2741 0.7853
vn -0.5370 0.8343 0.1250
vn -0.5438 -0.0998 0.8333
vn 0.8407 0.3143 0.4410
vn -0.5420 -0.8317 -0.1201
vn -0.5489 0.1037 -0.8294
vn 0.8346 -0.3199 -0.4484
vn -0.5429 0.8034 -0.2445
vn 0.8335 0.2489 -0.4932
vn -0.5492 -0.2304 -0.8033
vn 0.6586 -0.7508 0.0508
vn 0.6586 -0.7506 0.0538
vn -0.7506 -0.6591 0.0477
vn -0.7506 -0.6593 0.0447
vn 0.6775 0.0503 0.7338
vn 0.6775 0.0533 0.7336
vn -0.7335 0.0484 0.6779
vn -0.7335 0.0454 0.6781
vn 0.6586 0.7508 -0.0508
vn 0.6586 0.7506 -0.0538
vn -0.7506 0.6591 -0.0477
vn -0.7506 0.6593 -0.0447
vn 0.6771 -0.0504 -0.7341
vn 0.6771 -0.0533 -0.7339
vn -0.7339 -0.0484 -0.6775
vn -0.7339 -0.0454 -0.6778
vn 0.0015 -0.9852 -0.1713
vn -0.0015 -0.9852 -0.1713
vn -0.0015 0.1684 -0.9857
vn 0.0015 0.1684 -0.9857
vn -0.0015 0.9538 -0.3003
vn 0.0015 0.9538 -0.3003
vn 0.0015 -0.2975 -0.9547
vn -0.0015 -0.2975 -0.9547
vn 0.7339 -0.0454 -0.6778
vn 0.7339 -0.0484 -0.6775
vn -0.6771 -0.0533 -0.7339
vn -0.6771 -0.0504 -0.7341
vn -0.6586 -0.7506 0.0538
vn -0.6586 -0.7508 0.0508
vn 0.7506 -0.6593 0.0447
vn 0.7506 -0.6591 0.0477
vn -0.6586 0.7506 -0.0538
vn -0.6586 0.7508 -0.0508
vn 0.7506 0.6593 -0.0447
vn 0.7506 0.6591 -0.0477
vn -0.6775 0.0533 0.7336
vn -0.6775 0.0503 0.7338
vn 0.7335 0.0454 0.6781
vn 0.7335 0.0484 0.6779
vn -0.0015 -0.9538 0.3003
vn 0.0015 -0.9538 0.3003
vn 0.0015 0.2975 0.9547
vn -0.0015 0.2975 0.9547
vn 0.0015 0.9852 0.1713
vn -0.0015 0.9852 0.1713
vn -0.0015 -0.1684 0.9857
vn 0.0015 -0.1684 0.9857
vn 0.5632 -0.8148 0.1372
vn 0.5430 0.1222 0.8308
vn -0.8330 -0.3104 0.4579
vn 0.5431 0.0825 0.8356
vn 0.5631 0.8239 -0.0641
vn -0.8330 0.4119 0.3693
vn 0.5723 -0.8168 0.0730
vn -0.8206 -0.4256 -0.3815
vn 0.5536 -0.0734 -0.8295
vn 0.5440 0.7699 -0.3337
vn 0.5786 -0.3222 -0.7493
vn -0.8229 0.2205 -0.5237
vn -0.5631 -0.8149 0.1371
vn 0.8330 -0.3103 0.4580
vn -0.5431 0.1221 0.8308
vn -0.5632 0.8238 -0.0640
vn -0.5430 0.0824 0.8357
vn 0.8330 0.4120 0.3692
vn -0.5724 -0.8167 0.0730
vn -0.5535 -0.0733 -0.8296
vn 0.8206 -0.4257 -0.3813
vn -0.5439 0.7700 -0.3336
vn 0.8229 0.2203 -0.5237
vn -0.5787 -0.3222 -0.7492
vn 0.6784 -0.7330 0.0503
vn 0.6784 -0.7328 0.0522
vn -0.7334 -0.6781 0.0475
vn -0.7334 -0.6783 0.0456
vn 0.6872 0.0500 0.7248
vn 0.6872 0.0520 0.7246
vn -0.7252 0.0486 0.6868
vn -0.7252 0.0466 0.6869
vn 0.6784 0.7329 -0.0503
vn 0.6784 0.7328 -0.0523
vn -0.7334 0.6781 -0.0475
vn -0.7334 0.6783 -0.0455
vn 0.6872 -0.0500 -0.7248
vn 0.6872 -0.0519 -0.7246
vn -0.7252 -0.0486 -0.6868
vn -0.7252 -0.0466 -0.6869
vn 0.0010 -0.9999 -0.0151
vn -0.0010 -0.9999 -0.0151
vn -0.0010 0.0133 -0.9999
vn 0.0010 0.0133 -0.9999
vn -0.0010 0.9665 -0.2566
vn 0.0010 0.9665 -0.2566
vn 0.0010 -0.2548 -0.9670
vn -0.0010 -0.2548 -0.9670
vn 0.7252 -0.0466 -0.6869
vn 0.7252 -0.0486 -0.6868
vn -0.6872 -0.0519 -0.7246
vn -0.6872 -0.0499 -0.7248
vn -0.6784 -0.7328 0.0522
vn -0.6784 -0.7330 0.0503
vn 0.7334 -0.6783 0.0456
vn 0.7334 -0.6781 0.0475
vn -0.6784 0.7328 -0.0522
vn -0.6784 0.7329 -0.0503
vn 0.7334 0.6783 -0.0456
vn 0.7334 0.6781 -0.0476
vn -0.6872 0.0519 0.7246
vn -0.6872 0.0499 0.7248
vn 0.7252 0.0466 0.6869
vn 0.7252 0.0486 0.6868
vn -0.0010 -0.9665 0.2566
vn 0.0010 -0.9665 0.2566
vn 0.0010 0.2548 0.9670
vn -0.0010 0.2548 0.9670
vn 0.0010 0.9999 0.0151
vn -0.0010 0.9999 0.0151
vn -0.0010 -0.0133 0.9999
vn 0.0010 -0.0133 0.9999
vn -0.0009 -0.9977 0.0682
vn 0.0010 -0.9977 0.0682
vn 0.0010 -0.9975 0.0701
vn -0.0010 -0.9975 0.0701
vn 0.0010 0.0687 0.9976
vn 0.0010 0.0707 0.9975
vn -0.0010 0.0707 0.9975
vn -0.0010 0.0687 0.9976
vn 0.0010 0.9975 -0.0701
vn -0.0009 0.9975 -0.0701
vn -0.0010 0.9977 -0.0682
vn 0.0010 0.9977 -0.0682
vn -0.1699 0.1317 -0.9766
vn -0.7893 0.6139 -0.0136
vn -0.2330 0.9569 0.1736
vn 0.3865 0.4758 -0.7900
vn 0.2663 0.7609 0.5917
vn 0.8856 0.2785 -0.3716
vn 0.3307 0.1729 0.9278
vn 0.9504 -0.3091 -0.0357
vn -0.0862 -0.3637 0.9275
vn 0.5330 -0.8454 -0.0356
vn -0.6721 -0.4451 0.5918
vn -0.0525 -0.9269 -0.3716
vn -0.9849 -0.0098 0.1730
vn -0.3658 -0.4917 -0.7902
vn 0.1699 0.1319 -0.9766
vn 0.7893 0.6139 -0.0135
vn 0.9849 -0.0098 0.1731
vn 0.3657 -0.4916 -0.7903
vn 0.6720 -0.4451 0.5919
vn 0.0525 -0.9269 -0.3716
vn 0.0861 -0.3637 0.9275
vn -0.5331 -0.8453 -0.0355
vn -0.3307 0.1728 0.9278
vn -0.9504 -0.3090 -0.0357
vn -0.2663 0.7608 0.5918
vn -0.8856 0.2786 -0.3716
vn 0.2329 0.9569 0.1737
vn -0.3866 0.4759 -0.7900
vn -0.0000 -1.0000 0.0001
vn -0.0000 -0.6633 -0.7483
vn 0.5294 -0.6631 -0.5291
vn -0.0000 0.6632 -0.7485
vn 0.5293 0.6632 -0.5292
vn 0.7072 0.0001 -0.7070
vn -0.0002 1.0000 0.0004
vn 0.7486 0.6631 0.0001
vn 1.0000 -0.0001 0.0001
vn 0.7486 -0.6631 0.0001
vn 0.5292 -0.6632 0.5293
vn 0.5294 0.6629 0.5295
vn 0.7070 -0.0003 0.7072
vn 0.0001 -0.6628 0.7488
vn -0.0001 0.6626 0.7490
vn 0.0001 -0.0002 1.0000
vn -0.5292 -0.6630 0.5295
vn -0.5295 0.6628 0.5295
vn -0.7069 -0.0001 0.7073
vn -0.7486 -0.6630 0.0001
vn -0.7487 0.6629 0.0001
vn -1.0000 -0.0001 0.0001
vn -0.5295 0.6630 -0.5292
vn -0.5293 -0.6632 -0.5291
vn -0.7072 -0.0002 -0.7071
vn 0.0001 -0.6633 -0.7483
vn 0.5294 -0.6631 -0.5292
vn -0.0001 0.6632 -0.7484
vn 0.5292 0.6632 -0.5293
vn 0.7071 -0.0000 -0.7071
vn 1.0000 -0.0001 0.0002
vn 0.7486 0.6631 0.0002
vn 0.5294 0.6628 0.5295
vn 0.7069 -0.0002 0.7073
vn 0.5291 -0.6631 0.5294
vn -0.0000 -0.6628 0.7488
vn -0.5292 -0.6631 0.5293
vn -0.7070 -0.0002 0.7072
vn -0.7486 -0.6630 -0.0000
vn -0.5293 -0.6632 -0.5292
vn -0.5295 0.6631 -0.5291
vn -0.7072 -0.0001 -0.7070
vn -0.1832 0.1034 -0.9776
vn -0.8705 0.4899 -0.0473
vn -0.2708 0.9395 0.2099
vn 0.4161 0.5536 -0.7214
vn 0.2557 0.6434 0.7216
vn 0.9435 0.2572 -0.2091
vn 0.1834 -0.1029 0.9776
vn 0.8708 -0.4894 0.0463
vn -0.4163 -0.5530 0.7217
vn 0.2712 -0.9395 -0.2093
vn -0.9434 -0.2571 0.2094
vn -0.2560 -0.6430 -0.7218
vn 0.1832 0.1034 -0.9776
vn 0.8706 0.4897 -0.0471
vn 0.9433 -0.2574 0.2096
vn 0.2560 -0.6430 -0.7218
vn 0.4161 -0.5532 0.7217
vn -0.2712 -0.9395 -0.2093
vn -0.1835 -0.1032 0.9776
vn -0.8708 -0.4894 0.0463
vn -0.2558 0.6431 0.7218
vn -0.9435 0.2572 -0.2091
vn 0.2708 0.9394 0.2102
vn -0.4161 0.5536 -0.7214
vn -0.4379 0.2538 -0.8624
vn -0.8319 0.4851 0.2693
vn -0.1684 0.8924 0.4187
vn 0.2257 0.6629 -0.7139
vn 0.4667 0.5223 0.7137
vn 0.8605 0.2909 -0.4183
vn 0.4374 -0.2558 0.8622
vn 0.8312 -0.4869 -0.2684
vn -0.2250 -0.6638 0.7133
vn 0.1684 -0.8930 -0.4174
vn -0.8597 -0.2932 0.4184
vn -0.4662 -0.5243 -0.7126
vn 0.4376 0.2550 -0.8622
vn 0.8319 0.4853 0.2692
vn 0.8597 -0.2930 0.4183
vn 0.4663 -0.5233 -0.7132
vn 0.2251 -0.6637 0.7134
vn -0.1686 -0.8926 -0.4181
vn -0.4374 -0.2556 0.8622
vn -0.8317 -0.4859 -0.2688
vn -0.4667 0.5225 0.7136
vn -0.8600 0.2921 -0.4184
vn 0.1684 0.8924 0.4186
vn -0.2255 0.6635 -0.7134
vn 0.1774 0.0371 -0.9834
vn -0.8852 -0.1857 -0.4266
vn -0.8488 0.5235 -0.0741
vn 0.2140 0.7459 -0.6307
vn -0.4950 0.5974 0.6310
vn 0.5673 0.8202 0.0743
vn -0.1775 -0.0369 0.9834
vn 0.8851 0.1855 0.4269
vn -0.2135 -0.7461 0.6307
vn 0.8489 -0.5234 0.0740
vn -0.5676 -0.8199 -0.0742
vn 0.4949 -0.5977 -0.6308
vn -0.1775 0.0371 -0.9834
vn 0.8851 -0.1856 -0.4267
vn 0.5677 -0.8199 -0.0744
vn -0.4950 -0.5977 -0.6307
vn 0.2136 -0.7460 0.6307
vn -0.8490 -0.5231 0.0741
vn 0.1776 -0.0367 0.9834
vn -0.8850 0.1857 0.4269
vn 0.4952 0.5974 0.6308
vn -0.5673 0.8201 0.0743
vn 0.8488 0.5235 -0.0743
vn -0.2141 0.7460 -0.6307
vn 0.1775 0.0370 -0.9834
vn -0.8851 -0.1856 -0.4269
vn -0.8490 0.5232 -0.0740
vn 0.2135 0.7460 -0.6308
vn -0.4953 0.5974 0.6308
vn 0.5675 0.8200 0.0742
vn -0.1776 -0.0369 0.9834
vn 0.8850 0.1858 0.4270
vn -0.2133 -0.7460 0.6308
vn 0.8489 -0.5234 0.0744
vn -0.5676 -0.8200 -0.0741
vn 0.4951 -0.5974 -0.6309
vn 0.8851 -0.1855 -0.4268
vn 0.5676 -0.8200 -0.0740
vn -0.4952 -0.5974 -0.6308
vn 0.2132 -0.7461 0.6308
vn -0.8489 -0.5233 0.0744
vn 0.1774 -0.0369 0.9835
vn -0.8850 0.1858 0.4269
vn -0.5676 0.8199 0.0743
vn 0.8490 0.5232 -0.0739
vn -0.2135 0.7461 -0.6306
vn 0.1772 0.0373 -0.9835
vn -0.8852 -0.1854 -0.4267
vn -0.8487 0.5236 -0.0740
vn 0.2139 0.7461 -0.6305
vn -0.4951 0.5974 0.6309
vn 0.5672 0.8202 0.0742
vn -0.1775 -0.0370 0.9834
vn 0.8851 0.1856 0.4268
vn -0.2135 -0.7460 0.6308
vn 0.8488 -0.5234 0.0741
vn -0.5675 -0.8200 -0.0741
vn 0.4953 -0.5973 -0.6308
vn -0.1770 0.0373 -0.9835
vn 0.8852 -0.1854 -0.4267
vn 0.5675 -0.8200 -0.0741
vn -0.4951 -0.5973 -0.6310
vn 0.2135 -0.7461 0.6307
vn -0.8488 -0.5235 0.0738
vn 0.1775 -0.0370 0.9834
vn -0.8852 0.1856 0.4265
vn 0.4951 0.5974 0.6309
vn -0.5671 0.8203 0.0739
vn 0.8487 0.5236 -0.0740
vn -0.2137 0.7460 -0.6307
vn 0.1770 0.0371 -0.9835
vn -0.8852 -0.1856 -0.4266
vn -0.8490 0.5232 -0.0743
vn 0.2137 0.7459 -0.6309
vn -0.4950 0.5975 0.6308
vn 0.5675 0.8200 0.0738
vn -0.1773 -0.0372 0.9835
vn 0.8851 0.1855 0.4268
vn -0.2133 -0.7459 0.6309
vn 0.8491 -0.5231 0.0740
vn -0.5674 -0.8201 -0.0740
vn 0.4952 -0.5976 -0.6307
vn -0.1768 0.0370 -0.9835
vn 0.8853 -0.1856 -0.4264
vn 0.5674 -0.8201 -0.0738
vn -0.4951 -0.5975 -0.6308
vn 0.2132 -0.7458 0.6311
vn -0.8491 -0.5231 0.0739
vn 0.1772 -0.0371 0.9835
vn -0.8851 0.1855 0.4267
vn 0.4948 0.5975 0.6310
vn -0.5675 0.8201 0.0737
vn 0.8489 0.5233 -0.0740
vn -0.2135 0.7459 -0.6309
vn 0.5338 -0.8451 -0.0285
vn 0.5340 -0.0566 0.8436
vn -0.8457 -0.4032 0.3497
vn 0.5415 0.1609 0.8252
vn 0.5445 0.8256 -0.1481
vn -0.8358 0.4624 0.2961
vn 0.5359 -0.8377 0.1051
vn -0.8435 -0.4366 -0.3130
vn 0.5353 -0.1280 -0.8349
vn 0.5436 0.8351 0.0845
vn 0.5408 0.1005 -0.8351
vn -0.8368 0.4367 -0.3302
vn -0.5337 -0.8452 -0.0286
vn 0.8457 -0.4031 0.3498
vn -0.5342 -0.0567 0.8435
vn -0.5446 0.8255 -0.1480
vn -0.5414 0.1608 0.8253
vn 0.8358 0.4625 0.2960
vn -0.5360 -0.8376 0.1051
vn -0.5352 -0.1280 -0.8350
vn 0.8435 -0.4367 -0.3129
vn -0.5435 0.8351 0.0846
vn 0.8368 0.4366 -0.3303
vn -0.5410 0.1006 -0.8350
vn 0.6641 -0.7476 0.0005
vn 0.6652 -0.7467 0.0026
vn -0.7455 -0.6666 -0.0006
vn -0.7464 -0.6655 -0.0024
vn 0.6563 -0.0017 0.7545
vn 0.6563 0.0003 0.7545
vn -0.7533 0.0016 0.6577
vn -0.7533 -0.0004 0.6577
vn 0.6752 0.7377 -0.0003
vn 0.6762 0.7367 -0.0026
vn -0.7354 0.6776 0.0005
vn -0.7364 0.6765 0.0024
vn 0.6563 0.0017 -0.7545
vn 0.6563 -0.0002 -0.7545
vn -0.7533 -0.0016 -0.6577
vn -0.7533 0.0004 -0.6577
vn 0.0010 -0.9876 0.1568
vn -0.0010 -0.9876 0.1568
vn -0.0010 -0.1586 -0.9873
vn 0.0010 -0.1586 -0.9873
vn -0.0010 0.9819 0.1892
vn 0.0010 0.9819 0.1892
vn 0.0010 0.1911 -0.9816
vn -0.0010 0.1911 -0.9816
vn 0.7533 0.0004 -0.6577
vn 0.7533 -0.0016 -0.6577
vn -0.6563 -0.0002 -0.7545
vn -0.6563 0.0018 -0.7545
vn -0.6652 -0.7467 0.0026
vn -0.6641 -0.7476 0.0005
vn 0.7464 -0.6655 -0.0024
vn 0.7455 -0.6666 -0.0006
vn -0.6762 0.7367 -0.0025
vn -0.6752 0.7377 -0.0003
vn 0.7364 0.6765 0.0023
vn 0.7354 0.6776 0.0004
vn -0.6563 0.0002 0.7545
vn -0.6563 -0.0018 0.7545
vn 0.7533 -0.0004 0.6577
vn 0.7533 0.0016 0.6577
vn -0.0010 -0.9977 -0.0675
vn 0.0010 -0.9977 -0.0675
vn 0.0010 -0.0694 0.9976
vn -0.0010 -0.0694 0.9976
vn 0.0010 0.9791 -0.2033
vn -0.0010 0.9791 -0.2033
vn -0.0010 0.2051 0.9787
vn 0.0010 0.2051 0.9787
vn -0.0009 -1.0000 -0.0010
vn 0.0010 -1.0000 -0.0010
vn 0.0010 -1.0000 0.0010
vn -0.0010 -1.0000 0.0010
vn -1.0000 -0.0010 0.0010
vn -1.0000 0.0010 0.0010
vn -1.0000 0.0010 -0.0010
vn -1.0000 -0.0010 -0.0010
vn 0.0010 -0.0011 1.0000
vn 0.0010 0.0009 1.0000
vn -0.0010 0.0009 1.0000
vn -0.0010 -0.0011 1.0000
vn 0.0010 1.0000 -0.0010
vn -0.0009 1.0000 -0.0009
vn -0.0010 1.0000 0.0010
vn 0.0010 1.0000 0.0010
vn -0.0010 -0.0010 -1.0000
vn -0.0010 0.0010 -1.0000
vn 0.0010 0.0010 -1.0000
vn 0.0010 -0.0010 -1.0000
vn 1.0000 -0.0010 -0.0010
vn 1.0000 0.0010 -0.0010
vn 1.0000 0.0010 0.0010
vn 1.0000 -0.0010 0.0010
vn 0.1925 -0.9718 -0.1365
vn 0.0239 -0.1958 0.9804
vn -0.9771 -0.1973 -0.0801
vn 0.0756 0.2064 0.9756
vn 0.2635 0.9473 -0.1820
vn -0.9574 0.2864 -0.0367
vn 0.2347 -0.9406 0.2455
vn -0.9686 -0.2477 0.0200
vn 0.0970 -0.2769 -0.9560
vn 0.1999 0.9671 0.1572
vn 0.1290 0.1784 -0.9755
vn -0.9717 0.2349 -0.0233
vn -0.1930 -0.9696 -0.1506
vn 0.9731 -0.2269 0.0390
vn -0.1467 -0.1763 0.9733
vn -0.1639 0.9709 -0.1748
vn -0.1001 0.2287 0.9683
vn 0.9839 0.1784 -0.0132
vn -0.1545 -0.9792 0.1312
vn -0.0423 -0.1851 -0.9818
vn 0.9829 -0.1724 0.0646
vn -0.2047 0.9642 0.1687
vn 0.9735 0.2231 0.0512
vn -0.0621 0.2117 -0.9754
vn 0.2703 -0.9627 0.0096
vn 0.2696 -0.9629 0.0126
vn -0.9611 -0.2733 -0.0404
vn -0.9611 -0.2727 -0.0433
vn 0.0198 0.0022 0.9998
vn 0.0211 0.0007 0.9998
vn -0.9997 0.0048 0.0231
vn -0.9997 -0.0026 0.0236
vn 0.2968 0.9549 0.0116
vn 0.3017 0.9534 0.0082
vn -0.9518 0.3043 -0.0391
vn -0.9532 0.3001 -0.0368
vn 0.0721 0.0003 -0.9974
vn 0.0721 -0.0027 -0.9974
vn -0.9972 -0.0001 -0.0750
vn -0.9972 0.0029 -0.0750
vn -0.0053 -0.9766 0.2149
vn -0.0081 -0.9774 0.2110
vn 0.0357 -0.2135 -0.9763
vn 0.0386 -0.2184 -0.9751
vn -0.0088 0.9739 0.2268
vn -0.0056 0.9752 0.2213
vn 0.0387 0.2247 -0.9737
vn 0.0357 0.2293 -0.9727
vn 0.9998 -0.0002 -0.0182
vn 0.9998 -0.0032 -0.0184
vn -0.0153 0.0008 -0.9999
vn -0.0155 0.0038 -0.9999
vn -0.2703 -0.9627 -0.0079
vn -0.2704 -0.9627 -0.0057
vn 0.9616 -0.2728 0.0306
vn 0.9611 -0.2736 0.0386
vn -0.2994 0.9541 -0.0089
vn -0.2991 0.9541 -0.0110
vn 0.9525 0.3016 0.0428
vn 0.9524 0.3028 0.0348
vn -0.1004 0.0023 0.9949
vn -0.1004 -0.0007 0.9949
vn 0.9946 -0.0022 0.1033
vn 0.9947 0.0008 0.1033
vn 0.0093 -0.9827 -0.1848
vn 0.0123 -0.9827 -0.1848
vn -0.0423 -0.1879 0.9813
vn -0.0453 -0.1881 0.9811
vn 0.0132 0.9792 -0.2024
vn 0.0102 0.9793 -0.2022
vn -0.0447 0.2057 0.9776
vn -0.0417 0.2053 0.9778
vn -0.0015 -1.0000 -0.0016
vn 0.0015 -1.0000 -0.0014
vn 0.0014 -1.0000 0.0015
vn -0.0016 -1.0000 0.0014
vn -0.9992 -0.0015 -0.0404
vn -0.9992 0.0015 -0.0404
vn -0.9991 0.0015 -0.0434
vn -0.9991 -0.0015 -0.0434
vn -0.0403 -0.0016 0.9992
vn -0.0403 0.0014 0.9992
vn -0.0434 0.0014 0.9991
vn -0.0434 -0.0016 0.9991
vn 0.0016 1.0000 -0.0014
vn -0.0014 1.0000 -0.0016
vn -0.0015 1.0000 0.0014
vn 0.0014 1.0000 0.0016
vn 0.0404 -0.0015 -0.9992
vn 0.0404 0.0015 -0.9992
vn 0.0434 0.0015 -0.9991
vn 0.0434 -0.0015 -0.9991
vn 0.9992 -0.0015 0.0404
vn 0.9992 0.0015 0.0404
vn 0.9991 0.0015 0.0434
vn 0.9991 -0.0015 0.0434
vn 0.1790 -0.9733 -0.1439
vn 0.0439 -0.1994 0.9789
vn -0.9773 -0.1982 -0.0746
vn 0.0602 0.1617 0.9850
vn 0.1670 0.9788 -0.1184
vn -0.9789 0.1981 -0.0498
vn 0.1936 -0.9617 0.1938
vn -0.9747 -0.2229 0.0158
vn 0.0999 -0.2240 -0.9695
vn 0.1409 0.9819 0.1270
vn 0.0813 0.1750 -0.9812
vn -0.9854 0.1680 0.0270
vn -0.1073 -0.9898 -0.0934
vn 0.9902 -0.1318 -0.0453
vn -0.0699 -0.1607 0.9845
vn -0.1782 0.9691 -0.1704
vn -0.0790 0.2161 0.9732
vn 0.9798 0.1972 -0.0327
vn -0.2299 -0.9503 0.2100
vn -0.0589 -0.2430 -0.9682
vn 0.9674 -0.2471 0.0558
vn -0.2342 0.9521 0.1965
vn 0.9641 0.2624 0.0397
vn -0.0801 0.2233 -0.9715
vn 0.3006 -0.9537 0.0088
vn 0.2998 -0.9539 0.0118
vn -0.9525 -0.3035 -0.0244
vn -0.9527 -0.3028 -0.0274
vn 0.0055 -0.0032 1.0000
vn 0.0053 -0.0002 1.0000
vn -1.0000 0.0026 0.0085
vn -1.0000 -0.0003 0.0083
vn 0.2711 0.9625 0.0086
vn 0.2713 0.9625 0.0056
vn -0.9614 0.2740 -0.0236
vn -0.9615 0.2742 -0.0206
vn 0.0605 -0.0010 -0.9982
vn 0.0610 -0.0040 -0.9981
vn -0.9980 -0.0004 -0.0634
vn -0.9979 0.0026 -0.0639
vn -0.0015 -0.9773 0.2120
vn -0.0043 -0.9782 0.2077
vn 0.0173 -0.2105 -0.9774
vn 0.0203 -0.2149 -0.9764
vn -0.0047 0.9746 0.2241
vn -0.0016 0.9757 0.2191
vn 0.0203 0.2220 -0.9748
vn 0.0174 0.2270 -0.9737
vn 0.9997 -0.0005 -0.0240
vn 0.9997 -0.0035 -0.0235
vn -0.0210 -0.0006 -0.9998
vn -0.0206 0.0023 -0.9998
vn -0.3013 -0.9535 -0.0007
vn -0.3008 -0.9537 -0.0037
vn 0.9525 -0.3041 0.0158
vn 0.9526 -0.3036 0.0188
vn -0.2699 0.9629 -0.0064
vn -0.2704 0.9627 -0.0035
vn 0.9618 0.2728 0.0221
vn 0.9618 0.2732 0.0192
vn -0.0598 -0.0011 0.9982
vn -0.0594 0.0002 0.9982
vn 0.9981 -0.0034 0.0623
vn 0.9980 0.0039 0.0627
vn 0.0042 -0.9752 -0.2215
vn 0.0073 -0.9740 -0.2263
vn -0.0205 -0.2295 0.9731
vn -0.0235 -0.2242 0.9743
vn 0.0072 0.9788 -0.2046
vn 0.0042 0.9789 -0.2045
vn -0.0230 0.2076 0.9780
vn -0.0200 0.2074 0.9781
vn -0.0015 -1.0000 -0.0015
vn 0.0015 -1.0000 -0.0015
vn 0.0015 -1.0000 0.0016
vn -0.0016 -1.0000 0.0015
vn -0.9998 -0.0015 -0.0194
vn -0.9998 0.0015 -0.0194
vn -0.9997 0.0015 -0.0225
vn -0.9997 -0.0015 -0.0225
vn -0.0194 -0.0015 0.9998
vn -0.0194 0.0015 0.9998
vn -0.0225 0.0015 0.9997
vn -0.0225 -0.0015 0.9997
vn 0.0016 1.0000 -0.0015
vn -0.0015 1.0000 -0.0016
vn -0.0015 1.0000 0.0015
vn 0.0015 1.0000 0.0015
vn 0.0194 -0.0015 -0.9998
vn 0.0194 0.0015 -0.9998
vn 0.0225 0.0015 -0.9997
vn 0.0225 -0.0015 -0.9997
vn 0.9998 -0.0015 0.0194
vn 0.9998 0.0015 0.0194
vn 0.9997 0.0015 0.0225
vn 0.9997 -0.0015 0.0225
vn 0.1667 -0.9768 -0.1346
vn 0.0691 -0.1800 0.9812
vn -0.9810 -0.1906 -0.0370
vn 0.0811 0.1639 0.9831
vn 0.1501 0.9809 -0.1237
vn -0.9830 0.1821 -0.0239
vn 0.2020 -0.9632 0.1774
vn -0.9694 -0.2447 0.0189
vn 0.0960 -0.1947 -0.9762
vn 0.2183 0.9562 0.1948
vn 0.0935 0.2141 -0.9723
vn -0.9663 0.2560 0.0254
vn -0.1666 -0.9768 -0.1347
vn 0.9810 -0.1905 -0.0369
vn -0.0692 -0.1801 0.9812
vn -0.1467 0.9816 -0.1226
vn -0.0779 0.1648 0.9833
vn 0.9837 0.1776 -0.0273
vn -0.2021 -0.9632 0.1773
vn -0.0959 -0.1946 -0.9762
vn 0.9694 -0.2448 0.0190
vn -0.2183 0.9562 0.1949
vn 0.9664 0.2559 0.0253
vn -0.0936 0.2142 -0.9723
vn 0.2688 -0.9632 0.0027
vn 0.2732 -0.9619 0.0063
vn -0.9611 -0.2761 -0.0032
vn -0.9624 -0.2716 -0.0057
vn 0.0313 -0.0035 0.9995
vn 0.0309 0.0038 0.9995
vn -0.9994 -0.0008 0.0339
vn -0.9994 0.0005 0.0343
vn 0.2438 0.9698 0.0017
vn 0.2393 0.9709 -0.0006
vn -0.9702 0.2422 -0.0024
vn -0.9691 0.2466 0.0012
vn 0.0192 0.0029 -0.9998
vn 0.0192 -0.0001 -0.9998
vn -0.9998 -0.0029 -0.0221
vn -0.9998 0.0001 -0.0221
vn 0.0015 -0.9655 0.2602
vn -0.0015 -0.9655 0.2602
vn -0.0015 -0.2630 -0.9648
vn 0.0015 -0.2630 -0.9648
vn -0.0015 0.9699 0.2435
vn 0.0015 0.9699 0.2435
vn 0.0015 0.2463 -0.9692
vn -0.0015 0.2463 -0.9692
vn 0.9998 0.0001 -0.0221
vn 0.9998 -0.0029 -0.0221
vn -0.0192 -0.0001 -0.9998
vn -0.0192 0.0029 -0.9998
vn -0.2732 -0.9619 0.0063
vn -0.2688 -0.9632 0.0027
vn 0.9624 -0.2716 -0.0057
vn 0.9611 -0.2761 -0.0033
vn -0.2393 0.9709 -0.0006
vn -0.2438 0.9698 0.0017
vn 0.9691 0.2466 0.0012
vn 0.9702 0.2422 -0.0024
vn -0.0309 0.0038 0.9995
vn -0.0313 -0.0035 0.9995
vn 0.9994 0.0005 0.0343
vn 0.9994 -0.0008 0.0339
vn -0.0015 -0.9768 -0.2139
vn 0.0015 -0.9768 -0.2139
vn 0.0015 -0.2168 0.9762
vn -0.0015 -0.2168 0.9762
vn 0.0015 0.9788 -0.2046
vn -0.0015 0.9788 -0.2046
vn -0.0015 0.2075 0.9782
vn 0.0015 0.2075 0.9782
vn 0.0015 -1.0000 0.0015
vn -0.0015 -1.0000 0.0015
vn -1.0000 -0.0015 0.0015
vn -1.0000 0.0015 0.0015
vn -1.0000 0.0015 -0.0015
vn -1.0000 -0.0015 -0.0015
vn 0.0015 -0.0015 1.0000
vn 0.0015 0.0016 1.0000
vn -0.0015 0.0016 1.0000
vn -0.0015 -0.0015 1.0000
vn 0.0015 1.0000 -0.0015
vn -0.0015 -0.0014 -1.0000
vn -0.0015 0.0015 -1.0000
vn 0.0015 0.0016 -1.0000
vn 0.0015 -0.0015 -1.0000
vn 1.0000 -0.0015 -0.0015
vn 1.0000 0.0015 -0.0015
vn 1.0000 0.0015 0.0015
vn 1.0000 -0.0015 0.0015
vn 0.1073 -0.9898 -0.0934
vn 0.0699 -0.1607 0.9845
vn -0.9902 -0.1319 -0.0454
vn 0.0759 0.2170 0.9732
vn 0.1750 0.9699 -0.1694
vn -0.9806 0.1927 -0.0356
vn 0.2299 -0.9503 0.2100
vn -0.9674 -0.2470 0.0557
vn 0.0589 -0.2430 -0.9682
vn 0.2342 0.9521 0.1966
vn 0.0801 0.2233 -0.9715
vn -0.9641 0.2625 0.0398
vn -0.1790 -0.9733 -0.1439
vn 0.9773 -0.1981 -0.0745
vn -0.0439 -0.1994 0.9789
vn -0.1603 0.9798 -0.1194
vn -0.0510 0.1677 0.9845
vn 0.9804 0.1878 -0.0595
vn -0.1935 -0.9617 0.1939
vn -0.0999 -0.2240 -0.9695
vn 0.9747 -0.2230 0.0159
vn -0.1409 0.9819 0.1270
vn 0.9854 0.1679 0.0269
vn -0.0813 0.1750 -0.9812
vn 0.3008 -0.9537 -0.0037
vn 0.3013 -0.9535 -0.0007
vn -0.9526 -0.3036 0.0188
vn -0.9525 -0.3041 0.0158
vn 0.0594 0.0002 0.9982
vn 0.0598 -0.0011 0.9982
vn -0.9980 0.0039 0.0627
vn -0.9981 -0.0034 0.0623
vn 0.2704 0.9627 -0.0035
vn 0.2699 0.9629 -0.0064
vn -0.9618 0.2732 0.0192
vn -0.9618 0.2728 0.0221
vn 0.0206 0.0023 -0.9998
vn 0.0210 -0.0006 -0.9998
vn -0.9997 -0.0035 -0.0235
vn -0.9997 -0.0005 -0.0240
vn 0.0043 -0.9782 0.2077
vn 0.0014 -0.9773 0.2120
vn -0.0203 -0.2149 -0.9764
vn -0.0173 -0.2105 -0.9774
vn 0.0016 0.9757 0.2191
vn 0.0047 0.9746 0.2241
vn -0.0174 0.2270 -0.9737
vn -0.0203 0.2220 -0.9748
vn 0.9979 0.0026 -0.0639
vn 0.9980 -0.0004 -0.0634
vn -0.0610 -0.0040 -0.9981
vn -0.0605 -0.0010 -0.9982
vn -0.2998 -0.9539 0.0118
vn -0.3006 -0.9537 0.0088
vn 0.9527 -0.3028 -0.0274
vn 0.9525 -0.3035 -0.0244
vn -0.2713 0.9625 0.0056
vn -0.2711 0.9625 0.0086
vn 0.9615 0.2742 -0.0206
vn 0.9614 0.2740 -0.0236
vn -0.0053 -0.0002 1.0000
vn -0.0055 -0.0032 1.0000
vn 1.0000 -0.0003 0.0083
vn 1.0000 0.0026 0.0085
vn -0.0073 -0.9740 -0.2263
vn -0.0042 -0.9752 -0.2215
vn 0.0235 -0.2242 0.9743
vn 0.0205 -0.2295 0.9731
vn -0.0042 0.9789 -0.2045
vn -0.0072 0.9788 -0.2046
vn 0.0200 0.2074 0.9781
vn 0.0230 0.2075 0.9780
vn 0.0016 -1.0000 0.0015
vn -0.0015 -1.0000 0.0016
vn -0.9997 -0.0015 0.0225
vn -0.9997 0.0015 0.0225
vn -0.9998 0.0015 0.0194
vn -0.9998 -0.0015 0.0194
vn 0.0225 -0.0015 0.9997
vn 0.0225 0.0015 0.9997
vn 0.0194 0.0015 0.9998
vn 0.0194 -0.0015 0.9998
vn 0.0015 1.0000 -0.0016
vn -0.0016 1.0000 -0.0015
vn -0.0225 -0.0015 -0.9997
vn -0.0225 0.0015 -0.9997
vn -0.0194 0.0015 -0.9998
vn -0.0194 -0.0015 -0.9998
vn 0.9997 -0.0015 -0.0225
vn 0.9997 0.0015 -0.0225
vn 0.9998 0.0015 -0.0194
vn 0.9998 -0.0015 -0.0194
vn 0.1930 -0.9696 -0.1506
vn 0.1466 -0.1762 0.9734
vn -0.9731 -0.2270 0.0389
vn 0.1112 0.2252 0.9679
vn 0.1751 0.9682 -0.1786
vn -0.9810 0.1940 -0.0025
vn 0.1545 -0.9792 0.1313
vn -0.9829 -0.1723 0.0645
vn 0.0424 -0.1852 -0.9818
vn 0.2048 0.9642 0.1686
vn 0.0620 0.2116 -0.9754
vn -0.9734 0.2232 0.0513
vn -0.1924 -0.9718 -0.1366
vn 0.9771 -0.1972 -0.0799
vn -0.0240 -0.1958 0.9803
vn -0.2679 0.9453 -0.1863
vn -0.0758 0.2099 0.9748
vn 0.9562 0.2902 -0.0369
vn -0.2347 -0.9406 0.2455
vn -0.0969 -0.2769 -0.9560
vn 0.9686 -0.2478 0.0201
vn -0.1999 0.9671 0.1572
vn 0.9718 0.2348 -0.0234
vn -0.1291 0.1784 -0.9754
vn 0.2704 -0.9627 -0.0058
vn 0.2703 -0.9627 -0.0078
vn -0.9611 -0.2736 0.0386
vn -0.9616 -0.2728 0.0305
vn 0.1004 -0.0007 0.9949
vn 0.1004 0.0023 0.9949
vn -0.9947 0.0008 0.1033
vn -0.9946 -0.0022 0.1033
vn 0.3001 0.9538 -0.0112
vn 0.3005 0.9538 -0.0091
vn -0.9521 0.3038 0.0347
vn -0.9521 0.3027 0.0426
vn 0.0155 0.0038 -0.9999
vn 0.0153 0.0008 -0.9999
vn -0.9998 -0.0032 -0.0184
vn -0.9998 -0.0002 -0.0182
vn 0.0081 -0.9774 0.2110
vn 0.0053 -0.9766 0.2149
vn -0.0386 -0.2184 -0.9751
vn -0.0357 -0.2135 -0.9763
vn 0.0056 0.9752 0.2213
vn 0.0088 0.9739 0.2268
vn -0.0358 0.2293 -0.9727
vn -0.0387 0.2247 -0.9737
vn 0.9972 0.0028 -0.0750
vn 0.9972 -0.0001 -0.0750
vn -0.0721 -0.0027 -0.9974
vn -0.0721 0.0003 -0.9974
vn -0.2696 -0.9629 0.0126
vn -0.2703 -0.9627 0.0096
vn 0.9611 -0.2727 -0.0433
vn 0.9611 -0.2733 -0.0404
vn -0.3017 0.9534 0.0082
vn -0.2968 0.9549 0.0116
vn 0.9532 0.3001 -0.0368
vn 0.9518 0.3043 -0.0391
vn -0.0211 0.0008 0.9998
vn -0.0198 0.0022 0.9998
vn 0.9997 -0.0026 0.0236
vn 0.9997 0.0048 0.0231
vn -0.0123 -0.9827 -0.1848
vn -0.0093 -0.9827 -0.1848
vn 0.0453 -0.1881 0.9811
vn 0.0423 -0.1879 0.9813
vn -0.0102 0.9792 -0.2024
vn -0.0132 0.9792 -0.2026
vn 0.0417 0.2055 0.9778
vn 0.0447 0.2059 0.9776
vn -0.0016 -1.0000 -0.0015
vn 0.0014 -1.0000 -0.0016
vn 0.0016 -1.0000 0.0014
vn -0.0014 -1.0000 0.0015
vn -0.9991 -0.0015 0.0434
vn -0.9991 0.0015 0.0434
vn -0.9992 0.0015 0.0404
vn -0.9992 -0.0015 0.0404
vn 0.0434 -0.0016 0.9991
vn 0.0434 0.0014 0.9991
vn 0.0403 0.0014 0.9992
vn 0.0403 -0.0016 0.9992
vn 0.0014 1.0000 -0.0015
vn -0.0016 1.0000 -0.0014
vn -0.0014 1.0000 0.0016
vn 0.0015 1.0000 0.0014
vn -0.0434 -0.0015 -0.9991
vn -0.0434 0.0015 -0.9991
vn -0.0404 0.0015 -0.9992
vn -0.0404 -0.0015 -0.9992
vn 0.9991 -0.0015 -0.0434
vn 0.9991 0.0015 -0.0434
vn 0.9992 0.0015 -0.0404
vn 0.9992 -0.0015 -0.0404
vn 0.2839 -0.8155 -0.5044
vn -0.3789 -0.4723 0.7959
vn -0.7354 -0.2287 -0.6379
vn -0.2612 0.5245 0.8103
vn 0.4547 0.7202 -0.5239
vn -0.6828 0.4175 -0.5996
vn 0.1058 -0.8171 0.5667
vn -0.9034 -0.2498 0.3486
vn -0.1205 -0.4324 -0.8936
vn 0.1379 0.7541 0.6421
vn -0.2350 0.6253 -0.7442
vn -0.8516 0.0607 0.5206
vn -0.5303 -0.5264 -0.6646
vn 0.5625 -0.7766 -0.2838
vn -0.1542 -0.4311 0.8890
vn -0.0637 0.8552 -0.5143
vn 0.1115 0.4294 0.8962
vn 0.8967 0.1976 -0.3962
vn -0.1955 -0.8828 0.4271
vn 0.3007 -0.3387 -0.8915
vn 0.7806 -0.2854 0.5561
vn -0.2773 0.8170 0.5056
vn 0.7381 0.2284 0.6348
vn 0.3723 0.4695 -0.8006
vn 0.2558 -0.9653 0.0525
vn 0.2374 -0.9702 0.0490
vn -0.9630 -0.2368 -0.1287
vn -0.9540 -0.2692 -0.1320
vn -0.7407 0.0020 0.6719
vn -0.7403 0.0038 0.6722
vn -0.6733 -0.0005 -0.7394
vn -0.6736 -0.0027 -0.7391
vn 0.2047 0.9785 0.0241
vn 0.1694 0.9853 0.0213
vn -0.9758 0.1737 -0.1330
vn -0.9703 0.2068 -0.1259
vn -0.5332 -0.0003 -0.8460
vn -0.5337 -0.0021 -0.8456
vn -0.8468 0.0007 0.5320
vn -0.8469 0.0028 0.5318
vn -0.0940 -0.7478 0.6572
vn -0.0965 -0.7445 0.6606
vn 0.1011 -0.6679 -0.7374
vn 0.1034 -0.6664 -0.7384
vn -0.0942 0.7401 0.6659
vn -0.0926 0.7373 0.6692
vn 0.1048 0.6765 -0.7289
vn 0.1029 0.6743 -0.7312
vn 0.6733 -0.0008 0.7393
vn 0.6731 -0.0030 0.7396
vn 0.7405 -0.0003 -0.6720
vn 0.7409 0.0015 -0.6716
vn -0.2382 -0.9712 -0.0006
vn -0.1935 -0.9811 0.0016
vn 0.9670 -0.2076 0.1476
vn 0.9636 -0.2230 0.1472
vn -0.2447 0.9669 -0.0722
vn -0.1930 0.9792 -0.0619
vn 0.9690 0.2232 0.1064
vn 0.9672 0.2308 0.1063
vn 0.5363 0.0023 0.8441
vn 0.5357 0.0005 0.8444
vn 0.8453 -0.0030 -0.5343
vn 0.8452 -0.0008 -0.5345
vn 0.0905 -0.7524 -0.6525
vn 0.0926 -0.7526 -0.6519
vn -0.1044 -0.6601 0.7439
vn -0.1065 -0.6599 0.7438
vn 0.0962 0.7314 -0.6751
vn 0.0941 0.7313 -0.6755
vn -0.1031 0.6833 0.7228
vn -0.1010 0.6834 0.7230
vn -0.0009 -1.0000 -0.0011
vn 0.0011 -1.0000 -0.0009
vn 0.0008 -1.0000 0.0011
vn -0.0012 -1.0000 0.0008
vn -0.9904 -0.0010 -0.1382
vn -0.9904 0.0010 -0.1382
vn -0.9901 0.0010 -0.1402
vn -0.9901 -0.0010 -0.1402
vn -0.1382 -0.0009 0.9904
vn -0.1382 0.0010 0.9904
vn -0.1402 0.0010 0.9901
vn -0.1402 -0.0009 0.9901
vn 0.0012 1.0000 -0.0008
vn -0.0007 1.0000 -0.0010
vn -0.0010 1.0000 0.0008
vn 0.0009 1.0000 0.0011
vn 0.1382 -0.0011 -0.9904
vn 0.1383 0.0009 -0.9904
vn 0.1402 0.0009 -0.9901
vn 0.1402 -0.0011 -0.9901
vn 0.9904 -0.0010 0.1382
vn 0.9904 0.0010 0.1382
vn 0.9901 0.0010 0.1402
vn 0.9901 -0.0010 0.1402
vn 0.5304 -0.5264 -0.6645
vn 0.1540 -0.4311 0.8891
vn -0.5625 -0.7766 -0.2839
vn -0.1668 0.4635 0.8702
vn 0.0324 0.8439 -0.5356
vn -0.8944 0.1191 -0.4310
vn 0.1955 -0.8828 0.4272
vn -0.7807 -0.2853 0.5560
vn -0.3006 -0.3388 -0.8916
vn 0.2773 0.8170 0.5055
vn -0.3724 0.4694 -0.8006
vn -0.7380 0.2285 0.6349
vn -0.2838 -0.8154 -0.5045
vn 0.7355 -0.2286 -0.6378
vn 0.3788 -0.4724 0.7959
vn -0.2161 0.8519 -0.4771
vn 0.3358 0.4130 0.8465
vn 0.7639 0.2348 -0.6011
vn -0.1059 -0.8172 0.5666
vn 0.1206 -0.4323 -0.8936
vn 0.9033 -0.2498 0.3487
vn -0.1379 0.7540 0.6422
vn 0.8517 0.0606 0.5205
vn 0.2349 0.6253 -0.7442
vn 0.1935 -0.9811 0.0017
vn 0.2382 -0.9712 -0.0005
vn -0.9636 -0.2230 0.1471
vn -0.9670 -0.2076 0.1475
vn -0.5350 0.0005 0.8448
vn -0.5356 0.0023 0.8445
vn -0.8456 -0.0008 -0.5338
vn -0.8457 -0.0030 -0.5336
vn 0.1930 0.9792 -0.0620
vn 0.2447 0.9669 -0.0723
vn -0.9672 0.2308 0.1064
vn -0.9689 0.2232 0.1065
vn -0.7410 0.0015 -0.6715
vn -0.7407 -0.0003 -0.6719
vn -0.6729 -0.0029 0.7397
vn -0.6732 -0.0008 0.7395
vn 0.0964 -0.7445 0.6606
vn 0.0939 -0.7478 0.6572
vn -0.1033 -0.6664 -0.7384
vn -0.1010 -0.6679 -0.7374
vn 0.0927 0.7373 0.6692
vn 0.0943 0.7401 0.6659
vn -0.1030 0.6743 -0.7312
vn -0.1049 0.6765 -0.7289
vn 0.8469 0.0028 0.5318
vn 0.8468 0.0007 0.5320
vn 0.5337 -0.0021 -0.8456
vn 0.5332 -0.0003 -0.8460
vn -0.2374 -0.9702 0.0489
vn -0.2558 -0.9653 0.0524
vn 0.9540 -0.2692 -0.1318
vn 0.9630 -0.2368 -0.1286
vn -0.1693 0.9853 0.0214
vn -0.2047 0.9785 0.0242
vn 0.9702 0.2068 -0.1260
vn 0.9758 0.1737 -0.1331
vn 0.7403 0.0038 0.6722
vn 0.7407 0.0020 0.6719
vn 0.6736 -0.0027 -0.7391
vn 0.6733 -0.0006 -0.7394
vn -0.0925 -0.7526 -0.6520
vn -0.0904 -0.7524 -0.6525
vn 0.1064 -0.6599 0.7438
vn 0.1043 -0.6601 0.7439
vn -0.0942 0.7313 -0.6755
vn -0.0963 0.7314 -0.6751
vn 0.1011 0.6834 0.7230
vn 0.1032 0.6833 0.7228
vn -0.0011 -1.0000 -0.0009
vn 0.0009 -1.0000 -0.0011
vn 0.0012 -1.0000 0.0008
vn -0.0008 -1.0000 0.0011
vn -0.9901 -0.0010 0.1402
vn -0.9901 0.0010 0.1402
vn -0.9904 0.0010 0.1382
vn -0.9904 -0.0010 0.1382
vn 0.1402 -0.0009 0.9901
vn 0.1402 0.0010 0.9901
vn 0.1382 0.0010 0.9904
vn 0.1382 -0.0009 0.9904
vn 0.0007 1.0000 -0.0011
vn -0.0012 1.0000 -0.0008
vn -0.0009 1.0000 0.0011
vn 0.0010 1.0000 0.0009
vn -0.1402 -0.0011 -0.9901
vn -0.1402 0.0009 -0.9901
vn -0.1382 0.0009 -0.9904
vn -0.1382 -0.0011 -0.9904
vn 0.9901 -0.0010 -0.1402
vn 0.9901 0.0010 -0.1402
vn 0.9904 0.0010 -0.1382
vn 0.9904 -0.0010 -0.1382
vt 0.714286 0.142857
vt 0.714286 0.285714
vt 0.642857 0.285714
vt 0.642857 0.142857
vt 0.714286 0.428571
vt 0.714286 0.571429
vt 0.642857 0.571429
vt 0.642857 0.428571
vt 0.714286 0.714286
vt 0.714286 0.857143
vt 0.642857 0.857143
vt 0.642857 0.714286
vt 0.678571 0.000000
vt 0.678571 1.000000
vt 0.607143 1.000000
vt 0.571429 0.857143
vt 0.571429 0.285714
vt 0.571429 0.142857
vt 0.571429 0.571429
vt 0.571429 0.428571
vt 0.571429 0.714286
vt 0.607143 0.000000
vt 0.500000 0.285714
vt 0.500000 0.142857
vt 0.500000 0.571429
vt 0.500000 0.428571
vt 0.500000 0.857143
vt 0.500000 0.714286
vt 0.535714 0.000000
vt 0.535714 1.000000
vt 0.428571 0.571429
vt 0.428571 0.428571
vt 0.428571 0.857143
vt 0.428571 0.714286
vt 0.464286 0.000000
vt 0.428571 0.142857
vt 0.428571 0.285714
vt 0.464286 1.000000
vt 0.392857 0.000000
vt 0.357143 0.142857
vt 0.357143 0.428571
vt 0.357143 0.285714
vt 0.357143 0.714286
vt 0.357143 0.571429
vt 0.392857 1.000000
vt 0.357143 0.857143
vt 0.321429 0.000000
vt 0.285714 0.142857
vt 0.285714 0.428571
vt 0.285714 0.285714
vt 0.285714 0.714286
vt 0.285714 0.571429
vt 0.321429 1.000000
vt 0.285714 0.857143
vt 0.214286 0.714286
vt 0.214286 0.571429
vt 0.250000 1.000000
vt 0.214286 0.857143
vt 0.214286 0.285714
vt 0.214286 0.142857
vt 0.214286 0.428571
vt 0.250000 0.000000
vt 0.142857 0.285714
vt 0.142857 0.142857
vt 0.142857 0.571429
vt 0.142857 0.428571
vt 0.142857 0.857143
vt 0.142857 0.714286
vt 0.178571 0.000000
vt 0.178571 1.000000
vt 0.071429 0.285714
vt 0.071429 0.142857
vt 0.071429 0.571429
vt 0.071429 0.428571
vt 0.071429 0.857143
vt 0.071429 0.714286
vt 0.107143 0.000000
vt 0.107143 1.000000
vt 0.000000 0.857143
vt 0.000000 0.714286
vt 0.035714 0.000000
vt 0.000000 0.142857
vt 0.000000 0.428571
vt 0.000000 0.285714
vt 0.000000 0.571429
vt 0.035714 1.000000
vt 0.964286 0.000000
vt 1.000000 0.142857
vt 0.928571 0.142857
vt 1.000000 0.285714
vt 1.000000 0.428571
vt 0.928571 0.428571
vt 0.928571 0.285714
vt 1.000000 0.571429
vt 1.000000 0.714286
vt 0.928571 0.714286
vt 0.928571 0.571429
vt 1.000000 0.857143
vt 0.964286 1.000000
vt 0.928571 0.857143
vt 0.857143 0.428571
vt 0.857143 0.285714
vt 0.857143 0.714286
vt 0.857143 0.571429
vt 0.892857 1.000000
vt 0.857143 0.857143
vt 0.857143 0.142857
vt 0.892857 0.000000
vt 0.821429 1.000000
vt 0.785714 0.857143
vt 0.785714 0.285714
vt 0.785714 0.142857
vt 0.785714 0.571429
vt 0.785714 0.428571
vt 0.785714 0.714286
vt 0.821429 0.000000
vt 0.750000 0.000000
vt 0.750000 1.000000
vt 0.708333 0.000000
vt 0.750000 0.200000
vt 0.666667 0.200000
vt 0.750000 0.400000
vt 0.750000 0.600000
vt 0.666667 0.600000
vt 0.666667 0.400000
vt 0.750000 0.800000
vt 0.708333 1.000000
vt 0.666667 0.800000
vt 0.625000 0.000000
vt 0.583333 0.200000
vt 0.583333 0.600000
vt 0.583333 0.400000
vt 0.625000 1.000000
vt 0.583333 0.800000
vt 0.541667 0.000000
vt 0.500000 0.200000
vt 0.500000 0.600000
vt 0.500000 0.400000
vt 0.541667 1.000000
vt 0.500000 0.800000
vt 0.458333 0.000000
vt 0.416667 0.200000
vt 0.416667 0.600000
vt 0.416667 0.400000
vt 0.458333 1.000000
vt 0.416667 0.800000
vt 0.375000 0.000000
vt 0.333333 0.200000
vt 0.333333 0.600000
vt 0.333333 0.400000
vt 0.375000 1.000000
vt 0.333333 0.800000
vt 0.291667 0.000000
vt 0.250000 0.200000
vt 0.250000 0.600000
vt 0.250000 0.400000
vt 0.291667 1.000000
vt 0.250000 0.800000
vt 0.208333 0.000000
vt 0.166667 0.200000
vt 0.166667 0.600000
vt 0.166667 0.400000
vt 0.208333 1.000000
vt 0.166667 0.800000
vt 0.125000 0.000000
vt 0.083333 0.200000
vt 0.083333 0.600000
vt 0.083333 0.400000
vt 0.125000 1.000000
vt 0.083333 0.800000
vt 0.041667 0.000000
vt 0.000000 0.200000
vt 0.000000 0.600000
vt 0.000000 0.400000
vt 0.041667 1.000000
vt 0.000000 0.800000
vt 0.958333 0.000000
vt 1.000000 0.200000
vt 0.916667 0.200000
vt 1.000000 0.400000
vt 1.000000 0.600000
vt 0.916667 0.600000
vt 0.916667 0.400000
vt 1.000000 0.800000
vt 0.958333 1.000000
vt 0.916667 0.800000
vt 0.875000 0.000000
vt 0.833333 0.200000
vt 0.833333 0.600000
vt 0.833333 0.400000
vt 0.875000 1.000000
vt 0.833333 0.800000
vt 0.791667 0.000000
vt 0.791667 1.000000
vt 0.125375 0.749625
vt 0.125375 0.750000
vt 0.125000 0.749625
vt 0.624625 0.999625
vt 0.625000 0.999625
vt 0.624625 1.000000
vt 0.125375 0.500375
vt 0.125000 0.500375
vt 0.125375 0.500000
vt 0.625000 0.250125
vt 0.624625 0.250375
vt 0.624625 0.249719
vt 0.374625 0.749625
vt 0.375281 0.749625
vt 0.375000 0.750188
vt 0.625188 0.750000
vt 0.624625 0.750375
vt 0.624625 0.749719
vt 0.374625 0.500375
vt 0.375000 0.499812
vt 0.375281 0.500375
vt 0.625188 0.500188
vt 0.624625 0.500375
vt 0.624625 0.499719
vt 0.375375 0.000000
vt 0.624625 0.000000
vt 0.624625 0.000375
vt 0.375375 0.000375
vt 0.625000 0.000375
vt 0.375375 0.250375
vt 0.375375 0.249625
vt 0.375375 0.999625
vt 0.874625 0.500375
vt 0.874625 0.749625
vt 0.650000 0.000000
vt 0.700000 0.250000
vt 0.600000 0.250000
vt 0.700000 0.500000
vt 0.700000 0.750000
vt 0.600000 0.750000
vt 0.600000 0.500000
vt 0.650000 1.000000
vt 0.500000 0.500000
vt 0.500000 0.250000
vt 0.550000 1.000000
vt 0.500000 0.750000
vt 0.550000 0.000000
vt 0.400000 0.750000
vt 0.400000 0.500000
vt 0.400000 0.250000
vt 0.450000 1.000000
vt 0.450000 0.000000
vt 0.350000 0.000000
vt 0.300000 0.250000
vt 0.300000 0.750000
vt 0.300000 0.500000
vt 0.350000 1.000000
vt 0.200000 0.250000
vt 0.200000 0.750000
vt 0.200000 0.500000
vt 0.150000 0.000000
vt 0.100000 0.250000
vt 0.100000 0.750000
vt 0.100000 0.500000
vt 0.150000 1.000000
vt 0.050000 0.000000
vt 0.000000 0.250000
vt 0.000000 0.750000
vt 0.000000 0.500000
vt 0.050000 1.000000
vt 1.000000 0.750000
vt 0.950000 1.000000
vt 0.900000 0.750000
vt 0.950000 0.000000
vt 1.000000 0.250000
vt 0.900000 0.250000
vt 1.000000 0.500000
vt 0.900000 0.500000
vt 0.800000 0.500000
vt 0.800000 0.250000
vt 0.850000 1.000000
vt 0.800000 0.750000
vt 0.850000 0.000000
vt 0.750000 1.000000
vt 0.750000 0.000000
vt 0.125250 0.749750
vt 0.125250 0.750000
vt 0.125000 0.749750
vt 0.624750 0.999750
vt 0.625000 0.999750
vt 0.624750 1.000000
vt 0.125250 0.500250
vt 0.125000 0.500250
vt 0.125250 0.500000
vt 0.625000 0.250083
vt 0.624750 0.250250
vt 0.624750 0.249813
vt 0.374750 0.749750
vt 0.375187 0.749750
vt 0.375000 0.750125
vt 0.625125 0.750000
vt 0.624750 0.750250
vt 0.624750 0.749813
vt 0.374750 0.500250
vt 0.375000 0.499875
vt 0.375187 0.500250
vt 0.625125 0.500125
vt 0.624750 0.500250
vt 0.624750 0.499813
vt 0.375250 0.000000
vt 0.624750 0.000000
vt 0.624750 0.000250
vt 0.375250 0.000250
vt 0.625000 0.000250
vt 0.375250 0.250250
vt 0.375250 0.249750
vt 0.375250 0.999750
vt 0.874750 0.500250
vt 0.874750 0.749750
vt 0.374750 0.749750
vt 0.624750 0.749812
vt 0.624750 0.000250
vt 0.375250 0.000250
vt 0.625000 0.000250
vt 0.874750 0.749750
vt 0.375000 0.499813
vt 1.000000 0.500000
vt 1.000000 1.000000
vt 0.857143 1.000000
vt 0.857143 0.500000
vt 0.714286 1.000000
vt 0.714286 0.500000
vt 0.571429 1.000000
vt 0.571429 0.500000
vt 0.428571 1.000000
vt 0.428571 0.500000
vt 0.285714 1.000000
vt 0.285714 0.500000
vt 0.437640 0.399638
vt 0.250000 0.490000
vt 0.062360 0.399638
vt 0.016017 0.196595
vt 0.145868 0.033767
vt 0.354132 0.033767
vt 0.483983 0.196595
vt 0.142857 1.000000
vt 0.142857 0.500000
vt 0.000000 1.000000
vt 0.000000 0.500000
vt 0.750000 0.490000
vt 0.937640 0.399638
vt 0.983983 0.196595
vt 0.854132 0.033767
vt 0.645868 0.033767
vt 0.516017 0.196595
vt 0.562360 0.399638
vt 0.687500 0.000000
vt 0.750000 0.250000
vt 0.625000 0.250000
vt 0.750000 0.500000
vt 0.750000 0.750000
vt 0.625000 0.750000
vt 0.625000 0.500000
vt 0.687500 1.000000
vt 0.562500 1.000000
vt 0.562500 0.000000
vt 0.437500 0.000000
vt 0.375000 0.250000
vt 0.375000 0.750000
vt 0.375000 0.500000
vt 0.437500 1.000000
vt 0.312500 0.000000
vt 0.250000 0.250000
vt 0.250000 0.750000
vt 0.250000 0.500000
vt 0.312500 1.000000
vt 0.187500 0.000000
vt 0.125000 0.250000
vt 0.125000 0.750000
vt 0.125000 0.500000
vt 0.187500 1.000000
vt 0.062500 0.000000
vt 0.062500 1.000000
vt 1.000000 0.750000
vt 0.937500 1.000000
vt 0.875000 0.750000
vt 0.937500 0.000000
vt 1.000000 0.250000
vt 0.875000 0.250000
vt 0.875000 0.500000
vt 0.812500 1.000000
vt 0.812500 0.000000
vt 0.833333 1.000000
vt 0.833333 0.500000
vt 0.666667 1.000000
vt 0.666667 0.500000
vt 0.500000 1.000000
vt 0.500000 0.500000
vt 0.333333 1.000000
vt 0.333333 0.500000
vt 0.457846 0.370000
vt 0.042154 0.370000
vt 0.042154 0.130000
vt 0.250000 0.010000
vt 0.457846 0.130000
vt 0.166667 1.000000
vt 0.166667 0.500000
vt -0.000000 1.000000
vt -0.000000 0.500000
vt 0.957846 0.370000
vt 0.957846 0.130000
vt 0.750000 0.010000
vt 0.542154 0.130000
vt 0.542154 0.370000
vt 0.250000 0.010000
vt 0.750000 0.010000
vt 0.624625 0.999625
vt 0.624625 0.000375
vt 0.375375 0.000375
vt 0.625000 0.000375
s 1
usemtl 02_Deep_Lobster_Red
f 86/1/1 85/2/2 8/3/3 9/4/4
f 2/5/5 84/6/6 6/7/7 7/8/8
f 83/9/9 82/10/10 4/11/11 5/12/12
f 3/13/13 86/1/1 9/4/4
f 85/2/2 2/5/5 7/8/8 8/3/3
f 84/6/6 83/9/9 5/12/12 6/7/7
f 82/10/10 1/14/14 4/11/11
f 4/11/11 1/15/14 10/16/15
f 9/4/4 8/3/3 14/17/16 15/18/17
f 7/8/8 6/7/7 12/19/18 13/20/19
f 5/12/12 4/11/11 10/16/15 11/21/20
f 3/22/13 9/4/4 15/18/17
f 8/3/3 7/8/8 13/20/19 14/17/16
f 6/7/7 5/12/12 11/21/20 12/19/18
f 15/18/17 14/17/16 20/23/21 21/24/22
f 13/20/19 12/19/18 18/25/23 19/26/24
f 11/21/20 10/16/15 16/27/25 17/28/26
f 3/29/13 15/18/17 21/24/22
f 14/17/16 13/20/19 19/26/24 20/23/21
f 12/19/18 11/21/20 17/28/26 18/25/23
f 10/16/15 1/30/14 16/27/25
f 19/26/24 18/25/23 24/31/27 25/32/28
f 17/28/26 16/27/25 22/33/29 23/34/30
f 3/35/13 21/24/22 27/36/31
f 20/23/21 19/26/24 25/32/28 26/37/32
f 18/25/23 17/28/26 23/34/30 24/31/27
f 16/27/25 1/38/14 22/33/29
f 21/24/22 20/23/21 26/37/32 27/36/31
f 3/39/13 27/36/31 33/40/33
f 26/37/32 25/32/28 31/41/34 32/42/35
f 24/31/27 23/34/30 29/43/36 30/44/37
f 22/33/29 1/45/14 28/46/38
f 27/36/31 26/37/32 32/42/35 33/40/33
f 25/32/28 24/31/27 30/44/37 31/41/34
f 23/34/30 22/33/29 28/46/38 29/43/36
f 3/47/13 33/40/33 39/48/39
f 32/42/35 31/41/34 37/49/40 38/50/41
f 30/44/37 29/43/36 35/51/42 36/52/43
f 28/46/38 1/53/14 34/54/44
f 33/40/33 32/42/35 38/50/41 39/48/39
f 31/41/34 30/44/37 36/52/43 37/49/40
f 29/43/36 28/46/38 34/54/44 35/51/42
f 36/52/43 35/51/42 41/55/45 42/56/46
f 34/54/44 1/57/14 40/58/47
f 39/48/39 38/50/41 44/59/48 45/60/49
f 37/49/40 36/52/43 42/56/46 43/61/50
f 35/51/42 34/54/44 40/58/47 41/55/45
f 3/62/13 39/48/39 45/60/49
f 38/50/41 37/49/40 43/61/50 44/59/48
f 45/60/49 44/59/48 50/63/51 51/64/52
f 43/61/50 42/56/46 48/65/53 49/66/54
f 41/55/45 40/58/47 46/67/55 47/68/56
f 3/69/13 45/60/49 51/64/52
f 44/59/48 43/61/50 49/66/54 50/63/51
f 42/56/46 41/55/45 47/68/56 48/65/53
f 40/58/47 1/70/14 46/67/55
f 51/64/52 50/63/51 56/71/57 57/72/58
f 49/66/54 48/65/53 54/73/59 55/74/60
f 47/68/56 46/67/55 52/75/61 53/76/62
f 3/77/13 51/64/52 57/72/58
f 50/63/51 49/66/54 55/74/60 56/71/57
f 48/65/53 47/68/56 53/76/62 54/73/59
f 46/67/55 1/78/14 52/75/61
f 53/76/62 52/75/61 58/79/63 59/80/64
f 3/81/13 57/72/58 63/82/65
f 56/71/57 55/74/60 61/83/66 62/84/67
f 54/73/59 53/76/62 59/80/64 60/85/68
f 52/75/61 1/86/14 58/79/63
f 57/72/58 56/71/57 62/84/67 63/82/65
f 55/74/60 54/73/59 60/85/68 61/83/66
f 3/87/13 63/88/65 69/89/69
f 62/90/67 61/91/66 67/92/70 68/93/71
f 60/94/68 59/95/64 65/96/72 66/97/73
f 58/98/63 1/99/14 64/100/74
f 63/88/65 62/90/67 68/93/71 69/89/69
f 61/91/66 60/94/68 66/97/73 67/92/70
f 59/95/64 58/98/63 64/100/74 65/96/72
f 68/93/71 67/92/70 73/101/75 74/102/76
f 66/97/73 65/96/72 71/103/77 72/104/78
f 64/100/74 1/105/14 70/106/79
f 69/89/69 68/93/71 74/102/76 75/107/80
f 67/92/70 66/97/73 72/104/78 73/101/75
f 65/96/72 64/100/74 70/106/79 71/103/77
f 3/108/13 69/89/69 75/107/80
f 70/106/79 1/109/14 76/110/81
f 75/107/80 74/102/76 80/111/82 81/112/83
f 73/101/75 72/104/78 78/113/84 79/114/85
f 71/103/77 70/106/79 76/110/81 77/115/86
f 3/116/13 75/107/80 81/112/83
f 74/102/76 73/101/75 79/114/85 80/111/82
f 72/104/78 71/103/77 77/115/86 78/113/84
f 81/112/83 80/111/82 85/2/2 86/1/1
f 79/114/85 78/113/84 84/6/6 2/5/5
f 77/115/86 76/110/81 82/10/10 83/9/9
f 3/117/13 81/112/83 86/1/1
f 80/111/82 79/114/85 2/5/5 85/2/2
f 78/113/84 77/115/86 83/9/9 84/6/6
f 76/110/81 1/118/14 82/10/10
f 215/120/283 214/122/284 219/125/285 220/121/286
f 213/123/287 212/126/288 217/128/289 218/124/290
f 216/119/291 215/120/283 220/121/286
f 214/122/284 213/123/287 218/124/290 219/125/285
f 212/126/288 211/127/292 217/128/289
f 220/121/286 219/125/285 223/132/293 224/130/294
f 218/124/290 217/128/289 221/134/295 222/131/296
f 216/129/291 220/121/286 224/130/294
f 219/125/285 218/124/290 222/131/296 223/132/293
f 217/128/289 211/133/292 221/134/295
f 224/130/294 223/132/293 227/138/297 228/136/298
f 222/131/296 221/134/295 225/140/299 226/137/300
f 216/135/291 224/130/294 228/136/298
f 223/132/293 222/131/296 226/137/300 227/138/297
f 221/134/295 211/139/292 225/140/299
f 228/136/298 227/138/297 231/144/301 232/142/302
f 226/137/300 225/140/299 229/146/303 230/143/304
f 216/141/291 228/136/298 232/142/302
f 227/138/297 226/137/300 230/143/304 231/144/301
f 225/140/299 211/145/292 229/146/303
f 232/142/302 231/144/301 235/150/305 236/148/306
f 230/143/304 229/146/303 233/152/307 234/149/308
f 216/147/291 232/142/302 236/148/306
f 231/144/301 230/143/304 234/149/308 235/150/305
f 229/146/303 211/151/292 233/152/307
f 236/148/306 235/150/305 239/156/309 240/154/310
f 234/149/308 233/152/307 237/158/311 238/155/312
f 216/153/291 236/148/306 240/154/310
f 235/150/305 234/149/308 238/155/312 239/156/309
f 233/152/307 211/157/292 237/158/311
f 240/154/310 239/156/309 243/162/313 244/160/314
f 238/155/312 237/158/311 241/164/315 242/161/316
f 216/159/291 240/154/310 244/160/314
f 239/156/309 238/155/312 242/161/316 243/162/313
f 237/158/311 211/163/292 241/164/315
f 244/160/314 243/162/313 247/168/317 248/166/318
f 242/161/316 241/164/315 245/170/319 246/167/320
f 216/165/291 244/160/314 248/166/318
f 243/162/313 242/161/316 246/167/320 247/168/317
f 241/164/315 211/169/292 245/170/319
f 248/166/318 247/168/317 251/174/321 252/172/322
f 246/167/320 245/170/319 249/176/323 250/173/324
f 216/171/291 248/166/318 252/172/322
f 247/168/317 246/167/320 250/173/324 251/174/321
f 245/170/319 211/175/292 249/176/323
f 252/178/322 251/180/321 255/183/325 256/179/326
f 250/181/324 249/184/323 253/186/327 254/182/328
f 216/177/291 252/178/322 256/179/326
f 251/180/321 250/181/324 254/182/328 255/183/325
f 249/184/323 211/185/292 253/186/327
f 256/179/326 255/183/325 259/190/329 260/188/330
f 254/182/328 253/186/327 257/192/331 258/189/332
f 216/187/291 256/179/326 260/188/330
f 255/183/325 254/182/328 258/189/332 259/190/329
f 253/186/327 211/191/292 257/192/331
f 260/188/330 259/190/329 214/122/284 215/120/283
f 258/189/332 257/192/331 212/126/288 213/123/287
f 216/193/291 260/188/330 215/120/283
f 259/190/329 258/189/332 213/123/287 214/122/284
f 257/192/331 211/194/292 212/126/288
f 263/123/333 262/126/334 267/128/335 268/124/336
f 266/119/291 265/120/337 270/121/338
f 264/122/339 263/123/333 268/124/336 269/125/340
f 262/126/334 261/127/292 267/128/335
f 265/120/337 264/122/339 269/125/340 270/121/338
f 270/121/338 269/125/340 273/132/341 274/130/342
f 268/124/336 267/128/335 271/134/343 272/131/344
f 266/129/291 270/121/338 274/130/342
f 269/125/340 268/124/336 272/131/344 273/132/341
f 267/128/335 261/133/292 271/134/343
f 274/130/342 273/132/341 277/138/345 278/136/346
f 272/131/344 271/134/343 275/140/347 276/137/348
f 266/135/291 274/130/342 278/136/346
f 273/132/341 272/131/344 276/137/348 277/138/345
f 271/134/343 261/139/292 275/140/347
f 278/136/346 277/138/345 281/144/349 282/142/350
f 276/137/348 275/140/347 279/146/351 280/143/352
f 266/141/291 278/136/346 282/142/350
f 277/138/345 276/137/348 280/143/352 281/144/349
f 275/140/347 261/145/292 279/146/351
f 282/142/350 281/144/349 285/150/353 286/148/354
f 280/143/352 279/146/351 283/152/355 284/149/356
f 266/147/291 282/142/350 286/148/354
f 281/144/349 280/143/352 284/149/356 285/150/353
f 279/146/351 261/151/292 283/152/355
f 286/148/354 285/150/353 289/156/357 290/154/358
f 284/149/356 283/152/355 287/158/359 288/155/360
f 266/153/291 286/148/354 290/154/358
f 285/150/353 284/149/356 288/155/360 289/156/357
f 283/152/355 261/157/292 287/158/359
f 290/154/358 289/156/357 293/162/361 294/160/362
f 288/155/360 287/158/359 291/164/363 292/161/364
f 266/159/291 290/154/358 294/160/362
f 289/156/357 288/155/360 292/161/364 293/162/361
f 287/158/359 261/163/292 291/164/363
f 294/160/362 293/162/361 297/168/365 298/166/366
f 292/161/364 291/164/363 295/170/367 296/167/368
f 266/165/291 294/160/362 298/166/366
f 293/162/361 292/161/364 296/167/368 297/168/365
f 291/164/363 261/169/292 295/170/367
f 298/166/366 297/168/365 301/174/369 302/172/370
f 296/167/368 295/170/367 299/176/371 300/173/372
f 266/171/291 298/166/366 302/172/370
f 297/168/365 296/167/368 300/173/372 301/174/369
f 295/170/367 261/175/292 299/176/371
f 302/178/370 301/180/369 305/183/373 306/179/374
f 300/181/372 299/184/371 303/186/375 304/182/376
f 266/177/291 302/178/370 306/179/374
f 301/180/369 300/181/372 304/182/376 305/183/373
f 299/184/371 261/185/292 303/186/375
f 306/179/374 305/183/373 309/190/377 310/188/378
f 304/182/376 303/186/375 307/192/379 308/189/380
f 266/187/291 306/179/374 310/188/378
f 305/183/373 304/182/376 308/189/380 309/190/377
f 303/186/375 261/191/292 307/192/379
f 310/188/378 309/190/377 264/122/339 265/120/337
f 308/189/380 307/192/379 262/126/334 263/123/333
f 266/193/291 310/188/378 265/120/337
f 309/190/377 308/189/380 263/123/333 264/122/339
f 307/192/379 261/194/292 262/126/334
f 711/321/1610 712/322/1611 714/323/1612 713/324/1613
f 713/324/1613 714/323/1612 716/325/1614 715/326/1615
f 715/326/1615 716/325/1614 718/327/1616 717/328/1617
f 717/328/1617 718/327/1616 720/329/1618 719/330/1619
f 719/330/1619 720/329/1618 722/331/1620 721/332/1621
f 714/333/1612 712/334/1611 724/335/1622 722/336/1620 720/337/1618 718/338/1616 716/339/1614
f 721/332/1621 722/331/1620 724/340/1622 723/341/1623
f 723/341/1623 724/340/1622 712/342/1611 711/343/1610
f 711/344/1610 713/345/1613 715/346/1615 717/347/1617 719/348/1619 721/349/1621 723/350/1623
f 725/321/1624 726/322/1625 728/323/1626 727/324/1627
f 727/324/1627 728/323/1626 730/325/1628 729/326/1629
f 729/326/1629 730/325/1628 732/327/1630 731/328/1631
f 731/328/1631 732/327/1630 734/329/1632 733/330/1633
f 733/330/1633 734/329/1632 736/331/1634 735/332/1635
f 728/333/1626 726/334/1625 738/335/1636 736/336/1634 734/337/1632 732/338/1630 730/339/1628
f 735/332/1635 736/331/1634 738/340/1636 737/341/1637
f 737/341/1637 738/340/1636 726/342/1625 725/343/1624
f 725/344/1624 727/345/1627 729/346/1629 731/347/1631 733/348/1633 735/349/1635 737/350/1637
usemtl 01_Dark_Burgundy_Shell
f 92/119/87 91/120/88 96/121/89
f 90/122/90 89/123/91 94/124/92 95/125/93
f 88/126/94 87/127/95 93/128/96
f 91/120/88 90/122/90 95/125/93 96/121/89
f 89/123/91 88/126/94 93/128/96 94/124/92
f 92/129/87 96/121/89 100/130/97
f 95/125/93 94/124/92 98/131/98 99/132/99
f 93/128/96 87/133/95 97/134/100
f 96/121/89 95/125/93 99/132/99 100/130/97
f 94/124/92 93/128/96 97/134/100 98/131/98
f 92/135/87 100/130/97 104/136/101
f 99/132/99 98/131/98 102/137/102 103/138/103
f 97/134/100 87/139/95 101/140/104
f 100/130/97 99/132/99 103/138/103 104/136/101
f 98/131/98 97/134/100 101/140/104 102/137/102
f 92/141/87 104/136/101 108/142/105
f 103/138/103 102/137/102 106/143/106 107/144/107
f 101/140/104 87/145/95 105/146/108
f 104/136/101 103/138/103 107/144/107 108/142/105
f 102/137/102 101/140/104 105/146/108 106/143/106
f 92/147/87 108/142/105 112/148/109
f 107/144/107 106/143/106 110/149/110 111/150/111
f 105/146/108 87/151/95 109/152/112
f 108/142/105 107/144/107 111/150/111 112/148/109
f 106/143/106 105/146/108 109/152/112 110/149/110
f 92/153/87 112/148/109 116/154/113
f 111/150/111 110/149/110 114/155/114 115/156/115
f 109/152/112 87/157/95 113/158/116
f 112/148/109 111/150/111 115/156/115 116/154/113
f 110/149/110 109/152/112 113/158/116 114/155/114
f 92/159/87 116/154/113 120/160/117
f 115/156/115 114/155/114 118/161/118 119/162/119
f 113/158/116 87/163/95 117/164/120
f 116/154/113 115/156/115 119/162/119 120/160/117
f 114/155/114 113/158/116 117/164/120 118/161/118
f 92/165/87 120/160/117 124/166/121
f 119/162/119 118/161/118 122/167/122 123/168/123
f 117/164/120 87/169/95 121/170/124
f 120/160/117 119/162/119 123/168/123 124/166/121
f 118/161/118 117/164/120 121/170/124 122/167/122
f 92/171/87 124/166/121 128/172/125
f 123/168/123 122/167/122 126/173/126 127/174/127
f 121/170/124 87/175/95 125/176/128
f 124/166/121 123/168/123 127/174/127 128/172/125
f 122/167/122 121/170/124 125/176/128 126/173/126
f 92/177/87 128/178/125 132/179/129
f 127/180/127 126/181/126 130/182/130 131/183/131
f 125/184/128 87/185/95 129/186/132
f 128/178/125 127/180/127 131/183/131 132/179/129
f 126/181/126 125/184/128 129/186/132 130/182/130
f 92/187/87 132/179/129 136/188/133
f 131/183/131 130/182/130 134/189/134 135/190/135
f 129/186/132 87/191/95 133/192/136
f 132/179/129 131/183/131 135/190/135 136/188/133
f 130/182/130 129/186/132 133/192/136 134/189/134
f 92/193/87 136/188/133 91/120/88
f 135/190/135 134/189/134 89/123/91 90/122/90
f 133/192/136 87/194/95 88/126/94
f 136/188/133 135/190/135 90/122/90 91/120/88
f 134/189/134 133/192/136 88/126/94 89/123/91
s 0
f 471/195/807 472/196/808 473/197/809
f 474/198/810 475/199/811 476/200/812
f 477/201/813 478/202/814 479/203/815
f 480/204/816 481/205/817 482/206/818
f 483/207/819 484/208/820 485/209/821
f 486/210/822 487/211/823 488/212/824
f 489/213/825 490/214/826 491/215/827
f 492/216/828 493/217/829 494/218/830
f 477/201/831 471/195/832 473/197/833 478/202/834
f 472/219/835 474/220/836 476/221/837 473/222/838
f 475/223/839 480/204/840 482/206/841 476/221/842
f 481/205/843 479/224/844 478/225/845 482/206/846
f 489/213/847 477/201/848 479/203/849 490/214/850
f 480/204/851 492/216/852 494/218/853 481/205/854
f 493/217/855 491/215/856 490/214/857 494/218/858
f 483/207/859 489/213/860 491/215/861 484/208/862
f 492/216/863 486/210/864 488/212/865 493/217/866
f 487/211/867 485/209/868 484/208/869 488/212/870
f 471/195/871 483/207/872 485/209/873 472/196/874
f 486/210/875 475/199/876 474/198/877 487/211/878
f 477/201/879 489/213/880 483/207/881 471/195/882
f 473/222/213 476/221/214 482/206/215 478/225/216
f 485/209/883 487/211/884 474/198/885 472/226/886
f 492/216/887 480/227/888 475/228/889 486/210/890
f 479/224/891 481/205/892 494/218/893 490/214/894
f 491/215/229 493/217/230 488/212/231 484/208/232
f 519/195/991 520/196/992 521/197/993
f 522/198/994 523/199/995 524/200/996
f 525/201/997 526/202/998 527/203/999
f 528/204/1000 529/205/1001 530/206/1002
f 531/207/1003 532/208/1004 533/209/1005
f 534/210/1006 535/211/1007 536/212/1008
f 537/213/1009 538/214/1010 539/215/1011
f 540/216/1012 541/217/1013 542/218/1014
f 525/201/1015 519/195/1016 521/197/1017 526/202/1018
f 520/219/1019 522/220/1020 524/221/1021 521/222/1022
f 523/223/1023 528/204/1024 530/206/1025 524/221/1026
f 529/205/1027 527/224/1028 526/225/1029 530/206/1030
f 537/213/1031 525/201/1032 527/203/1033 538/214/1034
f 528/204/1035 540/216/1036 542/218/1037 529/205/1038
f 541/217/1039 539/215/1040 538/214/1041 542/218/1042
f 531/207/1043 537/213/1044 539/215/1045 532/208/1046
f 540/216/1047 534/210/1048 536/212/1049 541/217/1050
f 535/211/1051 533/209/1052 532/208/1053 536/212/1054
f 519/195/1055 531/207/1056 533/209/1057 520/196/1058
f 534/210/1059 523/199/1060 522/198/1061 535/211/1062
f 525/201/879 537/213/880 531/207/881 519/195/882
f 521/222/213 524/221/214 530/206/215 526/225/216
f 533/209/1063 535/211/884 522/198/885 520/226/1064
f 540/216/887 528/227/1065 523/228/889 534/210/890
f 527/224/1066 529/205/1067 542/218/1068 538/214/1069
f 539/215/229 541/217/230 536/212/231 532/208/232
f 567/195/1152 568/196/1153 569/197/1154
f 570/198/1155 571/199/1156 572/200/1157
f 573/201/1158 574/202/1159 575/203/1160
f 576/204/1161 577/205/1162 578/206/1163
f 579/207/1164 580/208/1165 581/209/1166
f 582/210/1167 583/211/1168 584/212/1169
f 585/213/1170 586/320/1171 587/215/1172
f 588/216/1173 589/217/1174 590/218/1175
f 573/201/1176 567/195/1177 569/197/1178 574/202/1179
f 568/219/1180 570/220/1181 572/221/1182 569/222/1183
f 571/223/1184 576/204/1185 578/206/1186 572/221/1187
f 577/205/1188 575/224/1189 574/225/1190 578/206/1191
f 585/213/1192 573/201/1193 575/203/1194 586/320/1195
f 576/204/1196 588/216/1197 590/218/1198 577/205/1199
f 589/217/1200 587/215/1201 586/320/1202 590/218/1203
f 579/207/1204 585/213/1205 587/215/1206 580/208/1207
f 588/216/1208 582/210/1209 584/212/1210 589/217/1211
f 583/211/1212 581/209/1213 580/208/1214 584/212/1215
f 567/195/1216 579/207/1217 581/209/1218 568/196/1219
f 582/210/1220 571/199/1221 570/198/1222 583/211/1223
f 573/201/1224 585/213/1225 579/207/1226 567/195/1227
f 569/222/213 572/221/214 578/206/215 574/225/216
f 581/209/883 583/211/884 570/198/885 568/226/886
f 588/216/1228 576/227/1229 571/228/1230 582/210/1231
f 575/224/1066 577/205/892 590/218/1068 586/320/894
f 587/215/229 589/217/230 584/212/231 580/208/232
f 615/195/1308 616/196/1309 617/197/1310
f 618/198/1311 619/199/1312 620/200/1313
f 621/201/1314 622/202/1315 623/203/1316
f 624/204/1317 625/205/1318 626/206/1319
f 627/207/1320 628/208/1321 629/209/1322
f 630/210/1323 631/211/1324 632/212/1325
f 633/213/1326 634/320/1327 635/215/1328
f 636/216/1329 637/217/1330 638/218/1331
f 621/201/1332 615/195/1333 617/197/1334 622/202/1335
f 616/219/1336 618/220/1337 620/221/1338 617/222/1339
f 619/223/1340 624/204/1341 626/206/1342 620/221/1343
f 625/205/1344 623/224/1345 622/225/1346 626/206/1347
f 633/213/1348 621/201/1349 623/203/1350 634/320/1351
f 624/204/1352 636/216/1353 638/218/1354 625/205/1355
f 637/217/1356 635/215/1357 634/320/1358 638/218/1359
f 627/207/1360 633/213/1361 635/215/1362 628/208/1363
f 636/216/1364 630/210/1365 632/212/1366 637/217/1367
f 631/211/1368 629/209/1369 628/208/1370 632/212/1371
f 615/195/1372 627/207/1373 629/209/1374 616/196/1375
f 630/210/1376 619/199/1377 618/198/1378 631/211/1379
f 621/201/879 633/213/880 627/207/881 615/195/882
f 617/222/213 620/221/214 626/206/215 622/225/216
f 629/209/1063 631/211/884 618/198/885 616/226/1064
f 636/216/887 624/227/888 619/228/889 630/210/890
f 623/224/891 625/205/892 638/218/1068 634/320/894
f 635/215/229 637/217/230 632/212/231 628/208/232
f 663/195/1454 664/196/1455 665/197/1456
f 666/198/1457 667/199/1458 668/200/1459
f 669/201/1460 670/202/1461 671/203/1462
f 672/204/1463 673/205/1464 674/206/1465
f 675/207/1466 676/208/1467 677/209/1468
f 678/210/1469 679/211/1470 680/212/1471
f 681/213/1472 682/320/1473 683/215/1474
f 684/216/1475 685/217/1476 686/218/1477
f 669/201/1478 663/195/1479 665/197/1480 670/202/1481
f 664/219/1482 666/220/1483 668/221/1484 665/222/1485
f 667/223/1486 672/204/1487 674/206/1488 668/221/1489
f 673/205/1490 671/224/1491 670/225/1492 674/206/1493
f 681/213/1494 669/201/1495 671/203/1496 682/320/1497
f 672/204/1498 684/216/1499 686/218/1500 673/205/1501
f 685/217/1502 683/215/1503 682/320/1504 686/218/1505
f 675/207/1506 681/213/1507 683/215/1508 676/208/1509
f 684/216/1510 678/210/1511 680/212/1512 685/217/1513
f 679/211/1514 677/209/1515 676/208/1516 680/212/1517
f 663/195/1518 675/207/1519 677/209/1520 664/196/1521
f 678/210/1522 667/199/1523 666/198/1524 679/211/1525
f 669/201/879 681/213/880 675/207/881 663/195/882
f 665/222/213 668/221/214 674/206/215 670/225/216
f 677/209/883 679/211/884 666/198/885 664/226/886
f 684/216/887 672/227/888 667/228/889 678/210/890
f 671/224/891 673/205/892 686/218/893 682/320/894
f 683/215/229 685/217/230 680/212/231 676/208/232
s 1
f 791/321/1680 792/322/1681 794/387/1682 793/388/1683
f 793/388/1683 794/387/1682 796/389/1684 795/390/1685
f 795/390/1685 796/389/1684 798/391/1686 797/392/1687
f 797/392/1687 798/391/1686 800/393/1688 799/394/1689
f 794/395/1682 792/334/1681 802/396/1690 800/397/1688 798/398/1686 796/399/1684
f 799/394/1689 800/393/1688 802/400/1690 801/401/1691
f 801/401/1691 802/400/1690 792/402/1681 791/403/1680
f 791/344/1680 793/404/1683 795/405/1685 797/406/1687 799/407/1689 801/408/1691
f 803/321/1692 804/322/1693 806/387/1694 805/388/1695
f 805/388/1695 806/387/1694 808/389/1696 807/390/1697
f 807/390/1697 808/389/1696 810/391/1698 809/392/1699
f 809/392/1699 810/391/1698 812/393/1700 811/394/1701
f 806/395/1694 804/334/1693 814/396/1702 812/397/1700 810/398/1698 808/399/1696
f 811/394/1701 812/393/1700 814/400/1702 813/401/1703
f 813/401/1703 814/400/1702 804/402/1693 803/403/1692
f 803/344/1692 805/404/1695 807/405/1697 809/406/1699 811/407/1701 813/408/1703
s 0
f 959/195/1918 960/196/1919 961/197/1920
f 962/198/1921 963/199/1922 964/200/1923
f 965/201/1924 966/202/1925 967/203/1926
f 968/204/1927 969/205/1928 970/206/1929
f 971/207/1930 972/208/1931 973/209/1932
f 974/210/1933 975/211/1934 976/212/1935
f 977/213/1936 978/214/1937 979/215/1938
f 980/216/1939 981/217/1940 982/218/1941
f 965/201/1942 959/195/1943 961/197/1944 966/202/1945
f 960/219/1946 962/220/1947 964/221/1948 961/222/1949
f 963/223/1950 968/204/1951 970/206/1952 964/221/1953
f 969/205/1954 967/224/1955 966/225/1956 970/206/1957
f 977/213/1958 965/201/1959 967/203/1960 978/214/1961
f 968/204/1962 980/216/1963 982/218/1964 969/205/1965
f 981/217/1966 979/215/1967 978/214/1968 982/218/1969
f 971/207/1970 977/213/1971 979/215/1972 972/208/1973
f 980/216/1974 974/210/1975 976/212/1976 981/217/1977
f 975/211/1978 973/209/1979 972/208/1980 976/212/1981
f 959/195/1982 971/207/1983 973/209/1984 960/196/1985
f 974/210/1986 963/199/1987 962/198/1988 975/211/1989
f 965/201/1990 977/213/1991 971/207/1992 959/195/1993
f 961/222/1994 964/221/1995 970/206/1996 966/225/1997
f 973/209/1998 975/211/1999 962/198/2000 960/226/2001
f 980/216/2002 968/227/2003 963/228/2004 974/210/2005
f 967/224/2006 969/205/2007 982/218/2008 978/214/2009
f 979/215/2010 981/217/2011 976/212/2012 972/208/2013
f 1007/195/2110 1008/196/2111 1009/197/2112
f 1010/198/2113 1011/199/2114 1012/200/2115
f 1013/201/2116 1014/202/2117 1015/203/2118
f 1016/204/2119 1017/205/2120 1018/206/2121
f 1019/207/2122 1020/208/2123 1021/209/2124
f 1022/210/2125 1023/211/2126 1024/212/2127
f 1025/213/2128 1026/320/2129 1027/215/2130
f 1028/216/2131 1029/217/2132 1030/218/2133
f 1013/201/2134 1007/195/2135 1009/197/2136 1014/202/2137
f 1008/219/2138 1010/220/2139 1012/221/2140 1009/222/2141
f 1011/223/2142 1016/204/2143 1018/206/2144 1012/221/2145
f 1017/205/2146 1015/224/2147 1014/225/2148 1018/206/2149
f 1025/213/2150 1013/201/2151 1015/203/2152 1026/320/2153
f 1016/204/2154 1028/216/2155 1030/218/2156 1017/205/2157
f 1029/217/2158 1027/215/2159 1026/320/2160 1030/218/2161
f 1019/207/2162 1025/213/2163 1027/215/2164 1020/208/2165
f 1028/216/2166 1022/210/2167 1024/212/2168 1029/217/2169
f 1023/211/2170 1021/209/2171 1020/208/2172 1024/212/2173
f 1007/195/2174 1019/207/2175 1021/209/2176 1008/196/2177
f 1022/210/2178 1011/199/2179 1010/198/2180 1023/211/2181
f 1013/201/2086 1025/213/2087 1019/207/2182 1007/195/2183
f 1009/222/2184 1012/221/2185 1018/206/2186 1014/225/2187
f 1021/209/2188 1023/211/2189 1010/198/2190 1008/226/2191
f 1028/216/2192 1016/227/2099 1011/228/2100 1022/210/2101
f 1015/224/2193 1017/205/2194 1030/218/2195 1026/320/2196
f 1027/215/2197 1029/217/2198 1024/212/2199 1020/208/2200
f 1055/195/2293 1056/196/2294 1057/197/2295
f 1058/198/2296 1059/199/2297 1060/200/2298
f 1061/201/2299 1062/202/2300 1063/203/2301
f 1064/204/2302 1065/205/2303 1066/206/2304
f 1067/207/2305 1068/208/2306 1069/209/2307
f 1070/210/2308 1071/211/2309 1072/212/2310
f 1073/213/2311 1074/320/2312 1075/215/2313
f 1076/216/2314 1077/217/2315 1078/218/2316
f 1061/201/2317 1055/195/2318 1057/197/2319 1062/202/2320
f 1056/219/2321 1058/220/2322 1060/221/2323 1057/222/2324
f 1059/223/2325 1064/204/2326 1066/206/2327 1060/221/2328
f 1065/205/2329 1063/224/2330 1062/225/2331 1066/206/2332
f 1073/213/2333 1061/201/2334 1063/203/2335 1074/320/2336
f 1064/204/2337 1076/216/2338 1078/218/2339 1065/205/2340
f 1077/217/2341 1075/215/2342 1074/320/2343 1078/218/2344
f 1067/207/2345 1073/213/2346 1075/215/2347 1068/208/2348
f 1076/216/2349 1070/210/2350 1072/212/2351 1077/217/2352
f 1071/211/2353 1069/209/2354 1068/208/2355 1072/212/2356
f 1055/195/2357 1067/207/2358 1069/209/2359 1056/196/2360
f 1070/210/2361 1059/199/2362 1058/198/2363 1071/211/2364
f 1061/201/2365 1073/213/2366 1067/207/2367 1055/195/2368
f 1057/222/2369 1060/221/2370 1066/206/2371 1062/225/2372
f 1069/209/2373 1071/211/2374 1058/198/2375 1056/226/2376
f 1076/216/2377 1064/227/2378 1059/228/2379 1070/210/2380
f 1063/224/2381 1065/205/2382 1078/218/2383 1074/320/2384
f 1075/215/2385 1077/217/2386 1072/212/2387 1068/208/2388
usemtl 04_Black_Claw_Tips_Eyes_Legs
f 137/195/137 138/196/138 139/197/139
f 140/198/140 141/199/141 142/200/142
f 143/201/143 144/202/144 145/203/145
f 146/204/146 147/205/147 148/206/148
f 149/207/149 150/208/150 151/209/151
f 152/210/152 153/211/153 154/212/154
f 155/213/155 156/214/156 157/215/157
f 158/216/158 159/217/159 160/218/160
f 143/201/161 137/195/162 139/197/163 144/202/164
f 138/219/165 140/220/166 142/221/167 139/222/168
f 141/223/169 146/204/170 148/206/171 142/221/172
f 147/205/173 145/224/174 144/225/175 148/206/176
f 155/213/177 143/201/178 145/203/179 156/214/180
f 146/204/181 158/216/182 160/218/183 147/205/184
f 159/217/185 157/215/186 156/214/187 160/218/188
f 149/207/189 155/213/190 157/215/191 150/208/192
f 158/216/193 152/210/194 154/212/195 159/217/196
f 153/211/197 151/209/198 150/208/199 154/212/200
f 137/195/201 149/207/202 151/209/203 138/196/204
f 152/210/205 141/199/206 140/198/207 153/211/208
f 143/201/209 155/213/210 149/207/211 137/195/212
f 139/222/213 142/221/214 148/206/215 144/225/216
f 151/209/217 153/211/218 140/198/219 138/226/220
f 158/216/221 146/227/222 141/228/223 152/210/224
f 145/224/225 147/205/226 160/218/227 156/214/228
f 157/215/229 159/217/230 154/212/231 150/208/232
s 1
f 315/229/291 314/230/381 318/231/382
f 313/232/383 312/233/384 316/234/385 317/235/386
f 314/230/381 313/232/383 317/235/386 318/231/382
f 312/233/384 311/236/292 316/234/385
f 318/231/382 317/235/386 320/237/387 321/238/388
f 316/234/385 311/239/292 319/240/389
f 315/241/291 318/231/382 321/238/388
f 317/235/386 316/234/385 319/240/389 320/237/387
f 320/237/387 319/240/389 322/242/390 323/243/391
f 321/238/388 320/237/387 323/243/391 324/244/392
f 319/240/389 311/245/292 322/242/390
f 315/246/291 321/238/388 324/244/392
f 315/247/291 324/244/392 327/248/393
f 323/243/391 322/242/390 325/249/394 326/250/395
f 324/244/392 323/243/391 326/250/395 327/248/393
f 322/242/390 311/251/292 325/249/394
f 315/62/291 327/248/393 330/252/396
f 326/250/395 325/249/394 328/253/397 329/254/398
f 327/248/393 326/250/395 329/254/398 330/252/396
f 325/249/394 311/57/292 328/253/397
f 315/255/291 330/252/396 333/256/399
f 329/254/398 328/253/397 331/257/400 332/258/401
f 330/252/396 329/254/398 332/258/401 333/256/399
f 328/253/397 311/259/292 331/257/400
f 315/260/291 333/256/399 336/261/402
f 332/258/401 331/257/400 334/262/403 335/263/404
f 333/256/399 332/258/401 335/263/404 336/261/402
f 331/257/400 311/264/292 334/262/403
f 334/265/403 311/266/292 337/267/405
f 315/268/291 336/269/402 339/270/406
f 335/271/404 334/265/403 337/267/405 338/272/407
f 336/269/402 335/271/404 338/272/407 339/270/406
f 339/270/406 338/272/407 341/273/408 342/274/409
f 337/267/405 311/275/292 340/276/410
f 315/277/291 339/270/406 342/274/409
f 338/272/407 337/267/405 340/276/410 341/273/408
f 342/274/409 341/273/408 313/232/383 314/230/381
f 340/276/410 311/278/292 312/233/384
f 315/279/291 342/274/409 314/230/381
f 341/273/408 340/276/410 312/233/384 313/232/383
f 346/230/381 345/232/411 349/235/412 350/231/382
f 344/233/384 343/236/292 348/234/413
f 347/229/291 346/230/381 350/231/382
f 345/232/411 344/233/384 348/234/413 349/235/412
f 350/231/382 349/235/412 352/237/414 353/238/415
f 348/234/413 343/239/292 351/240/416
f 347/241/291 350/231/382 353/238/415
f 349/235/412 348/234/413 351/240/416 352/237/414
f 353/238/415 352/237/414 355/243/391 356/244/417
f 351/240/416 343/245/292 354/242/390
f 347/246/291 353/238/415 356/244/417
f 352/237/414 351/240/416 354/242/390 355/243/391
f 356/244/417 355/243/391 358/250/395 359/248/393
f 354/242/390 343/251/292 357/249/394
f 347/247/291 356/244/417 359/248/393
f 355/243/391 354/242/390 357/249/394 358/250/395
f 359/248/393 358/250/395 361/254/398 362/252/396
f 357/249/394 343/57/292 360/253/397
f 347/62/291 359/248/393 362/252/396
f 358/250/395 357/249/394 360/253/397 361/254/398
f 361/254/398 360/253/397 363/257/400 364/258/401
f 362/252/396 361/254/398 364/258/401 365/256/399
f 360/253/397 343/259/292 363/257/400
f 347/255/291 362/252/396 365/256/399
f 347/260/291 365/256/399 368/261/418
f 364/258/401 363/257/400 366/262/403 367/263/404
f 365/256/399 364/258/401 367/263/404 368/261/418
f 363/257/400 343/264/292 366/262/403
f 347/268/291 368/269/418 371/270/419
f 367/271/404 366/265/403 369/267/420 370/272/421
f 368/269/418 367/271/404 370/272/421 371/270/419
f 366/265/403 343/266/292 369/267/420
f 347/277/291 371/270/419 374/274/409
f 370/272/421 369/267/420 372/276/410 373/273/422
f 371/270/419 370/272/421 373/273/422 374/274/409
f 369/267/420 343/275/292 372/276/410
f 347/279/291 374/274/409 346/230/381
f 373/273/422 372/276/410 344/233/384 345/232/411
f 374/274/409 373/273/422 345/232/411 346/230/381
f 372/276/410 343/278/292 344/233/384
s 0
f 423/280/615 424/281/616 425/282/617
f 426/283/618 427/284/619 428/285/620
f 429/286/621 430/287/622 431/288/623
f 432/289/624 433/290/625 434/291/626
f 435/314/627 436/293/628 437/294/629
f 438/295/630 439/296/631 440/315/632
f 441/298/633 442/299/634 443/300/635
f 444/301/636 445/302/637 446/303/638
f 429/286/639 423/280/640 425/282/641 430/287/642
f 424/304/643 426/305/644 428/316/645 425/317/646
f 427/318/647 432/289/648 434/291/649 428/316/650
f 433/290/651 431/309/652 430/310/653 434/291/654
f 441/298/655 429/286/656 431/288/657 442/299/658
f 432/289/659 444/301/660 446/303/661 433/290/662
f 445/302/663 443/300/664 442/299/665 446/303/666
f 435/314/667 441/298/668 443/300/669 436/293/670
f 444/301/671 438/295/672 440/315/673 445/302/674
f 439/296/675 437/294/676 436/293/677 440/315/678
f 423/280/679 435/314/680 437/294/681 424/281/682
f 438/295/683 427/284/684 426/283/685 439/296/686
f 429/286/687 441/298/688 435/314/689 423/280/690
f 425/317/691 428/316/692 434/291/693 430/310/694
f 437/294/695 439/296/696 426/283/697 424/311/698
f 444/301/699 432/312/700 427/319/701 438/295/702
f 431/309/703 433/290/704 446/303/705 442/299/706
f 443/300/707 445/302/708 440/315/709 436/293/710
f 447/280/711 448/281/712 449/282/713
f 450/283/714 451/284/715 452/285/716
f 453/286/717 454/287/718 455/288/719
f 456/289/720 457/290/721 458/291/722
f 459/314/723 460/293/724 461/294/725
f 462/295/726 463/296/727 464/315/728
f 465/298/729 466/299/730 467/300/731
f 468/301/732 469/302/733 470/303/734
f 453/286/735 447/280/736 449/282/737 454/287/738
f 448/304/739 450/305/740 452/316/741 449/317/742
f 451/318/743 456/289/744 458/291/745 452/316/746
f 457/290/747 455/309/748 454/310/749 458/291/750
f 465/298/751 453/286/752 455/288/753 466/299/754
f 456/289/755 468/301/756 470/303/757 457/290/758
f 469/302/759 467/300/760 466/299/761 470/303/762
f 459/314/763 465/298/764 467/300/765 460/293/766
f 468/301/767 462/295/768 464/315/769 469/302/770
f 463/296/771 461/294/772 460/293/773 464/315/774
f 447/280/775 459/314/776 461/294/777 448/281/778
f 462/295/779 451/284/780 450/283/781 463/296/782
f 453/286/783 465/298/784 459/314/785 447/280/786
f 449/317/787 452/316/788 458/291/789 454/310/790
f 461/294/791 463/296/792 450/283/793 448/311/794
f 468/301/795 456/312/796 451/319/797 462/295/798
f 455/309/799 457/290/800 470/303/801 466/299/802
f 467/300/803 469/302/804 464/315/805 460/293/806
s 1
f 743/351/1638 742/352/1639 746/353/1640
f 741/354/411 740/355/1641 744/356/1642 745/357/1643
f 742/352/1639 741/354/411 745/357/1643 746/353/1640
f 740/355/1641 739/358/1644 744/356/1642
f 745/357/1643 744/356/1642 747/240/1645 748/237/1646
f 746/353/1640 745/357/1643 748/237/1646 749/238/1647
f 744/356/1642 739/359/1644 747/240/1645
f 743/360/1638 746/353/1640 749/238/1647
f 743/361/1638 749/238/1647 752/362/1648
f 748/237/1646 747/240/1645 750/363/1649 751/364/1650
f 749/238/1647 748/237/1646 751/364/1650 752/362/1648
f 747/240/1645 739/365/1644 750/363/1649
f 743/366/1638 752/362/1648 755/367/1651
f 751/364/1650 750/363/1649 753/368/1652 754/369/1653
f 752/362/1648 751/364/1650 754/369/1653 755/367/1651
f 750/363/1649 739/370/1644 753/368/1652
f 743/371/1638 755/367/1651 758/372/1654
f 754/369/1653 753/368/1652 756/373/1655 757/374/1656
f 755/367/1651 754/369/1653 757/374/1656 758/372/1654
f 753/368/1652 739/375/1644 756/373/1655
f 743/376/1638 758/372/1654 761/261/1657
f 757/374/1656 756/373/1655 759/262/1658 760/263/1659
f 758/372/1654 757/374/1656 760/263/1659 761/261/1657
f 756/373/1655 739/377/1644 759/262/1658
f 759/378/1658 739/379/1644 762/380/1660
f 743/381/1638 761/382/1657 764/383/1661
f 760/321/1659 759/378/1658 762/380/1660 763/384/1662
f 761/382/1657 760/321/1659 763/384/1662 764/383/1661
f 764/383/1661 763/384/1662 741/354/411 742/352/1639
f 762/380/1660 739/385/1644 740/355/1641
f 743/386/1638 764/383/1661 742/352/1639
f 763/384/1662 762/380/1660 740/355/1641 741/354/411
f 769/351/1638 768/352/1663 772/353/1664
f 767/354/411 766/355/1665 770/356/1666 771/357/1667
f 768/352/1663 767/354/411 771/357/1667 772/353/1664
f 766/355/1665 765/358/1644 770/356/1666
f 772/353/1664 771/357/1667 774/237/1668 775/238/1647
f 770/356/1666 765/359/1644 773/240/1669
f 769/360/1638 772/353/1664 775/238/1647
f 771/357/1667 770/356/1666 773/240/1669 774/237/1668
f 774/237/1668 773/240/1669 776/363/1670 777/364/1671
f 775/238/1647 774/237/1668 777/364/1671 778/362/1672
f 773/240/1669 765/365/1644 776/363/1670
f 769/361/1638 775/238/1647 778/362/1672
f 769/366/1638 778/362/1672 781/367/1673
f 777/364/1671 776/363/1670 779/368/1652 780/369/1653
f 778/362/1672 777/364/1671 780/369/1653 781/367/1673
f 776/363/1670 765/370/1644 779/368/1652
f 769/371/1638 781/367/1673 784/372/1674
f 780/369/1653 779/368/1652 782/373/1655 783/374/1675
f 781/367/1673 780/369/1653 783/374/1675 784/372/1674
f 779/368/1652 765/375/1644 782/373/1655
f 769/376/1638 784/372/1674 787/261/1676
f 783/374/1675 782/373/1655 785/262/1658 786/263/1659
f 784/372/1674 783/374/1675 786/263/1659 787/261/1676
f 782/373/1655 765/377/1644 785/262/1658
f 769/381/1638 787/382/1676 790/383/1677
f 786/321/1659 785/378/1658 788/380/1678 789/384/1679
f 787/382/1676 786/321/1659 789/384/1679 790/383/1677
f 785/378/1658 765/379/1644 788/380/1678
f 788/380/1678 765/385/1644 766/355/1665
f 769/386/1638 790/383/1677 768/352/1663
f 789/384/1679 788/380/1678 766/355/1665 767/354/411
f 790/383/1677 789/384/1679 767/354/411 768/352/1663
f 839/321/1728 840/322/1729 842/387/1730 841/388/1731
f 841/388/1731 842/387/1730 844/389/1732 843/390/1733
f 843/390/1733 844/389/1732 846/391/1734 845/392/1735
f 845/392/1735 846/391/1734 848/393/1736 847/394/1737
f 842/395/1730 840/334/1729 850/396/1738 848/397/1736 846/409/1734 844/399/1732
f 847/394/1737 848/393/1736 850/400/1738 849/401/1739
f 849/401/1739 850/400/1738 840/402/1729 839/403/1728
f 839/344/1728 841/404/1731 843/405/1733 845/410/1735 847/407/1737 849/408/1739
f 851/321/1740 852/322/1741 854/387/1742 853/388/1743
f 853/388/1743 854/387/1742 856/389/1744 855/390/1745
f 855/390/1745 856/389/1744 858/391/1746 857/392/1747
f 857/392/1747 858/391/1746 860/393/1748 859/394/1749
f 854/395/1742 852/334/1741 862/396/1750 860/397/1748 858/409/1746 856/399/1744
f 859/394/1749 860/393/1748 862/400/1750 861/401/1751
f 861/401/1751 862/400/1750 852/402/1741 851/403/1740
f 851/344/1740 853/404/1743 855/405/1745 857/410/1747 859/407/1749 861/408/1751
f 863/321/1752 864/322/1753 866/387/1754 865/388/1755
f 865/388/1755 866/387/1754 868/389/1756 867/390/1757
f 867/390/1757 868/389/1756 870/391/1758 869/392/1759
f 869/392/1759 870/391/1758 872/393/1760 871/394/1761
f 866/395/1754 864/334/1753 874/396/1762 872/397/1760 870/409/1758 868/399/1756
f 871/394/1761 872/393/1760 874/400/1762 873/401/1763
f 873/401/1763 874/400/1762 864/402/1753 863/403/1752
f 863/344/1752 865/404/1755 867/405/1757 869/410/1759 871/407/1761 873/408/1763
f 875/321/1740 876/322/1764 878/387/1765 877/388/1766
f 877/388/1766 878/387/1765 880/389/1767 879/390/1768
f 879/390/1768 880/389/1767 882/391/1769 881/392/1770
f 881/392/1770 882/391/1769 884/393/1748 883/394/1771
f 878/395/1765 876/334/1764 886/396/1772 884/397/1748 882/409/1769 880/399/1767
f 883/394/1771 884/393/1748 886/400/1772 885/401/1773
f 885/401/1773 886/400/1772 876/402/1764 875/403/1740
f 875/344/1740 877/404/1766 879/405/1768 881/410/1770 883/407/1771 885/408/1773
f 887/321/1774 888/322/1775 890/387/1776 889/388/1777
f 889/388/1777 890/387/1776 892/389/1778 891/390/1779
f 891/390/1779 892/389/1778 894/391/1780 893/392/1781
f 893/392/1781 894/391/1780 896/393/1782 895/394/1783
f 890/395/1776 888/334/1775 898/396/1784 896/397/1782 894/409/1780 892/399/1778
f 895/394/1783 896/393/1782 898/400/1784 897/401/1785
f 897/401/1785 898/400/1784 888/402/1775 887/403/1774
f 887/344/1774 889/404/1777 891/405/1779 893/410/1781 895/407/1783 897/408/1785
f 899/321/1786 900/322/1787 902/387/1788 901/388/1789
f 901/388/1789 902/387/1788 904/389/1790 903/390/1791
f 903/390/1791 904/389/1790 906/391/1792 905/392/1793
f 905/392/1793 906/391/1792 908/393/1794 907/394/1795
f 902/395/1788 900/334/1787 910/396/1796 908/397/1794 906/409/1792 904/399/1790
f 907/394/1795 908/393/1794 910/400/1796 909/401/1797
f 909/401/1797 910/400/1796 900/402/1787 899/403/1786
f 899/344/1786 901/404/1789 903/405/1791 905/410/1793 907/407/1795 909/408/1797
f 911/321/1798 912/322/1799 914/387/1800 913/388/1801
f 913/388/1801 914/387/1800 916/389/1802 915/390/1803
f 915/390/1803 916/389/1802 918/391/1804 917/392/1805
f 917/392/1805 918/391/1804 920/393/1806 919/394/1807
f 914/395/1800 912/334/1799 922/396/1808 920/397/1806 918/409/1804 916/399/1802
f 919/394/1807 920/393/1806 922/400/1808 921/401/1809
f 921/401/1809 922/400/1808 912/402/1799 911/403/1798
f 911/344/1798 913/404/1801 915/405/1803 917/410/1805 919/407/1807 921/408/1809
f 923/321/1810 924/322/1811 926/387/1812 925/388/1813
f 925/388/1813 926/387/1812 928/389/1814 927/390/1815
f 927/390/1815 928/389/1814 930/391/1816 929/392/1817
f 929/392/1817 930/391/1816 932/393/1818 931/394/1819
f 926/395/1812 924/334/1811 934/396/1820 932/397/1818 930/409/1816 928/399/1814
f 931/394/1819 932/393/1818 934/400/1820 933/401/1821
f 933/401/1821 934/400/1820 924/402/1811 923/403/1810
f 923/344/1810 925/404/1813 927/405/1815 929/410/1817 931/407/1819 933/408/1821
s 0
f 935/280/1822 936/281/1823 937/282/1824
f 938/283/1825 939/284/1826 940/285/1827
f 941/286/1828 942/287/1829 943/288/1830
f 944/289/1831 945/290/1832 946/291/1833
f 947/314/1834 948/293/1835 949/294/1836
f 950/295/1837 951/296/1838 952/315/1839
f 953/298/1840 954/299/1841 955/300/1842
f 956/301/1843 957/302/1844 958/303/1845
f 941/286/1846 935/280/1847 937/282/1848 942/287/1849
f 936/304/1850 938/305/1851 940/316/1852 937/317/1853
f 939/318/1854 944/289/1855 946/291/1856 940/316/1857
f 945/290/1858 943/309/1859 942/310/1860 946/291/1861
f 953/298/1862 941/286/1863 943/288/1864 954/299/1865
f 944/289/1866 956/301/1867 958/303/1868 945/290/1869
f 957/302/1870 955/300/1871 954/299/1872 958/303/1873
f 947/314/1874 953/298/1875 955/300/1876 948/293/1877
f 956/301/1878 950/295/1879 952/315/1880 957/302/1881
f 951/296/1882 949/294/1883 948/293/1884 952/315/1885
f 935/280/1886 947/314/1887 949/294/1888 936/281/1889
f 950/295/1890 939/284/1891 938/283/1892 951/296/1893
f 941/286/1894 953/298/1895 947/314/1896 935/280/1897
f 937/317/1898 940/316/1899 946/291/1900 942/310/1901
f 949/294/1902 951/296/1903 938/283/1904 936/311/1905
f 956/301/1906 944/312/1907 939/319/1908 950/295/1909
f 943/309/1910 945/290/1911 958/303/1912 954/299/1913
f 955/300/1914 957/302/1915 952/315/1916 948/293/1917
s 1
usemtl 03_Light_Red_Orange_Highlight
f 163/123/233 162/126/234 167/128/235 168/124/236
f 166/119/237 165/120/238 170/121/239
f 164/122/240 163/123/233 168/124/236 169/125/241
f 162/126/234 161/127/242 167/128/235
f 165/120/238 164/122/240 169/125/241 170/121/239
f 170/121/239 169/125/241 173/132/243 174/130/244
f 168/124/236 167/128/235 171/134/245 172/131/246
f 166/129/237 170/121/239 174/130/244
f 169/125/241 168/124/236 172/131/246 173/132/243
f 167/128/235 161/133/242 171/134/245
f 174/130/244 173/132/243 177/138/247 178/136/248
f 172/131/246 171/134/245 175/140/249 176/137/250
f 166/135/237 174/130/244 178/136/248
f 173/132/243 172/131/246 176/137/250 177/138/247
f 171/134/245 161/139/242 175/140/249
f 178/136/248 177/138/247 181/144/251 182/142/252
f 176/137/250 175/140/249 179/146/253 180/143/254
f 166/141/237 178/136/248 182/142/252
f 177/138/247 176/137/250 180/143/254 181/144/251
f 175/140/249 161/145/242 179/146/253
f 182/142/252 181/144/251 185/150/255 186/148/256
f 180/143/254 179/146/253 183/152/257 184/149/258
f 166/147/237 182/142/252 186/148/256
f 181/144/251 180/143/254 184/149/258 185/150/255
f 179/146/253 161/151/242 183/152/257
f 186/148/256 185/150/255 189/156/259 190/154/260
f 184/149/258 183/152/257 187/158/261 188/155/262
f 166/153/237 186/148/256 190/154/260
f 185/150/255 184/149/258 188/155/262 189/156/259
f 183/152/257 161/157/242 187/158/261
f 190/154/260 189/156/259 193/162/263 194/160/264
f 188/155/262 187/158/261 191/164/265 192/161/266
f 166/159/237 190/154/260 194/160/264
f 189/156/259 188/155/262 192/161/266 193/162/263
f 187/158/261 161/163/242 191/164/265
f 194/160/264 193/162/263 197/168/267 198/166/268
f 192/161/266 191/164/265 195/170/269 196/167/270
f 166/165/237 194/160/264 198/166/268
f 193/162/263 192/161/266 196/167/270 197/168/267
f 191/164/265 161/169/242 195/170/269
f 198/166/268 197/168/267 201/174/271 202/172/272
f 196/167/270 195/170/269 199/176/273 200/173/274
f 166/171/237 198/166/268 202/172/272
f 197/168/267 196/167/270 200/173/274 201/174/271
f 195/170/269 161/175/242 199/176/273
f 202/178/272 201/180/271 205/183/275 206/179/276
f 200/181/274 199/184/273 203/186/277 204/182/278
f 166/177/237 202/178/272 206/179/276
f 201/180/271 200/181/274 204/182/278 205/183/275
f 199/184/273 161/185/242 203/186/277
f 206/179/276 205/183/275 209/190/279 210/188/280
f 204/182/278 203/186/277 207/192/281 208/189/282
f 166/187/237 206/179/276 210/188/280
f 205/183/275 204/182/278 208/189/282 209/190/279
f 203/186/277 161/191/242 207/192/281
f 210/188/280 209/190/279 164/122/240 165/120/238
f 208/189/282 207/192/281 162/126/234 163/123/233
f 166/193/237 210/188/280 165/120/238
f 209/190/279 208/189/282 163/123/233 164/122/240
f 207/192/281 161/194/242 162/126/234
s 0
f 375/280/423 376/281/424 377/282/425
f 378/283/426 379/284/427 380/285/428
f 381/286/429 382/287/430 383/288/431
f 384/289/432 385/290/433 386/291/434
f 387/292/435 388/293/436 389/294/437
f 390/295/438 391/296/439 392/297/440
f 393/298/441 394/299/442 395/300/443
f 396/301/444 397/302/445 398/303/446
f 381/286/447 375/280/448 377/282/449 382/287/450
f 376/304/451 378/305/452 380/306/453 377/307/454
f 379/308/455 384/289/456 386/291/457 380/306/458
f 385/290/459 383/309/460 382/310/461 386/291/462
f 393/298/463 381/286/464 383/288/465 394/299/466
f 384/289/467 396/301/468 398/303/469 385/290/470
f 397/302/471 395/300/472 394/299/473 398/303/474
f 387/292/475 393/298/476 395/300/477 388/293/478
f 396/301/479 390/295/480 392/297/481 397/302/482
f 391/296/483 389/294/484 388/293/485 392/297/486
f 375/280/487 387/292/488 389/294/489 376/281/490
f 390/295/491 379/284/492 378/283/493 391/296/494
f 381/286/495 393/298/496 387/292/497 375/280/498
f 377/307/499 380/306/500 386/291/501 382/310/502
f 389/294/503 391/296/504 378/283/505 376/311/506
f 396/301/507 384/312/508 379/313/509 390/295/510
f 383/309/511 385/290/512 398/303/513 394/299/514
f 395/300/515 397/302/516 392/297/517 388/293/518
f 399/280/519 400/281/520 401/282/521
f 402/283/522 403/284/523 404/285/524
f 405/286/525 406/287/526 407/288/527
f 408/289/528 409/290/529 410/291/530
f 411/292/531 412/293/532 413/294/533
f 414/295/534 415/296/535 416/297/536
f 417/298/537 418/299/538 419/300/539
f 420/301/540 421/302/541 422/303/542
f 405/286/543 399/280/544 401/282/545 406/287/546
f 400/304/547 402/305/548 404/306/549 401/307/550
f 403/308/551 408/289/552 410/291/553 404/306/554
f 409/290/555 407/309/556 406/310/557 410/291/558
f 417/298/559 405/286/560 407/288/561 418/299/562
f 408/289/563 420/301/564 422/303/565 409/290/566
f 421/302/567 419/300/568 418/299/569 422/303/570
f 411/292/571 417/298/572 419/300/573 412/293/574
f 420/301/575 414/295/576 416/297/577 421/302/578
f 415/296/579 413/294/580 412/293/581 416/297/582
f 399/280/583 411/292/584 413/294/585 400/281/586
f 414/295/587 403/284/588 402/283/589 415/296/590
f 405/286/591 417/298/592 411/292/593 399/280/594
f 401/307/595 404/306/596 410/291/597 406/310/598
f 413/294/599 415/296/600 402/283/601 400/311/602
f 420/301/603 408/312/604 403/313/605 414/295/606
f 407/309/607 409/290/608 422/303/609 418/299/610
f 419/300/611 421/302/612 416/297/613 412/293/614
f 495/280/895 496/281/896 497/282/897
f 498/283/898 499/284/899 500/285/900
f 501/286/901 502/287/902 503/288/903
f 504/289/904 505/290/905 506/291/906
f 507/314/907 508/293/908 509/294/909
f 510/295/910 511/296/911 512/315/912
f 513/298/913 514/299/914 515/300/915
f 516/301/916 517/302/917 518/303/918
f 501/286/919 495/280/920 497/282/921 502/287/922
f 496/304/923 498/305/924 500/316/925 497/317/926
f 499/318/927 504/289/928 506/291/929 500/316/930
f 505/290/931 503/309/932 502/310/933 506/291/934
f 513/298/935 501/286/936 503/288/937 514/299/938
f 504/289/939 516/301/940 518/303/941 505/290/942
f 517/302/943 515/300/944 514/299/945 518/303/946
f 507/314/947 513/298/948 515/300/949 508/293/950
f 516/301/951 510/295/952 512/315/953 517/302/954
f 511/296/955 509/294/956 508/293/957 512/315/958
f 495/280/959 507/314/960 509/294/961 496/281/962
f 510/295/963 499/284/964 498/283/965 511/296/966
f 501/286/967 513/298/968 507/314/969 495/280/970
f 497/317/971 500/316/972 506/291/973 502/310/974
f 509/294/975 511/296/976 498/283/977 496/311/978
f 516/301/979 504/312/980 499/319/981 510/295/982
f 503/309/983 505/290/984 518/303/985 514/299/986
f 515/300/987 517/302/988 512/315/989 508/293/990
f 543/280/1070 544/281/1071 545/282/1072
f 546/283/1073 547/284/1074 548/285/1075
f 549/286/1076 550/287/1077 551/288/1078
f 552/289/1079 553/290/1080 554/291/1081
f 555/314/1082 556/293/1083 557/294/1084
f 558/295/1085 559/296/1086 560/315/1087
f 561/298/1088 562/299/1089 563/300/1090
f 564/301/1091 565/302/1092 566/303/1093
f 549/286/1094 543/280/1095 545/282/1096 550/287/1097
f 544/304/1098 546/305/1099 548/316/1100 545/317/1101
f 547/318/1102 552/289/1103 554/291/1104 548/316/1105
f 553/290/1106 551/309/1107 550/310/1108 554/291/1109
f 561/298/1110 549/286/1111 551/288/1112 562/299/1113
f 552/289/1114 564/301/1115 566/303/1116 553/290/1117
f 565/302/1118 563/300/1119 562/299/1120 566/303/1121
f 555/314/1122 561/298/1123 563/300/1124 556/293/1125
f 564/301/1126 558/295/1127 560/315/1128 565/302/1129
f 559/296/1130 557/294/1131 556/293/1132 560/315/1133
f 543/280/1134 555/314/1135 557/294/1136 544/281/1137
f 558/295/1138 547/284/1139 546/283/1140 559/296/1141
f 549/286/967 561/298/1142 555/314/969 543/280/970
f 545/317/971 548/316/972 554/291/973 550/310/974
f 557/294/1143 559/296/1144 546/283/1145 544/311/1146
f 564/301/979 552/312/1147 547/319/1148 558/295/1149
f 551/309/1150 553/290/984 566/303/1151 562/299/986
f 563/300/987 565/302/988 560/315/989 556/293/990
f 591/280/1232 592/281/1233 593/282/1234
f 594/283/1235 595/284/1236 596/285/1237
f 597/286/1238 598/287/1239 599/288/1240
f 600/289/1241 601/290/1242 602/291/1243
f 603/314/1244 604/293/1245 605/294/1246
f 606/295/1247 607/296/1248 608/315/1249
f 609/298/1250 610/299/1251 611/300/1252
f 612/301/1253 613/302/1254 614/303/1255
f 597/286/1256 591/280/1257 593/282/1258 598/287/1259
f 592/304/1260 594/305/1261 596/316/1262 593/317/1263
f 595/318/1264 600/289/1265 602/291/1266 596/316/1267
f 601/290/1268 599/309/1269 598/310/1270 602/291/1271
f 609/298/1272 597/286/1273 599/288/1274 610/299/1275
f 600/289/1276 612/301/1277 614/303/1278 601/290/1279
f 613/302/1280 611/300/1281 610/299/1282 614/303/1283
f 603/314/1284 609/298/1285 611/300/1286 604/293/1287
f 612/301/1288 606/295/1289 608/315/1290 613/302/1291
f 607/296/1292 605/294/1293 604/293/1294 608/315/1295
f 591/280/1296 603/314/1297 605/294/1298 592/281/1299
f 606/295/1300 595/284/1301 594/283/1302 607/296/1303
f 597/286/967 609/298/1142 603/314/969 591/280/970
f 593/317/971 596/316/972 602/291/973 598/310/974
f 605/294/1143 607/296/1304 594/283/1305 592/311/1146
f 612/301/979 600/312/1147 595/319/1148 606/295/1149
f 599/309/1150 601/290/1306 614/303/1151 610/299/1307
f 611/300/987 613/302/988 608/315/989 604/293/990
f 639/280/1380 640/281/1381 641/282/1382
f 642/283/1383 643/284/1384 644/285/1385
f 645/286/1386 646/287/1387 647/288/1388
f 648/289/1389 649/290/1390 650/291/1391
f 651/314/1392 652/293/1393 653/294/1394
f 654/295/1395 655/296/1396 656/315/1397
f 657/298/1398 658/299/1399 659/300/1400
f 660/301/1401 661/302/1402 662/303/1403
f 645/286/1404 639/280/1405 641/282/1406 646/287/1407
f 640/304/1408 642/305/1409 644/316/1410 641/317/1411
f 643/318/1412 648/289/1413 650/291/1414 644/316/1415
f 649/290/1416 647/309/1417 646/310/1418 650/291/1419
f 657/298/1420 645/286/1421 647/288/1422 658/299/1423
f 648/289/1424 660/301/1425 662/303/1426 649/290/1427
f 661/302/1428 659/300/1429 658/299/1430 662/303/1431
f 651/314/1432 657/298/1433 659/300/1434 652/293/1435
f 660/301/1436 654/295/1437 656/315/1438 661/302/1439
f 655/296/1440 653/294/1441 652/293/1442 656/315/1443
f 639/280/1444 651/314/1445 653/294/1446 640/281/1447
f 654/295/1448 643/284/1449 642/283/1450 655/296/1451
f 645/286/967 657/298/1142 651/314/969 639/280/970
f 641/317/971 644/316/972 650/291/973 646/310/974
f 653/294/1143 655/296/1144 642/283/1145 640/311/1146
f 660/301/979 648/312/1147 643/319/1148 654/295/1149
f 647/309/983 649/290/1452 662/303/985 658/299/1453
f 659/300/987 661/302/988 656/315/989 652/293/990
f 687/280/1526 688/281/1527 689/282/1528
f 690/283/1529 691/284/1530 692/285/1531
f 693/286/1532 694/287/1533 695/288/1534
f 696/289/1535 697/290/1536 698/291/1537
f 699/314/1538 700/293/1539 701/294/1540
f 702/295/1541 703/296/1542 704/315/1543
f 705/298/1544 706/299/1545 707/300/1546
f 708/301/1547 709/302/1548 710/303/1549
f 693/286/1550 687/280/1551 689/282/1552 694/287/1553
f 688/304/1554 690/305/1555 692/316/1556 689/317/1557
f 691/318/1558 696/289/1559 698/291/1560 692/316/1561
f 697/290/1562 695/309/1563 694/310/1564 698/291/1565
f 705/298/1566 693/286/1567 695/288/1568 706/299/1569
f 696/289/1570 708/301/1571 710/303/1572 697/290/1573
f 709/302/1574 707/300/1575 706/299/1576 710/303/1577
f 699/314/1578 705/298/1579 707/300/1580 700/293/1581
f 708/301/1582 702/295/1583 704/315/1584 709/302/1585
f 703/296/1586 701/294/1587 700/293/1588 704/315/1589
f 687/280/1590 699/314/1591 701/294/1592 688/281/1593
f 702/295/1594 691/284/1595 690/283/1596 703/296/1597
f 693/286/1598 705/298/1599 699/314/1600 687/280/1601
f 689/317/971 692/316/972 698/291/973 694/310/974
f 701/294/1602 703/296/1603 690/283/1604 688/311/1605
f 708/301/1606 696/312/1607 691/319/1608 702/295/1609
f 695/309/983 697/290/1452 710/303/985 706/299/1453
f 707/300/987 709/302/988 704/315/989 700/293/990
s 1
f 815/321/1704 816/322/1705 818/387/1706 817/388/1707
f 817/388/1707 818/387/1706 820/389/1708 819/390/1709
f 819/390/1709 820/389/1708 822/391/1710 821/392/1711
f 821/392/1711 822/391/1710 824/393/1712 823/394/1713
f 818/395/1706 816/334/1705 826/396/1714 824/397/1712 822/398/1710 820/399/1708
f 823/394/1713 824/393/1712 826/400/1714 825/401/1715
f 825/401/1715 826/400/1714 816/402/1705 815/403/1704
f 815/344/1704 817/404/1707 819/405/1709 821/406/1711 823/407/1713 825/408/1715
f 827/321/1716 828/322/1717 830/387/1718 829/388/1719
f 829/388/1719 830/387/1718 832/389/1720 831/390/1721
f 831/390/1721 832/389/1720 834/391/1722 833/392/1723
f 833/392/1723 834/391/1722 836/393/1724 835/394/1725
f 830/395/1718 828/334/1717 838/396/1726 836/397/1724 834/398/1722 832/399/1720
f 835/394/1725 836/393/1724 838/400/1726 837/401/1727
f 837/401/1727 838/400/1726 828/402/1717 827/403/1716
f 827/344/1716 829/404/1719 831/405/1721 833/406/1723 835/407/1725 837/408/1727
s 0
f 983/195/2014 984/196/2015 985/197/2016
f 986/411/2017 987/199/2018 988/200/2019
f 989/201/2020 990/202/2021 991/203/2022
f 992/204/2023 993/205/2024 994/206/2025
f 995/207/2026 996/208/2027 997/209/2028
f 998/210/2029 999/211/2030 1000/212/2031
f 1001/213/2032 1002/214/2033 1003/215/2034
f 1004/216/2035 1005/217/2036 1006/218/2037
f 989/201/2038 983/195/2039 985/197/2040 990/202/2041
f 984/219/2042 986/220/2043 988/412/2044 985/413/2045
f 987/414/2046 992/204/2047 994/206/2048 988/412/2049
f 993/205/2050 991/224/2051 990/225/2052 994/206/2053
f 1001/213/2054 989/201/2055 991/203/2056 1002/214/2057
f 992/204/2058 1004/216/2059 1006/218/2060 993/205/2061
f 1005/217/2062 1003/215/2063 1002/214/2064 1006/218/2065
f 995/207/2066 1001/213/2067 1003/215/2068 996/208/2069
f 1004/216/2070 998/210/2071 1000/212/2072 1005/217/2073
f 999/211/2074 997/209/2075 996/208/2076 1000/212/2077
f 983/195/2078 995/207/2079 997/209/2080 984/196/2081
f 998/210/2082 987/199/2083 986/411/2084 999/211/2085
f 989/201/2086 1001/213/2087 995/207/2088 983/195/2089
f 985/413/2090 988/412/2091 994/206/2092 990/225/2093
f 997/209/2094 999/211/2095 986/411/2096 984/226/2097
f 1004/216/2098 992/227/2099 987/228/2100 998/210/2101
f 991/224/2102 993/205/2103 1006/218/2104 1002/214/2105
f 1003/215/2106 1005/217/2107 1000/212/2108 996/208/2109
f 1031/195/2201 1032/196/2202 1033/197/2203
f 1034/411/2204 1035/199/2205 1036/200/2206
f 1037/201/2207 1038/202/2208 1039/203/2209
f 1040/204/2210 1041/205/2211 1042/206/2212
f 1043/207/2213 1044/208/2214 1045/209/2215
f 1046/210/2216 1047/211/2217 1048/212/2218
f 1049/213/2219 1050/320/2220 1051/215/2221
f 1052/216/2222 1053/217/2223 1054/218/2224
f 1037/201/2225 1031/195/2226 1033/197/2227 1038/202/2228
f 1032/219/2229 1034/220/2230 1036/412/2231 1033/413/2232
f 1035/414/2233 1040/204/2234 1042/206/2235 1036/412/2236
f 1041/205/2237 1039/224/2238 1038/225/2239 1042/206/2240
f 1049/213/2241 1037/201/2242 1039/203/2243 1050/320/2244
f 1040/204/2245 1052/216/2246 1054/218/2247 1041/205/2248
f 1053/217/2249 1051/215/2250 1050/320/2251 1054/218/2252
f 1043/207/2253 1049/213/2254 1051/215/2255 1044/208/2256
f 1052/216/2257 1046/210/2258 1048/212/2259 1053/217/2260
f 1047/211/2261 1045/209/2262 1044/208/2263 1048/212/2264
f 1031/195/2265 1043/207/2266 1045/209/2267 1032/196/2268
f 1046/210/2269 1035/199/2270 1034/411/2271 1047/211/2272
f 1037/201/2086 1049/213/2087 1043/207/2273 1031/195/2274
f 1033/413/2275 1036/412/2276 1042/206/2277 1038/225/2278
f 1045/209/2279 1047/211/2280 1034/411/2281 1032/226/2282
f 1052/216/2283 1040/227/2284 1035/228/2100 1046/210/2101
f 1039/224/2285 1041/205/2286 1054/218/2287 1050/320/2288
f 1051/215/2289 1053/217/2290 1048/212/2291 1044/208/2292
usemtl 06_Subtle_Cyan_Arcade_Accent
f 1079/280/2389 1080/281/2390 1081/282/2391
f 1082/283/2392 1083/284/2393 1084/285/2394
f 1085/286/2395 1086/287/2396 1087/288/2397
f 1088/289/2398 1089/290/2399 1090/291/2400
f 1091/292/2401 1092/293/2402 1093/294/2403
f 1094/295/2404 1095/296/2405 1096/297/2406
f 1097/298/2407 1098/299/2408 1099/300/2409
f 1100/301/2410 1101/302/2411 1102/303/2412
f 1085/286/2413 1079/280/2414 1081/282/2415 1086/287/2416
f 1080/304/2417 1082/305/2418 1084/306/2419 1081/307/2420
f 1083/308/2421 1088/289/2422 1090/291/2423 1084/306/2424
f 1089/290/2425 1087/309/2426 1086/310/2427 1090/291/2428
f 1097/298/2429 1085/286/2430 1087/288/2431 1098/299/2432
f 1088/289/2433 1100/301/2434 1102/303/2435 1089/290/2436
f 1101/302/2437 1099/300/2438 1098/299/2439 1102/303/2440
f 1091/292/2441 1097/298/2442 1099/300/2443 1092/293/2444
f 1100/301/2445 1094/295/2446 1096/297/2447 1101/302/2448
f 1095/296/2449 1093/294/2450 1092/293/2451 1096/297/2452
f 1079/280/2453 1091/292/2454 1093/294/2455 1080/281/2456
f 1094/295/2457 1083/284/2458 1082/283/2459 1095/296/2460
f 1085/286/2461 1097/298/2462 1091/292/2463 1079/280/2464
f 1081/307/2465 1084/306/2466 1090/291/2467 1086/310/2468
f 1093/294/2469 1095/296/2470 1082/283/2471 1080/311/2472
f 1100/301/2473 1088/312/2474 1083/313/2475 1094/295/2476
f 1087/309/2477 1089/290/2478 1102/303/2479 1098/299/2480
f 1099/300/2481 1101/302/2482 1096/297/2483 1092/293/2484
f 1103/280/2485 1104/281/2486 1105/282/2487
f 1106/283/2488 1107/284/2489 1108/285/2490
f 1109/286/2491 1110/287/2492 1111/288/2493
f 1112/289/2494 1113/290/2495 1114/291/2496
f 1115/292/2497 1116/293/2498 1117/294/2499
f 1118/295/2500 1119/296/2501 1120/297/2502
f 1121/298/2503 1122/299/2504 1123/300/2505
f 1124/301/2506 1125/302/2507 1126/303/2508
f 1109/286/2509 1103/280/2510 1105/282/2511 1110/287/2512
f 1104/304/2513 1106/305/2514 1108/306/2515 1105/307/2516
f 1107/308/2517 1112/289/2518 1114/291/2519 1108/306/2520
f 1113/290/2521 1111/309/2522 1110/310/2523 1114/291/2524
f 1121/298/2525 1109/286/2526 1111/288/2527 1122/299/2528
f 1112/289/2529 1124/301/2530 1126/303/2531 1113/290/2532
f 1125/302/2533 1123/300/2534 1122/299/2535 1126/303/2536
f 1115/292/2537 1121/298/2538 1123/300/2539 1116/293/2540
f 1124/301/2541 1118/295/2542 1120/297/2543 1125/302/2544
f 1119/296/2545 1117/294/2546 1116/293/2547 1120/297/2548
f 1103/280/2549 1115/292/2550 1117/294/2551 1104/281/2552
f 1118/295/2553 1107/284/2554 1106/283/2555 1119/296/2556
f 1109/286/2557 1121/298/2558 1115/292/2559 1103/280/2560
f 1105/307/2561 1108/306/2562 1114/291/2563 1110/310/2564
f 1117/294/2565 1119/296/2566 1106/283/2567 1104/311/2568
f 1124/301/2569 1112/312/2570 1107/313/2571 1118/295/2572
f 1111/309/2573 1113/290/2574 1126/303/2575 1122/299/2576
f 1123/300/2577 1125/302/2578 1120/297/2579 1116/293/2580
